municipality,municipality_type,chapter,chapter_title,section_number,section_heading,match_reason,char_count,section_url,section_text
Barre,City,001,City of Barre,104,General corporate powers,boundary_language,1435,https://legislature.vermont.gov/statutes/section/24APPENDIX/001/00104,"(a) The City shall have all the powers granted to towns and municipal corporations by the Constitution and laws of this State together with all the implied powers necessary to carry into execution all the powers granted; it may enact ordinances not inconsistent with the Constitution and laws of the State of Vermont or with this charter and impose penalties for violation of those ordinances as allowed in 24 V.S.A. § 1974a in addition to the costs of prosecution.

(b) The City may purchase real property, or interest in real property, within or without its corporate limits, for the public benefit. The City may acquire real property by gift, devise, lease, easement, or condemnation and may sell, lease, mortgage, hold, convey by easement, manage, and control such property as its interest may require. Any acquisition or conveyance of property through the means listed in this section shall require approval of the council and shall also be subject to notice as required by 24 V.S.A. § 1061 or any successor provision.

(c) In this charter, no mention of a particular power shall be construed to be exclusive or to restrict the scope of the powers that the City would have if the particular powers were not mentioned.

(d) The City of Barre shall fly only the City, State, United States, and POW/MIA flags. (Amended 2005, No. M-7, § 2; 2019, No. M-3, § 2, eff. April 19, 2019; 2021, No. M-15 (Adj. Sess.), § 2, eff. May 24, 2022.)"
Burlington,City,003,City of Burlington,1,Boundaries defined; powers,boundary_heading|boundary_language,2484,https://legislature.vermont.gov/statutes/section/24APPENDIX/003/00001,"The inhabitants of that portion of the former Town of Burlington which is embraced in the following limits, viz:

Beginning at the east shore of Lake Champlain, at the northwest corner of 100 acre lot number 163, thence easterly in the north line of said lot to the northeast corner thereof; thence northerly in the west line of 100 acre lot number 155, to the northwest corner of said lot number 155; thence running easterly in the north line of said lot number 155 to the east line of the stage road from Burlington to Shelburne; thence northerly in the east line of said stage road to the northwest corner of 100 acre lot number 165; thence easterly in the north line of 100 acre lots number 165 and 183, to a point 200 feet west of the west line of the highway called Spear Street; then northerly in a line parallel to, and 200 feet west of, the west line of the highway called Spear Street, to the south line of Williston Turnpike; thence easterly in the southerly line of said turnpike to a point opposite the angle formed by the north line of said turnpike and the east line of the road leading northerly from said turnpike to Colchester Avenue, easterly of the Mary Fletcher Hospital; thence crossing said turnpike northerly to said angle; thence from said angle in a straight line to the center of Winooski River, at the northern termination of the east line of 100 acre lot number 18; thence in the center of Winooski River down said river to Lake Champlain; thence southerly on the lake shore at low water mark, to the most western point of Appletree Point, thence in a straight line southerly to the place of beginning—are hereby continued to be incorporated and a body corporate and politic under the name of the City of Burlington; and by that name may sue and be sued, prosecute and defend in any court; may have a common seal and alter it at pleasure; may take, hold, purchase, and convey such property as the purposes of the corporation may require; may borrow money on the credit of the City, in the mode and under the restrictions hereinafter provided; may elect a representative to the General Assembly of the State, and the same number of justices of the peace as a town of equal population; and generally shall have, exercise, and enjoy all such rights, immunities, powers, and privileges as are conferred upon or incident to towns in this State; and shall be subject to like duties, liabilities, and obligations, except as is otherwise provided in this charter."
Burlington,City,003,City of Burlington,2,Election boundaries,boundary_heading|boundary_language,14227,https://legislature.vermont.gov/statutes/section/24APPENDIX/003/00002,"(a) City districts described. For the annual meeting of 2024 and all City elections thereafter, the City of Burlington is divided into four electoral districts, constituted as follows:

(1) East District. The East District shall include all that part of said City lying easterly and northerly of the following described boundaries: Beginning at the common boundary between the Cities of Burlington and Winooski in the Winooski River beneath the Central Vermont Railway bridge downstream of the Lower Winooski Falls and Salmon Hole; thence westerly in the centerline of said railroad tracks for 406.6 feet to a point where the centerline of Intervale Road extended northerly intersects said railroad track centerline (approximately -73.2028 longitude, 44.4911 latitude); thence southerly along the extension of the centerline of Intervale Road, crossing Riverside Avenue until the centerline intersects with that of the Archibald Street centerline extended easterly; thence westerly along the Archibald Street centerline until the intersection of the Archibald Street centerline and the North Willard Street centerline; thence southerly along the North Willard Street Centerline until the intersection of the North Willard Street centerline and the Pearl Street Centerline; thence westerly along the Pearl Street centerline until intersecting with the South Winooski Avenue centerline; thence southerly along the South Winooski Avenue centerline until intersecting the Maple Street centerline; thence easterly along the Maple Street centerline for 1573.5 feet to a point where the eastern property boundary of 315 Maple Street extended northerly intersects Maple Street (approximately -73.2064 longitude, 44.4739 latitude); thence southerly along the eastern property boundary of 315 Maple Street for 276.5 feet (approximately -73.2064 longitude, 44.4734 latitude); thence 281.4 feet westerly to a point where the southern property boundary of 315 Maple Street extended westerly intersect with the western boundary of 251 South Willard Street extended northerly (approximately -73.2071 longitude, 44.4733 latitude), thence 723.7 feet 177° southerly to a point where it intersects the southern property boundary of 285 South Willard Street extended westerly (approximately -73.2071 longitude, 44.4719 latitude); thence easterly along the southern boundary of 285 South Willard Street for 696.5 feet until intersecting with the South Willard Street centerline (approximately -73.2051 longitude, 44.472 latitude); thence northerly along the South Willard Street centerline for 220.9 feet (approximately -73.2052 longitude, 44.4724 latitude); thence easterly along the southern property boundary of 262 South Willard Street for 557.6 feet (approximately -73.2037 longitude. 44.4725 latitude); thence northerly along the eastern property boundary of 262 South Willard Street for 89.6 feet to a point where the Juniper Terrace centerline extended westerly intersects the eastern property boundary of 262 South Willard Street (approximately 73.2037 longitude, 44.4726 latitude); thence following the Juniper Terrace centerline easterly until intersecting with the Summit Street centerline (approximately -73.2021 longitude, 44.4727 latitude); thence northerly along the Summit Street centerline until reaching the centerline of Main Street thence following the Main Street centerline easterly 2339.6 feet (approximately -73.1964 longitude, 44.4753 latitude); thence southwesterly 214° for 136.1 feet (approximately -73.1966 longitude, 44.4751 latitude); thence southeasterly 98.2 feet (approximately -73.1964 longitude, 44.4749 latitude); thence southwesterly by 213° for 770 feet (approximately -73.1975 longitude, 44.4737 latitude); thence southeasterly by 123° for 477.4 feet until intersecting with the University Heights centerline (approximately -73.1964 longitude, 44.4732 latitude); thence southerly along the centerline of University Heights Road 1221.65 feet until intersecting with the PFG Road centerline, thence westerly by 79° until intersecting with the common boundary between the Cities of Burlington and South Burlington.

(2) Central District. The Central District shall include all that part of the City bounded as follows: On the east, beginning at the common boundary between the City of Burlington and Town of Colchester in the Winooski River at a point intersecting with the centerline of Institute Road extended northeasterly (approximately -73.2147 longitude, 44.5089 latitude); thence southerly along the common boundary between the City of Burlington and Town of Colchester in the Winooski River to a point beneath the Central Vermont Railway bridge downstream of the Lower Winooski Falls and Salmon Hole; thence westerly along the East District northern boundary for 406.6 feet to its intersection with the westerly boundary of the East District; thence southerly along the westerly boundary of the East District to its intersection with the centerline of Archibald Street, then southerly along the East District western boundary to the intersection with the centerline of Pearl Street; thence westerly along the northern boundary of the East District to the intersection with the centerline of South Winooski Avenue; thence southerly along the western boundary of the East District to the centerline of Maple Street; thence westerly along the centerline of Maple Street until its intersection with the centerline of South Champlain street; thence northerly along the South Champlain Street centerline until its intersection with the centerline of King Street; on the south along the centerline of King Street extended westerly to Lake Champlain; on the west by Lake Champlain; on the north, beginning at the intersection of the common property boundary between 87 North Avenue and 9 Lakeview Terrace extended westerly to Lake Champlain (approximately -73.2252 longitude, 44.4832 latitude); thence northeasterly along the extended property boundary between 87 North Avenue and 9 Lakeview Terrace to its intersection with the centerline of the Central Vermont Railway railroad track (approximately -73.2239 longitude, 44.4837 latitude); thence northerly and easterly along the centerline of the Central Vermont Railway railroad track, crossing North Avenue and the Burlington Beltline, to its intersection with the centerline of Spring Street extended northwesterly (approximately -73.2183 longitude, 44.4912 latitude); thence northwesterly along the extension of the centerline of Spring Street to its intersection with the centerline of Institute Road extended northeasterly (approximately -73.2281 longitude, 44.4995 latitude); thence northeasterly along the extension of the centerline of Institute Road extended to its intersection with the common boundary between the City of Burlington and Town of Colchester in the Winooski River (approximately -73.2139 longitude, 44.5077 latitude).

(3) South District. The South District shall include all that part of the City south of the southern boundaries of the East and Central Districts.

(4) North District. The North District shall include all that part of the City north of the northern boundary of the Central District.

(b) Wards described. Each of the City of Burlington’s four electoral districts set forth in subsection (a) of this section hereby comprises two wards, each of which is constituted as follows:

(1) East District—Ward 1 and Ward 8.

(A) The East District is divided into two wards by the following boundary: Beginning at the center of the intersection of Brooks Avenue and South Willard Street; thence easterly along the Brooks Avenue centerline until intersecting with the centerline of North Prospect Street; thence southerly along the centerline of North prospect Street to the intersection of the centerline of Colchester Avenue to the intersection of the centerline of Mary Fletcher Drive; thence southerly along the centerline of Mary Fletcher Drive for 331.58 feet (approximately -73.196 longitude, 44.4802 latitude); thence southerly along the western side and easterly along the southern side of the UVM Medical Center building for 1854.5 feet until a point at the center of the intersection of Beaumont Avenue and Mary Fletcher Drive (approximately -73.1932 longitude, 44.4788 latitude); thence south along the Beaumont Avenue centerline to the intersection of Carrigan Drive; thence following Carrigan Drive westerly for 199.1 feet (approximately -73.1932 longitude, 55.5756 latitude); thence travelling southwesterly for 821.3 feet along the UVM service road on the eastern border of the southeastern wing of the UVM Jeffords Hall until a point at the intersection of the service road and the centerline of University Heights extended northeasterly (approximately -73.1947 longitude, 44.4751 latitude); thence southwesterly along the centerline of University Heights 977.3 feet (approximately -73.1962 longitude, 44.4735 latitude); thence continuing southeasterly along the centerline of the driveway bounding the western side of the UVM Living/Learning Commons for 404.3 feet (approximately -73.1952 longitude, 44.4731 latitude); thence continuing south along the eastern side of UVM’s University Heights dorms until intersecting with PFG Road; thence continuing easterly along the western extension of the PFG Road centerline for 601.2 feet until intersecting with the common boundary between the Cities of Burlington and South Burlington.

(B) Ward 1 lies to the north and east of the boundary described in subdivision (A) of this subdivision (1), and Ward 8 lies to the south and west.

(2) Central District—Ward 2 and Ward 3.

(A) The Central District is divided into two wards by the following boundary: Beginning at the intersection of the common property boundary between 85 North Avenue and 9 Lakeview Terrace extended westerly to Lake Champlain (approximately -73.2252 longitude, -44.4832 latitude); thence northeasterly along the extended property boundary between 87 North Avenue and 9 Lakeview Terrace to its intersection with the centerline of the Central Vermont Railway railroad track (approximately -73.224 longitude, 44.4837 latitude); thence southeasterly along the centerline of the Central Vermont Railway railroad track to a point intersecting with the northwestern property boundary of 300 Lake Street extended southwesterly (approximately -73.2234 longitude, 44.4832 latitude); thence northeasterly to a point at the intersection of the northwestern property boundary of 300 Lake Street extended northeasterly with the centerline of Depot Street (approximately -73.2223 longitude, 44.4837 latitude); thence northerly along the centerline of Depot Street to the intersection with the centerline of Lakeview Terrace; thence easterly along the centerline of Lakeview Terrace extended westerly until intersecting with the centerline of North Avenue; thence northerly along the centerline of North Avenue to its intersection with the centerline of North Street; thence easterly along the centerline of North Street until intersecting with the North Union Street centerline; thence southerly following the North Union Street centerline until intersecting with the Loomis Street centerline; thence easterly along the Loomis Street centerline to the intersection of the centerlines of Loomis Street and South Willard Avenue.

(B) Ward 2 lies to the north of the boundary described in subdivision (A) of this subdivision (2), and Ward 3 lies to the south.

(3) South District—Ward 5 and Ward 6.

(A) The South District is divided into two wards by the following boundary: Beginning at the intersection of the centerlines of Maple Street and Church Street; thence southerly along the centerline of Church Street to the intersection with the centerline of Adams Street; thence westerly along the centerline of Adams Street to the intersection with the centerline of Saint Paul Street; thence southerly along the Saint Paul Street centerline to its intersection with the centerline of Shelburne Street; thence southerly along the centerline of Shelburne Street to its intersection with the centerline of Flynn Avenue; thence easterly along the centerline of Flynn Avenue extended easterly to the common boundary between the Cities of Burlington and South Burlington.

(B) Ward 5 lies to the west of the boundary described in subdivision (A) of this subdivision (3), and Ward 6 lies to the east.

(4) North District—Ward 4 and Ward 7.

(A) The North District is divided into two wards by the following boundary: Beginning at the centerline of Institute Road extended southwesterly to Lake Champlain; thence northeasterly to the intersection of Institute Road with the centerline of North Avenue; thence northerly along the centerline of North Avenue to its intersection with the centerline of Fairfield Drive; thence westerly along the centerline of Fairfield Drive to its intersection with the western property boundary of 39 Westward Drive extended southerly (approximately -73.2685 longitude, 44.5257 latitude); thence northerly along the western property boundary of 39 Westward Drive, until intersecting with the centerline of Westward Drive; thence southwesterly along the centerline of Westward Drive to the intersection with the Northshore Drive centerline; thence northerly along the Northshore Drive centerline until intersecting with the Clair Pointe Road centerline (point); thence westerly along the southern property boundary of the Claire Pointe condominium development (approximately -73.2686 longitude, 44.5286 latitude), and then extended to Lake Champlain.

(B) Ward 4 lies to the west of the boundary described in subdivision (A) of this subdivision (4), and Ward 7 lies to the east.

(5) Ward map reference. Reference is also made to a map entitled “Ward Redistricting, 8 Wards — 4 Districts, 12 Councilors, Approved Map (December 2 V1.3), Map Date: December 8, 2022 ” located in the Burlington Chief Administrative Officer’s office in further aid of the description of the wards set forth in this subsection. (Amended 1997, No. M-18 (Adj. Sess.), § 26, eff. April 23, 1998; 2001, No. M-6, § 2; 2013, No. M-15 (Adj. Sess.), § 2, eff. March 3, 2015; 2023, No. M-7, § 2, eff. May 25, 2023.)"
Burlington,City,003,City of Burlington,48,Enumerated,boundary_language,34070,https://legislature.vermont.gov/statutes/section/24APPENDIX/003/00048,"The City Council shall have power:

(1) To establish and regulate a market and to regulate, license, tax, or prohibit the selling or peddling of meat, fish, or other provisions on foot or from vehicles about the City, except that the City Council shall not have power to license, tax, or prohibit farmers selling the produce of their own farm.

(2) To restrain and prohibit all descriptions of gaming, to order the destruction of all instruments and devices used for that purpose, and to license or tax any such devices or instruments the usage of which is now, or may hereafter be, permissible under the laws of the State and to license or tax any mechanical or electrical amusement devices or the places wherein the same may be located.

(3) To regulate, license, tax, or prohibit the exhibition of common showmen, circuses, menageries, carnivals, and shows of every kind, and all plays, athletic contests, exhibitions, or entertainments for money, including the power to tax admissions to the same except such as may be conducted by educational or nonprofit institutions or organizations or wholly for charitable purposes; to provide a system of examination, approval, and regulation of motion picture films, reels, or stereopticon views or slides and of banners, posters, and other like advertising matter used in connection therewith; to create and establish a Board of Censors to administer such system within the limits of said City and to define and prescribe their duties and powers and to regulate, restrict, or prevent attendance of minors at exhibitions of films, reels, or stereopticon views.

(4) To regulate, license, tax, or prohibit itinerant vendors, peddlers, street musicians, transient auctioneers, and itinerant photographers, provided the City Council shall not have the power to license, tax, or prohibit farmers selling the produce of their own farm.

(5) To prevent riots, noises, disturbances, or disorderly assemblages.

(6) To abate and remove nuisances; to regulate or prohibit the storage and accumulation on premises within the City of garbage, ashes, rubbish, refuse, and waste materials; to tax or license for revenue and regulate or prohibit the collection and removal of such materials from such premises and the disposal of the same by private persons or agencies; to compel and regulate the removal and disposal of such materials by owners, tenants, and occupants of such premises; to require and provide for the collection, removal, and disposal of such materials by the City at its expense by contract with some private individual or agency or by some City officer, officers, or department either existing, or hereafter created and established by the City Council for that purpose; to establish, in case the collection, removal, and disposal of such materials is done at the expense of the City, service rates to be paid to the City by the owners, tenants, or occupants of premises from which said materials are collected and removed for services rendered by the City in collecting, removing, and disposing of such materials, to compensate the City for the cost and expense of those services. All service rates against owners or others shall be collected and enforced under such regulations and ordinances as the City Council shall prescribe.

(7) [Repealed.]

(8) To compel the owner or occupant of any unwholesome, noisome, or offensive house or place to remove or cleanse the same from time to time, so far as may be necessary for the health or comfort of the inhabitants of said City.

(9) To direct the location and management of all slaughterhouses, markets, steam mills, blacksmith shops, sewers, and all private drains and to compel the construction of drains within the limits of the City, under such inspection regulations as the City Council may adopt.

(10) To regulate the use in blasting, the manufacture, and the keeping of gunpowder and all other combustible and dangerous materials.

(11) To regulate the making of alterations and repairs of stovepipes, furnaces, fireplaces, and other things from which damage by fire may be apprehended and also to regulate the use of buildings in crowded localities for hazardous purposes; to provide for the preservation of buildings from fires by precautionary measures and inspections.

(12) To establish and regulate a Fire Department and fire alarm system, and fire companies, except as herein otherwise provided.

(13) To regulate the size, height, material, and manner of erecting and constructing new buildings and repairing of buildings already constructed in said City or in certain prescribed localities therein and to regulate the use of streets for building purposes.

(14) To prescribe the duties and powers of inspectors of buildings and fire wardens and to provide penalties for any refusal or neglect to comply with the orders of said inspectors and fire wardens made by virtue of any resolution or ordinance passed by said City Council.

(15) [Repealed.]

(16) To prevent encumbering the streets, sidewalks, and public alleys with firewood, lumber, carriages, boxes, or other things.

(17) To provide for the care, preservation, and improvement of public grounds, except as herein otherwise provided.

(18) To restrain and punish vagrants.

(19) To make regulations respecting paupers, except as herein otherwise provided.

(20) To restrain or regulate the keeping and running at large of poultry, cattle, horses, swine, sheep, goats, and dogs. And in addition to the tax now imposed by the laws of this State upon the owner or keeper of dogs, to impose upon or require of the owner or keeper of any dog or dogs such additional tax or license fee for the keeping thereof, and prescribe such penalties in default thereof, as may be deemed necessary. And all monies received hereunder shall be paid into the City Treasury and belong to said City.

(21) To provide a supply of water for the protection of the City against fire and for the distribution and sale of water for private and public purposes to persons and corporations both within and without the City, and to regulate the use of the same; to establish and maintain reservoirs, aqueducts, water pipes, hydrants, or any other apparatus necessary for such purposes, upon, in, and through the lands of individuals and corporations both within and without the City, on making compensation therefor; but the City Council, in providing such supply of water and establishing and maintaining reservoirs, aqueducts, water pipes, hydrants, and other apparatus, as hereinbefore provided, for the distribution and sale of water outside of the City, shall not incur any expense for the same that cannot be paid from the current net earnings of the Water Resources Department above the necessary operating expenses, and the necessary cost of maintaining, improving, and adding to the property and equipment of that Department within the City, unless authorized by the legal voters so to do, and to raise the necessary funds to pay for the same.

(22) To regulate and determine the time or place of bathing in any of the public waters within said City, or adjacent thereto, and to prevent the same.

(23) To compel all persons to remove from the sidewalks and gutters in front of the premises owned or occupied by them all snow, ice, dirt, and garbage, and to keep such sidewalks and gutters clean, and to compel the owners or occupants of any land or premises in the City to cut and remove from the streets and sidewalks in front of such land or premises all grass, brush, thistles, and weeds growing or being thereon, under such regulations as may be prescribed therefor, except as herein otherwise provided.

(24) To regulate and license innkeepers, keepers of saloons, victualing houses, billiard saloons, billiard tables, bowling alleys, places of amusement, and auctioneers, or to tax the same, under such regulations as shall be prescribed therefor; and all monies paid for such licenses or taxes shall belong to the City and be paid into the City Treasury.

(25) To regulate or restrain the use of rockets, squibs, firecrackers, or other fireworks in the streets or commons, and to prevent the practicing therein of any amusements having a tendency to injure or annoy persons passing therein or to endanger the security of property.

(26) To regulate gauging; the place and manner of selling and weighing hay, packing, inspecting, and branding meats and produce; and of selling, measuring, and weighing wood, lime, coal, and petroleum products; and to appoint suitable persons to superintend and conduct the same.

(27) To regulate and license porters and cartmen who receive or discharge their loads within the City; to regulate and license the owners and drivers of taxicabs, jitneys, and motor vehicles for hire, receiving, or discharging passengers, with or without baggage, within the City, whether or not such vehicles are engaged in carrying passengers entirely within the City; to prescribe the duties and privileges of such owners and drivers; to fix and regulate rates of fare, including maximum and minimum rate or rates, for any such transportation of passengers within the City; to license and regulate all such vehicles; to rescind any and all licenses granted hereunder, and to prohibit the operation of such vehicles upon the streets of the City when either the owners or the drivers thereof have not complied with all the provisions of ordinances duly enacted hereunder; provided, however, that no license shall be granted hereunder unless the applicant has first complied with all the requirements of the laws of the State of Vermont relative to the registration and operation of motor vehicles to enable the applicant to use the license for which he or she applies; and to limit and restrict the use of its streets and highways by such motor vehicles in such manner as will promote the safety and general welfare of the public.

(28) To prescribe the powers and duties of watchmen and police officers of said City.

(29) To regulate, establish, and alter the grade of streets and the grade and width of sidewalks, and the construction thereof, and prescribe the material to be used therein.

(30) To provide for lighting of the City.

(31) To provide for removing and trimming shade, fruit, and ornamental trees in the public streets and parks whenever the public good or convenience requires the same to be done, except as herein otherwise provided.

(32) To prohibit and punish willful injuries to shade, ornamental, and fruit trees standing on public or private lands.

(33) To prevent and punish trespasses or willful injuries to or upon public buildings, squares, commons, cemeteries, fountains, statues, or other property.

(34) To establish and maintain a public library.

(35) To regulate the time and manner in which examinations of public documents, land records, and other public records shall be made.

(36) To establish, manage, and control public cemeteries, parks, commons, or any other public place in said City, and to regulate the use of the same by the public, except as herein otherwise provided.

(37) To permit, regulate, license, tax, or prohibit, except as herein otherwise provided, the suspending, putting up, or continuance of any sign or awning in or over any street, lane, alley, common, or other public place in said City; and whenever the public good may require, to order and direct that any such sign or awning heretofore erected or suspended as aforesaid shall be changed, taken down, or removed; and to order and direct the removal of any sign or awning upon which any license fee or tax levied under the provisions hereof shall not have been paid.

(38)(A) To provide for assessing owners of land and buildings thereon abutting any street, alley, or lane in said City such sum as said land and buildings shall be benefited by raising or lowering the surface of said street or highway and also to award such damages to such owners as they shall suffer in consequence of raising or lowering the surface of said street or highway as aforesaid.

(B) The same proceedings shall be had in respect to said award of damages and assessment as are herein provided in case the owners of lands are dissatisfied with the award of damages or amount of assessment in laying out or altering streets or highways and said assessment shall be a lien in the nature of a tax on the lands and buildings so assessed, and may be collected or enforced in the same manner herein provided for assessments made in laying out, altering, or resurveying any street or highway in said City.

(39) To provide for indexing any part or all of the records of deeds and of any or all public records of said City of Burlington, and like records of the former Town of Burlington, by the “card index,” so-called, or any other like system. Such “card index” or other like system may be employed in addition to or in lieu of the manner of indexing now required by the laws of this State.

(40)(A) To fix, demand, impose, and enforce such terms, conditions, and regulations for the use or occupation of any street or highway in said City by any street railroad, traction, telegraph, telephone, electric, gas, electric lighting, electric power, or other company or any person enjoying the privileges, or exercising the functions of any such company aforesaid, as shall be just and reasonable, including any sum or sums of money to be paid to said City for the use of any street or highway by any or all of said companies for the purpose of laying, maintaining, and operating any street railway therein, or for the purpose of therein erecting and maintaining any poles, wires, or any other apparatus in or under the surface of said street and to prohibit the use of such street by any such company or person until such terms have been complied with.

(B) In case any such company or person cannot agree with said City upon such terms, said company or person may apply by petition to the county court within and for the County of Chittenden, and said court shall thereupon, after hearing all parties interested therein, fix such terms as shall be just and reasonable and make all necessary orders for carrying its decision therein into effect.

(C) Provided, however, that no special franchise shall be granted by said City Council for a longer term than 30 years, and further provided that at the expiration of any franchise, or at any time thereafter, the City shall have the right to acquire the title to and take over the property employed or used in the business for which such franchise was granted, upon the payment to the owner of the same of the fair value of the physical properties at that time employed or used in such business, and that in case the City is unable to agree with the owners as to the value of such physical properties, then said property may be condemned and taken for public use, and the value thereof ascertained and awarded as compensation therefor to the owner of the same in the manner, as near as may be, provided in the general laws of the State for the determination of the damages to be awarded persons aggrieved or damaged by the construction or operation of a street railway, and further provided that the grant of every such special franchise shall contain provisions embodying the foregoing conditions and limitations. Provided, notwithstanding the foregoing, the City Council shall not have authority to increase the level of any franchise fee enacted pursuant hereto without first receiving approval by a majority of the voters present and voting at an annual or special City meeting duly warned for this purpose.

(41) To prescribe the duties of the Inspector of Electrical Wiring Apparatus and the installation and maintenance thereof, to regulate and require licenses for all persons engaged in the business or trade of selling electrical apparatus and supplies and in the business or trade of installing and repairing electrical wiring and apparatus but not including telephone or telegraph wires or apparatus, and to regulate and require licenses for all persons engaged in the business or trade of plumbing or house drainage within the limits of said City and to fix and impose the terms, conditions, and fees for all such licenses.

(42) To purchase, construct, and maintain a public wharf.

(43) [Reserved.]

(44) To acquire voting machines, so-called, and prescribe the use thereof in any or all elections held within said City.

(45) To order any streets or part of a street sprinkled, sprayed, or treated with water, tarvia, or any other materials when in its judgment the public good requires.

(46) To enact and enforce rules for its government and for the government of the City Council. Notwithstanding 1 V.S.A. § 172, the City Council may enact rules providing that, as long as a quorum exists, a valid majority for taking action may be a concurrence of a majority of those present and voting.

(47) To appropriate money in excess of the amount required by law to be raised for highways, which a town may now vote to raise at its annual meeting or at a special meeting duly warned for that purpose, according to the provisions of the laws of the State relating to highways, and to assess upon the grand list of the City a tax sufficient to raise the amount of money so appropriated.

(48) To regulate the exposing for sale in the City and conveying through the streets of the City of foodstuffs intended for human consumption to prevent contamination thereof.

(49) To fix, impose, and establish the terms, conditions, and regulations under which any person or persons may exclusively occupy specified portion of any public street, lane, alley, or other thoroughfare used for public travel, for the storage or sale of oil or other merchandise, or for any other private purpose not affected with a public interest, to fix and collect a fee for such occupancy, and to prohibit use or occupancy of such specified portion for any other purpose.

(50) To acquire and hold by lease, purchase, or gift and to maintain within the limits of said City, or within the limits of an adjoining town, a public aviation field and municipal airport and to properly equip the same for use; to regulate the use of said field and its equipment and to charge, receive, demand, and collect from time to time reasonable compensation for use thereof and to manage and control such field and its equipment, appoint proper officers to have charge of the same and to define their duties; to provide for the establishment and maintenance of an airport police force to provide security and law enforcement within the limits of the airport premises and to lease to private parties for aviation purposes such part of said field and buildings as in the judgment of the City Council is not for the time being required by the City for the purposes of a public aviation field or municipal airport and for such time as in the judgment of said Council the same is not so required.

(51) To acquire and hold by lease, purchase, or gift, and to maintain and operate within or without the limits of said City, a stone quarry, a sand and gravel pit, and an asphalt plant, and all lands and interests in lands, required for such purposes, and to properly equip the same for use, and to engage the City in the business of selling stone from such quarry, sand and gravel from such pit, and asphalt from such plant, to persons and corporations both within and without said City and for public or private purposes, said City being hereby authorized to maintain and operate such stone quarry, sand and gravel pit, and asphalt plant for such purposes.

(52) To regulate and license junk dealers.

(53) To receive and hold grants, gifts, or bequests of money or other property, in trust, the income or interest of which is to be used for the care, improvement, embellishment, and repairs of its burial grounds, or of private lots within any such burial ground.

(54) To receive and hold grants, gifts, or bequests in money or other property, in trust, for any governmental purpose, under the charter, and manage and use the same, its income, or interest, in accordance with the terms and conditions of the trust.

(55) To provide for, create, establish, maintain, and regulate an insurance sinking or reserve fund to be used for the purpose of compensating the City for any and all losses and damages to City property by reason of fire, tornado, wind, flood, or other casualty and for the purpose of paying to City employees, their dependents, executors, administrators, and heirs, any and all compensation that may become their due from the City under the provisions of the laws of the State relating to workers’ compensation.

(56) To control and regulate the use of any present or future harbor on Lake Champlain in said City and to make and put into force and effect by proper ordinances all reasonable rules and regulations not in conflict with the jurisdiction of the federal government, governing the use of the waters of Lake Champlain within the City limits and the use of any public pier, wharf, or dock within said City; the mooring and anchorage of vessels within said harbors and at piers, docks, or wharfs within the City; trespasses and nuisances upon public and privately owned wharfs, docks, and piers; and all other proper and reasonable rules and regulations in the premises, tending to promote the public safety, health, morals, convenience, utility, and the public welfare, and to fix, determine, collect, and enforce reasonable charges for the use of any public wharf, pier, or dock owned by the City, and to prescribe and enforce penalties for violation of any and all of such rules and regulations.

(57) To enter into any agreement on behalf of the City with the United States, or any department, subdivision, or agency thereof, to accept grants, loans, and assistance from the United States, or any department, subdivision, or agency thereof, to make public improvements within the City, or upon property of the City outside its corporate limits, and to make appropriations consistent with the provisions of this charter to accomplish such purpose.

(58)(A) To acquire and hold by lease, purchase, gift, condemnation under the provisions of 24 V.S.A. §§ 2805 through 2812, inclusive of the Vermont Statutes Annotated, as amended, or otherwise, and to maintain and operate within the limits of Chittenden County, a municipal parking lot or lots, a municipal parking garage or garages, and any other municipal parking structure(s), and to alter, improve, extend, add to, construct, and reconstruct such lots or garages, subject, however, to the provisions hereinafter contained in this subdivision (58). In exercising the foregoing power, and notwithstanding the preceding sentence, the City Council shall not, except pursuant to subdivision (50) of this section and section 276 of this charter, have authority to acquire any property outside the limits of the City of Burlington through the use of the power of eminent domain or condemnation. The City Council shall not be exempt from the responsibility for securing all applicable permits from any community within Chittenden County outside the limits of Burlington in which it desires to construct a parking lot or garage. Any parking lot or garage constructed by the City outside the corporate limits of Burlington shall be subject to the ad valorem property tax of the community in which it is located.

(B) The Board of Public Works Commissioners shall have general control, management, and supervision of all municipal parking lots and garages. The Board shall have power to make regulations with respect to the use of all such municipal parking lots and garages, including reasonable terms, conditions, and charges, and shall also have the power to regulate the parking, operation, and speed of vehicles and pedestrian and vehicular traffic on the public highways of the City, including such ways, streets, alleys, lanes, or other places as may be open to the public, to erect, maintain, and operate equipment and systems for the regulation of parking of vehicles; to govern and control the erection of guideposts, street signs, and street safety devices on the highways; and to prescribe regulations and penalties for violation of the same in respect to all of the matters and to remove and impound as a public nuisance, at the expense of the owner, any vehicle found parking on a public highway or in a municipal parking lot or garage in violation of any City ordinance or any regulation hereunder, and to prescribe the terms and conditions upon which the owner may redeem such vehicle from the pound, which regulations, when published in the manner provided in section 49 of this charter for the publication of ordinances, shall have the force and effect of ordinances of the City, and violations of which shall be subject to the penalties provided in section 50 of this charter. All ordinances of the City, and all regulations of the Board of Parking Commissioners, in effect prior to July 1, 1959, shall remain in full force and effect notwithstanding that the subject matter thereof shall be within the jurisdiction of the Board of Public Works Commissioners, unless and until such Board shall, by regulation duly adopted and published, alter, amend, or repeal the same.

(C) The Board shall also from time to time recommend to the City Council the acquisition or construction of municipal parking lots or garages, and the City Council shall not authorize such acquisition or construction without such recommendation, nor shall the City Council dispose of or lease to others for operation any municipal parking lot or garage without the recommendation of the Board.

(D) All receipts from the operation or lease of municipal parking lots and garages shall be kept by the City Treasurer in a separate fund, to be known as the Parking Facilities Fund and shall be used for the purpose of paying any and all expenses related to operating, maintaining, acquiring, constructing, or expanding the lots and garages, including any payments on any obligation incurred for construction or repair of those lots or garages. Any amounts unused at the end of a fiscal year shall be carried over to the next fiscal year. All revenues generated from on-street parking equipment and systems shall be used by the City Council for traffic regulation and control, including acquisition or maintenance of parking facilities; proper repair or construction of streets, sidewalks, and bridges; traffic or parking demand management facilities, planning, or services; traffic calming measures; and other transportation-related activities. In addition, the City Council may vote to place any such revenues in the Parking Facilities Fund, at its discretion.

(E) If it shall reasonably appear to the Board of Public Works Commissioners at any time that the receipts from the existing municipal parking lots or garages are in excess of the amounts required for the purposes enumerated in subdivision (D) of this subdivision (58), and that the acquisition of further lots or garages is not required, they shall cause rates and charges for the use of the lots and garages, or some of them, to be reduced.

(F) If the Board of Public Works Commissioners, pursuant to the provisions of subdivision (C) of this subdivision (58), has recommended the acquisition or construction of a new parking lot or garage, the City Council may from time to time pledge, assign, or otherwise hypothecate the net revenues from the lots or garages, after the payment of operating expenses, and may mortgage any part or all of the lots or garages, including personal property located therein, to secure the payment of the cost of purchasing, acquiring, leasing, altering, improving, extending, adding to, constructing, or reconstructing the lots or garages, but the City Council shall not pledge the credit of the City for any of the purposes except in accordance with the provisions of section 62 of this charter.

(59) To fix and establish, and to provide for the collection of, sewer rents and sewage disposal charges, and to alter and amend the same, pursuant to the provisions of the general laws of the State relating thereto. In addition, the City Council shall also have the power to fix and establish by ordinance, and to alter and amend from time to time thereafter, reasonable fees to be paid for new or amended uses of lands or buildings that shall require a new or additional allocation of a portion of the City’s wastewater collection system capacity, and/or wastewater treatment facilities capacity, such fees to include capacity charges, connection fees, impact fees, or similar charges related to the sewer system.

(60) To exercise any powers now or hereafter granted to municipalities under the laws of the State, and not inconsistent with the provisions of this charter; provided, however, that in the event so granted to municipalities, excepting only those powers relating to the amount of taxes that may be assessed upon the grand list, are more extensive than the powers herein contained, the powers so granted shall control.

(61) To provide by ordinance minimum requirements and standards for the subdivision of lands within the corporate limits of the City, including standards and requirements for streets, services, and utilities in such subdivisions; to prescribe penalties for the violation of such standards or requirements; to prohibit such subdivisions and to prohibit the recording or filing of plans for such subdivisions as do not comply with such standards or requirements; and to designate appropriate City officials to pass upon such compliance; provided, however, that no ordinance shall be adopted hereunder until after public hearing thereon. The term “subdivision” as used herein shall mean the division of a tract or parcel of land into two or more lots for the purpose, whether immediate or future, of sale or building development, excluding development for agriculture purposes, and shall include resubdivision.

(62) To provide by ordinance a procedure for waiver of process and prosecution by an individual, firm, or corporation notified or accused of a violation of a City of Burlington ordinance by payment to the City of an amount fixed by ordinance, in lieu of such process and prosecution.

(63)(A) To establish and maintain a unified Department of Public Works, the superintendent of which will be designated Public Works Director, said Department to be managed and controlled by the Mayor and City Council. The City Council may by resolution delegate any of its powers relating to the Public Works Department to the Board of Public Works Commissioners.

(B) The Board of Public Works Commissioners shall consist of seven legal voters of the City of Burlington, who shall be appointed by the City Council to serve for the term of three years, and until their successors are appointed and qualified, except as herein otherwise provided.

(C) The City Council with Mayor presiding shall appoint to the Public Works Commission seven legal voters of the City of Burlington. On the first Monday in June, 1988, and every three years thereafter, the City Council with Mayor presiding shall appoint three commissioners to serve a term of three years. On the first Monday in June 1989, and every three years thereafter, the City Council with Mayor presiding shall appoint two commissioners to serve a term of three years. On the first Monday in June 1990, and every three years thereafter, the City Council with Mayor presiding shall appoint two commissioners to serve a term of three years.

(D) The Public Works Director shall have the special and immediate care and practical supervision of the Public Works Department, its personnel, and its facilities and equipment, subject to the authority of the Mayor as Chief Executive Officer and the orders and ordinances of the City Council.

(E) Unless otherwise determined by resolution of the City Council, the Public Works Department shall, in addition to the Director, consist of a Streets Division, Water Division, Waste/Solid Waste Division, Traffic Division, Finance Division, Equipment Maintenance Division/Engineering Division, and Construction Division, each of which shall include a Manager who shall be hired as a City employee by the Director and shall serve subject to the direction of the Director.

(64)(A) Where there is no written rental agreement and notwithstanding 9 V.S.A. § 4467(c), to prohibit, by ordinance, a landlord from terminating a tenancy of rental housing within the City for no cause unless the landlord provides to the tenant written notice of at least 90 days when the tenancy has been less than two years and of at least 120 days when the tenancy has been two years or more.

(B) Unless inconsistent with a written rental agreement or otherwise provided by law, and notwithstanding the provisions of 9 V.S.A. § 4456(d), to require, by ordinance, tenants who wish to terminate a residential tenancy to give actual notice to the landlord at least two rental periods prior to the termination date specified in the notice.

(65) To prohibit increases in rent for rental housing within the City without advance written notice of at least 90 days.

(66) To regulate thermal energy systems in residential and commercial buildings, including assessing carbon impact or alternative compliance payments, for the purpose of reducing greenhouse gas emissions throughout the City. No assessment of carbon impact or alternative compliance payment shall be imposed unless previously authorized by a majority of the legal voters of the City voting on the question at an annual or special City meeting duly warned for that purpose. (Amended 1999, No. M-7, § 4, eff. May 19, 1999; 2003, No. M-14 (Adj. Sess.), § 1a; 2011, No. M-4, § 2, eff. April 4, 2011; 2017, No. M-7, § 2, eff. May 22, 2017; 2019, No. M-6, § 2, eff. May 23, 2019; 2021, No. M-9 (Adj. Sess.), § 2, eff. April 20, 2022; 2021, No. M-19 (Adj. Sess.), § 2, eff. June 7, 2022.)"
Burlington,City,003,City of Burlington,64b,Revenue bonds authorized,boundary_language,18622,https://legislature.vermont.gov/statutes/section/24APPENDIX/003/64b,"(a) The following terms when used in this section shall, unless the context otherwise requires, have the following meanings:

(1) The term “revenue producing facility” shall mean any building, activity, function, or service that any executive officer or department of the City is authorized to construct, operate, or carry out and for which the City receives revenue in the form of rent admission or use fees, concession fees, or other consideration. Provided, the facilities and activities of the Burlington Electric Light Department, the Burlington Water Resources Department, and the airport as herein defined shall be excluded from this definition of revenue producing facility.

(2) The term “airport” shall mean the entire airport now owned by the City, including runways, hangars, loading facilities, repair shops, terminals, retail stores in such terminals, restaurants, parking areas, and other facilities necessary or convenient for the operation of the airport, together with any improvements thereto hereafter constructed or acquired.

(3) The term “bonds” shall mean any bonds, notes, or obligations of the City issued pursuant to this section.

(4) The term “City” shall mean the City of Burlington.

(5) The term “improvement” shall mean any improvement, expansion, betterment, addition, alteration, reconstruction, extraordinary repair, equipping, or reequipping of the airport.

(6) The term “related laws” shall mean those acts of the Vermont General Assembly that are specifically applicable to the City of Burlington and are set out in Part I, Subpart B of the Burlington Code of Ordinances but that do not specifically amend sections of the Burlington City charter.

(7) The term “revenues” shall mean all rates, fees, charges, rents, and other income derived from the ownership or operation of a revenue producing facility or of the airport and may include, without limiting the generality of the foregoing, investment earnings and the proceeds of insurance, condemnation, sale, or other disposition of revenue producing facility or airport assets and proceeds of borrowing hereunder.

(b) The City is hereby authorized and empowered to improve its revenue producing facilities and its airport for the purpose of providing expanded service and facilities to the users of such revenue producing facilities and airport.

(c)(1) The City is hereby authorized and empowered to issue bonds, from time to time, for the purpose of financing the costs of any improvement to a revenue producing facility or the airport; provided, however, that no bonds other than refunding bonds shall be issued under this section unless and until a majority of the legal voters of the City present and voting thereon at any annual or special City meeting duly warned for the purpose shall have first voted to authorize the issuance of such bonds. Said bonds and the interest thereon shall be payable solely and exclusively from the revenues of the revenue producing facility and/or the airport as the case may be and shall not constitute general indebtedness of the City nor be an obligation or liability upon the City to pay the same from any funds of the City other than the revenues of said revenue producing facility or airport. No airport revenues may be pledged or payable to support a revenue producing facility, nor may the revenues of a revenue producing facility be pledged or payable to support the airport. No owner or owners of any bonds issued under this section shall ever have the right to compel any exercise of the taxing power of the City to pay said bonds or the interest thereon. Said bonds shall not constitute an indebtedness within the meaning of any debt limitation or restriction and shall not be within any statutory limitation upon the power of the City to issue bonds. It shall be plainly stated on the face of each bond that it does not constitute an indebtedness of the City but is payable solely from the revenues of the revenue producing facility or of the airport.

(2) Bonds issued under this section may be issued in one or more series, may bear such date or dates, mature at such time or times both exceeding 40 years from their respective dates, bear interest at such rate or rates (whether variable or fixed), be in such denominations, be in registered form, have such rank or priority, be executed in such manner, be payable in such medium of payment, at such place or places, and be subject to such terms of redemption, with or without premium, be declared or become due before the maturity date thereof as may be determined or authorized by resolution of the City Council. Said bonds may be sold at public or private sale for such price or prices as the City Council shall determine.

(3) In case any officer of the City whose signature appears on any bond or coupon shall cease to be such officer before the delivery of such bond, such a signature shall, nevertheless, be valid and sufficient for all purposes, the same as if he or she had remained in office until such delivery. Any provision of any law to the contrary notwithstanding, any bonds issued pursuant to this section shall be deemed to be investment securities under the Uniform Commercial Code. Any bonds issued by the City pursuant to the provisions of this section are declared to be issued for an essential public and governmental purpose and to be public instrumentalities, and, together with interest and income thereon, shall be exempt from taxes. The resolution authorizing the issuance of said bonds may provide that the bonds shall contain a recital that they are issued pursuant to this section, which recital shall be conclusive evidence of their validity and of the regularity of their issuance.

(d) In order to secure the payment of any of the bonds issued pursuant to this section, the interest thereon, or in connection with such bonds, the City shall have power as to such bonds, to the extent not inconsistent with the mandatory provisions of this section:

(1) to pledge all or any part of the revenues derived from the revenue producing facility to secure payment of bonds issued for a revenue producing facility or from the airport to secure payment of bonds issued for the airport;

(2) to provide for the terms, forms, registration, exchange execution, and authentication of such bonds;

(3) to provide for the replacement of lost, destroyed, or mutilated bonds;

(4) to covenant as to the use and disposition of the proceeds from the sale of such bonds and as to the use and disposition of revenues, including, without limiting the generality of the foregoing, the establishment of reserves for debt service of other capital or current expenses from bond proceeds or revenues or both;

(5) to covenant as to the rates, charges, and rents of the revenue producing facility or airport, provided that the City shall always collect revenues adequate at all times to provide for the proper operation and maintenance of the revenue producing facility or airport and for the payment of the principal of and interest on all bonds payable from said revenues and all other required payments in connection therewith;

(6) to redeem such bonds, and to covenant for their redemption, and to provide the terms and conditions thereof;

(7) to covenant and prescribe as to what happenings or occurrences shall constitute “events of default” and the terms and conditions upon which such declaration and its consequences may be waived;

(8) to covenant as to the rights, liabilities, powers, and duties arising upon the breach by it of any covenant, conditions, or obligations;

(9) to vest in a trustee or trustees the right to receive all or any part of the income and revenue pledged and assigned to, or for the benefit of, the owner or owners of bonds issued hereunder, and to hold, apply, and dispose of the same and the right to enforce any covenant made to secure or pay the bonds or made in relation to the bonds; to execute and deliver a trust agreement or trust agreements that may set forth the powers and duties and the remedies available to such trustee or trustees and limiting the liabilities thereof and describing what occurrences shall constitute “events of default” and prescribing the terms and conditions upon which such trustee or trustees or the owner or owners of bonds of any specified amount of percentage of such bonds may exercise such rights and enforce any and all such covenants and resort to such remedies as may be appropriate;

(10) to make covenants other than, and in addition to, the covenants herein authorized, of like or different character, necessary or advisable to effectuate the purposes of this section;

(11) to execute all instruments necessary or convenient in the exercise of the powers herein granted or in the performance of its covenants or duties.

(e)(1) Any pledge hereunder shall be valid and binding and shall be deemed continuously perfected from time to time when the pledge is made; unless otherwise provided in the resolution making the pledge, the pledge of revenues shall include any contract or other rights to receive the same, whether then existing or thereafter coming into existence and whether then held or thereafter acquired by the City, and the proceeds thereof; the revenues, rights and proceeds so pledged and then held or thereafter acquired by the City shall immediately be subject to the lien of such pledge without any physical delivery or segregation thereof or further act; and the lien of any such pledge shall be valid and binding as against the City, irrespective of whether such parties have notice thereof. The resolution by which a pledge is made need not be filed or recorded except in the records of the proceedings of the City Council and no filing need be made under the Uniform Commercial Code.

(2) A resolution pledging revenues hereunder may provide for priorities among payments to be made from such revenues, whether required by statute, the City charter, such resolution, or otherwise. The pledge may include revenues otherwise accruing to particular funds established by statute or the City charter. In the event bonds are issued junior and subordinate to other bonds, revenues remaining from time to time that are permitted by the terms of the senior bonds to be used to pay or secure the junior bonds may be pledged for that purpose by the resolution under which the junior bonds are issued. A pledge of revenues under this section shall constitute a sufficient appropriation thereof for the purpose of any provision for appropriation and such revenues may be applied as required by the pledge without further appropriation.

(f) The City may issue refunding bonds for the purpose of paying any of its bonds issued hereunder at maturity or upon acceleration or redemption. The refunding bonds may be issued at such time prior to the maturity or redemption of the refunded bonds as the City deems to be in the public interest. The refunding bonds may be issued in sufficient amounts to pay or provide the principal of the bonds being refunded, together with any redemption premium thereon, any interest accrued or to accrue to the date of payment of such bonds, the expenses of issue of the refunding bonds, the expenses of redeeming the bonds being refunded, and such reserves for debt service or other capital or current expenses from the proceeds of such refunding bonds as may be required by a resolution under which bonds are issued. The issue of refunding bonds, the maturities and other details thereof, the security therefor, the rights of the owners thereof, and the rights, duties, and obligations of the City with respect thereto shall be governed by the provisions of this section relating to the issue of bonds other than refunding bonds insofar as the same may be applicable.

(g) Unless otherwise provided in the authorizing proceedings, if bonds are authorized under this section, temporary notes may be issued in anticipation thereof. The City Council may delegate the sale (but not the authorization) of temporary notes to an officer or officers of the City. The principal of and interest on notes may be renewed or paid from time to time by the issue of other notes. Except as otherwise provided, notes issued under this subsection shall be governed by the provisions of this section relating to bonds insofar as the same may be applicable.

(h) Except as otherwise permitted by this section, all monies received from the issue of bonds for improvements to revenue producing facilities or for airport improvements (other than refunding bonds) shall be used solely to defray the cost of improving the revenue producing facility or the airport of the City as the case may be. The cost of improving shall include all costs of improvement, including all preliminary expenses, the cost of acquiring all property, franchises, easements, and rights necessary or convenient therefor, engineering and legal expenses, expenses for estimates of costs and revenues, expenses for plans, specifications, and surveys, other expenses incident or necessary to determining the feasibility or practicability of a project, administrative expenses, interest prior to and during the carrying out of any project and for a reasonable period thereafter, such reserves for debt service or other capital or current expenses as may be required by the resolution under which the bonds are issued, and such other expenses as may be incurred in the financing herein authorized, the improvement of the revenue producing facility or the airport, the placing of an improvement in operation, including the creation of cash working funds, and the performance of the things herein required or permitted in connection therewith.

(i) Any owner or owners of bonds, and a trustee or trustees for holders of such bonds shall have the right in addition to all other rights.

(1) By mandamus or other suit, action, or proceedings in any court of competent jurisdiction to enforce his or her or their rights against the City, the City Council and any other proper officer, agent, or employee of any of them, including the right to require the City, the City Council, and any proper officer, agent, or employee of any of them, to fix and collect rates, charges, and rents adequate to carry out any agreement as to, or pledge of revenues, and to require the City, the City Council, and any officer, agent, or employee of any of them to carry out any other covenants or agreements and to perform its and their duties under this section;

(2) By actions or suit in equity to enjoin any acts or things that may be unlawful or a violation of the rights of such holder of bonds.

(j) The City shall have power by resolution of its City Council to confer upon any owner or owners of a specified amount or percentage of bonds, including a trustee or trustees for such owners, the right in the event of an “event of default” as defined in such resolution or as may be defined in any agreement with the owner or owners of such bonds or the trustee or trustees therefor:

(1) By suit, action, or proceedings in any court of competent jurisdiction to obtain the appointment of a receiver of the revenue facility or the airport as applicable or any part or parts thereof. If such receiver be appointed, he or she may enter and take possession of such revenue producing facility or airport or any part or parts thereof and operate and maintain the same, and collect and receive all revenues thereafter arising therefrom in the same manner as the City itself might do and shall deposit such monies in a separate account or accounts and apply the same in accordance with the obligations of the City as the court shall direct.

(2) By suit, action, or proceeding in any court of competent jurisdiction to require the City to account as if it were the trustee of an express trust. Any such resolution shall constitute a contract between the City and the owners of bonds of such issue.

(k) The powers conferred by this section shall be in addition and supplemental to the power conferred by any other law or by any other section of this City charter or the related laws of the City. Bonds may be issued hereunder for the improvement of a revenue producing facility and/or the airport, notwithstanding that any other law may provide for the issuance of bonds for the like purpose and without regard to the requirements, restrictions, or procedural provisions contained in any other law. Nothing in this section shall be construed to preclude the City from issuing general obligation bonds or notes in accordance with applicable law to finance improvements to a revenue producing facility or to the airport. Such financing shall not be governed by the provisions of this section. It shall not be necessary for the City proceeding under this charter to obtain a certificate of convenience or necessity, franchise, license, permit, or other authorization or approval from any bureau, board, commission, or other instrumentality of the State of Vermont or the City for the issuance of bonds hereunder except as expressly provided in this section.

(l) This section is remedial in nature and the powers hereby granted shall be liberally construed to effectuate the purposes hereof, and to this and the City shall have power to do all things necessary or convenient to carry out the purposes hereof in addition to the powers expressly conferred in this section.

(m) It is hereby declared that the subsections, clauses, sentences, and parts of this section are severable, are not matters of mutual essential inducement, and any of them shall be exscinded if this section would otherwise be unconstitutional or ineffective; it is the intention to confer upon the City the whole or any part of the powers in this charter provided for, and if any one or more subsections clauses, sentences, and parts of this section shall for any reason be questioned in any court, and shall be adjudged unconstitutional or invalid, such judgment shall not affect, impair, or invalidate the remaining provisions thereof, but shall be confined in its operation to the specific provision or provisions so held unconstitutional or invalid, and the inapplicability or invalidity of such subsection, clause, sentence, or part of this section in any one or more instances shall not be taken to affect or prejudice in any way its applicability or validity in any other instance.

(n) The powers granted to the City hereunder shall be exercised by its City Council. No provisions hereof shall be deemed to permit the exercise or any power in violation of the rights of bonds or note owners."
Burlington,City,003,City of Burlington,83,Preparation; contents,boundary_language,3378,https://legislature.vermont.gov/statutes/section/24APPENDIX/003/00083,"(a) Assessors shall set all taxable real estate in the property grand list only to the last owner thereof, of record, on the first day of April in each year, as shown by an instrument of conveyance recorded in the land records of the City or left and filed for record in the Office of the Chief Administrative Officer, as the actual owner of such real estate, and where there is more than one such owner of record, such real estate may be so set in the list to any one or more of them. Any tax assessed on said grand list against such real estate shall be a legal and valid tax against such real estate and shall constitute a good and valid tax lien against the same underlying all other liens and may be enforced as such lien against the property itself by sale on the Constable’s warrant of so much of said property as may be necessary to satisfy the tax with all legal charges, additions, and expenses or, in a proper case, by a proceeding in equity, by giving notice, as required in tax sales of real estate under the provisions of the laws of the State to all parties owning any interest in such real estate. In case the assessors find that real estate standing in the name of such last owner of record has been omitted from any grand list because exempt from taxation in the hands of such owner, but on the first day of April in the year of such grand list was last actually owned by one in whose hands said property was not exempt, they may amend and correct the grand list at any time while the warrant for the collection of taxes assessed thereon is outstanding and in force, by setting such real estate in said grand list to such owner of record as taxable at the valuation of said property in the citywide reappraisal next preceding such omission and thereupon all taxes therefore assessed on said grand list shall apply to such additional item and a tax bill shall be made up and issued thereon and collection of the same enforced under said warrant as such tax lien against said property in the same manner and to the same extent as though no such omission had been made. The provisions of 32 V.S.A. §§ 3652, 3653, and 3654, as the same may be amended from time to time, shall not apply to the City of Burlington.

(b) The property grand list in said City, when completed, shall contain the following:

(1) the name of each such last owner of record, of taxable real estate, with residence or business address, if known, as the actual owner, and the name of each person, partnership, or corporation taxable for personal estate with residence or business address, if known;

(2) a description of all real estate appearing in the land records of the City or by instrument of conveyance so left and filed for record, to be owned by such last owners of record; but such real estate need not be classified as provided in the general laws of the State;

(3) the value of each separate piece or parcel of real estate in said City not exempt from taxation;

(4) the total value of all such real estate not exempt from taxation;

(5) the value of taxable personal estate of each person, partnership, or corporation, in said City, taxable for the same, after making deductions for debts owing and other exemptions allowed by law;

(6) the sum obtained by taking one percent of the value of the taxable real and personal estate set to each person, partnership, or corporation."
Burlington,City,003,City of Burlington,321,"Creation of Downtown Improvement District, Church Street Marketplace District, and Marketplace",boundary_language,1629,https://legislature.vermont.gov/statutes/section/24APPENDIX/003/00321,"(a) There is hereby created in the City of Burlington a special district to be known as the Downtown Improvement District, such District to be bounded by the shoreline of Lake Champlain on the west, the north property lines of properties fronting on Pearl Street on the north, the east property lines of properties fronting on South Winooski Avenue on the east, and the south property lines of properties fronting on Main Street to the intersection of Battery Street and then extending southerly to include properties fronting on Maple Street, on the south. The Church Street Marketplace District defined below shall also be included within the Downtown Improvement District.

(b) There is hereby created in the City of Burlington and within the Downtown Improvement District a special district to be known as the Church Street Marketplace District (District) that includes all of Church Street and the properties that have frontage thereon bounded on the north by the northernmost property line of properties bounded by Church and Pearl Streets, and bounded on the south by the southernmost property lines of properties at the northern corners of the Church and Main Street intersection, and more precisely shown on a plan entitled “Church Street Marketplace District” recorded with the Chief Administrative Officer of the City of Burlington on June 27, 1979.

(c) The Church Street Marketplace (Marketplace) shall be that section of the District now or hereafter under the direct control of the City of Burlington including the Church Street right-of-way and adjacent sidewalks. (Amended 1999, No. M-9, § 3, eff. June 1, 1999.)"
Burlington,City,003,City of Burlington,415,Authority to construct and maintain an electric plant,boundary_language,1442,https://legislature.vermont.gov/statutes/section/24APPENDIX/003/00415,"(a) The City of Burlington is hereby authorized and empowered to construct and maintain an electric plant for the purpose of lighting the streets, walks, public grounds, and public buildings of the City, and may furnish electric lights and electric power to parties residing within or without the corporate limits of said City upon such terms and subject to such regulations as are provided by law or may be lawfully agreed upon between the contracting parties, subject to the jurisdiction of the Public Service Commission.

(b) Said City is also authorized and empowered to purchase, hold, maintain, and operate from time to time for said purposes, either as an extension, addition, and improvement of the present electric and power plant now owned and operated by said City, and as an addition to the business of the present plant, or as a separate unit, any existing electric or power plant and the lands, buildings, equipment, distribution system, franchises, rights-of-way, business, and goodwill of any such plant now owned or operated by a public utility corporation or individual, or any portion of any such property and business, and may from time to time construct such additions and improvements to said present plant and distribution system of the City and acquire additional lands and buildings for that purpose, as, in the judgment of the City Council, may be required or justified by the growth and development of the business."
Burlington,City,003,City of Burlington,416,"Authority to construct, maintain, and operate a gas-generating and distribution plant",boundary_language,1456,https://legislature.vermont.gov/statutes/section/24APPENDIX/003/00416,"(a) The City of Burlington is hereby authorized and empowered to construct, maintain, and operate a plant for the generation and distribution of manufactured gas and may furnish such gas within and without the corporate limits of the City to corporations and individuals for domestic and other purposes upon such terms as are provided by law or may be lawfully agreed upon between the contracting parties, subject to the jurisdiction of the Public Service Commission.

(b) For the purpose of acquiring, holding, maintaining, and operating such gas plant and distribution system for the distribution and sale of manufactured gas to corporations and individuals within and without the City limits, said City is also authorized and empowered to purchase, hold, maintain, and operate any existing gas plant, gas distribution system, rights-of-way, and franchises held and used in connection therewith, and the gas business of any corporation or individual owned and operated in connection with such plant, and the goodwill of such business, or any part of such plant, distribution system, franchises, rights-of-way, business, and goodwill.

(c) Said City may from time to time enlarge and improve such plant and distribution system as the growth and development of the business, in the judgment of the City Council, may require, and for that purpose may from time to time either construct such enlargements and improvements or purchase the same when available."
Burlington,City,003,City of Burlington,431,Definitions,boundary_language,3602,https://legislature.vermont.gov/statutes/section/24APPENDIX/003/00431,"The following terms when used in this article shall have the following meaning:

(1) The term “City” shall mean the City of Burlington.

(2) The term “electric plant” shall mean the complete municipal electric generating, transmission, and distribution system now owned by the City, together with any improvements thereto hereafter constructed or acquired, and the complete municipal natural, manufactured, or synthetic gas generating, transmission, and distribution system now or hereafter owned by the City, together with any improvements thereto hereafter constructed or acquired, and all other facilities, including those authorized by 30 V.S.A. § 604, equipment, and appurtenances necessary or appropriate to such system, for the furnishing of electric power, and energy or gas for lighting, heating, power or any other purpose for which electric power and energy or gas can be used. Such term may include facilities for the production and distribution of steam and hot or chilled water, timberlands or other fuel sources, facilities for the production, processing, transportation, and storage of fuel to be used in the production of utilities furnished by the City, facilities for the processing or disposal of solid waste involving the production of such utilities (with or without other byproducts) from solid waste (with or without other fuels), and innovative or experimental facilities for the utilization of conventional or other energy sources for the production of such utilities, including pilot or demonstration facilities.

(3) The term “improvement” shall mean any improvement, extension, betterment, addition, alteration, reconstruction, extraordinary repair, equipping, or re-equipping of the electric plant of the City.

(4) The term “electric service” shall mean the furnishing of the electric power and energy or gas for lighting, heating, power, or any other purpose for which electric power and energy or gas can be used. Such term may include the furnishing of steam and hot or chilled water, and the processing or disposal of solid waste. Such term may also include ownership, operation, and utilization of cable television, fiber optic cable, and other telecommunications within the corporate limits of the City, provided that the City shall have no power under 30 V.S.A. chapter 79 to take by eminent domain telecommunications, cable television, or natural gas property, and provided further that before the City may sell telecommunications or cable television services it shall obtain a certificate of public good under 30 V.S.A. § 231 from the Public Utility Commission.

(5) The term “acquire” shall mean to purchase, to acquire by eminent domain, to lease, to construct, to reconstruct, or to replace.

(6) The term “improve” shall mean to acquire any improvement.

(7) The term “bonds” shall mean any bonds, notes, interim certificates, debentures, or other obligations issued by the City pursuant to this article and payable out of the revenues of the electric plant.

(8) The terms “revenues” and “revenues derived from electric service” shall mean all rates, fees, charges, or other income received by the City, or accrued to the City, or any Board or Agency thereof in control of the management and operation of said electric plant, and all parts thereof, and may include, without limiting the generality of the foregoing, investment earnings, rentals, proceeds of insurance, condemnation, or other disposition of plant assets and proceeds of borrowing hereunder. (Amended 1997, No. M-18 (Adj. Sess.), § 22, eff. April 23, 1998; 1999, No. M-14 (Adj. Sess.), § 56.)"
Burlington,City,003,City of Burlington,432,Electric plant; improvement of,boundary_language,491,https://legislature.vermont.gov/statutes/section/24APPENDIX/003/00432,"The City is hereby authorized and empowered to improve its electric plant for the purpose of lighting the streets, walks, public grounds, and buildings of the City, for the furnishing of electric or gas services within or without the corporate limits of the City and for production of electric energy or acquisition, production, transmission, or distribution of gas for sale to electric or gas distribution companies, cooperative, municipal, and privately owned, within or without the State."
Burlington,City,003,City of Burlington,442,Bonds; proceeds,boundary_language,1210,https://legislature.vermont.gov/statutes/section/24APPENDIX/003/00442,"All monies received from the issue of bonds (other than refunding bonds) shall be used solely to defray the cost of improving the electric plant of the City. The cost of improving the electric plant shall include all cost of acquisition, or improvement, including all preliminary expenses, the cost of acquiring all property, franchises, easements, and rights necessary or convenient therefor, engineering and legal expenses, expenses for estimates of costs and revenues, expenses for plans, specifications, and surveys, other expenses incident or necessary to determining the feasibility or practicability of the enterprise, administrative expense, interest prior to and during the carrying out of any project and for a reasonable period thereafter, such reserves for debt service or other capital or current expenses as may be required by the ordinance or resolution under which the bonds are issued, and such other expenses as may be incurred in the financing herein authorized, the acquisition or improvement of the electric plant, the placing of such plant in operation, including the creation of a cash working fund, and the performance of the things herein required or permitted in connection therewith."
Burlington,City,003,City of Burlington,449,Authority for joint venture for telecommunications,boundary_language,643,https://legislature.vermont.gov/statutes/section/24APPENDIX/003/00449,"In addition to the authority granted under otherwise applicable law, the City has the power and is authorized to establish a joint venture or any other business relationship with one or more third parties to provide telecommunications or cable television services within or without the corporate limits of the City; provided that before such joint venture or business relationship may sell telecommunications or cable television services, it shall obtain whatever regulatory approvals are necessary, and shall pay all taxes, franchise fees, and similar charges assessed by the City on an incumbent. (Amended 1999, No. M-14 (Adj. Sess.), § 5d.)"
Burlington,City,003,City of Burlington,501,City of Burlington utility facilities; taxation of,boundary_language,508,https://legislature.vermont.gov/statutes/section/24APPENDIX/003/00501,"32 V.S.A. § 3659 shall not apply to land, buildings, and other facilities of the City of Burlington used for the generation of electric energy. Such land, buildings, and facilities owned by the City of Burlington and situated outside of its territorial limits shall be taxed by the municipality in which it is located either in the manner provided for privately owned property, or pursuant to a contract entered into by the municipalities providing for any mutually agreeable methods and amounts of taxation."
Essex Junction,City,004,City of Essex Junction,101,Corporate existence retained,boundary_language,278,https://legislature.vermont.gov/statutes/section/24APPENDIX/004/00101,"Notwithstanding the provisions of any other municipal charter, the inhabitants of the Village of Essex Junction, within its corporate limits, shall be a municipal corporation by the name of the City of Essex Junction. (Added 2021, No. M-10 (Adj. Sess.), § 2, eff. July 1, 2022.)"
Essex Junction,City,004,City of Essex Junction,103,Specific powers,boundary_language,2403,https://legislature.vermont.gov/statutes/section/24APPENDIX/004/00103,"(a) The City of Essex Junction shall have all the powers granted to cities and municipal corporations by the Constitution and laws of this State together with all the implied powers necessary to carry into execution all the powers granted, and it may enact ordinances not inconsistent with the Constitution and laws of the State of Vermont or with this charter.

(b) The City of Essex Junction may acquire real and personal property within or without its corporate limits for any municipal purpose, including storm water collection and disposal; waste water collection and disposal; solid waste collection and disposal; provision of public water supply; provision of public parks and recreation facilities; provision of municipal facilities for office, fire protection, and police protection; provision of public libraries; provision of public parking areas; provision of sidewalks, bicycle paths, and green strips; provision of public roadways; provision of public view zones and open spaces; and such other purposes as are addressed under the general laws of the State of Vermont.

(c) The City of Essex Junction may acquire such property in fee simple or any lesser interest or estate, by purchase, gift, devise, lease, or condemnation and may sell, lease, mortgage, hold, manage, and control such property as its interest may require.

(d) The City of Essex Junction may exercise any of its powers or perform any of its functions and may participate in the financing thereof, jointly or in cooperation, by contract or otherwise, with other Vermont municipalities, the State of Vermont, any one or more subdivisions or agencies of the State or the United States.

(e) The City of Essex Junction may establish and maintain an electric power system and regulate power line installations; provided, however, that the City shall have no authority under this charter that conflicts with that authority granted to the Public Utilities Commission or any other state regulatory agency. The City of Essex Junction may also establish a telecommunications system and an enterprise to deliver Internet or broadband services.

(f) In this charter, mention of a particular power shall not be construed to be exclusive or to restrict the scope of the powers that the City of Essex Junction would otherwise have if the particular power were not mentioned. (Added 2021, No. M-10 (Adj. Sess.), § 2, eff. July 1, 2022.)"
Essex Junction,City,004,City of Essex Junction,1303,Superseding language,boundary_language,486,https://legislature.vermont.gov/statutes/section/24APPENDIX/004/01303,"The City of Essex Junction shall be formed notwithstanding the following language (“Notwithstanding the provisions of any other municipal charters, territory within the corporate limits [of the Town of Essex] shall not be annexed to or become a part of any other municipal corporation except by annexation procedures as set forth in the statutes of the State of Vermont.”) contained in chapter 117, section 101 of this title. (Added 2021, No. M-10 (Adj. Sess.), § 2, eff. July 1, 2022.)"
Montpelier,City,005,City of Montpelier,201,City voting districts,boundary_language,624,https://legislature.vermont.gov/statutes/section/24APPENDIX/005/00201,"There shall be three voting districts for the City, which shall be defined and filed with the City Clerk. The City Council may make changes from time to time to the boundaries of the districts in order to provide an equal division of population among them in accordance with U.S. Census data. Voting district changes shall not be made more frequently than once in five years. Such changes shall be approved by the voters at an annual or special meeting of the City and shall become effective immediately upon approval unless a later date is established therein. (Amended 2013, No. M-19 (Adj. Sess.), § 2, eff. May 20, 2014.)"
Montpelier,City,005,City of Montpelier,301,Powers and duties of city council,boundary_language,3486,https://legislature.vermont.gov/statutes/section/24APPENDIX/005/00301,"(a) All powers of the City shall be vested in the City Council, except as otherwise provided by law or this charter, and the Council shall perform all duties and obligations imposed on the City by law.

(b) In addition, the Council shall have general oversight of the affairs and property of the City not committed by law to the care of any particular officer, including the following powers and duties:

(1) Acquire property, real and personal, within or outside its corporate limits for any lawful purpose and by any lawful means, including condemnation, in fee simple, or any lesser interest of estate, by purchase, gift, devise, lease, or other means of transfer. The Council may also sell, lease, mortgage, hold, manage, and control such property as its interest may require, in accordance with State law.

(2) Promote and safeguard the public health, safety, comfort, or general welfare by the adoption, amendment, or repeal of ordinances and regulations, including the following subjects:

(A) Construction of improvements, including curbs, sidewalks, lighting, and storm drains in a manner specified as a condition precedent for, but not limited to, the issuance of a building permit. The City has power to assess part or all of the expenses of such improvements to the property owners benefited thereby in proportion to respective frontage upon highways or respective values of property or by such standard as determined by the Council. The Council has power to provide for violation or nonperformance.

(B) Regulation or prohibition of any condition, activity, enterprise, public nuisance, or matter concerning promotion of public health, safety, and welfare as permitted by the general law of the State.

(C) Licensing of any activity or enterprise as permitted by general law of the State.

(D) Regulation and enforcement of energy efficiency disclosure requirements for existing and new commercial and residential properties at the time a property is listed for sale.

(3) Adopt and amend personnel policies for City employees in accordance with general laws of the State, including 24 V.S.A. § 1121 as may be amended from time to time.

(4) Authorize the expenditure of funds raised from taxation, assessments, appropriations, fines, grants applied for and received, and other lawful sources.

(5) Provide for citizen participation as appropriate on boards, commissions, and committees.

(6) Fix, demand, impose, and enforce such items, conditions, and regulations for the excavation of any street or highway by any person as shall be just and reasonably related to the City’s reconstruction and maintenance costs, including expenses to be paid to the City for damages resulting from a street excavation or for the purpose of erecting and maintaining poles, wires, or other apparatus in or under the street. The City has the power to prohibit the use of any street by any such person until such conditions have been complied with.

(7) Permit the nonhighway use, occupancy, or reservation of portions of public streets and thoroughfares, provided that such use, occupancy, or reservation is in the public interest and will not impair or interfere with the free and safe flow of vehicular and pedestrian traffic thereon.

(8) Establish fees and benefit charges for City services, permits, licenses, hearings, and uses of City property and establish fees for dog licenses. (Amended 2013, No. M-19 (Adj. Sess.), § 2, eff. May 20, 2014; 2019, No. M-7, § 2, eff. May 30, 2019.)"
Montpelier,City,005,City of Montpelier,1302,Procedure for taking property,boundary_language,6575,https://legislature.vermont.gov/statutes/section/24APPENDIX/005/01302,"(a) Highways and urban renewal. In taking land and other property for the purposes of laying out roads and highways, the City Council shall proceed in the same manner as is provided by law for municipalities in taking land for highways. In taking land and other property for the purposes of urban renewal, the Council shall proceed in the same manner as is provided by law for municipalities in taking land for urban renewal.

(b) Other public purposes.

(1) For all other purposes stated in section 1301 of this subchapter, when the City Council determines that interests in real estate are needed or when a municipality votes to purchase additional lands or interests therein, or when, in the exercise of any of the powers or functions authorized by general law or its charter it becomes necessary for public use and benefit to take, damage, or affect an interest in real estate, and the owner refuses to release or convey the same to the City for a reasonable price, the City Council shall set out the necessary lands or interests therein and cause the same to be surveyed.

(2) The City Council shall appoint a time and place for hearing and give at least ten days’ notice before such hearing to the persons evidencing a recorded interest therein either personally or by written notice left at the residence or place of business of such person. At such hearing, the Council shall determine the damages sustained by such interested persons.

(3) The damages agreed upon or assessed shall be paid or tendered to such persons before taking possession of the lands. Upon payment or tender of damages as determined by the Council, the City shall be entitled to take possession of such property.

(c) Notice to mortgagee and application of payment. When such lands are encumbered by mortgage, the City Council shall cause the same notice to be given to the mortgagee or assignee thereof as is required to be given to the owner, and the damages agreed upon or otherwise determined, as finally ascertained, shall be paid to the property owner and the mortgagee or assignee.

(d) Removal of improvements. When the City Council decides to take lands, in its order for that purpose, it shall fix a time and notify the owner or occupant thereof. Within such time the owner shall, if so ordered, remove his or her buildings, fences, wood, or trees, which, in the case of enclosed or improved lands, shall not, without the consent of the owner, be less than three months nor until compensation for damages to such lands is tendered or paid. If such obstructions are not removed within such time, the Council shall remove them at the expense of the City.

(e) Record of orders and proceedings. Orders and proceedings of the Council under the provisions of this section, with the survey of the lands taken, shall be recorded in the land records of the City or in the land records of the town in which such lands are located.

(f) Disagreement as to damages. When the owner of such land does not accept the damages awarded by the City Council, the Council and the owner may agree to refer the question of damages to one or more disinterested persons whose award shall be made in writing and shall be final.

(g) Petition; appointment of commissioners. When a person having an interest in such land is dissatisfied with the action of the Council in locating and setting it out or with the damages awarded therefor by them, such person may apply by petition to the Superior Court for the county in which such land lies within 60 days of the recording of the order of the City Council. The petition with a citation shall be served on the City Clerk as a writ of summons requiring entry to be made therein within 21 days from the date of service. The court shall appoint three disinterested commissioners who shall inquire into the amount of damages sustained by the persons interested therein.

(h) Notice, hearing, report, costs. The commissioners shall give the City Clerk and the petitioners six days’ notice of the time and place of the hearing. When they have completed their inquiries, they shall report to the court. Upon hearing, the court may accept or reject the report, in whole or in part, may make such orders as are necessary for locating and setting out such land and for the removal of obstructions thereon, may render judgment for the petitioners for such damages as they have severally sustained, may tax costs for either party, and may award execution in the premises.

(i) Title to vest payment of damages. When the damages finally awarded are paid to the person entitled thereto, title to such lands or the right to damage or affect lands shall vest in the City.

(j) Definitions. As used in this charter:

(1) “Necessity” means a reasonable need that considers the greatest public good and the least inconvenience and expense to the condemning party and to the property owner. Necessity shall not be measured merely by expense or convenience to the condemning party. Necessity includes a reasonable need for the project in general as well as a reasonable need to take a particular property and to take it to the extent proposed. In determining necessity, consideration shall be given to the:

(A) adequacy of other property and locations;

(B) quantity, kind, and extent of cultivated and agricultural land that may be taken or rendered unfit for use, immediately and over the long term, by the proposed taking;

(C) effect upon home and homestead rights and the convenience of the owner of the land;

(D) need to accommodate present and future utility installations within the improvement area;

(E) need to mitigate the environmental impacts of the improvements; and

(F) effect upon grand lists and revenues.

(2) Damages resulting from the taking or use of property under the provisions of this charter shall be the value for the most reasonable use of the property or right in the property, and of the business on the property, and the direct and proximate decrease in the value of the remaining property or right in the property and the business on the property. The added value, if any, to the remaining property or right in the property that accrues directly to the owner of the property as a result of the taking or use, as distinguished from the general public benefit, shall be considered in the determination of damages.

(3) “Interested person” or “person interested in lands” or “property owner” means a person who has a legal interest of record in the property taken or proposed to be taken. (Amended 2013, No. M-19 (Adj. Sess.), § 2, eff. May 20, 2014.)"
Newport,City,007,City of Newport,3,City boundaries and corporate powers,boundary_heading|boundary_language,5011,https://legislature.vermont.gov/statutes/section/24APPENDIX/007/00003,"The inhabitants of that portion of the Towns of Newport and Derby included within the following boundaries, to wit: Beginning at the southeast corner of land of J. C. Roby, and southwest corner of land of William Buck in the Town of Derby on the north line of the Town of Coventry, and following the lot line between the lands of the said Roby and said Buck northerly, which said lot line is the easterly line of the new municipality, and continuing that line between the lands of the following persons: E. Miller, Fred Blake, Will Halley, Frank O. Hill, J. H. Gaines, Will Rann, Charles Lemorey, Henry Lahar, and Mrs. Benj. Hinman, on the westerly side of said lot line, and A. R. Hudon and wife, Theophile Meoykins, and Isaac Labounty on the easterly side of said lot line follow said lot line to a point which is N. latitude 44 degrees 55′ 56″ and W. longitude 72 degrees 11′ 46″ and 467 feet southerly of the southerly boundary of Pine Hill road so-called; thence S. 81 degrees E. following the present New England Telephone & Telegraph Company’s trunk line 506 feet to an iron pin corner at an angle in said telephone line; thence N. 40 degrees E. 160 feet to the southerly line of said Pine Hill road; thence following the Pine Hill Road southeasterly on the southerly side thereof until it strikes the land owned by Mrs. Hitchcock on the northerly side of said road and following the southerly line of the Charles Noyes Farm and the southerly line of the Frank Hayward farm to the southeasterly corner of the said Hayward Farm where it strikes the road to Arnold’s Mills, so called; thence following said road on the easterly side thereof northerly across Clyde River to Clyde Street; thence following Clyde Street on the northerly side thereof westerly to the east line of Dr. George F. Adams’ land; thence northerly on said Adams’ east line and on the east line of land owned by Aaron Grout to the road running from Derby Center to West Derby village; thence following said Derby Center Road on the northerly edge thereof to the east line of land owned by Fortunat Dubuc and wife and known as the Colby farm thence northerly on the east line to the northeast corner of said farm; thence following westerly on the north line of said farm to the north line of the present village of West Derby; thence following said village line westerly to Sias Avenue, or Beebe Road, so called, following said Sias Avenue northerly on the westerly side thereof to Austin Beebe’s north line; thence westerly following Austin Beebe’s north line to Elijah Leavitt’s east line; thence northerly following Elijah Leavitt’s east line to the road that runs from Sias Avenue to the railroad track, following said road a few rods on the northerly side thereof to the east line of the farm owned by Charles and Myrtie A. Marsh, on the north side of said road; thence following the east line of said Marsh Farm to its northeast corner; thence westerly following its north line to the railroad right of way; thence following said right of way on the easterly side thereof to the railroad culvert (No. 91) crossing what is known as Meadow Brook; thence following said brook to the shore of Lake Memphremagog, following the shore of Lake Memphremagog southwesterly to Indian Point near the cottage now owned by Charles F. Bigelow, and including in the limits of the City Horse Neck Island, which lies a few rods from the said lake shore and is owned by F. E. Miles; thence westerly across the lake from Indian Point in a straight line to the northeast corner of the farm formerly owned and occupied by Tarrant S. Cummings and now owned by Joseph Bouchard; thence westerly on said Bouchard’s north line to the easterly side of the poor farm road; thence southerly on the easterly side of said road to the south line of said Bouchard’s Farm; thence easterly to William Hyer’s west line; thence southerly on the west lines of lands owned by said Hyer, Richmond and son and Arthur Wells to the west line of land owned by O. D. Hancock; thence southerly on said Hancock’s west line and in a straight line to the Coventry Town line; thence following said Coventry Town line to the point begun at in Derby, are hereby incorporated and made a body corporate and politic under the name of the City of Newport, and by that name may sue and be sued, prosecute and defend in any court, may have a common seal and alter it at pleasure, may take, hold, purchase, and convey such property, real and personal, as the purposes of the corporation may require, may borrow money on the credit of the City in the mode and under the restrictions hereinafter provided, may elect a representative to the General Assembly and the same number of justices of the peace as a town of equal population may elect, shall exercise and enjoy all such rights, immunities, powers and privileges as are conferred upon or are incident to towns in this State and shall be subject to like duties, liabilities, and obligations, except as otherwise provided in this charter."
Newport,City,007,City of Newport,26,Water system,district_heading,326,https://legislature.vermont.gov/statutes/section/24APPENDIX/007/00026,"The City Council shall have all the powers over and in any way appertaining to the water system owned by the present Village of Newport that are now conferred on the water commissioners, provided for in 1878 Acts and Resolves No. 201, entitled “An act defining the power of the Village of Newport,” and all amendments thereto."
Rutland,City,009,City of Rutland,1.2,Description of boundaries,boundary_heading|boundary_language,5022,https://legislature.vermont.gov/statutes/section/24APPENDIX/009/00012,"The municipal corporation known as the City of Rutland shall include inhabitants within the following boundaries:

(1) Beginning at the point in the east line of what was formerly School District No. 3 where the south line of the James M. Fisk farm extended easterly intersects said east line, thence westerly on the said south line of the James M. Fisk farm and extension thereof to the east line of Main Street; thence northerly on the east line of Main Street to the north line of said School District No. 3; thence westerly on the said north line of School District No. 3 to the “Quarter Line,” so called, on the top of Pine Hill; thence southerly on said “Quarter Line” to Evergreen Cemetery; thence westerly and southerly on the lines of said cemetery to the southerly end of the extreme westerly boundary in 1892; thence easterly and southerly along what was the boundary of said cemetery in 1892 to the north line of West Street; thence across West Street at an angle of 90 degrees therewith to the southerly line thereof; thence easterly on the south line of West Street to its intersection with the west line of the Ripley Road; thence southerly on the west line of the Ripley Road to its intersection with the center line of Otter Creek; thence westerly in the said center line of said creek to its intersection with a straight line run from the point of intersection of the said extreme westerly boundary of Evergreen Cemetery produced southerly and the north line of West Street to the original northwest corner of Percival W. Clement’s homestead lot on the south side of the highway; thence southerly on said straight line as above described to the said original northwest corner of said Clement’s homestead lot, thence south westerly on the original westerly line of said Clement’s land, and an extension thereof to the west line of the highway known as the “Campbell Road”; thence southerly and easterly on the easterly and northerly line of said highway to its intersection with the easterly line of Quarterline Road projected northerly; thence southerly along the projection of said easterly line of Quarterline Road to the southerly line of Campbell Road, thence southerly and easterly on the westerly and southerly line of said highway and on the westerly line of the highway known as the “River Road”, if necessary, to a point due west of what was formerly the southwest corner of the Mussey farm, so called, thence in a straight line due east, magnetic bearing in 1892, through the said southwest corner of the Mussey farm that was also the northwest corner of the house lot of the Ruel Todd estate to its intersection with what was formerly the east line of the Rutland Graded School District, produced southerly; thence northerly on said production of said east line of the Rutland Graded School District and on said east line itself to the northeast corner thereof; thence westerly on the north line of said Graded School District to the said east line of School District No. 3; thence northerly on the said east line of said District No. 3 to the place of beginning, meaning hereby to describe the boundaries as contained in the original Act of Incorporation, No. 110 Acts of 1892, together with that portion of Rutland Town as was cut out and annexed to the City of Rutland by No. 219 of the Acts of 1923 described as follows: That part of Evergreen Cemetery now situated within the limits of the Town of Rutland known as the Beaman place and being the land conveyed to the Evergreen Cemetery Association by G. H. Beaman and others by deed dated December 8, 1894, and recorded in the land records of the Town of Rutland in Book 1A, Page 174; and by John B. Beaman by deed dated January 25, 1896, and recorded in said records in Book 1A, Page 287 (excepting the strip of land conveyed by said Evergreen Cemetery Association to Patrick C. Hulihan by deed dated April 23, 1896, and recorded in said records in Book 1A, Page 288) excepting thereout that portion included in such boundaries as was cut out and annexed to the Town of Rutland by 190 of the Acts of 1894.

(2) Said inhabitants are hereby continued to be incorporated and a body corporate and politic, under the name of the City of Rutland; and by that name may sue and be sued, prosecute and defend in any court, may have a common seal and alter it at pleasure; may take, hold, purchase, and convey such property, real and personal, as the purposes of the corporation may require; may borrow on the credit of the City, in the mode and under the restrictions hereinafter provided; may elect representatives to the General Assembly of the State, and the same number of justices of peace as a town of equal population; and generally shall have, exercise, and enjoy all such rights, immunities, powers, and privileges as are conferred upon or are incident to towns in this State; and shall be subject to like duties, liabilities, and obligations, except as otherwise provided in this charter. (Amended 2001, No. M-9, § 2 eff. May 21, 2001.)"
Rutland,City,009,City of Rutland,3.1,Powers of the City of Rutland,boundary_language,14425,https://legislature.vermont.gov/statutes/section/24APPENDIX/009/00031,"The powers of the City of Rutland under this charter shall be construed liberally in favor of the City and, except as expressly limited herein specific mention of particular powers in this charter shall not be construed as limiting in any way the general powers as stated herein. The City of Rutland may exercise any of its powers or perform any of its functions and may participate in the financing thereof, jointly or in cooperation, by contract or otherwise, with the State of Vermont or any subdivision or agency thereof, or provided it is so authorized under the general laws of the State of Vermont or by a special act, with the United States of America or any subdivision or agency thereof. The City of Rutland has the power to receive by gift, grant, devise, bequest, purchase, or condemnation any real or personal property, and to hold in fee, hold in trust, lease, or convey any such real or personal property within or without the limits of the City of Rutland as the purpose of the corporation may require; to borrow on the credit of the City in the mode and subject to the restrictions hereinafter provided; to contract, to sue, prosecute, and defend; to have, make use, and alter at pleasure a City seal; to have and to exercise all other rights, powers, privileges, and immunities conferred upon towns of the State of Vermont by law or necessary to carry out its corporate functions and duties. In the exercise of any of the powers granted to the City of Rutland by this charter, the City may enact ordinances, rules, and regulations and prescribe penalties for the violation of any such ordinances, rules, and regulations; provided, however, that no such penalties shall exceed imprisonment for one year or a fine of $500.00, or both. Without in any way limiting the powers hereinafter granted, the City of Rutland shall have the power:

(1) to enact and enforce rules for its government;

(2) to enter into any agreement on behalf of the City with the United States of America, or any department, subdivision, or agency thereof, to accept grants, loans, and assistance from the United States of America or any department, subdivision, or agency thereof to make public improvements within the City or upon property of the City outside its corporate limits and to make appropriations consistent with the provisions of this charter to accomplish such purpose; provided, however, no such agreement shall be entered into unless authorized under the general laws of the State of Vermont or by a special act;

(3) to accept and administer gifts, grants, and bequests in trust or otherwise for public purposes;

(4) to regulate the time and manner in which examinations of public documents, land records, and other records shall be made;

(5) to acquire voting machines, so-called, and prescribe the use thereof in any or all elections held within said City;

(6) to establish and create a fund or funds available as a pension to such employees of the City of Rutland as the City Council may hereafter from time to time designate; to create and authorize such boards or officers as may be necessary to administer, control, and make expenditures from such fund or funds; to appropriate funds from which such pension and the expenses incidental to the administration thereof may be paid; to designate by ordinance a retirement age for City employees beyond which age such employees may be removed from office and permanently retired; to establish the conditions and regulations under which such City employees may or shall be removed from office and retired; to designate and establish the sums that may be paid to such City employees as pensions and conditions of payment thereof; and to make, amend, or repeal such ordinances as may be convenient or necessary to create, manage, and operate a retirement plan and pension fund for City employees;

(7) to establish a reserve or fund to compensate the City for any and all losses and damages to City property by reason of fire or other casualty and to pay to City employees or those entitled any and all compensation that may become their due under the workman’s compensation laws of the State of Vermont;

(8) to establish and regulate a Police Commission and Police Department;

(9) to prevent and prohibit riots, disturbances, and disorderly assemblages;

(10) to prohibit vagrancy;

(11) to regulate and control the use of streets and public places for pedestrian and vehicular traffic and the parking of vehicles of every kind and description;

(12) to remove and impound at the expense of the owner any vehicle found parked in a public place in violation of any City ordinance and prescribe the terms and conditions upon which the owner may redeem such vehicle;

(13) to install and operate coin operated parking meters for the regulation and control of parking of vehicles;

(14) to establish and regulate a Fire Department;

(15) to regulate and prohibit conditions and activities from which damage by fire or explosion may be apprehended;

(16) to establish and regulate a Department of Public Works;

(17) to provide a supply of water for the protection of the City against fire and for the use of the inhabitants of said City, and for other purposes; to establish, increase, maintain, and repair reservoirs, aqueducts, water pipes, pipelines, and other necessary apparatus for and in connection with its water supply; and from time to time to increase and add to its water supply; to preserve, protect, maintain, and operate the same; and in the exercise of such powers the said City of Rutland may purchase, and take, within or without its corporate limits, lands, springs, streams, and water rights of individuals and corporations, and divert water from natural channels into its water supply, on making compensation therefore. But the City shall not take, otherwise than by gift or purchase, waters or a spring of water, which the owner or lessee or other persons having a vested right or interest therein, or in the use thereof, may reasonably require for domestic use or watering stock; no money other than funds received on account of the water works will be appropriated without a vote to that effect by the legal voters of the City;

(18) to establish, maintain, alter, and enlarge such sanitary sewers, storm drains, combined sewers, sewage disposal systems, and sewage disposal plants both within and without the City as the public health, safety, or convenience may require and to take private lands and rights, both within and without the City necessary to accomplish such purposes on making compensation for the same;

(19) to establish a municipal system for the collection, removal, and disposal of garbage and other waste material and to make proper charges for such service;

(20) to accept, establish, maintain, alter, and enlarge such highways as the public safety or convenience may require and to take private land and rights necessary to accomplish such purpose on making compensation for the same;

(21) to construct, alter, and repair sidewalks and curbing and to assess abutting property owners for one-half of the cost of such improvements;

(22) to require all persons to remove from the sidewalks and gutters in front of the premises owned or occupied by them all snow, ice, dirt, and rubbish, and to keep such sidewalks and gutters clean; and to require the owners or occupants of any land or premises in the City to cut and remove from the same and from the street or sidewalk in front of such land or premises all grass, brush, and weeds growing or being thereon under such regulations as shall be prescribed therefore;

(23) to fix, impose, and enforce such terms, conditions, and regulations for the use and occupancy of any highway or other public lands in the City for the transmission of material, energy, or information by any public service or utility corporation or by any persons enjoying the privileges or exercising the functions of said corporations;

(24) to construct and maintain an electric generating and distribution system;

(25) to provide for the lighting of streets and public places;

(26) to regulate the size, height, material, and manner of erection and construction of new buildings, and the repairing, alteration, or removal of buildings already constructed in said City, or in certain prescribed localities therein; and to regulate the use of streets for such purposes;

(27) to establish and regulate a Department of Buildings and to prescribe the powers and duties of the Building Inspector;

(28) to regulate by ordinance minimum health and safety standards relative to housing;

(29) to adopt and enforce codes and regulations relative to the installation and maintenance of electric wiring, plumbing, heating, and fire protection and to license and regulate artisans engaged in the installation and maintenance of such facilities;

(30) to establish and regulate a Planning Department;

(31) to establish and operate a Recreation Department and to acquire and provide land and structures for recreational purposes;

(32) to provide for and regulate the care, preservation, improvement, and use of public property;

(33) to establish and operate a Welfare Department;

(34) to retain a City Physician;

(35) to appoint a Milk Inspector and to regulate the production of milk, cream, or milk products for distribution within the City and the sale and distribution of such products within the City and to license persons engaged in these activities;

(36) to establish and operate a Department of Civil Defense and to make ordinances and regulations for the protection of the City in the event of a public emergency;

(37) to establish an Airport Department and to operate a municipal airport within or without the City;

(38) to appropriate a sum for the support and maintenance of the Rutland Free Library Association, Inc., provided that the inhabitants of the City shall at all reasonable and proper times have the free use of said library;

(39) to establish and regulate a market and to prohibit or regulate the selling of provisions and merchandise of any kind on public lands;

(40) to regulate, license, tax, or prohibit vendors, peddlers, solicitors, beggars, and transient auctioneers, except when licensed by State or federal authorities;

(41) to license and regulate the processing and sale of meat;

(42) to regulate, license, tax, or prohibit entertainments of every kind exhibited for money, including circuses, fairs, plays, motion pictures, exhibitions, and mechanical and amusement devices including coin machines;

(43) to regulate the location and manner of operation of all slaughter houses, filling stations, fuel storage depots, public garages, manufacturing establishments, junk yards, vehicle repair shops, welding shops, and other commercial activities or establishments that cause smoke, fumes, soot, dust, or noxious substances to be cast upon the public ways;

(44) to license and regulate hotels, motels, and other lodging places, restaurants, and other victualing establishments and to tax the same for revenue purposes;

(45) to license and regulate public dance halls, bowling alleys, skating rinks, and other places of amusement and to tax the same for revenue purposes;

(46) to license and regulate truckmen, taxicabs, busses, and the owners or drivers of automobiles and motor trucks furnishing transportation for hire and to regulate their fees and prescribe their duties;

(47) to permit, regulate, license, tax, or prohibit the suspending, erection, or maintenance of any sign, awning, marquee, or display in or over any street or public place or visible therefrom and whenever the public good may require to order that any such sign, awning, marquee, or display be removed;

(48) to fix, impose, and establish terms, conditions, and regulations under which persons may use or occupy public land for private purposes;

(49) to regulate the manner of subdivision and development of real estate;

(50) to abate, enjoin, and remove nuisances;

(51) to regulate or prohibit gaming of all descriptions and to order and affect the destruction of all instruments and devices used for that purpose;

(52) to prohibit and punish for prostitution;

(53) to compel the owner or occupant of any unwholesome, noisome, or offensive house or place to remedy such condition so far as may be necessary for the health, safety, or comfort of the inhabitants of the City;

(54) to require the removal from private property of trees that due to their damaged or diseased condition represent a hazard to persons or property;

(55) to prohibit and punish for cruelty and inhumane treatment to animals;

(56) to prohibit the obstruction or the encumbering of streets, sidewalks, or other public places;

(57) to prohibit or regulate the keeping or running at large of animals within the City;

(58) to license and tax the owning or keeping of any animals in addition to any license fee or tax imposed by the State of Vermont;

(59) to prohibit and punish for trespasses or willful damage to public or private property;

(60) to prohibit or regulate the use of firearms or potentially dangerous weapons and to regulate the sale and transportation of the same within the City;

(61) to prohibit or regulate the preparation and use of rockets, missiles, and fireworks of all kinds within the City;

(62) to adopt a zoning ordinance to permit, prohibit, restrict, regulate, and determine land use or development, including the following:

(A) specific use of land, water courses, and other bodies of water;

(B) dimensions, location, erection, construction, repair, maintenance, alteration, razing, removal, and use of structures;

(C) areas and dimensions of land and bodies of water to be occupied by uses and structures, as well as areas, courts, yards, and other open spaces and distances to be left unoccupied by uses and structures;

(D) density of population and intensity of use;

(63) to establish and regulate a Department of Community Development;

(64) to establish, maintain, and fund a Redevelopment Authority;

(65) to establish and regulate campaign contributions and expenditures for local elections held within the City; provided that the provisions of Title 24 relating to the procedures for adopting ordinances and permissive referendums shall apply to ordinances adopted, amended, or repealed under this subdivision. (Amended 1997, No. M-17 (Adj. Sess.), § 4.)"
St. Albans,City,011,City of St. Albans,2,Boundaries,boundary_heading|boundary_language,12566,https://legislature.vermont.gov/statutes/section/24APPENDIX/011/00002,"The boundaries of the City of St. Albans shall continue as heretofore established by said act as amended by 1915 Acts and Resolves No. 280, which boundaries are therein described as follows:

(1) Beginning at the southeasterly corner of Aldis Hill playground, thence northerly, westerly, southerly, and again westerly in the bounds of said playground to the northwesterly corner thereof.

(2) Thence northerly, in a line parallel to High Street, to a point on the southerly boundary of property owned or formerly owned by Adhemard and Amanda Bertrand. Thence easterly in the southerly line of the aforesaid Bertrand property to a point 710 feet from the easterly line of High Street.

(3) Thence northerly a distance of 750 feet in a line parallel with said High Street to a point.

(4) Thence westerly a distance of 140 feet in a line parallel to the southerly boundary of the aforesaid Bertrand property to a point.

(5) Thence continuing westerly a distance of 140 feet in a line parallel to the southerly boundary of the aforesaid Bertrand property to a point.

(6) Thence westerly in a line parallel to the southerly boundary line of the aforesaid Bertrand property a distance of 520 feet to a point in the easterly line of High Street.

(7) Thence, at right angles to Main Street, westerly 279 and one-twelfth feet to a stake in the center of the track of the Missisquoi Valley Railroad Company.

(8) Thence southerly, along the center line of said track, 535 and one-sixteenth feet to a stake in line with the south line of the meadow lately owned or formerly owned by Mrs. Betsy D. Hoyt, deceased.

(9) Thence westerly, in the aforesaid Hoyt south line and its continuation, to such a point as would be intersected by producing northerly the westerly line of the land owned or formerly owned by Louis DeGoesbriand, which land is commonly called Calvary cemetery.

(10) Thence southerly, in the west line of said Calvary cemetery lot and its continuations to the north end and to the south 2,173 feet, and seven inches.

(11) Thence westerly, 748 feet, to a stake.

(12) Thence southerly, 406 feet to a stake in the center of the main line of the Central Vermont Railway Company.

(13) Thence westerly along the main line of the Central Vermont Railway Company, a distance of 229 feet to a stake.

(14) Thence southerly in a straight line to a stake in the south line of Lake Street, being at the northeast corner of land owned or formerly owned by Mrs. Mary L. Stickney.

(15) Thence southerly, in said Stickney’s east line and the continuation thereof, to a stake set at the point in said line last mentioned that would be intersected by continuing westerly the north line of land owned or formerly owned by Mrs. Mary McGrath.

(16) Thence easterly in the said McGrath’s north line and its continuation westerly 1,969 and five-twelfths feet to a stake.

(17) Thence southerly at right angles to the last course 896 and one-third feet to a stake in the line between land lately owned by Michael McMahon, deceased, and land owned or formerly owned by B. F. Rugg.

(18) Thence easterly in the north line of said Rugg’s land and the continuation thereof, 1,128 and one-sixth feet to a stake in the easterly line of the Central Vermont Railroad Company’s right of way, being also the northwest corner of land lately owned by Talmadge B. Hall, deceased, and now owned or formerly owned by George C. Story.

(19) Thence southerly, in the westerly line of said Hall land and of land lately formerly owned by Henry Tanner, deceased, being also the easterly line of the said railroad right of way, 342 and one-twelfth feet to a stake at the southwest corner of said Tanner land.

(20) Thence, easterly in the south line of the aforesaid Tanner land, to a stake at the north corner of land owned or formerly owned by Mrs. Lydia Judd.

(21) Thence southerly, in the westerly line of said Judd’s land and its continuation southerly to a stake at the point in said line that would be intersected by continuing westerly the south line land owned or formerly owned by Mrs. Emily C. Edson.

(22) Thence easterly, in said Edson’s south line, and its continuation, to the west line of South Main Street.

(23) Thence southerly, in the said west line of South Main Street, to a stake in the line between land owned or formerly owned by B. F. Rugg and land owned or formerly owned by Mrs. Sarah C. Foster.

(24) Thence westerly, in said last mentioned line, 200 feet to a stake.

(25) Thence southerly in a line parallel to, and 200 feet west from the west line of South Main Street 879 and three-eighths feet to a stake on land owned or formerly owned by Mrs. Emerette Dean.

(26) Thence easterly at right angles to the preceding course, 103 feet to a stake, thence southerly at right angles to the preceding, 70 and two-thirds feet to a stake, thence westerly at right angles to the preceding, 103 feet to a stake in the line as aforesaid parallel to Main Street.

(27) Thence southerly, in the continuation of the line parallel to South Main Street and 200 feet west of the west line thereof, 814 and eleven-twelfths feet to a stake on land owned or formerly owned by Mrs. Florette B. Maynard, being in line with the south line of Parsons Avenue, if produced westerly.

(28) Thence easterly, in said south line of Parsons Avenue and its continuation to the west, 492 and seven-eighths feet to a stake north of Nelson F. Hazard’s house, now or formerly, being 200 feet east of the east line of South Main Street.

(29) Thence northerly, in a course parallel to the east line of South Main Street and 200 feet east of said east line, to a stake in the south line of the lot owned and occupied or formerly owned by Chas. H. Clark.

(30) Thence easterly, in said Clark’s south line, to the southeast corner of the lot aforesaid.

(31) Thence northerly, in the east line of the aforesaid Clark’s lot and in the continuation thereof, to a stake in the south line of land now or formerly occupied by M. D. Downey.

(32) Thence easterly, in the south line of said land occupied by M. D. Downey, to the southeast corner thereof.

(33) Thence northerly, in the east line of land occupied by said Downey and in the east line of land now or formerly occupied by Dan’l Beeman, to a stake in the south line of land now or formerly occupied by S. S. Allen.

(34) Thence easterly, in the said south line of land now or formerly occupied by S. S. Allen, to the southeast corner thereof.

(35) Thence northerly, in the east line of the land occupied as aforesaid by S. S. Allen and in the continuation of the last mentioned line, to a stake in the south line of lands of the St. Albans Cemetery Association.

(36) Thence easterly in said last mentioned line, to a stake in the southeast corner of the aforesaid Cemetery Association land.

(37) Thence northerly, in the easterly line of the aforesaid Cemetery Association land and of H. H. Farnsworth’s land in the westerly line of B. F. Rugg’s land, to a stake 200 feet south from the south line of easterly continuation of Upper Welden Street.

(38) Thence easterly, parallel to and 200 feet from the south line of the continuation of Upper Welden Street as aforesaid, to a stake in the west line of Thorpe Avenue, as now fenced.

(39) Thence northerly in said west line of Thorpe Avenue and its continuation to a stake in the north line land now or formerly of B. F. Rugg.

(40) Thence easterly in said B. F. Rugg’s north line 463 and three-fourths feet to a stake.

(41) Thence northerly 926 feet to a stake in the north line of Fairfield Street.

(42) Thence northerly to an iron stake at the southeast corner of land now or formerly occupied by Dr. W. Standford Stevens.

(43) Thence northerly in the east line of land occupied by said Stevens, to an iron stake at the northeast corner thereof, and again continuing the last mentioned line until it intersects the south line of land formerly owned by John Gregory Smith, deceased.

(44) Thence northerly to a point in the north line of Congress Street, being 495 feet easterly along the said north line of Congress Street from the southeast corner of land leased by John Gregory Smith to Edward Curtis Smith February 18, 1889.

(45) Thence northerly to the place of beginning. It is to be understood throughout this description that the word “line” shall mean “a straight line”, and the word “continuation” shall mean “continuation in a straight line”.

(46) Commencing at a point in the City boundary of the City of St. Albans along the 38th line described in the description of boundaries included in the charter of the City of St. Albans, Vermont, said point being more explicitly described as lying in the center of Grice Brook and is the southern extremity of the westerly boundary of Burnell Terrace as deeded to the City of St. Albans and approximately 1,145 feet south of the southerly line of Upper Welden Street, thence running northerly along the city boundary to a point 200 feet south of the south line of Upper Welden Street, thence easterly, parallel to and 200 feet from the said south line of Upper Welden Street to the west line of Thorpe Avenue; thence northerly in said west line of Thorpe Avenue and its extension to a point marked by an iron pipe at the northwesterly corner of property of Robert Hill; thence in an easterly direction a distance of 463 and 75 one-hundredths feet to a point marked by an iron pipe; thence northerly a distance of 926 feet to a point in the northerly boundary of Fairfield Street; the lines thus far described being along the present boundary of said City of St. Albans; thence running easterly along the northerly boundary of Fairfield Street, a distance of 60 and seven-tenths feet to a point in the extension of the easterly boundary of land now or formerly of Leo Pudvah; thence in a southerly direction across Fairfield Street and along the easterly boundary of Leo Pudvah’s property to a point marked by an iron pipe at the northwest corner of property now or formerly of John Labounty; thence in an easterly direction along the northerly boundary of the John Labounty property thence in a southerly direction along the easterly boundary of John Labounty’s property and extension thereto to a point in the southerly boundary of Upper Welden Street; thence in the southerly boundary of Upper Welden Street to a point that is the northwesterly corner of land now or formerly owned by Kemper F. Peabody and Ethel M. Peabody; thence in a southerly direction along the westerly boundary of land of said Peabody, a distance of 435 and six-tenths feet to land now or formerly of Beverlee R. and Maritta T. Demeritt; thence easterly a distance of 285 and six-tenths feet to a point which is the northeasterly corner of land of said Demeritt; thence in a southerly direction along boundary of said Peabody to the southeast corner of property now or formerly of Malcolm and Mildred Baker; thence westerly along the southerly boundary of land of said Baker to a point in the easterly line of Thorpe Avenue; thence continuing in a westerly direction along Grice Brook to the point of beginning.

(47) Beginning at a point in the south line of Fairfield Street which marks the intersection of the present easterly boundary of the City of St. Albans and the southerly line of said Fairfield Street, thence extending along the southerly line of Fairfield Street and the southerly and westerly line of the so-called Fairfax Road to a point in the westerly line of Fairfax Road that marks the intersection of the southerly line of the extension of Upper Welden Street so-called and the westerly line of the Fairfax Road; thence continuing westerly long the southerly line of the extension of said Upper Welden Street to a point that marks the intersection of the southerly line of the extension of Upper Welden Street and the easterly boundary line of the City of St. Albans; thence turning and running in a northerly direction along the easterly boundary of said City of St. Albans to a point at the north-westerly corner of the premises of one Howard King that marks the intersection of the easterly boundary of the City of St. Albans and a southerly boundary of the present Town of St. Albans; thence westerly along a northerly boundary line of the City of St. Albans to an easterly boundary line of the City of St. Albans; thence northerly along the easterly boundary of the City of St. Albans to a point in the southerly line of Fairfield Street marking the point of beginning. (Amended 2009, No. M-23 (Adj. Sess.), § 3, eff. May 20, 2010.)"
St. Albans,City,011,City of St. Albans,3,General corporate powers,boundary_language,1059,https://legislature.vermont.gov/statutes/section/24APPENDIX/011/00003,"The inhabitants of that territory embraced within the boundaries as established by 1915 Acts and Resolves No. 280 shall continue as a body corporate and politic, under the name of the City of St. Albans; and by that name may sue and be sued, prosecute and defend in any court; may have a common seal, and alter it at pleasure; may take, hold, purchase, and convey such property, real and personal, within or without its corporate limits as the purpose of the corporation may require; may borrow on the credit of the City, in the mode and under the restrictions hereinafter provided; may elect representatives to the General Assembly of the State, and the same number of justices of the peace, as a town of equal population; and generally shall have, exercise, and enjoy all such rights, immunities, powers, and privileges as are conferred upon or are incident to towns in this State; and shall be subject to like duties, liabilities, and obligations, except as otherwise provided in this charter. (Amended 2009, No. M-23 (Adj. Sess.), § 4, eff. May 20, 2010.)"
South Burlington,City,013,City of South Burlington,101,Corporate existence retained,boundary_language,186,https://legislature.vermont.gov/statutes/section/24APPENDIX/013/00101,"The inhabitants of the Town of South Burlington, within the corporate limits as now established, shall continue to be a municipal corporation by the name of the City of South Burlington."
South Burlington,City,013,City of South Burlington,103,Powers of the City,boundary_language,1472,https://legislature.vermont.gov/statutes/section/24APPENDIX/013/00103,"(a) The City shall have all the powers granted to towns and municipal corporations by the Constitution and laws of this State together with all the implied powers necessary to carry into execution all the powers granted, and it may enact ordinances not inconsistent with the Constitution and laws of the State of Vermont or with this charter.

(b) The City may acquire real and personal property within or without its corporate limits for any City purpose, including storm water collection and disposal; waste water collection and disposal; solid waste collection and disposal; provision of public water supply; provision of public parks and recreation facilities; provision of municipal facilities for office, fire protection, and police protection; provision of public libraries; provision of public parking areas; provision of sidewalks, bicycle paths, and green strips; provision of public roadways; provision of public view zones and open spaces; and such other purposes as are addressed under the general laws of the State of Vermont. The City may acquire such property in fee simple or any lesser interest or estate, by purchase, gift, devise, lease, or condemnation and may sell, lease, mortgage, hold, manage, and control such property as its interest may require.

(c) In this charter, mention of a particular power shall not be construed to be exclusive or to restrict the scope of the powers that the City would have if the particular power were not mentioned."
South Burlington,City,013,City of South Burlington,1306,Departmental budget,boundary_language,369,https://legislature.vermont.gov/statutes/section/24APPENDIX/013/01306,"The budget for all departments shall include all proposed expenditures, and the Council and Board of School Directors shall make a gross appropriation for each department for the ensuing fiscal year. The gross appropriation for each department of the City and School District shall not be exceeded except for consent of the Council and Board of Directors, respectively."
Vergennes,City,015,City of Vergennes,1,City; how constituted,boundary_language,1291,https://legislature.vermont.gov/statutes/section/24APPENDIX/015/00001,"That all the freemen of this State, inhabitants of said New Haven, Panton, and Ferrisburgh dwelling and inhabiting within the following bounds, viz: beginning on the line between Ferrisburgh and New Haven at the southeast corner of the town plot in said Ferrisburgh, from thence running north, 320 rods, to a stake and stones; from thence west, 400 rods, to a stake and stones; from thence south across Otter Creek 480 rods, to a stake and stones standing in Panton; from thence east across Otter Creek, 400 rods to a stake and stones standing in New Haven; from thence north, 160 rods, to the bounds first mentioned, including the waters of said Otter Creek within the preceding limits be, and the same is hereby ordained, constituted, and declared to be, from time to time, and forever hereafter one body politic and corporate in fact and in name, by the name of the City of Vergennes, and that by that name they and their successors forever shall and may have perpetual succession, and shall be persons in law capable of suing and being sued, pleading and being impleaded, in all suits of what nature soever; and also to purchase, hold, and convey any estate real or personal, and may have a common seal, and may change and alter the same at a pleasure, and shall be freemen of said City."
Vergennes,City,015,City of Vergennes,26,"Sales, etc",boundary_language,1441,https://legislature.vermont.gov/statutes/section/24APPENDIX/015/00026,"(a) All sales, leases, or grants of any real estate belonging to the City shall be signed by the Mayor thereof, and sealed with the City Seal, and any conveyance so executed, if approved by a meeting of the citizens of the City legally assembled, and recorded in the records of the town where the lands so sold, leased, or granted lie, shall be good and effectual in law to convey the estate intended to be conveyed by such sale, lease, or grant.

(b) Any allocation of wastewater treatment capacity of the wastewater treatment plant of the City and any use of any wastewater distribution mains of the City connected to the plant serving any property outside the territorial limits of the City shall require a written agreement setting forth the specific terms and conditions of the allocation of wastewater capacity or use of wastewater distribution mains of the City connected to the plant. Any written agreement allocating wastewater treatment capacity outside the territorial limits of the City shall be approved at an annual or special meeting of the voters of the City legally assembled and, once signed by the City Council, or its authorized representative, shall be recorded in the land records of the municipality where the lands are located and benefited by the allocation of wastewater treatment capacity or use of wastewater distribution mains of the City connected to the plant. (Amended 2007, No. M-15, § 2, eff. May 16, 2007.)"
Vergennes,City,015,City of Vergennes,61,Water system authorized,district_heading,1930,https://legislature.vermont.gov/statutes/section/24APPENDIX/015/00061,"The City of Vergennes is hereby authorized and empowered to construct and maintain a water system, with necessary structures, appliances, pipe lines, aqueducts, pumps, pump house, filtration basin or basins, reservoir or reservoirs, water tower, or towers and all necessary appurtenances to operate the same by water power, gravity, electricity, or other means, and to conduct water to and distribute the same through said City for the purpose of supplying the inhabitants thereof with water for fire, domestic, mechanical, and other purposes and may take and hold, by purchase or the right of eminent domain, in addition to the land, water power, water rights, privileges, and appurtenances thereof already owned or acquired by said City, such land and easements, springs, wells, ponds, streams, water privileges, and other sources of supply, located within or without the City limits, as may be necessary for obtaining a proper and adequate supply, storing and distributing same, preventing the pollution of the water supply of said City, and for proper construction, extension, and maintenance of said water system; provided, however, that such right of eminent domain shall not include the taking of private water power rights. Said City may enter upon and use any land, highways, easements, and rights of way through or over which it may be necessary for the pipes or aqueducts, reservoirs, water towers, structures, and appurtenances as may be necessary for the complete construction and maintenance of said water system and may also, for the purposes aforesaid, dig up or occupy any common, highway, street, right of way, or bridge for the purpose of laying, constructing, or repairing such pipes or aqueducts and all appurtenances thereof and may, for the purposes of this subchapter, build, construct, and repair from time to time, as may be necessary, the dam or falls of the water power now owned and used by said City."
Winooski,City,019,City of Winooski,304,General powers and duties,boundary_language,6051,https://legislature.vermont.gov/statutes/section/24APPENDIX/019/00304,"(a) General powers. All powers of the City shall be vested in the Council, except as otherwise provided by law or this charter, and the Council shall provide for the exercise thereof for the performance of all duties and obligations imposed on the City by law.

(b) Additional powers. In addition to powers otherwise conferred upon it by law, the City, by the action of the Council or, if specifically required by law or this charter, by the action of its voters, has the following powers and rights, including:

(1) To acquire property within or outside its corporate limits for any lawful purpose, including urban renewal, and by any lawful means, including condemnation, in fee simple or any lesser interest or estate, by purchase, gift device, lease, or other means of transfer, and may sell, lease, mortgage, hold, manage, and control such property, as its interest may require, in the manner provided by general law.

(A) In addition to and not in limitation of the powers set forth in subdivision (1) of this subsection, the power to acquire lands for the purpose of eventual rental, lease, or resale to industrial or to commercial users or purchasers, or for the purpose of erecting thereon and with the further right and power by the City to erect thereon one or more speculative industrial or commercial buildings and to rent, sell, or lease the same to others, with or without option to purchase, as the City Council may find to be necessary in the public interest and to issue its bonds or other evidence of debt therefor in an amount as the City Council shall establish by a majority of the entire Council. However, no such indebtedness shall be authorized unless the City Council shall determine first that the value of such lands and buildings together with the amount of the sale agreement if sold or the rents accruing therefrom if rented and the purchase option (if any) thereto appertaining will be reasonably sufficient from time to time to cover the payment of bonds or other debt outstanding issued to defray the cost of any such lands or buildings; and provided further no such expenditure shall be made or indebtedness incurred unless authorized by a majority vote of the legal voters voting on such question at an annual or at a special meeting duly warned and held for that purpose.

(B) All monies received from the sale, rental, or lease of any such lands and buildings shall be kept in a separate fund to be used solely to pay any such expenditure or indebtedness as the same becomes due and payable. In the event the amount in the fund shall have become more than sufficient to meet such expenditures or indebtedness, the City Council may transfer any surplus to the General Fund of the City.

(C) Any speculative commercial or industrial building or urban renewal improvement authorized herein shall be exempt from local, county, and State taxes.

(2) To adopt, amend, repeal, and enforce ordinances relating to the construction of improvements, including curbs, sidewalks, street lighting, and storm drains; to the installation of curbs, sidewalks, street lighting, and storm drains; in a manner specified under the ordinance as a condition precedent to the issuance of a building permit, to the assessment of part or all of the expenses of such improvements against property owners benefited thereby in proportion to respective frontage upon highways or to respective values of property or by such standard, as determined from time to time by the City Council, and to provide for violation or nonperformance.

(3) To adopt, amend, repeal, and enforce civil and criminal ordinances relating to the regulation or prohibition of any condition, activity, enterprise, public nuisance, or matter concerning the promotion of public health, safety, and welfare, as permitted by the general law of the State.

(4) To adopt, amend, repeal, and enforce in accordance with the general laws of the State ordinances relating to the regulation or prohibition of the possession and use of dangerous objects and substances; the discharge of firearms and air rifles; and the possession and use of other weapons and devices having a capacity to inflict personal injury.

(5) To adopt, amend, repeal, and enforce ordinances relating to the licensing of any activity or enterprise, as permitted by the general law of the State.

(6) To adopt, amend, repeal, and enforce personnel and other policies relating to any activity or enterprise that does not require adoption of an ordinance under this charter.

(7) To provide for resident participation in appropriate departments.

(8) To fix, demand, impose, and enforce such items, conditions, and regulations for the excavation of any street or highway by any person, as shall be just and reasonably related to the City’s reconstruction and maintenance costs, including any sum or sums of money to be paid to the City for the damages resulting from excavation of any street or highway, or for the purpose of therein erecting and maintaining any poles, wires, or any other apparatus in or under the surface of the street, and to prohibit the use of any street by any such person until such terms have been complied with.

(9) To be responsible for the financial affairs of the City.

(10) To appoint and, when deemed necessary for the good of the service, suspend or remove the following, who shall hold office at the will of the City Council:

(A) a City Treasurer;

(B) a City Attorney or firm;

(C) an Auditor or firm; and

(D) a Health Officer and his or her deputies.

(11) In consultation with the City Manager, to establish, alter, and abolish City departments for the purpose of budgeting and managing all operations of the City.

(12) To serve as, and exercise the powers of, the local Board of Health, the local Liquor Control Board, and the Board of Water and Sewer Commissioners and serve as members of the Board of Civil Authority. (Added 2013, No. M-9, § 3, eff. June 4, 2013; amended 2015, No. M-19 (Adj. Sess.), § 2, eff. May 17, 2016; 2021, No. M-6, § 2, eff. June 24, 2021.)"
Bennington,Town,103,Town of Bennington,505,Tax within Bennington Rural Fire District No. 1,district_heading,800,https://legislature.vermont.gov/statutes/section/24APPENDIX/103/00505,"(a) The tax assessed by the Town on the grand list shall be reduced with respect to real estate in the Bennington Rural Fire District No. 1. This reduction shall be in direct proportion to the amount of the tax assessed by the Town that is used by the Town to provide fire protection services to property not included in the Bennington Rural Fire District No. 1.

(b) The purpose of this section is to make substantially uniform the taxes assessed throughout the Town for fire protection furnished by all fire departments in the Town. This tax reduction shall remain in effect until such time as the Bennington Rural Fire District No. 1 dissolves itself or merges with the Town of Bennington, in accordance with the charter of the Town of Bennington. (Amended 2019, No. M-8, § 1, eff. June 10, 2019.)"
Berlin,Town,105,Town of Berlin,32,Powers of the Town,boundary_language,1935,https://legislature.vermont.gov/statutes/section/24APPENDIX/105/00032,"(a) The Town of Berlin shall have all the powers granted to towns and municipal corporations by the Constitution and laws of this State and this charter, together with all the implied powers necessary to carry into execution all the powers granted. The Town of Berlin may enact ordinances not inconsistent with the Constitution and laws of the State of Vermont or with this charter, and impose penalties for violation thereof.

(b) The Town may acquire real property within or without its corporate limits necessary or convenient for any lawful purpose, in fee simple or any lesser interest or estate, by purchase, gift, devise, lease, or otherwise, consistent with the Constitution and laws of the State of Vermont, and may sell, lease, mortgage, hold, manage, and control such property as its interest may require consistent with the Constitution and laws of the State by vote of a majority of the voters present and voting at a duly warned meeting. Once the voters have approved the sale, lease, or mortgage of property of the Town of Berlin, the Selectboard shall have the full authority to sign all conveyances and legal documents in the name of the Town to complete the transaction.

(c) In this charter, no mention of a particular power shall be construed to be exclusive or to restrict the scope of the powers that the Town would have if the particular powers were not mentioned, unless this charter otherwise provides.

(d)(1) The Town of Berlin Selectboard may assess:

(A) a one percent sales tax;

(B) a one percent rooms tax; and

(C) a one percent meals and alcoholic beverages tax.

(2) A tax imposed under the authority of this section shall be collected and administered by the Department of Taxes in accordance with 24 V.S.A. § 138.

(3) Revenues received through a tax imposed under this section shall be designated for capital projects within the Town. (Amended 2023, No. M-25 (Adj. Sess.), § 2, eff. May 29, 2024.)"
Bradford,Town,106,Town of Bradford,206,Special districts,boundary_language,2148,https://legislature.vermont.gov/statutes/section/24APPENDIX/106/00206,"(a) The Selectboard may designate areas apart from the rest of the Town as special service districts and may provide the voters therein with special services not common to all the voters of the Town, provided that the majority of the voters residing in the respective designated areas and present and voting at the district meeting on the subject shall have approved of such resolution.

(b) Such area shall be reasonable geographically, taking into account the areas and persons actually benefited, the types of services to be provided, and the fact that the efficiency of providing multiple services in a single special service district might outweigh the fact that the areas and voters benefiting from the respective services might not coincide exactly. All costs required to support a given special service shall be paid for by the taxpayers receiving said service, by a tax on the grand list in the special service district involved to be assessed annually by the Selectboard, or in such other manner as the Selectboard determines. If the costs are to be paid by a tax, such tax shall be paid and collected in the same manner as other taxes, and such tax assessed on any part of the grand list shall be a lien thereon.

(c) All funds of any special service shall be kept in a special fund, no part of which may be used for any other purpose.

(d) The warning for each annual or special Town meeting may contain appropriate articles under which the legal voters residing in any special district may separately vote.

(e) The Selectboard shall designate the Village of Bradford as a special district for the purpose of collecting taxes to pay bond No. 1996, series 1, 81-0394-01-5. Taxes paid to the Village special district shall be used to meet the obligations incurred by the Village under bond No. 1996, series 1, 81-0394-01-5 for the repair and maintenance of roads and highways. When the bond is completely paid, the Village special district shall cease to exist. The Village special district shall be defined by the geographic limits of the Village set forth in the Village zoning map recorded in the land records of the Town of Bradford."
Chester,Town,111,Town of Chester,403,Taking of water and land for water system,district_heading,847,https://legislature.vermont.gov/statutes/section/24APPENDIX/111/00403,"Said Town is hereby authorized and empowered under any vote hereafter had for that purpose, through the Selectboard, to take, in addition to the water rights and appurtenances thereof, already owned or acquired by said Town, the waters of any fountains, springs, ponds, or streams for the purpose of affording said Town or any of the inhabitants of the Town of Chester a supply of water for fire, domestic, and other purposes, and may acquire the same by purchase or by right of eminent domain, and in like manner may take and hold such real estate as may be necessary for preventing the pollution of the water supply of said Town water system, provided that said Town shall not take water nor a supply thereof, so as to deprive an owner of water of an amount sufficient for his or her domestic and agricultural uses, without such owner’s consent."
Chester,Town,111,Town of Chester,407,Malicious damage to water system,district_heading,758,https://legislature.vermont.gov/statutes/section/24APPENDIX/111/00407,"Any person who shall maliciously disturb or injure said aqueduct, reservoir, springs, streams, or fountains, named or referred to in this charter, or swim or bathe in the waters of said reservoir, springs, streams, or fountains supplying such reservoir, shall be liable to be prosecuted therefor by the Grand Juror of the Town or the State’s Attorney of the county wherein such offense is committed by information, complaint, or indictment, and on conviction thereof shall be fined not less than $5.00 nor more than $100.00 and costs of prosecution and shall be liable, to said Town for all damage resulting to it by such disturbance-injury or pollution with full costs, the same to be recovered by said Town in an action on the case founded on this statute."
Colchester,Town,113,Town of Colchester,103,Powers of the Town,boundary_language,1543,https://legislature.vermont.gov/statutes/section/24APPENDIX/113/00103,"(a) The Town shall have all the powers granted to towns by the Constitution and laws of the State together with all the implied powers necessary to carry into execution the powers granted; it may enact ordinances consistent with the Constitution and laws of the State of Vermont or with this charter, and impose penalties for violations thereof not in excess of a fine of $100.00, together with the costs of prosecution, or imprisonment for not more than 60 days, or both.

(b) The Town of Colchester may adopt, amend, enforce, and repeal ordinances relating to any aspect of municipal concern for the peace, order, health, safety, comfort, protection, morality, and general welfare of the Town and of its citizens.

(c) The Town may acquire real property within its corporate limits for any Town purpose, in fee simple or any lesser interest or estate, by purchase, gift, devise, lease, or condemnation, or without its corporate limits by purchase, gift, devise, lease, with approval of the voters, consistent with the Constitution and laws of the State of Vermont, and may sell, lease, mortgage, hold, manage, and control such property as its interests may require.

(d) In this charter, no mention of a particular power shall be construed to be exclusive or to restrict the scope of the powers that the Town would have if the particular power were not mentioned.

(e) The Town may merge with political subdivisions within its boundary after approval of the voters in elections to be held by both the Town and political subdivision involved."
Colchester,Town,113,Town of Colchester,501,Department of Assessment,boundary_language,352,https://legislature.vermont.gov/statutes/section/24APPENDIX/113/00501,"There shall be established a Department of Assessment headed by a professionally qualified real estate appraiser who shall be appointed by the Town Manager with the approval of the Selectboard. The three elected listers shall comprise a Board of Assessment that shall hear assessment grievance appeals. (Amended 2015, No. M-1, § 2, eff. Jan. 27, 2015.)"
Colchester,Town,113,Town of Colchester,606,Departmental budget,boundary_language,406,https://legislature.vermont.gov/statutes/section/24APPENDIX/113/00606,"The budget for a department shall include all proposed expenditures as provided in the overall budget adopted at Town meeting. Town department heads shall not exceed expenditures as approved by voters, or as altered by the Selectboard or Town Manager, as permitted through this charter or as permitted by Vermont law. (Amended 2015, No. M-1, § 2, eff. Jan. 27, 2015; 2017, No. M-5, § 2, eff. May 17, 2017.)"
Essex,Town,117,Town of Essex,101,Corporate existence retained,boundary_language,428,https://legislature.vermont.gov/statutes/section/24APPENDIX/117/00101,"The inhabitants of the Town of Essex, within the corporate limits as now established, shall continue to be a municipal corporation by the name of the Town of Essex. Notwithstanding the provisions of any other municipal charters, territory within the corporate limits shall not be annexed to or become a part of any other municipal corporation except by annexation procedures as set forth in the statutes of the State of Vermont."
Essex,Town,117,Town of Essex,103,Powers of the Town,boundary_language,1328,https://legislature.vermont.gov/statutes/section/24APPENDIX/117/00103,"(a) The Town shall have all of the powers granted to towns and municipal corporations by the Constitution and laws of this State; it may enact ordinances, bylaws, and regulations not inconsistent with the Constitution and laws of the State of Vermont or with this charter, and impose penalties for the violation thereof.

(b) The Town may acquire property within or without its corporate limits for any town purpose, in fee simple or any lesser interest or estate, by purchase, gift, devise, or lease, and may sell, lease, mortgage, hold, manage, and control such property as its interests may acquire. The Town may further acquire property within its corporate limits by condemnation where granted to towns by the statutes of the State of Vermont.

(c) The Town may establish and maintain departments or divisions, as deemed appropriate by the Selectboard for the efficient maintenance and operation of Town affairs, to include, by way of illustration and not by way of limitation, police, fire, water, and public works departments.

(d) The Town may establish and maintain an electric power system and regulate power line installations; provided, however, that the Town shall have no authority under this charter that conflicts with that authority granted to the Public Service Department or any other State regulatory agency."
Hardwick,Town,123,Town of Hardwick,103,Powers of the Town,boundary_language,1620,https://legislature.vermont.gov/statutes/section/24APPENDIX/123/00103,"(a) The Town of Hardwick shall have all the powers granted to towns, town school districts, and municipal corporations by the Constitution and laws of this State and this charter, together with all the implied powers necessary to carry into execution all the powers granted. The Town of Hardwick may enact ordinances not inconsistent with the Constitution and laws of the State of Vermont or with this charter and impose penalties for violation thereof.

(b) The Town may acquire real and personal property within or without its corporate limits necessary or convenient for any lawful purpose, in fee simple or any lesser interest or estate, by purchase, gift, devise, lease or condemnation, consistent with the Constitution and laws of the State of Vermont, and may sell, lease, mortgage, hold, manage, and control such property as its interest may require consistent with the Constitution and laws of the State.

(c) In this charter, no mention of a particular power shall be construed to be exclusive or to restrict the scope of the powers that the Town would have if the particular power were not mentioned, unless this charter otherwise provides.

(d) The Seal of the Town of Hardwick, heretofore adopted, is declared to be the Official Seal of the Town, to be used as required by law and custom.

(e) The Town may purchase, hold, and convey any real estate, and erect and keep in repair any buildings necessary or convenient for its purposes: and may acquire, construct, and maintain such water wells, springs, aqueducts, reservoirs, sewage disposal facilities as it may deem necessary for the benefit of the Town."
Hardwick,Town,123,Town of Hardwick,116,Intergovernmental relations,boundary_language,638,https://legislature.vermont.gov/statutes/section/24APPENDIX/123/00116,"The Town, through its Selectboard, may enter into any agreement with the United States of America or the State of Vermont, or both, or with any subdivision, department, agency, or activity of the United States of America or the State of Vermont, or both, to make public improvements within the Town, or upon property or rights of the Town outside its corporate limits, whether owned by the Town as sole owner or owned by the Town in common with another municipality or other municipalities, and may make appropriations consistent with this charter to accomplish this purpose. (Amended 2021, No. M-17 (Adj. Sess.), § 2, eff. June 7, 2022.)"
Hardwick,Town,123,Town of Hardwick,902,Water supply; duties of Selectboard members,boundary_language,5393,https://legislature.vermont.gov/statutes/section/24APPENDIX/123/00902,"It shall be the responsibility of the Selectboard, acting as water commissioners, to furnish a clean and sufficient supply of potable water to those parts of the Town served by an existing Town-owned water storage, transmission, and distribution system. In order to implement the authority, the Selectboard shall have, in addition to those powers enumerated in the general laws of this State with respect to water works and supply, the following powers:

(1) The power to erect and keep in repair any buildings necessary or convenient for water supply purposes, and may construct and maintain such aqueducts and reservoirs as they judge best for furnishing the said Town a suitable water supply.

(2) The power to contract with any aqueduct or reservoir company from time to time for supplying said Town with water for fire purposes, for watering the streets, and for other public purposes, for such length of time and upon such terms as the Town at its annual meeting or any special meeting duly called for that purpose shall direct. All contracts made by said Town with said aqueduct or reservoir companies, as provided by this section, shall be legal and binding on said Town, and said Town may vote, levy, and collect taxes for fulfilling such contract or contracts.

(3) The power to lay water pipes, within the limits of said Town, and for that purpose may enter upon the lands of any landowner in said Town, and lay and maintain water pipes through such land, and repair the same when necessary, upon payment or tender of payment of such compensation as damages therefore as the said Selectboard shall award to such land owner, and to any tenant or occupant of such land to the amount that his or her interests are affected thereby.

(4) The power to take the water of any fountains, springs, ponds, or streams for the purpose of supplying the inhabitants of said Town with water for fire, domestic, and other purposes, provided the owner or other person having any interest in the same shall not be deprived of such portion of such water as may be necessary for agricultural and domestic purposes.

(5) The power to construct and complete an aqueduct with all necessary reservoirs and appurtenances, to conduct said water to distribute the same through said Town, and for this purpose may enter upon and use any land over or through which it may be necessary or desirable for said aqueduct to pass, and may thereon lay and construct such pipes, reservoirs, and appurtenances as may be necessary for the complete construction and repairing of the same, and it may also, for the purposes aforesaid, dig up or occupy any common, highway, street, or bridge for the purpose of laying, constructing, or repairing such aqueduct and the appurtenances thereof.

(6) In any case where damages or compensation to owners of, and other persons interested in, the water so taken, or land as may be used for laying, extending, constructing, and maintaining the aqueduct, and for the reservoirs and appurtenances, is not adjusted by agreement, or if the owners thereof be a minor, or a person who lacks capacity to protect his or her interests due to a mental condition or psychiatric disability, or out of the State, or otherwise incapacitated to sell or convey, the same shall be fixed by the Selectboard after hearing all parties interested, the hearing to be had upon written notice of the time and place thereof, given at least six days before the hearing, file their award in the Town Clerk’s office in the town or towns where the property in question is situated, and cause the same to be recorded in the land records of the town or towns.

(7) When any person shall be dissatisfied with the award of the Selectboard so made, in any of the cases mentioned in section 901 of this charter, such person may petition a court of competent jurisdiction for a reassessment and award of damages, and such proceedings shall be had in said court on said petition as are provided by law for the assessment of damages for land taken for highway. Said petition shall be served on the Clerk of said Town within 60 days next after said award shall be filed in the Town Clerk’s office as aforesaid, but nothing in such proceedings shall prevent the Selectboard from entering on such land, and laying and constructing said aqueduct, reservoirs, and appurtenances, and using said water after their award shall have been made and the amount thereof tendered by them.

(8) The Selectboard, as aforesaid, may make and adopt such bylaws and regulations concerning the management and use of such aqueduct, reservoirs, and appurtenances not inconsistent with law, as it may deem expedient, including the fixing and collecting of water rates, and the said water rates so fixed shall, until paid, be and remain a lien upon the premises of the parties so furnished with water in like manner as real estate is by said law held for other taxes.

(9) The charges and rates for water service shall be a lien upon real estate, wherever located, furnished with such service in the same manner and to the same effect as taxes are a lien upon real estate under 32 V.S.A. § 5061. The owner of such property furnished with water service, wherever located, shall be liable for such charges and rates. (Amended 2013, No. 96 (Adj. Sess.), § 166; 2017, No. 113 (Adj. Sess.), § 162; 2021, No. M-17 (Adj. Sess.), § 2, eff. June 7, 2022.)"
Jamaica,Town,123B,Town of Jamaica,,3 Powers of the Town,boundary_language,1477,,"(a) The Town of Jamaica shall have all the powers granted to towns and municipal corporations by the Constitution and laws of this State and this charter, together with all the implied powers necessary to carry into execution all the powers granted. The Town of Jamaica may enact ordinances not inconsistent with the Constitution and laws of the State of Vermont or with this charter, and impose penalties for violation thereof.

(b) The Town may acquire real property within or without its corporate limits necessary or convenient for any lawful purpose, in fee simple or any lesser interest or estate, by purchase, gift, devise, lease, or otherwise, consistent with the Constitution and laws of the State of Vermont and may sell, lease, mortgage, hold, manage, and control such property as its interest may require consistent with the Constitution and laws of the State by vote of a majority of the voters present and voting at a duly warned meeting. Once the voters have approved the sale, lease, or mortgage of property of the Town of Jamaica, the Selectboard shall have the full authority to sign all conveyances and legal documents in the name of the Town to complete the transaction.

(c) In this charter, no mention of a particular power shall be construed to be exclusive or to restrict the scope of the powers that the Town would have if the particular powers were not mentioned, unless this charter otherwise provides. (Added 2011, No. M-2, § 2, eff. Feb. 16, 2011.)"
Lyndon,Town,126,Town of Lyndon,3,Powers of the Town,boundary_language,1279,https://legislature.vermont.gov/statutes/section/24APPENDIX/126/00003,"(a) The Town shall have all of the powers granted to towns by the Constitution and laws of the State of Vermont and this charter, together with all of the implied powers necessary to carry out all of the powers expressly so granted. The Town may enact any regulations and ordinances that are not inconsistent with the Constitution and laws of Vermont or with this charter and may impose penalties for violations thereof.

(b) The Town may acquire property within or without its corporate limits for any lawful municipal purpose, in fee simple or any lesser interest or estate, by purchase, gift, devise, lease, condemnation, or other means and may lease, mortgage, hold, manage, and control the property as the Town’s interests may require.

(c) Unless expressly stated otherwise, reference in this charter to a particular power shall not be construed to be exclusive with respect to such powers nor as a limitation on the powers that the Town would have if reference to that particular power had not been made.

(d) Nothing contained in or omitted from this charter shall be construed in any way to limit the powers and functions conferred on the Town of Lyndon and its Selectboard by general or special State laws or regulations. (Added 2023, No. M-14, § 2, eff. July 1, 2023.)"
Middlebury,Town,127,Town of Middlebury,103,Powers of the Town,boundary_language,1067,https://legislature.vermont.gov/statutes/section/24APPENDIX/127/00103,"(a) The Town of Middlebury shall have all the powers granted to towns and municipal corporations by the Constitution and laws of this State and this charter, together with all the implied powers necessary to carry into execution all the powers granted; it may enact ordinances not inconsistent with the Constitution and laws of the State of Vermont or with this charter and impose penalties for violation thereof.

(b) The Town may acquire property within or without its corporate limits for any Town purpose, in fee simple or any lesser interest or estate, by purchase, gift, devise, lease, or condemnation, consistent with the Constitution and laws of the State of Vermont and may sell, lease, mortgage, hold, manage, and control such property as its interest may require consistent with the Constitution and laws of the State.

(c) In this charter, no mention of a particular power shall be construed to be exclusive or to restrict the scope of the powers that the Town would have if the particular power were not mentioned, unless this charter otherwise provides."
Middlebury,Town,127,Town of Middlebury,104,Additional powers,boundary_language,3981,https://legislature.vermont.gov/statutes/section/24APPENDIX/127/00104,"The general grant of authority in section 103 of this charter shall include the following:

(1) To adopt and enforce ordinances relating to the installation of new water lines, new sewer lines, and equipment necessary for their operation, requiring the installation of such improvements in a manner specified as a condition precedent to the issuing of a building permit under any Town ordinance and requiring the apportionment of part or all the cost of such improvements against property owners benefiting thereby. Special assessments shall constitute a lien on the property against which the assessment is made in the same manner and to the same extent as taxes assessed on the grand list of the Town, and all procedures and remedies for the collection of taxes shall apply to special assessments.

(2) To adopt and enforce police ordinances regulating or prohibiting the use of firearms, air rifles, and devices having a capacity to inflict personal injury and the parking, operation, and speed of vehicles of any kind upon Town and State aid streets and highways, private and public property, and to regulate or prohibit any activities constituting a hazard to the safety or health of the public.

(3) To adopt and enforce ordinances relating to the prevention of pollution of air, land, streams, ponds, and other waterways within the Town.

(4) To adopt and enforce ordinances relating to the cleaning or repair of any premises that, in the judgment of the Selectboard, is dangerous to the health, welfare, or safety of the public.

(5) To adopt and enforce ordinances relating to regulation, licensing, or prohibition of the storage and accumulation of garbage, ashes, rubbish, refuse, and waste materials; regulation of the removal and disposal of such materials; licensing for revenue and regulation or prohibition of the collection, removal, and disposal of such materials by contract or by a Town officer or department now existing or created for that purpose; establishment of service rates to be paid the Town for such service.

(6) To adopt and enforce ordinances prohibiting and punishing willful injuries to trees planted for shade, ornament, convenience, or use, public and private, and to prevent and punish trespassing or willful injuries to or upon public or private buildings, property, or lands.

(7) To adopt and enforce ordinances relating to codes for building construction, including also wiring and plumbing.

(8) To adopt and enforce ordinances relating to fire prevention and control.

(9) To adopt and enforce ordinances relating to the use, protection, care, and management of all public recreation facilities of the Town.

(10) To adopt, amend, repeal, and enforce ordinances relating to the prevention of riots, noises, nuisances, disturbances, and disorderly assembly and to provide for the enforcement of penalties for violation or nonperformance.

(11) To adopt and enforce ordinances establishing regulations for signs and billboards.

(12) To adopt and enforce an ordinance related to a special assessment district; such an ordinance can be considered by the Selectboard only when the request is made by a petition signed by the owners of two-thirds of the parcels of real property within the proposed district. If a parcel of land is owned by more than one person, only one person shall sign on behalf of the owners of the parcel. Such petition shall define the boundaries of the district, the purpose for which the assessment is to be levied, and the proposed costs and duration of the levy. In addition to the required notification in subsection 107(a) of this charter, each affected property owner within the proposed district shall be notified by certified mail of the proposed ordinance or any amendments thereto prior to any public hearing held.

(13) The enumeration of powers herein shall not be deemed to limit the general grant of authority to adopt ordinances conferred by section 103 of this charter. (Amended 2015, No. 23, § 127.)"
Middlebury,Town,127,Town of Middlebury,1505,Fire District No. 1 East Middlebury,district_heading,307,https://legislature.vermont.gov/statutes/section/24APPENDIX/127/01505,"(a) The Fire District of East Middlebury shall continue under the provisions of its charter as established by act of the State Legislature.

(b) By majority vote of the Town of Middlebury and of Fire District No. 1 of East Middlebury, the Fire District No. 1 may be incorporated into the Town of Middlebury."
Middlebury,Town,127,Town of Middlebury,1507,Sec. 4 of the Incorporated District No. 4,district_heading,896,https://legislature.vermont.gov/statutes/section/24APPENDIX/127/01507,"(a) The officers of said District shall be a Moderator, a Clerk, a Treasurer, a Collector, and an Auditor, who shall be chosen annually, and a Prudential Committee of seven, hereafter to be chosen as follows:

(b) At each annual meeting of the Town of Middlebury, there shall be elected a member of the Committee for a term of five years, except however, that at successive five-year intervals after each of the years 1969 and 1970, there shall be elected at the Town’s annual meeting, an additional member for a term of five years. Each member of the Committee so elected shall take office at 12:01 a.m. on the day following the annual meeting of School District No. 4 in Middlebury. A vacancy on the Committee shall be filled for the unexpired term by appointment by a majority of the members of the Committee. The officers shall hold their respective offices until their successors are chosen."
Milton,Town,129,Town of Milton,103,Powers of the Town and School District,boundary_language,4476,https://legislature.vermont.gov/statutes/section/24APPENDIX/129/00103,"(a) General. The Town of Milton shall have all the powers granted towns, town school districts, and municipal corporations by the Constitution and Laws of this State and this charter, together with all implied powers necessary to carry into execution all the powers granted; it may enact ordinances not inconsistent with the Constitution and Laws of the State of Vermont or with this charter and impose penalties for violation thereof.

(b) Acquisition of property. The Town may acquire property within or without its corporate limits for any Town or School District purpose, in fee simple or any lesser interest or estate, by purchase, gift, devise, lease, or condemnation, consistent with the Constitution and Laws of the State.

(c) Municipal forest lands. A Municipal Forest shall be established, and it shall not be sold, leased, or otherwise disposed of unless so voted by Australian ballot at a legally warned Town meeting. This forest land shall be maintained by using proper forest and wildlife practices.

(d) Exclusions and restrictions. In the charter, no mention of a particular power shall be construed to be exclusive or to restrict the scope of the powers that the Town or Town School District would have unless this charter otherwise provides.

(e) Reservation of powers to the Town or School District. Nothing in this charter shall be construed to in any way limit the powers and functions conferred on the Town of Milton or School District and the Selectboard or School Board of Trustees of the Town and School District, its elected and appointed officials by general or special enactments of State Statutes, or regulations in force or effect on or after the effective date of this charter; and the powers and functions conferred by this charter shall be cumulative and in addition to the provisions of such general or special enactments unless this charter otherwise provides.

(f) Municipal electric power plant. The Town is authorized to purchase, control, construct, maintain, and operate an electric light and power plant, and may generate and purchase electric current for light, heat, and power and for any other purpose for which the current may be used by the Town inhabitants. The Town may furnish electric power to parties residing within or without the corporate limits of the Town, upon such terms and subject to such regulations as may be agreed upon from time to time, or as necessary to comply with federal and State laws and regulations. The Town may hold within its geographical limits by gift, grant, purchase, or by the right of eminent domain, lands and rights-of-way as may be needed for the construction, maintenance, and operation of an electric power plant. The Town may use any public street or way that it may be necessary or desirable to pass through with poles and wires, provided that public travel on such streets and ways is not unnecessarily impaired.

(g) Milton Fire Department. The Town of Milton may establish a system of fire protection and may create and equip a Fire Department. The Town may contract with a volunteer or nonmunicipal corporation to supply fire protection services, the cost of which shall be included in the Town annual budget. The Selectboard shall appoint a Fire Chief of the Department who shall have the powers and duties of a chief engineer as provided in 20 V.S.A. §§ 2671–2675, 20 V.S.A. chapter 175, and 24 V.S.A. § 1953.

(h) Milton Rescue Department. The Town of Milton may establish a system of emergency medical care and may create and equip a Rescue Department. The Town may contract with a volunteer or nonmunicipal corporation to supply emergency medical services, the cost of which shall be included in the Town annual budget. The Selectboard shall appoint a Chief of the Emergency Rescue Department. The Emergency Rescue Department shall be provided and administered in accordance with the requirements of 24 V.S.A. chapter 71.

(i) Milton Police Department. The Town of Milton may establish a system of police protection and may create and equip a Police Department. The Town may contract with a nonmunicipal corporation to supply police protection services, the cost of which shall be included in the Town annual budget. The Selectboard shall appoint a Police Chief of the Department. The Police Department shall be provided and administered in accordance with the requirements of 24 V.S.A. § 1931. (Amended 2003, No. M-4, § 3; 2021, No. M-16 (Adj. Sess.), § 2, eff. May 31, 2022.)"
Morristown,Town,129C,Town of Morristown,1,Corporate existence retained,boundary_language,217,https://legislature.vermont.gov/statutes/section/24APPENDIX/129C/00001,"The inhabitants of the Town of Morristown, within the corporate limits now established, shall continue to be a municipal corporation by the name of the Town of Morristown. (Added 2025, No. M-2, § 3, eff. May 5, 2025.)"
Plainfield,Town,131,Town of Plainfield,202,Powers of the Town,boundary_language,1649,https://legislature.vermont.gov/statutes/section/24APPENDIX/131/00202,"(a) The Town of Plainfield shall have all the powers granted to towns, town school districts, and municipal corporations by the Constitution and laws of this State and this charter, together with all the implied powers necessary to carry into execution all the powers granted. The Town of Plainfield may enact ordinances not inconsistent with the Constitution and laws of the State of Vermont or with this charter and impose penalties for violation thereof.

(b) The Town may acquire real and personal property within or without its corporate limits necessary or convenient for any lawful purpose, in fee simple or any lesser interest or estate, by purchase, gift, devise, lease, or condemnation, consistent with the Constitution and laws of the State of Vermont, and may sell, lease, mortgage, hold, manage, and control such property as its interest may require consistent with the Constitution and laws of the State.

(c) In this charter, no mention of a particular power shall be construed to be exclusive or to restrict the scope of the powers that the Town would have if the particular power were not mentioned, unless this charter otherwise provides.

(d) The Seal of the Town of Plainfield, heretofore adopted, is declared to be the official seal of the Town, to be used as required by law and custom.

(e) The Town may purchase, hold, and convey any real estate and erect and keep in repair any buildings necessary or convenient for its purposes and may acquire, construct, and maintain such dams, aqueducts, reservoirs, sewage disposal facilities, and electrical distribution facilities as it may deem necessary for the benefit of the Town."
Plainfield,Town,131,Town of Plainfield,207,Intergovernmental relations,boundary_language,847,https://legislature.vermont.gov/statutes/section/24APPENDIX/131/00207,"The Town, through its Selectboard or Board of School Directors, or both, may enter into any agreement with the United States of America or the State of Vermont, or both, or with any subdivision, department, agency, or activity of the United States of America or the State of Vermont, or both, to accept grants, loans, and assistance from the United States of America or the State of Vermont, or both, or from any subdivision department, agency, or activity of the United States of America or the State of Vermont, or both, to make public improvements within said Town, or upon property or rights of said Town outside its corporate limits, whether owned by said Town as sole owner or owned by said Town in common with another municipality or other municipalities, and may make appropriations consistent with this charter to accomplish such purpose."
Richmond,Town,143,Town of Richmond,103,Powers of the Town,boundary_language,1643,https://legislature.vermont.gov/statutes/section/24APPENDIX/143/00103,"(a) The Town of Richmond shall have all the powers granted to towns, town school districts, and municipal corporations by the Constitution and laws of this State and this charter, together with all the implied powers necessary to carry into execution all the powers granted. The Town of Richmond may enact ordinances not inconsistent with the Constitution and laws of the State of Vermont or with this charter and impose penalties for violation thereof.

(b) The Town may acquire real and personal property within or without its corporate limits necessary or convenient for any lawful purpose, in fee simple or any lesser interest or estate, by purchase, gift, devise, lease, or condemnation, consistent with the Constitution and laws of the State of Vermont, and may sell, lease, mortgage, hold, manage, and control such property as its interest may require consistent with the Constitution and laws of the State.

(c) In this charter, no mention of a particular power shall be construed to be exclusive or to restrict the scope of the powers that the Town would have if the particular power were not mentioned, unless this charter otherwise provides.

(d) The Seal of the Town of Richmond, heretofore adopted, is declared to be the official seal of the Town, to be used as required by law and custom.

(e) The Town may purchase, hold, and convey any real estate and erect and keep in repair any buildings necessary or convenient for its purposes and may acquire, construct, and maintain such dams, aqueducts, reservoirs, sewage disposal facilities, and electrical distribution facilities as it may deem necessary for the benefit of the Town."
Richmond,Town,143,Town of Richmond,108,Intergovernmental relations,boundary_language,867,https://legislature.vermont.gov/statutes/section/24APPENDIX/143/00108,"The Town, through its Selectboard, may enter into any agreement with the United States of America or the State of Vermont, or both, or with any subdivision, department, agency, or activity of the United States of America or the State of Vermont, or both, to accept grants, loans, and assistance from the United States of America or the State of Vermont, or both, or from any subdivision, department, agency, or activity of the United States of America or the State of Vermont, or both, to make public improvements within the Town, or upon property or rights of the Town outside its corporate limits, whether owned by the Town as sole owner or owned by the Town in common with another municipality or other municipalities, and may make appropriations consistent with the charter to accomplish this purpose. (Amended 2005, No. M-10 (Adj. Sess.), § 3, eff. May 1, 2006.)"
Shelburne,Town,147,Town of Shelburne,1.1,Corporate existence retained,boundary_language,172,https://legislature.vermont.gov/statutes/section/24APPENDIX/147/00011,"The inhabitants of the Town of Shelburne, within the corporate limits as now established, shall continue to be a municipal corporation by the name of the Town of Shelburne."
Shelburne,Town,147,Town of Shelburne,1.3,Powers of the Town,boundary_language,1120,https://legislature.vermont.gov/statutes/section/24APPENDIX/147/00013,"(a) The Town shall have all the powers granted to towns and municipal corporations by the Constitution and laws of this State together with all the implied powers necessary to carry into execution all the powers granted; it may enact ordinances not inconsistent with the Constitution and laws of the State of Vermont or with this charter, and impose civil or criminal penalties for violation thereof, together with the costs of civil or criminal prosecution, or imprisonment for not more than 60 days, or both.

(b) The Town may acquire property within or without its corporate limits for any Town purpose, in fee simple or any lesser interest or estate, by purchase, gift, devise, lease, or condemnation, consistent with the Constitution and laws of the State of Vermont, and may sell, lease, mortgage, hold, manage, and control such property as its interest may require.

(c) In this charter, mention of a particular power shall not be construed to be exclusive or to restrict the scope of the powers that the Town would have if the particular power were not mentioned. (Amended 2011, No. M-7, § 2, eff. May 17, 2011.)"
Shelburne,Town,147,Town of Shelburne,11.6,Department budget,boundary_language,439,https://legislature.vermont.gov/statutes/section/24APPENDIX/147/00116,"The budget for all departments shall include all proposed expenditures and the budget approved in accordance with section 11.8 of this charter shall include a gross appropriation for each department for the ensuing fiscal year. The gross appropriation for each department shall not be exceeded except by consent of the Selectboard, subject to the provisions of section 11.8 of this charter. (Amended 2011, No. M-7, § 2, eff. May 17, 2011.)"
St. Albans,Town,150,Town of St. Albans,1,Corporate existence retained,boundary_language,218,https://legislature.vermont.gov/statutes/section/24APPENDIX/150/00001,"The inhabitants of the Town of St. Albans, within the corporate limits now established, shall continue to be a municipal corporation by the name of the Town of St. Albans. (Added 2013, No. M-3, § 2, eff. May 14, 2013.)"
St. Johnsbury,Town,151,Town of St. Johnsbury,705,Fire District; process for abolition,district_heading,983,https://legislature.vermont.gov/statutes/section/24APPENDIX/151/00705,"The St. Johnsbury Center Fire District No. 1 is abolished when a majority of the legal voters of said Fire District present and voting on the question at a regular or special meeting of said Fire District warned for said purpose so vote and shall thereupon cease to exist as a political entity and body corporate. All the property and funds of said Fire District shall on such date be vested in the Town of St. Johnsbury and the Town of St. Johnsbury shall thereupon assume all indebtedness and obligations of said Fire District unless said liabilities and obligations exceed said assets in which case said Fire District shall continue to exist until such excess is paid unless the Town of St. Johnsbury votes otherwise at a regular or special meeting warned for said purpose. Any existing debt service shall be assessed as a special assessment to those properties within the Fire District. (Renumbered from 24A V.S.A. § 151-6 by 2023, No. M-27 (Adj. Sess.), § 5, eff. May 30, 2024.)"
Stowe,Town,153,Town of Stowe,201,Corporate existence retained,boundary_language,326,https://legislature.vermont.gov/statutes/section/24APPENDIX/153/00201,"The inhabitants of the Town of Stowe within the corporate limits now established shall continue to be a municipal corporation by the name of the Town of Stowe. The Town’s entire governmental jurisdiction includes the entire area that was previously that of the Village of Stowe. (Amended 2013, No. M-4, § 2, eff. May 8, 2013.)"
Stowe,Town,153,Town of Stowe,202,Powers of the Town,boundary_language,1035,https://legislature.vermont.gov/statutes/section/24APPENDIX/153/00202,"(a) The Town shall have all of the powers granted to towns and municipal corporations by the Constitution and laws of this State. It may enact ordinances, bylaws, and regulations not inconsistent with the Constitution of Vermont or with this charter, and impose penalties for the violation thereof.

(b) The Town may acquire real property within or without its corporate limits for any Town purpose, in fee simple or lesser interest or estate, by purchase, gift, devise, or lease, and may sell, lease, mortgage, hold, manage, and control such real property as its interests may require. The Town may further acquire property within its corporate limits by condemnation where such authority is granted to towns by the statutes of the State of Vermont.

(c) In this charter, no mention of a particular power shall be construed to be exclusive or to restrict the scope of the powers that the Town would have if the particular power were not mentioned. (Amended 2001, No. M-7, § 2, eff. May 21, 2001; 2013, No. M-4, § 2, eff. May 8, 2013.)"
Stowe,Town,153,Town of Stowe,1508,Merger of Stowe Fire District No. 3 and the Town of Stowe,district_heading,277,https://legislature.vermont.gov/statutes/section/24APPENDIX/153/01508,"Effective as of July 1, 2019, Stowe Fire District No. 3 shall merge with and into the Town of Stowe. Stowe Fire District No. 3 shall, except as provided otherwise for transition purposes, cease to exist as a municipal corporation. (Added 2019, No. M-4, § 2, eff. May 23, 2019.)"
Underhill,Town,155,Town of Underhill,1,Corporate existence retained,boundary_language,327,https://legislature.vermont.gov/statutes/section/24APPENDIX/155/00001,"The inhabitants of the Town of Underhill, within the corporate limits as now established, shall continue to be a municipal corporation by the name of the Town of Underhill. All existing property of the Town shall remain vested in it and all its existing debts and obligations shall remain obligatory upon it under this charter."
Waitsfield,Town,157,Town of Waitsfield,1,Corporate existence retained,boundary_language,236,https://legislature.vermont.gov/statutes/section/24APPENDIX/157/00001,"The inhabitants of the Town of Waitsfield, within the corporate limits as now established, shall constitute and continue to be a municipal corporation by the name of the Town of Waitsfield. (Added 2015, No. M-8, § 2, eff. May 18, 2015.)"
Williston,Town,171,Town of Williston,13,Town meeting; elections,boundary_language,4859,https://legislature.vermont.gov/statutes/section/24APPENDIX/171/00013,"(a) Applicability of general laws. Except as otherwise herein limited, provisions of the general laws of the State related to voter qualifications, warnings, methods of voting, duties of town officers at town meeting and elections, counting of votes, recount of votes, certification of results, and nominations of candidates, so far as they may be applicable, shall govern all municipal elections and all annual and special Town meetings.

(b) Annual Town meeting.

(1) On the Monday preceding the first Tuesday in March, beginning at a time and place designated by the Selectboard, the Town shall start its annual meeting and may transact at that time any business not involving Australian ballot. At this meeting, public discussion of ballot issues and all other issues appearing on the warning, other than the election of candidates, shall be permitted.

(2) A meeting so started shall be adjourned until the following day (the first Tuesday in March), at which time business involving Australian ballot will be transacted.

(3) The date or time of the annual Town meeting may be changed by a vote of the citizens at a Town meeting duly warned for that purpose.

(c) Special Town meetings.

(1) Special Town meetings may be called at any time for reasons as prescribed by charter, by a majority vote of the Selectboard, or by the decree of the Town Clerk upon receipt of a petition signed by no less than five percent of the voters registered at the time the petition is submitted, pursuant to 17 V.S.A. § 2643.

(2) A special Town meeting, called in accordance with this subsection, shall be held within 60 days from the date of the official call to meeting.

(d) Warnings.

(1) Timetable and notice. Public notice of every annual or special Town meeting or Town election shall be given by a warning posted in at least three public places in the Town, at least 30 but no more than 40 days prior to the meeting, and published in a newspaper or newspapers of general circulation in the municipality as may be directed or designated by the Selectboard.

(2) Contents. The warning shall contain:

(A) the date, time, and location of the meeting;

(B) specific indications of separate articles that reflect the business to be voted, in the language to be voted;

(C) the signatures of a majority of the Selectboard.

(3) Articles may be placed on the warning by:

(A) a majority vote of the Selectboard;

(B) a petition of at least five percent of the voters registered at the time the petition is submitted, provided law authorizes such articles as within the authority of the voters.

(4) Articles submitted by petition must be filed with the Town Clerk not less than 40 days before the date of the meeting.

(e) Voting by Australian ballot.

(1) No article or type of article shall be voted by Australian ballot at any annual or special Town meeting called on its action, or by petition, unless the voters have approved the use of such system of voting pursuant to 17 V.S.A. § 2680 or as required by law.

(2) Any article to be voted by Australian ballot shall be preceded by a public hearing. The warning of the vote shall include notice of the time and place of said public hearing.

(f) Presiding officials at Town meeting and elections.

(1) The Moderator shall preside at all Town meetings. In the Moderator’s absence or prior to the election of the Moderator, a Selectboard member shall call the meeting to order and the first order of business shall be the election of a Moderator Pro Tempore to preside for the duration of the meeting.

(2) Town meetings shall be conducted in accordance with State law, this charter, and Robert’s Rules of Order, Revised.

(3) It shall be the duty of the Moderator to take such actions deemed necessary to preserve order in the conduct of business and to preserve the principles of free speech, openness, and fairness in government.

(4) The Town Clerk shall be the presiding official at all Australian ballot elections and in cooperation with the Board of Civil Authority shall ensure that all laws related to elections are faithfully observed.

(5) While the polls are open, the Town Clerk shall rule on all questions covering the conduct of elections, except the resolution of questions concerning the checklist, which shall be made by the majority of the Board of Civil Authority members present.

(6) In the absence or disability of the Town Clerk, should it occur before an election, the Board of Civil Authority shall designate an acting Clerk for the duration of the election. Should such absence or disability occur on election day, the Board of Civil Authority shall designate an on-site temporary officer to preside for the duration of the election. (Added 2003, No. M-11 (Adj. Sess.), § 2, eff. May 3, 2004; amended 2007, No. M-8, §§ 3 and 4, eff. April 17, 2007; 2019, No. M-5, § 2, eff. May 23, 2019.)"
Windsor,Town,173,Town of Windsor,10,Authority of citizens,boundary_language,856,https://legislature.vermont.gov/statutes/section/24APPENDIX/173/00010,"(a) The Town of Windsor shall have all the powers granted to towns by the Constitution and laws of this State, together with all the implied powers necessary to carry into execution all the powers granted.

(b) The Town may enact ordinances not inconsistent with the Constitution and laws of the State of Vermont or with this charter and impose penalties for violation thereof.

(c) The Town may acquire property within or without its corporate limits for any Town purpose, in fee simple or any lesser interest or estate, by purchase, gift, devise, lease, or condemnation, consistent with the Constitution and laws of the State of Vermont and may sell, lease, mortgage, hold, manage, and control such property as its interest may require consistent with the Constitution and laws of the State. (Amended 2005, No. M-13 (Adj. Sess.), § 4, eff. May 17, 2006.)"
Woodford,Town,175,Town of Woodford,4,Powers of the Town,boundary_language,1481,https://legislature.vermont.gov/statutes/section/24APPENDIX/175/00004,"(a) The Town of Woodford shall have all the powers granted to towns and municipal corporations by the Constitution and laws of the State and by this charter, together with all the implied powers necessary to carry into execution all the powers granted. The Town of Woodford may enact ordinances not inconsistent with the Constitution and laws of the State of Vermont or with this charter and may impose penalties for violation thereof.

(b) The Town may acquire real property within or without its corporate limits necessary or convenient for any lawful purpose, in fee simple or any lesser interest or estate, by purchase, gift, devise, lease, or otherwise, consistent with the Constitution and laws of the State of Vermont, and may sell, lease, mortgage, hold, manage, and control such property as its interest may require consistent with the Constitution and laws of the State by vote of a majority of the voters present and voting at a duly warned meeting. Once the voters have approved the sale, lease, or mortgage of property of the Town of Woodford, the Selectboard shall have the full authority to sign all conveyances and legal documents in the name of the Town to complete the transaction.

(c) In this charter, no mention of a particular power shall be construed to be exclusive or to restrict the scope of powers that the Town would have if the particular powers were not mentioned, unless this charter otherwise provides. (Added 2013, No. M-8, § 2, eff. May 23, 2013.)"
Alburgh,Village,203,Village of Alburgh,101,Boundaries and corporate existence,boundary_heading|boundary_language,3282,https://legislature.vermont.gov/statutes/section/24APPENDIX/203/00101,"All that portion of the Town of Alburgh in the County of Grand Isle that is embraced within the following limits: beginning at a point that marks the intersection of the southern boundary of the Lamoille Valley extension of the Central Vermont Railway right of way by the western boundary of the Rutland-Canadian Railroad in the main line of the said Rutland-Canadian Railroad; said point being the northeastern corner of the O. Bell homestead lot and mentioned in the O. Bell deed as recorded in town records as “Post A” and about 290 feet east of the main north and south highway on the west side of said Town of Alburgh; running in a southerly direction in the western boundary of said Rutland-Canadian Railroad right of way and yard at a point, which said western boundary line meets the northern boundary line of the property of A. H. Soule and Miss Martha Brown, said point being about 975 feet east of said main north and south highway; thence southerly in a line parallel with said highway and about 975 feet therefrom to the north line of the main highway that leads east and west across the Town; thence westerly in the north line of said highway to the east shore of Lake Champlain at the western corner of the John Young homestead; thence northerly and westerly in the east shore line of Lake Champlain past the pumping station of the Rutland Railroad and the ice house of the Produce Despatch Company to the point at which the southern boundary line of the Ogdensburg division of the Rutland Railroad meets the east shore of Lake Champlain; thence easterly and southerly in the southern boundary line of the said Ogdensburg division of the Rutland Railroad to the point at which the eastern boundary line of the Rutland Railroad on the line from Alburgh, Vermont, to Noyan Junction, Quebec, if extended would intersect said line; thence northerly across the Rutland Railroad and Central Vermont Rail-way rights of way in the eastern boundary line of the Rutland Railroad right of way from Alburgh, Vermont, to Noyan Junction, Quebec, continuing about 3,000 feet to the point at which the north line of the Wyman Vantine farm meets the said east line of the Rutland Railroad; thence easterly in the north boundary line of the Wyman Vantine farm to the main north and south highway and across the same to its east side; then southerly in the east line of said highway to the point at which the north line of the J. J. Bedard farm meets the said highway; thence in the north boundary line of the J. J. Bedard farm to a point about 315 feet from said highway; thence southerly in a line parallel to said highway through the farm of J. J. Bedard, A. W. Darby, Horace Sheldon and G. W. Sabre to the northeast corner of the property of N. K. Martin, continuing southerly in the east boundary lines of the property of N. K. Martin, W. J. Jameson, I. P. Grant, and I. N. Gurdy; thence southerly across the rights of way of the Central Vermont Railway and Rutland Railroad in a straight line to the point of beginning; is hereby incorporated and made a body corporate and shall hereafter be known by the name of the Village of Alburgh and by that name may have perpetual succession and be capable of suing and being sued and may have a common seal and the same alter at pleasure."
Bellows Falls,Village,207,Village of Bellows Falls,3,Boundaries and general powers,boundary_heading,977,https://legislature.vermont.gov/statutes/section/24APPENDIX/207/00003,"The inhabitants within the bounds of the original first school district in the Town of Rockingham in the County of Windham, and their successors forever, are hereby constituted a body politic and corporate, by the name of the “Bellows Falls Village Corporation” and by that name may sue and be sued; may have a common seal and alter the same at pleasure; and shall have power to purchase, hold, and convey real estate for the use of the Village, and its departments, and shall have the power to purchase, hold, and convey personal estate through its Board of Trustees, and may tax themselves and levy and collect taxes for the purposes described in this charter or to carry into effect any legal vote or bylaw of the Village, providing that no tax shall be laid or collected without the consent of the majority of the legal voters of said Village present at a meeting duly warned and agreeable to the provisions of this charter. (Amended 2023, No. 6, § 276, eff. July 1, 2023.)"
Bellows Falls,Village,207,Village of Bellows Falls,23,Streets and sidewalks,boundary_language,1666,https://legislature.vermont.gov/statutes/section/24APPENDIX/207/00023,"(a) Lighting and the regulation of the highways, streets, and sidewalks located within the corporate limits of said corporation shall be within the control of the Board of Trustees and the corporation shall have the right to use said highways, streets, and sidewalks for sewer and water purposes and for other municipal purposes, all as provided elsewhere in this charter and as may be amended from time to time.

(b) The trustees shall have no power to control or direct the expenditure of funds for the purpose of maintaining the highways, bridges, and culverts located within the corporate limits. The trustees may, on behalf of the corporation, petition the Selectboard of the Town of Rockingham to make repairs to highways, bridges, and culverts within the corporate limits, or to lay out, alter, or discontinue highways within said limits. Upon receipt of such a petition, the Selectboard shall take appropriate action thereon as if the petition had been submitted in accordance with Title 19, chapter 7 of the Vermont Statutes Annotated and the trustees may appeal the actions of the Selectboard and exercise any other rights of an interested person with respect to said petition.

(c) The Board of Trustees of said corporation shall have the power to regulate, improve, beautify, light, repair, or sustain the parks and commons of said corporation. Said Board of Trustees may cause to be trimmed or removed any tree, obstruction, or vegetation in any street, sidewalk, or right-of-way in said corporation when said trustees shall deem the same to be necessary to the free use and occupancy of the streets and sidewalks, or to the proper lighting of the same."
Bellows Falls,Village,207,Village of Bellows Falls,29,Electric utility authorization,boundary_language,1306,https://legislature.vermont.gov/statutes/section/24APPENDIX/207/00029,"The Village is authorized and empowered by and with the consent of a majority of the legal voters of the Village, at a meeting legally warned and held for that purpose, to purchase or establish an electric light plant, and for that purpose may purchase, have, hold, and convey personal and real estate inside or outside the limits of the Village corporation for the purpose of lighting the highways and streets of the Village, and furnishing electric lights, electric heat, and electric motive power to persons and parties within the corporate limits of the Village, on terms and subject to rules and regulations that may be agreed upon between the Village and the persons and parties, and for the purposes described in this section, may run electric lines along, over, or under highways, streets, or public grounds, inside or outside the corporate limits, provided public travel shall not be unnecessarily affected or impeded, and subject to all lawful ordinances and regulations as to the use of highways and streets; and the Village corporation shall have authority to hire and appropriate money, raise taxes, and issue its corporate bonds for the purchasing, establishing, constructing, extending, enlarging, and maintaining of its electric light plant. (Amended 2023, No. 6, § 287, eff. July 1, 2023.)"
Bellows Falls,Village,207,Village of Bellows Falls,30,Public parks and playgrounds,boundary_language,844,https://legislature.vermont.gov/statutes/section/24APPENDIX/207/00030,"The Bellows Falls Village corporation is hereby authorized and empowered to acquire by gift or purchase land inside or outside the corporate limits of the Village corporation to be held by it and used as a public park and public playground. The Village, for the purpose of purchasing land for the park and playground, and to pay for the same and for improvement and maintenance, is hereby authorized to levy and collect, from year to year, such taxes upon the rateable estate of the Village as may be necessary, to borrow money, to pay the purchase price, and to issue its bonds or notes for that purpose, provided that all taxes laid and all loans authorized shall be only by virtue of a majority vote of the Village voters present and voting at a meeting duly warned and held for that purpose. (Amended 2023, No. 6, § 288, eff. July 1, 2023.)"
Cambridge,Village,213,Village of Cambridge,1,Boundaries,boundary_heading|boundary_language,1536,https://legislature.vermont.gov/statutes/section/24APPENDIX/213/00001,"The inhabitants of all that part of the Town of Cambridge bounded and described as follows:

All that portion of the Town of Cambridge, in the County of Lamoille, known as the Village of Cambridge and enclosed in the following boundaries, to wit: the northern boundary of the Village shall be the southern bank of the Lamoille River, beginning at a point on the highway leading through Cambridge Village at northwest corner of the covered bridge over the Lamoille River and following the highway to the boundary line between the lands of Charles E. Ellenwood and the estate of O.W. Reynolds, Sidney Leach, and Saphronia Cady, meaning to include all property between the highway and the Lamoille River; thence following the southwest boundary of the Ellenwood’s farm to lands by E. J. Gates, and following the boundary of the Gates’ property to a point on the highway leading from Cambridge Village to Pleasant Valley near the Rogers Bridge; thence following the highway to the southern bounds of land owned by Mrs. W.H. Parker, and following the boundary of the lot to the highway known as the Hill road to Pleasant Valley; thence following the highway to a point that marks the boundary of the farm known as the Cutting place; thence along the boundary to the Lamoille River, meaning to include all that district on the west bank of the river between the Cutting farm and the point of beginning at the river bridge over the river, are hereby incorporated and made a body politic, and shall be hereafter called the Village of Cambridge."
Derby Center,Village,215,Village of Derby Center,101,Boundaries and corporate existence,boundary_heading|boundary_language,2885,https://legislature.vermont.gov/statutes/section/24APPENDIX/215/00101,"All that portion of the Town of Derby in the County of Orleans, enclosed within the following boundaries, to wit: Beginning at the covered highway bridge crossing Clyde River near Carpenter’s grist mill, and running easterly up the north bank of said stream to the line between land of Josiah Grout and land of Emera Kingsbury; thence northerly on said line between said Grout and said Kingsbury to the south line of land of Norman W. Bingham; thence easterly following said Bingham’s line to the shore of Derby Pond; thence northerly following the shore of said pond, and the east line of land deeded to Josiah Grout and Charles K. Bates, by John E. Searles, now fenced and included with the Derby Center Cemetery grounds, to the north line of the highway leading from the county road easterly, past the premises known as the Emera Stewart Farm; thence following the north line of said highway westerly, to the county road leading to Derby Line; thence northwesterly and across said county road and on the north line of highway leading past school house in district No. 4 to W. F. Kingsbury’s, to southeast corner of lot of land occupied by John C. Gray; thence following the east line of said Gray’s land northerly to the south line of land of N. T. Blake; thence westerly on north line of said Gray land and north line of land owned by estate of Edwin Bates and Charles K. Bates, to the northwest corner of said Bates’ land; thence southerly on the west line of said Bates’ land, to the last mentioned highway; thence following said highway westerly to the cross-roads or four corners near the Willey Granite Quarry; thence westerly following the road leading to said quarry to the east line of said quarry lot; thence on the east line of said quarry lot southerly, to land of N. W. Bingham, and southerly and westerly on said Bingham’s line to the northwest corner of said Bingham’s land; thence southerly on said Bingham’s west line, and on west line of land of said E. and C. K. Bates, to the southwest corner of said Bates’ land; thence easterly on said Bates’ south line to the northeast corner of land of Hollis A. Moran; thence following the west line of land of said Moran southerly to the highway leading to Newport; thence across said highway at the forks of the roads near B. F. Sawyer’s dwelling house, to the northwest corner of land of Mrs. Hattie S. Jenne; thence following the west line of said Jenne’s land to the north bank of the Clyde River; thence up the north bank of said stream to the point begun at, shall be known as the Village of Derby Center, and in and by that name may sue and be sued, prosecute and defend in any court, may purchase, take, hold, sell, and convey real estate and personal property necessary for its corporate purposes, and shall have all the rights and privileges and be subject to all the liabilities incident to public corporations."
Derby Center,Village,215,Village of Derby Center,601,Fire district,district_heading,368,https://legislature.vermont.gov/statutes/section/24APPENDIX/215/00601,"Said Village is hereby constituted a fire district for the purpose of preventing the destructive consequences of fires, and the trustees thereof shall have all the powers and be subject to the same restrictions as prudential committees in fire districts in making contracts and expenditures for the preservation of property in said Village from loss or damage by fire."
Derby Line,Village,217,Village of Derby Line,101,Boundaries and corporate existence,boundary_heading|boundary_language,2473,https://legislature.vermont.gov/statutes/section/24APPENDIX/217/00101,"All that portion of the Town of Derby in the County of Orleans, enclosed within the following boundaries, to wit:

Beginning at the national boundary line post on the highway leading from A. P. Ball’s to Hiram Todd’s and thence along said boundary line easterly to a point that intersects with a continuation of the easterly line of land owned by H. D. Holmes, thence southerly along said continuation of, and the said easterly line of said Holmes’ land, to the southeast corner of said land, thence west following the south line of the said Holmes’ land, to the highway leading to the farm now owned by Asa Moran, across said highway to the pasture owned by the A. T. Foster estate and following the east line of said pasture to the northeast corner of land owned by H. E. Foster, thence along the east line of said Foster land to the southeast corner of said land; thence westerly on the south line of said Foster’s and along the south line of land now owned by F. D. Butterfield to the highway leading from Derby Line to Derby Center; thence across said highway to the line of road leading west, known as “Hammer Handle Road” along the south lines of land owned by William Spaulding, A. B. Nelson, H. E. Foster, and A. G. Bugbee to southwest corner of said A. G. Bugbee’s land; thence along the west line of land owned by the said Bugbee and land owned by Henry E. Foster, northerly to said Foster’s northwest corner; thence easterly from said point to the southwest corner of land owned by J. B. Goodhue; thence northerly and on said Goodhue’s west line to the highway leading from Mrs. H. H. Leslie’s farm to Derby Line; thence along the highway in an easterly direction to a point opposite H. D. Holmes’ west line; thence across said highway and on said Holmes’ west line to his northwest corner; thence across the Tomiphobia River to land owned by Connecticut and Passumpsic R. R. R. Co., or by Massawippi Valley R. R. Co.; thence in a westerly direction along said river to a point where it intersects the national boundary line; thence in an easterly direction along said boundary line to the place begun at, shall be known as the Village of Derby Line, and in and by that name may sue and be sued, prosecute, and defend in any court, may purchase, take, hold, sell, and convey real estate and personal property necessary for its corporate purposes, and shall have all the rights and privileges and be subject to all the liabilities incident to public corporation."
Derby Line,Village,217,Village of Derby Line,801,Fire district,district_heading,368,https://legislature.vermont.gov/statutes/section/24APPENDIX/217/00801,"Said Village is hereby constituted a fire district for the purpose of preventing the destructive consequences of fires, and the trustees thereof shall have all the powers and be subject to the same restrictions as prudential committees in fire districts in making contracts and expenditures for the preservation of property in said Village from loss or damage by fire."
Enosburg Falls,Village,219,Village of Enosburg Falls,1,Corporate body politic; boundaries,boundary_heading,819,https://legislature.vermont.gov/statutes/section/24APPENDIX/219/00001,"The ratable estate, included within the limits of School District Number Seven, in Enosburgh, in the County of Franklin, and all other estate therein included, is hereby incorporated and shall hereafter be known by the name of the Village of Enosburg Falls, and the inhabitants of the Village are hereby constituted a body politic and corporate, with all the usual powers incident to public corporations, to be known by the name of the Village of Enosburg Falls, and may alter the bounds of the Village with the consent of the persons whose residence or property will be included or excluded thereby, the consent being first recorded in the Town Clerk’s office in Enosburgh, provided the bounds of the Village shall not be altered except at a meeting duly called and warned for that purpose. (Added 1886, No. 195, § 1.)"
Enosburg Falls,Village,219,Village of Enosburg Falls,14,Water supply; powers; eminent domain,boundary_language,1303,https://legislature.vermont.gov/statutes/section/24APPENDIX/219/00014,"The Village of Enosburg Falls shall have and exercise the following powers and functions: to provide a supply of water for protection of the Village against fire, and for the use of the inhabitants of the Village, and for other purposes; to establish, increase, maintain, and repair reservoirs, aqueducts, water pipes, pipe lines, and other necessary apparatus and installations for and in connection with the water supply; to preserve, protect, operate, and maintain the same; to establish rates and charges for supplying water to the users thereof, which power shall be exercised by the trustees of the Village; and in the exercise of such powers, the Village may take and hold by gift, purchase, or the right of eminent domain, within or without its corporate limits, ponds, springs, streams, water sources, water rights, land, or easements in or over land of individuals, associations, or corporations, and divert water from natural channels into its water supply, or making therefor; but the Village shall not take, otherwise than by gift, purchase, or devise, water or a spring of water that the owner or other person having a vested right or interest therein or in the use thereof may reasonably require for domestic or agricultural purposes. (Added 1890, No. 87, § 1; amended 1923 No. 197, § 1.)"
Enosburg Falls,Village,219,Village of Enosburg Falls,28,Electric light plant; purchase; operation,boundary_language,1623,https://legislature.vermont.gov/statutes/section/24APPENDIX/219/00028,"The incorporated Village of Enosburg Falls is hereby authorized and empowered to acquire, purchase, own, construct, maintain, and operate plants for generating of electricity, transmission and distribution lines, or any or all of such things, for the purpose of lighting the streets, walks, public grounds, and public buildings of the Village, and the Village may furnish and sell for public or private use electric light, heat, or both, and electric power to parties residing within or without the corporate limits of the Village upon such terms and subject to such regulations as may be fixed by the Village trustees or agreed upon between the contracting parties. The charges and rates for electric service shall be a lien on real estate, wherever located, furnished with the service in the same manner and to the same effect as taxes are a lien upon real property under 32 V.S.A. § 5061. The owner of the property, furnished with electric service, wherever located, shall be liable for the charges and rates. The Village Clerk shall file in the land records in the Town in which the property is located a notice of delinquency for all unpaid charges, to be indexed under the name of the property owner, regardless of whether an agreement has been made for the repayment of the charges. The lien provided for in this section shall be released only upon receipt of payment in full for all outstanding charges, interest, and late fees in the amount of eight percent of the delinquent charges. (Added 1890, No. 87, § 10; amended 1896, No. 157, § 1; 1935, No. 247, § 1; 2007, No. M-22 (Adj. Sess.), § 12, eff. May 19, 2008.)"
Hyde Park,Village,225,Village of Hyde Park,31,General powers,boundary_language,899,https://legislature.vermont.gov/statutes/section/24APPENDIX/225/00031,"(a) The Village of Hyde Park shall have all the powers granted to villages by the Constitution and laws of this State, together with all the implied powers necessary to carry into execution all the powers granted; the Village may enact ordinances pursuant to 24 V.S.A. chapter 59 not inconsistent with the Constitution and laws of the State of Vermont or with this charter, and impose penalties for violation thereof.

(b) The Village may acquire property within or without its corporate limits for any Village purpose, in fee simple or any lesser interest or estate, by purchase, gift, devise, lease, or condemnation, consistent with the Constitution and laws of the State of Vermont and may sell, lease, mortgage, hold, manage, and control such property as its interest may require consistent with the Constitution and laws of the State. (Added 1999, No. M-11 (Adj. Sess.), § 2, eff. May 9, 2000.)"
Hyde Park,Village,225,Village of Hyde Park,32,Boundaries,boundary_heading|boundary_language,352,https://legislature.vermont.gov/statutes/section/24APPENDIX/225/00032,"The bounds of said Village of Hyde Park shall be as presently constructed and described in the Report of Selectmen dated May 14, 1895, as the boundaries may subsequently be altered by acts of Village and Town meetings adding real estate to and deleting real estate from said corporate limits. (Added 1999, No. M-11 (Adj. Sess.), § 2, eff. May 9, 2000.)"
Hyde Park,Village,225,Village of Hyde Park,95,Indemnification,boundary_language,409,https://legislature.vermont.gov/statutes/section/24APPENDIX/225/00095,"The Village shall indemnify and hold all elective and appointive officers harmless from and against all liability claims and suits of any type brought against them as a consequence of their service, except those caused by and arising out of their intentional or willful misconduct. Said indemnity shall include all damages, costs, and attorney fees. (Added 1999, No. M-11 (Adj. Sess.), § 2, eff. May 9, 2000.)"
Jacksonville,Village,227,Village of Jacksonville,1,Boundaries,boundary_heading|boundary_language,1160,https://legislature.vermont.gov/statutes/section/24APPENDIX/227/00001,"All that part of the Town of Whitingham as follows: Beginning at the northeast corner of A. C. Stetson’s pasture near the watering trough, thence southeasterly on the southerly side of the highway to the lands of Herbert G. Porter, thence northeasterly on lands of said Porter to lands of Mattie E. Corkins; thence easterly and northerly on said Corkins’ land to the Roberts farm, owned by La Fill Dickenson; thence easterly on said Dickenson’s southerly line and lands of Sarah M. Goodnow to lands of Hollis Stetson; thence southerly on lands of said Stetson, Hulbert Stetson, C. A. Pike, Perry Hall’s estate, Joseph Leonard, E. S. and W. S. Allen, to E. J. Corkins’ land; thence westerly on land of E. J. Corkins, Edward Boudry, Charles Mitchell, Eva O. Bell, and A. A. Butterfield to the southwest corner of Jane B. Chase’s farm; thence northerly on lands of A. A. Butterfield, Wm. H. H. Packer and O. W. Parks to the Carley farm; thence easterly and northerly on the Carley farm to the place of beginning; together with the ratable estate included within said boundary, is hereby constituted a body corporate to be known as the Village of Jacksonville, Vt."
Jacksonville,Village,227,Village of Jacksonville,9,Fire district,district_heading,360,https://legislature.vermont.gov/statutes/section/24APPENDIX/227/00009,"The Village is hereby constituted a fire district for the purpose of preventing the destructive consequences of fires, and the trustees shall have all the powers, and be subject to the same restrictions as prudential committees in fire districts, in making contracts and expenditures for the preservation of property in the Village from loss or damage by fire."
Ludlow,Village,235,Village of Ludlow,1,Boundaries,boundary_heading|boundary_language,2752,https://legislature.vermont.gov/statutes/section/24APPENDIX/235/00001,"All that part of the Town of Ludlow in the County of Windsor, bounded and described as follows: Commencing at a post on the south side of the highway leading from Ludlow Village to Proctorsville at the northeast corner of land of Freeman H. Fuller, thence running north 22 degrees and 30 minutes east, 84 rods to a stone wall between land of S. L. Valentine and land of William L. Lawrence; thence continuing on the same course 110 rods to a post set for a corner; thence running north, 67 degrees and 30 minutes west, 187 and one-half rods to a post on the east side of North Hill road, opposite the northeast corner of land of Delia C. King; thence running north, 79 degrees west, along a stone wall 96 rods to the west end of said stone wall; thence in the same course 50 rods to a stake on the east side of a road leading to back lots; thence in same course 63 rods to a post on the west side of the Dug-way road; thence in same course across Black River to a post on the west side of the stage road to Plymouth; thence in the same course, 22 rods, to the west line of the Rutland Railroad; thence southerly along the west line of said railroad 224 rods to a post on the north side of the West Hill road; thence south, 22 degrees and 30 minutes west, 26 rods to a post on the north side of the line fence between lands of Richard M. Bates and Wallace E. Hemmenway; thence in the same course 111 rods to a post on the north side of the highway leading to said Richard M. Bates’ dwelling house; thence in the same course 29 rods to a post set as a corner near a large yellow birch tree; thence north 86 degrees and 20 minutes east, 394 rods to a post set as a corner near a railroad mile post marked “93” on the south side of the railroad aforesaid; thence north, 22 degrees and 30 minutes east, 63 rods to the place of beginning is hereby incorporated and made a body politic and corporate, and shall hereafter be known by the name of the Village of Ludlow, and by that name may have perpetual succession, and be capable of suing and being sued, may have a common seal and the same alter at pleasure, and shall be capable of purchasing, holding, and conveying personal and real estate for the use of said Village, and at any annual or special meeting, warned for that purpose as herein provided, lay a tax upon the real estate within the same, whether of residents or nonresidents, for any of the purposes herein mentioned; and the trustees shall assess all taxes and make out a rate-bill accordingly, and deliver the same to the Collector. And it shall hereafter be the duty of the listers of Ludlow in making the list of the said Town of Ludlow to designate therein such of the ratable estate thereof as shall be within the limits of said Village."
Ludlow,Village,235,Village of Ludlow,75,Damages and compensation related to construction of water supply system,boundary_language,1006,https://legislature.vermont.gov/statutes/section/24APPENDIX/235/00075,"In any case where damage or compensation to owners of, and other persons interested in, the water so taken, or land as may be used for laying, extending, constructing, and maintaining the aqueduct, and for the reservoirs and appurtenances, is not adjusted by agreement, or if the owner thereof be a minor, a person who lacks capacity to protect his or her interests due to a mental condition or major psychiatric disability, or out of the State, or otherwise incapacitated to sell and convey, the same shall be fixed by the Board of Water Commissioners after hearing all parties interested, the hearing to be had upon written notice of the time and place thereof, given at least six days before the hearing, and the Water Commissioners shall, within ten days after the hearing, file their award in the Town Clerk’s office in the town or towns where the property in question is situated, and cause the same to be recorded in the land records of the town or towns. (Amended 2013, No. 96 (Adj. Sess.), § 170.)"
Manchester,Village,239,Village of Manchester,1,Village boundaries and establishment of body politic,boundary_heading|boundary_language,1470,https://legislature.vermont.gov/statutes/section/24APPENDIX/239/00001,"All estate in the Town of Manchester, included in the following boundaries, is hereby incorporated and shall hereafter be known as the Village of Manchester:

(1) Being all that part of the Town of Manchester in the County of Bennington, contained within the bounds of Fire District Number Two as originally laid out and established by the Selectboard of the Town of Manchester in 1878, and recorded in volume 19, pages 505 and 506 of the land records of the Town; and also lands added and included within the limits of the Village in addition to limits specified in a former charter of the Village, being No. 182 of the Acts of 1900, and described in the minutes of meetings of the Village as follows: One hundred eleven acres of land of Robert T. Lincoln included in the Village limits by a vote at a Village meeting on January 2, 1905 as described in a plot on file in the Village records.

(2) Farms of Fred E. Fish and E.A. Wilcox lying west of the Battenkill River, included in the Village limits by vote of a Village meeting held on August 25, 1902.

(3) Lands of R.D. Brown, C.F. Orvis, W.G. Beebe, A.L. Mosley, R.E. Way, Nathan Cook, and C.L. Towsley included in the Village limits by vote of a Village meeting held on June 25, 1906.

(4) The inhabitants within the bounds are constituted a body politic and corporate with all of the usual powers incident to public corporations, to be known by the name of the Village of Manchester. (Added 1943, No. 183, § 1.)"
Manchester,Village,239,Village of Manchester,2,Alteration of Village boundaries,boundary_heading,711,https://legislature.vermont.gov/statutes/section/24APPENDIX/239/00002,"The inhabitants of the Village may alter the bounds of the Village with the written consent of the persons owning real estate that will be included or excluded thereby, the written consent and alteration being first recorded in the office of the Town Clerk of the Town of Manchester, and with the approval of the Town of Manchester as evidenced by the majority vote of the Town in Town meeting duly warned therefor. If the Town of Manchester votes its approval, the consent, alteration, and the vote of the Town of Manchester shall be recorded in the office of the Clerk of the Village, and upon recording, the alterations in the bounds of the Village so made shall become effective. (Added 1943, No. 183, § 2.)"
Manchester,Village,239,Village of Manchester,4,Village powers; specific authority,boundary_language,4940,https://legislature.vermont.gov/statutes/section/24APPENDIX/239/00004,"The generality of the preceding section and the grant of powers therein made, but as a more specific designation of some of the powers conferred upon the Village, the Village of Manchester has authority:

(1) To levy, assess, and collect taxes, in order to carry out its powers; to appropriate and to borrow money, within the limits prescribed by law; and to levy and collect special assessments for benefits conferred.

(2) To purchase, hold, and convey real and personal property and to purchase, erect, and keep in repair buildings and other structures for Village purposes; to furnish all local public services; to purchase, hire, construct, own, maintain, and operate, or lease local public utilities, including aqueducts, reservoirs, a water supply system, and an electric light and power system; to acquire, by condemnation or otherwise, within or without the corporate limits, property necessary for any public utility and other Village purposes, subject to restrictions imposed by law.

(3) To make local public improvements and to acquire, by condemnation or otherwise, property within its corporate limits necessary for the improvements; and also to acquire an excess over that needed for the improvements, and to sell or lease the excess property with restrictions, in order to protect and preserve the improvements.

(4) To issue and sell bonds as permitted by the laws of this State without specific security therefor.

(5) To purchase or lease lands within or without the corporate limits of the Village; to lay out, alter, and discontinue streets, highways, lanes, commons, alleys, and walks; to provide places of healthful recreation in summer or in winter such as a skating rink, a swimming pool, a playing field, and a public park; to provide for and maintain tourist camp sites, airports, aviation landing fields, a municipal forest reserve, and all other municipal undertakings and services authorized by law.

(6) To adopt and enforce within its limits building, police, sanitary, zoning, Village planning, and other similar regulations and ordinances not in conflict with law.

(7) Subject always to the Constitution and laws of this State and of the United States, and to the limitations of section 3 of this charter, to enact, adopt, repeal, alter, or amend ordinances, bylaws, and other regulations respecting the following matters within the Village limits:

(A) The construction, establishment, use, operation, and licensing of markets dealing in food stuffs, slaughterhouses, restaurants, and other eating establishments; manufacturing establishments; advertising billboards, signs; lunch carts, bowling alleys, moving picture houses, public garages, hog pens, poultry houses, dog kennels, stables, gasoline filling stations, private drains, sewers, and public dumps.

(B) The suppression of disorderly and public gambling houses, loafing, obscenity, disturbances, noises, vagrancy, and smoke nuisances.

(C) The protection of buildings against fire by precautionary measures and inspection, the maintenance, replacement, and repair of stovepipes, furnaces, chimneys, electric wiring, and all other instrumentalities capable of causing damage by fire, and the erection and repair of buildings within fire limits as designated and prescribed by Village ordinances.

(D) Vagrants, mendicants, peddlers, itinerant vendors, and transient business establishments.

(E) The water supply for the protection of the Village against fire and for other purposes, and to regulate the use of the same.

(F) The erection of poles and the placing of wires, cables, pipes, and electrical conduits, and the use of the same; the suspension, putting up, or removal of any sign or awning in or over any street, alley, highway, walk, park, common, or other public place, the clearing, repairing, and improvement of streets, alleys, highways, parks, commons, and other public places, and the use of the same; the planting, preservation, maintenance, and removal of shade and other trees; and the prohibiting and punishing of damage or injury to the same; the use of rockets, squibs, firecrackers, and all other fireworks in public places; preventing the practice of any amusement in any public place tending to injure or annoy any person therein or to endanger the security of property, coasting or skiing on all public places; the removal of snow, ice, garbage, refuse, and dirt from sidewalks and gutters by the owners or occupants of the premises upon which those sidewalks and gutters abut; and the cutting and removal of grass, thistles, or weeds, growing or being on those sidewalks and gutters by those owners and occupants. The regulation of pedestrian and vehicular traffic, parking, the erection and maintenance of guide posts, street signs, street safety devices; and the regulation of taxicabs, other vehicles, and animals used in the transportation or conveyance of persons or goods for hire. (Added 1943, No. 183, § 4.)"
Morrisville,Village,245,Village of Morrisville,2,Village boundaries,boundary_heading|boundary_language,5035,https://legislature.vermont.gov/statutes/section/24APPENDIX/245/00002,"All that portion of the Town of Morristown in the County of Lamoille as follows:

Beginning at the northwest corner of the farm now owned by W.J. Foss and Helen Foss, and being at the point where the lands of the said W.J. Foss and Helen Foss and lands of Harold Ryder converge at the south boundary of the highway leading from Morrisville to Stowe, known as Route 100, said point being 135 feet easterly from a marble highway marker inscribed “Vt. 1934—NRH 88 B—NRM 88c”;

Thence along the division line of said Foss and Ryder properties southerly to the southwest corner of said W.J. Foss and Helen Foss farm;

Thence in the southerly line of said Foss farm to the highway leading from Morrisville to the farm now owned by Edna A. Carpentier;

Thence across said highway to and along the division line of said Carpentier property and premises known as the Morey place to the division line between premises of Edna A. Carpentier and premises of Ernest H. Mercia and Gladys Mercia;

Thence along the northerly division line of said Ernest H. Mercia and Gladys Mercia premises to the highway known as Randolph Road;

Thence southerly along said Randolph Road to the northerly line of land formerly held by Sarah Noyes Hardy, now held by the trustees of the Copley fund;

Thence easterly along the northerly line of said Sarah Noyes Hardy premises and northerly along the easterly line of land of Volney C. Farr and Gladys Farr to the highway leading from Maple Street in the Village of Morrisville to Elmore, Vermont;

Thence northerly along the easterly line of land of Lyle and Marcella Stewart to premises of Arthur T. and Hazel Stewart;

Thence easterly along the northerly line of land of C.M. and Doris Greaves to the westerly line of premises known as the David Brown land;

Thence northerly along the westerly line of land known as the David Brown land, and land of Max and Priscilla Davison to the main highway leading from Morrisville to Elmore;

Thence across said highway and along the division line of land of Jean Pinney and Max B. and Priscilla Davison to the northeasterly corner of premises of Jean Pinney;

Thence westerly along the division line of premises of Jean Pinney and R.H. and Fannye Hayes to the southwesterly corner of premises of said R.H. and Fannye Hayes (the Hayes farm);

Thence along the westerly boundary of said Hayes farm premises, supposed to be the westerly line of lot 53 of the second division of lands of the Town of Morristown, to the south bank of the Lamoille River;

Thence westerly along the south bank of the Lamoille River to its intersection with the westerly line of lands owned by W.G. and Lillian Lepper;

Thence northerly along the westerly division line of said W.G. and Lillian Lepper premises, supposed to be the easterly line of lot 60 and westerly line of lot 57, within the third division of lots, to the highway known as the Morristown Plains Road;

Thence westerly along said highway to its intersection with the main highway leading from Morrisville to Hyde Park;

Thence in a straight line to a point which lies approximately 444 feet north 86° 30′ west from the southwesterly corner of lands formerly known as the fairgrounds, said point being designated as “Point A”;

Thence from Point A 17 feet south 41° 30′ west;

Thence in a bearing south 87° 20′ east a distance of 452 feet to a point opposite the southwesterly corner of lands formerly known as the fairgrounds;

Thence in a line parallel with the southerly boundary of said fairground premises south 46° 50′ east a distance of 618 feet to the westerly side of the highway leading from Morrisville to Hyde Park (constituting a right-of-way 24.75 feet in width containing 0.608 acres within the boundaries set forth herein in that portion of the description subsequent to Point A where the same first appears herein);

Thence from Point A north 48° 30′ west a distance of 647 feet to the easterly boundary of the right-of-way of the St. Johnsbury and Lake Champlain Railroad Company;

Thence southerly along said St. Johnsbury and Lake Champlain Railroad Company right-of-way a distance of approximately 566 and five-tenths feet to the brook running into Lake Lamoille southerly from the mill premises of Atlas Plywood Corporation;

Thence along the course of said brook to the easterly shore of Lake Lamoille;

Thence along the easterly shore of Lake Lamoille to the northerly line of land formerly owned by Hill and Goodrich, now the property of the Village of Morrisville;

Thence across said lake diagonally to an iron stake near the west shore of said lake;

Thence southerly along the easterly line of land of C.S. Edwards to a point and stake in the northerly line of the highway leading from Morrisville to Stowe;

Thence along the northerly line of said highway to a point opposite the intersection of lands of W.J. and Helen Foss and Harold Ryder with the southerly line of said highway;

Thence southerly across the said highway to the point of beginning; shall be known as the Village of Morrisville."
Morrisville,Village,245,Village of Morrisville,4,Specific corporate powers,boundary_language,186,https://legislature.vermont.gov/statutes/section/24APPENDIX/245/00004,"At any meeting legally warned for that purpose, the legal voters of the Village may vote a tax upon the taxable estate within the corporate limits for the lawful purposes of the Village."
Morrisville,Village,245,Village of Morrisville,5,Grand list,boundary_language,378,https://legislature.vermont.gov/statutes/section/24APPENDIX/245/00005,"The grand list for the Town of Morristown within the Village corporate limits shall be the grand list for the Village of Morrisville. The trustees shall make out and deliver to the Treasurer a tax bill, with a warrant for its collection. The Treasurer shall compile a tax roll from the Town of Morristown grand list for those areas of the Town lying within the corporate limits."
Morrisville,Village,245,Village of Morrisville,14,Residence,boundary_language,299,https://legislature.vermont.gov/statutes/section/24APPENDIX/245/00014,"All persons qualified to vote in a Town meeting of the Town of Morristown who reside within the corporate limits, described in section 2 of this charter, shall be legal voters of the Village of Morrisville. The residents of the Village shall belong to and remain residents of the Town of Morristown."
Morrisville,Village,245,Village of Morrisville,16,Waterworks,district_heading,455,https://legislature.vermont.gov/statutes/section/24APPENDIX/245/00016,"(a) The Village shall have such powers, and the trustees shall have such duties, with reference to any waterworks that are in existence as set forth in 24 V.S.A. chapter 89 or any amendments thereto.

(b) Without limiting the generality of subsection (a) of this section, the trustees shall have the supervision of such municipal water department, and shall make and establish all needful water rates, rules, and regulations for its control and operation."
Morrisville,Village,245,Village of Morrisville,17,Definitions,boundary_language,3427,https://legislature.vermont.gov/statutes/section/24APPENDIX/245/00017,"The following terms when used in this subchapter shall have the following meaning:

(1) “Acquire” shall mean to purchase, to acquire by eminent domain, to hire, to lease, to construct, to reconstruct, or to replace.

(2) “Electric plant” shall mean the complete municipal electric generating, transmission, and distribution system now owned by the Village, together with any improvements thereto hereafter constructed or acquired, and the complete municipal natural, manufactured, or synthetic gas generating, piped transmission and piped distribution system now or hereafter owned by the Village, together with any improvements thereto hereafter constructed or acquired, and all other facilities, equipment, and appurtenances necessary or appropriate to such system, for the furnishing of electric power and energy or gas for lighting, heating, power, or any other purpose for which electric power and energy or gas can be used. Such term may include facilities for the production and distribution of steam and hot or chilled water, timberlands, or other fuel sources, facilities for the production, processing, transportation, and storage of fuel to be used in the production of utilities furnished by the Village, and innovative or experimental facilities for the utilization of conventional or other energy sources for the production of such utilities, including pilot or demonstration facilities.

(3) “Electric service” shall mean the furnishing of the electric power and energy or gas for lighting, heating, power, or any other purposes for which electric power and energy or gas can be used. Such term may include the furnishing of steam and hot or chilled water. The Village shall also obtain a certificate of public good under 30 V.S.A. § 231 before it may sell gas services, so long as such a certificate is required under Vermont law in order for other persons to be authorized to sell such gas services.

(4) “Communications plant” shall mean any and all parts of any communications system owned by the Village, whether using wires, cables, fiber optics, wireless, other technologies, or a combination thereof, and used for the purpose of transporting or storing information, in whatever forms, directions, and media, together with any improvements thereto hereafter constructed or acquired, and all other facilities, equipment, and appurtenances necessary or appropriate to such system. However, the term “communications plant,” and any regulatory implications or any restrictions under this charter regarding either “communications plant” or “communications service” shall not apply to facilities or portions of any communications facilities intended for use by, and solely used by, the Village and the Village’s own officers and employees in the operation of Village departments or systems of which such communications are merely an ancillary component.

(5) “Communications service” shall include ownership, operation, and utilization of a communications plant within or without the corporate limits of the Village to transport or store information, in whatever form and medium.

(6) “Improve” shall mean to acquire or construct any improvement, whether consisting of real or personal property.

(7) “Improvement” shall mean any improvement, extension, betterment, addition, alteration, reconstruction, and extraordinary repair, equipping, or reequipping of the electric or communications plant of the Village."
Morrisville,Village,245,Village of Morrisville,18,"Electric plant; authority to operate, improve, extend, better, and add to existing plant",boundary_language,1537,https://legislature.vermont.gov/statutes/section/24APPENDIX/245/00018,"The Village is authorized and empowered to own, maintain, operate, improve, and extend, or otherwise acquire, and to sell, lease, or otherwise dispose of, in accordance with and in any situation or manner not prohibited by law, its electric plant or plants for the purpose of lighting the streets, walks, public grounds, and buildings of the Village, for the furnishing of electric or gas services within or without the corporate limits of the Village, for public, domestic, commercial, and industrial use, and for production of electric energy or acquisition, production, piped transmission, or piped distribution of gas for sale to electric or gas distribution companies, cooperative, municipal, and privately owned, within or without the State, and for the aforesaid purposes, the Village may hire, lease, purchase, own, hold, and acquire by contract, agreement, or eminent domain proceedings any water power, buildings, land, rights-of-way, and any other property, real or personal, necessary or convenient to the operation of the said electric light and power system, and may use any public highway over which it may be necessary or desirable to pass with the poles and wire of the same, provided that the use of such public highway for the purpose of public travel is not thereby unnecessarily impaired. These powers may be exercised through a taking by eminent domain in the manner prescribed by law. All of the foregoing powers are in addition to and not in substitution for or in limitation of any other powers conferred by law."
Morrisville,Village,245,Village of Morrisville,21,"Communications plant; authority to acquire, construct, operate, improve, extend, and better",boundary_language,1611,https://legislature.vermont.gov/statutes/section/24APPENDIX/245/00021,"(a) The Village is authorized and empowered to own, maintain, operate, improve, and extend, or otherwise acquire, and to sell, lease, or otherwise dispose of, in accordance with and in any situation or manner not prohibited by law, its communications plant or plants for the furnishing of communications services within or without the corporate limits of the Village, for public, domestic, commercial, and industrial use, and for the provision of communications service. For the aforesaid purposes, the Village may hire, lease, purchase, own, hold, and acquire by contract, agreement, or eminent domain proceedings any buildings, land, rights-of-way, and any other property, real or personal, necessary or convenient to the operation of said communications plant, and may use any public highway over which it may be necessary or desirable to pass with the poles and wire of the same, provided that the use of such public highway for the purpose of public travel is not thereby unnecessarily impaired. These powers may be exercised through a taking by eminent domain in the manner prescribed by law, except that the Village shall have no power under 30 V.S.A. chapter 79 to take by eminent domain telecommunications or cable television property. All of the foregoing powers are in addition to and not in substitution for or in limitation of any other powers conferred by law.

(b) Before the Village may sell any communications service over which the Public Utility Commission has jurisdiction and for which a certificate of public good is required, it shall obtain a certificate of public good for such service."
Morrisville,Village,245,Village of Morrisville,24,Powers exercised through trustees,boundary_language,4482,https://legislature.vermont.gov/statutes/section/24APPENDIX/245/00024,"The powers granted to the Village hereunder shall be exercised by its trustees, who shall have the supervision of the Village’s electric and communications plants as provided for herein and not inconsistent with law:

(1) Sewer system: The Village shall have such powers and the trustees shall have such duties with reference to the municipal sewer system that are in existence as set forth in 24 V.S.A. chapters 97 and 101 or any amendments thereto. Without limiting the generality of the foregoing, the trustees shall have the supervision of such municipal sewer department, and shall make and establish all needful sewer rates, rules, and regulations for its control and operation.

(2) The trustees shall hire a person to superintend the physical operation of the water, electric, and sewer systems, and communications plant, and provide such person with written guidelines of his or her duties. Said Superintendent shall be responsible for the proper and efficient maintenance and operation of the systems in accordance with such guidelines. The Superintendent shall report once each month to the trustees, and once each year shall make a written report to the trustees. Such written report shall be included in the annual report of the Village of Morrisville. The books and bank accounts of the water, electric, and sewer systems, and communications plant, shall be kept separate from the other books and accounts of the Village. The rents and receipts for the use of such municipal utilities shall only be used and applied to pay the interest upon the bonds in existence for such utility systems, the expense of repairs, improvements, and management of the utility department, and in payment of the utility bonds. The money received from the operation of such municipal utilities shall not be used for any other purposes until all such bonds, notes, or other certificates of indebtedness have been paid.

(3) Any improvements to the nonelectric utility systems that in the aggregate exceed $100,000.00 as adjusted annually for inflation for the water department, or that in the aggregate exceed $100,000.00 as adjusted annually for inflation for the sewer department, shall require the approval of a majority of the legally-qualified voters of the Village present and voting at either an annual or special meeting called and warned for that purpose.

(4) The trustees shall establish rates of rents to be charged and paid by the users of said water, electric, and sewer systems, and communication service, at such times and in such manner as they may determine, and may alter, modify, increase, or decrease such rates and extend them to any description of property or use. Such rates or rents with the charges for wiring and piping shall be chargeable to and may be collected from the owners of the property supplied with the same, unless otherwise agreed upon by the trustees and such owners. All such rents with charges for wiring and piping shall be a lien and charge upon the buildings, lots, and other property so supplied, and may be collected in the same manner as any tax assessed by said Village. The Village may order all rents for water, electric, sewer, and communications service, to be paid in advance, and may make all necessary provisions and orders relating to the supply or stoppage of water, electric, sewer, and communications service, as it may deem expedient to insure the payment of such rents.

(5) The owners of property abutting or adjacent to any street or alley through which a public sewer or drain has been constructed shall construct, under the direction of the trustees, or their designate, a suitable sewer or drain from his or her said property and properly connect the same with the said public sewer or drain. If, after 20 days’ notice in writing by the trustees to such owner of such property of such requirement, such owner fails or neglects to construct or connect such sewer or drain, the trustees shall enter upon the property and make such connection, assessing therefor the actual costs of so doing against the said property and the owner thereof. Said trustees shall file in the land records of the Town of Morristown an itemized statement of the costs of constructing and connecting said sewer or drain, and the amount so assessed shall be and remain a lien upon said property, and shall be enforced and collected in the same manner as is provided in this charter for the enforcement and collection of taxes and other assessments."
Morrisville,Village,245,Village of Morrisville,26,Authority to form subsidiaries and enter ventures with other parties,boundary_language,835,https://legislature.vermont.gov/statutes/section/24APPENDIX/245/00026,"In addition to the authority granted under otherwise applicable law, the Village has the power and is authorized to create a corporate subsidiary or subsidiaries wholly owned by the Village, or to establish a joint venture or ventures between the Village or a subsidiary of the Village and any other business relationship with one or more third parties, in order to provide communications services within or without the corporate limits of the Village, or to provide customer-specific electric generation or cogeneration to customers within the Village’s electric service territory; provided that, before any such subsidiary, joint venture, or business relationship may provide communications or customer-specific generation or cogeneration services, it shall obtain whatever regulatory approvals may be necessary under applicable law."
Newbury,Village,247,Village of Newbury,201,Corporate existence of the Village,boundary_language,970,https://legislature.vermont.gov/statutes/section/24APPENDIX/247/00201,"All those persons residing in that part of the Town of Newbury lying within the corporate limits of School District #3 and School District #4 in the Town of Newbury as said districts existed and were bounded on March 31, 1893, shall continue to be a municipal corporation by the name of Newbury Village and by that name have perpetual succession and be capable of suing and being sued and have a common seal and alter the same at pleasure.

The corporation shall be capable of purchasing, holding, and conveying real and personal estate for the use of the corporation. The corporation shall have the power to own and operate any public utility, to construct and install all facilities that are reasonably needed, and to lease or purchase any existing utility properties used or useful for public service. The Village may also furnish service to adjacent and nearby territories that may be conveniently and economically served by a municipally owned and operated utility."
Newbury,Village,247,Village of Newbury,301,Imposition of tax,boundary_language,168,https://legislature.vermont.gov/statutes/section/24APPENDIX/247/00301,"At a meeting legally warned for that purpose, the Village may vote a tax upon the taxable estate within the corporate limits for the lawful purposes of the corporation."
Newbury,Village,247,Village of Newbury,302,Grand list,boundary_language,367,https://legislature.vermont.gov/statutes/section/24APPENDIX/247/00302,"The grand list of the Town of Newbury, within the Village corporate limits, shall be the grand list of the Village. The trustees shall make out and deliver to the Treasurer a tax bill, with a warrant for its collection. The Treasurer shall compile a tax roll from the Town of Newbury grand list for those areas of the Town lying within the Village’s corporate limits."
Newbury,Village,247,Village of Newbury,701,Annual Village meetings,boundary_language,507,https://legislature.vermont.gov/statutes/section/24APPENDIX/247/00701,"The annual meeting of said corporation for the election of officers and transaction of any other business specified in the warning of said meeting shall be held within the corporate limits on the fourth Tuesday of May of each year and shall be called by the Clerk, or in case of the Clerk’s neglect, by the trustees by publishing and posting a warning therefor in at least four public places within the corporate limits not less than 10 days or more than 20 days before the time set for such annual meeting."
Newbury,Village,247,Village of Newbury,801,Voters,boundary_language,179,https://legislature.vermont.gov/statutes/section/24APPENDIX/247/00801,"All persons qualified to vote in a Town meeting of the Town of Newbury residing within the corporate limits, hereinbefore described, shall be legal voters of the said corporation."
Newbury,Village,247,Village of Newbury,1301,Lighting,boundary_language,308,https://legislature.vermont.gov/statutes/section/24APPENDIX/247/01301,"Said corporation is hereby authorized and empowered under any vote had for that purpose at a meeting duly warned and held, to provide for suitable lighting of the streets and public buildings and ground within its corporate limits and to contract with any individual, corporation or entity for such purposes."
Newbury,Village,247,Village of Newbury,1303,Water commissioners and water works,district_heading,2942,https://legislature.vermont.gov/statutes/section/24APPENDIX/247/01303,"(a) The Village shall have three water commissioners who may be elected by ballot if the Village has so ordered; otherwise they shall be appointed by the trustees. Of those commissioners first elected or appointed, one shall have a term of one year, one a term of two years, and one a term of three years.

(b) The trustees may remove from office a commissioner appointed by them for just cause after due notice and hearing. The trustees may appoint members of their own Board to serve as water commissioners. The Village shall have such powers, and the commissioners shall have such duties, with reference to any waterworks that are in existence or established as set forth in 24 V.S.A. chapter 89, or any amendments thereto.

(c) Without limiting the generality of subsections (a) and (b) of this section, commissioners shall have the supervision of the Municipal Water Department and shall make and establish all needful water rates, rules, and regulations for its control and operation.

(d) The water commissioners shall hire a person to superintend the physical operation of the water system, provide him or her with written guidelines of the Superintendent’s duties, and this Superintendent shall be responsible for the proper and efficient maintenance of the system in accordance with the guidelines.

(e) The Superintendent shall report once each month to the water commissioners and once each year shall make a written report to them. The written report shall be included in the water commissioners annual report to the Village.

(f) The books and bank accounts of the water system shall be kept separate from the other books and accounts of the Village. The rents and receipts for the use of municipal water shall only be used and applied to pay the interest upon the Water Department bonds, the expense of repairs, improvements, and management of the Water Department, and in payment of the Municipal Water Department bonds. The money received from the operation of the Municipal Water Department shall not be used for any other purposes until all bonds, notes, or other certificates of indebtedness have been paid.

(g) Any improvements to the system costing more than $7,000.00 shall require the approval of a majority of the legally qualified voters of the Village present and voting, at either an annual or special meeting called for that purpose.

(h) From the income of the system an emergency fund, not to exceed $10,000.00, may be created by the water commissioners. Emergency funds shall be expended only in case of an emergency and the nature of the emergency recorded by the Clerk as declared by the water commissioners.

(i) Any extension of the main lines of the system as the lines exist on the effective day of this charter shall require a two-thirds vote of the qualified voters, present and voting, of the Village of Newbury at either an annual or special meeting called for that purpose. (Amended 2007, No. M-6.)"
Newfane,Village,249,Village of Newfane,101,Village boundaries and legal taxing authority,boundary_heading|boundary_language,2852,https://legislature.vermont.gov/statutes/section/24APPENDIX/249/00101,"The inhabitants of all that part of the Town of Newfane, in the County of Windham, known as the Village of Newfane, and enclosed in the following boundaries, to wit:

Beginning at a point on the highway leading from said Village to Townshend at the northern boundary of L.H. Whitney’s land; then easterly along said northern boundary of said Whitney’s land to the western boundary of the West River Railroad; thence southerly along the westerly boundary of said railroad to the southeast corner of land owned by Stella Micott; thence westerly along the southern boundary of said Micott’s land across the highway leading from said Village to Brattleboro; thence southerly along the western boundary of said highway to the southern boundary of land owned by Rodney S. Willard; thence westerly along the southern boundary of said Willard’s land to said Willard’s western boundary; then northerly along the westerly boundary of said Willard’s land; thence to the western boundary of land, at Smith’s Brook, owned by E.C. Benedict, and along his western boundary, at Smith’s Brook, to his northern boundary; thence easterly along said Benedict’s northern boundary to and across Smith Brook, so-called, to land of Laura S. Rice; thence southerly on said Rice’s land to land of Sarah M. Fish; thence easterly along said Fish’s land to and across the highway; thence northerly along the east side of the highway leading from said Village to Wardsboro, to the boundary line between land of said Fish and land of F.L. Hamlin; thence easterly along said boundary line to the eastern boundary of said Fish’s land; thence to the northern boundary of land of A.G. Warren; thence along said Warren’s northern boundary to land of Lewis H. Higgins; thence easterly along boundary line between Warren and Higgins’s to land owned by Walter Park, and thence along the boundary line between Higgins and Park to the highway; thence southerly along the western boundary of said highway to a point opposite the place of beginning; thence easterly across said highway to the place of beginning, are hereby incorporated and made a party politic, and shall hereafter be called the Village of Newfane and by that name may have perpetual succession and may sue and be sued, may have a common seal and the same alter at pleasure, and shall be capable of purchasing, holding, and conveying real and personal estate for the use of said Village corporation, and at any annual meeting of the legal voters of said corporation legally warned and holden for that purpose may lay a tax upon the grand list of said Village of Newfane for any of the purposes hereinafter mentioned. All taxes voted by said corporation shall be assessed by the Board of Trustees which shall make rate bills thereof and deliver the same to the Collector of Taxes with proper warrants for the collection thereof."
North Bennington,Village,251,Village of North Bennington,812,"Prohibition on taxation, assessment, or encumbrance of water works",district_heading,199,https://legislature.vermont.gov/statutes/section/24APPENDIX/251/00812,"The Village of North Bennington shall never tax or assess said system of water works or the income thereof, and shall never mortgage or encumber the same or allow or permit the same to be encumbered."
North Bennington,Village,251,Village of North Bennington,814,Gross income of water works,district_heading,337,https://legislature.vermont.gov/statutes/section/24APPENDIX/251/00814,The gross income from said system of water works shall from time to time as collected be paid into the Village treasury and the same shall by the Treasurer be kept separate and apart from all other monies of the Village and a separate account of the same showing all monies received and payments therefrom shall be kept by the Treasurer.
North Bennington,Village,251,Village of North Bennington,815,Payment of water works’ funds,district_heading,173,https://legislature.vermont.gov/statutes/section/24APPENDIX/251/00815,No money from said system of water works shall be paid out from the treasury of said Village except upon the written order of a majority of the Board of Water Commissioners.
North Bennington,Village,251,Village of North Bennington,818,Annual net income of water works,district_heading,1573,https://legislature.vermont.gov/statutes/section/24APPENDIX/251/00818,"The annual net income from said system of water works, as defined by said deed from the said Laura H. Jennings or her heirs, administrators, or executors shall be used for the following purposes, viz., If the said Village installs a sewer system within seven years from date the said annual net income and the accumulation thereof not exceeding in the whole the sum of $30,000.00 shall be used by the said Board of Water Commissioners to pay the cost thereof or to pay any bonds which the Village may incur or any indebtedness which the Village may incur (including interest thereon) for the building of a Village sewer system, not exceeding said sum of $30,000.00. This provision shall not include the cost of future extensions of said sewer but only the initial cost thereof said cost, bonds, or indebtedness for said sewer system shall be canceled when paid and shall not be a claim of the Water Department against said Village or any department thereof. After the cost of said sewer system is paid or after said sewer bonds or indebtedness, with interest, are paid, or if said sewer system is not installed within said seven years, said annual net income shall not be used for the ordinary purposes of said Village or for the ordinary purposes for which money is usually required by law to be raised by taxation, but, subject to the foregoing restriction, shall be expended by said Board of Water Commissioners for the improvement and betterment of the inhabitants of the Village of North Bennington in such ways as the said Board of Water Commissioners may judge best."
North Bennington,Village,251,Village of North Bennington,1401,Boundaries,boundary_heading|boundary_language,8042,https://legislature.vermont.gov/statutes/section/24APPENDIX/251/01401,"(a) All that portion of the Town of Bennington in the County of Bennington that is embraced within the following described limits, viz.:

It being the same territory that on the 10th day of May, 1866, the Selectboard of Bennington, pursuant to law, set out as and for the Village of North Bennington, the bounds of which in their order so setting out the Village of North Bennington were as follows, viz.:

Commencing on the north line of the Town of Bennington at the northeast corner of lands belonging to Robinson and Parsons; thence westerly on the north line of the Town of Bennington to the west side of Sidney Colvin’s land; thence southerly on the west line of Sidney Colvin’s land to the highway leading from North Bennington Village to Richard Henry’s dwelling house; thence westerly on the north side of the highway to a point due north from the northwest corner of T. W. Park’s home farm; thence across the highway southerly and following the westerly boundary of T. W. Park’s farm to the southwest corner thereof; thence easterly on the south side of the Park’s farm to the road leading by the Milo Hinsdill place; thence southerly on the west side of the road to a point due west from the southwest corner of Hiram Richardson’s land; thence easterly across the road and following the south line of the Richardson’s land to the highway; thence easterly across the highway to the southwest corner of Hall Brothers’ land; thence on the south line of the Hall Brothers’ land to the southeast corner thereof; thence northerly on their east line to the northwest corner of the Fasset farm; thence easterly on the north line of the Fasset farm to the highway leading from North Bennington Village to the Edgerton place; thence on the west side of the highway southerly and on the south side of the highway easterly to the southeast corner of the Harvey farm recently bought by T. W. Park; thence northerly on the east side of the Harvey farm to the northeast corner thereof; thence northerly across the highway and following the boundaries of Robinson and Parsons land to the place of beginning which the proceedings so setting out the Village, were recorded on the 11th day of May, 1866, in the Bennington land records in book E on page 310 thereof.

(b) Also a parcel of contiguous land bounded and described as follows, namely:

Beginning at a point on the highway running easterly from the Village of North Bennington, now known as Mechanics Street in the Village at the northeasterly corner of lands owned by the late T. W. Park, and being the same point mentioned in the above description as the northeast corner of the Harvey farm; thence on the east line of the Park’s land south two degrees west thirty five rods twenty links to the northerly line of the Park’s land; thence on the northerly line east six and one-half degrees south seven rods and nine links; thence north eleven degrees east thirty and one-half rods to the southerly side of the highway; thence on the southerly side of the highway west thirty degrees north thirteen and one-half rods to the place of beginning; containing two acres of land, more or less, and being the same parcel of land that was annexed to the present Village of North Bennington by vote of the corporation at the annual meeting held on the 20th day of March, A. D., 1888.

(c) The following described portion of the Town of Bennington, in the County of Bennington embraced within the following described limits is hereby added to and made a part of the Village of North Bennington, viz; commencing at the southwest corner of the old T. W. Park farm now said to be owned by the estate of John G. McCullough; thence south 74 degrees 30 minutes east 107 feet along the north line of property belonging to Charles Hinsdill to the northeast corner thereof; thence south 56 degrees 45 minutes west 799 feet along the west line of the Henry woods, so-called, to the south line of the woods; thence south 20 degrees 15 minutes east 417 feet, following the fence along the south line of the woods to the McCullough estate’s west line; thence south 66 degrees west 717 feet along the McCullough estate’s west line to the north line of a cross road leading from Hindillville, so called, to Sodom, so called, by the Charles Hinsdill farm; thence easterly following the northerly boundary of the aforesaid road 1504 feet to a point opposite the center line of the covered bridge called the Henry Bridge; thence south 31 degrees 50 minutes west to the north abutment of the bridge; thence easterly following along the north bank of the Walloomsac River, so called, to a point in line with the east line of property belonging to Charles Wood; thence north 15 degrees 26 minutes 56 seconds east, crossing the tracks of the Vermont Company and the concrete highway leading from the Village of Bennington to the Village of North Bennington to the southeast corner of the Charles Wood property; thence north 15 degrees, 26 minutes 56 seconds east 218§ feet along the Wood’s east line to the south line of property belonging to Mrs. F. B. Jennings; thence north 15 degrees 26 minutes 56 seconds east 818.31 feet along the Jennings’ line to a corner marking the intersection of an easterly boundary of the Jennings’ land; thence north 72 degrees 39 minutes 18 seconds east 2285.36 feet through the Jennings’ land to a point in the south line of the private drive owned by Jennings leading easterly to the highway; thence running along the southerly boundary of the Village of North Bennington as heretofore established by law, the southerly line running from the above described point in the south line of the private drive south-westerly to the west line of the highway leading from H. C. White Company’s factory, northerly to the Village of North Bennington, and thence northerly on the west side of the highway and thence westerly on the southerly line of the Village as heretofore established, to the point of beginning.

(d) The following described lands within the Town of Bennington in the County of Bennington are hereby annexed to and made a part of the Village of North Bennington, viz:

PARCEL NO. 1:

Beginning at a point on the south side of Town Highway No. 118 (Harland Road, so called) where the present Village line intersects with the highway, and thence running easterly along the south boundary of Town Highway No. 118 to its intersection with the West boundary of Town Highway No. 117 (Mattison Road, so called); thence running easterly across the highway to the easterly side thereof; thence northeasterly along the east boundary of Town Highway No. 117 to the southwest corner of lands of Buchsbaum; thence continuing along the south line of Buchsbaum’s land to its southeast corner; thence running northeasterly along Buchsbaum’s east line to its intersection with lands of G. D. Mattison on the south line of the Mattison’s lands; thence running easterly along Mattison’s south line to the west line of the right-of-way of the Rutland Railroad Corporation; thence in a north-westerly direction following the southwesterly boundary of the Rutland Railroad Corporation right-of-way to the point of its intersection with the present Village line; thence running in a generally southerly direction following the present Village line to the place of beginning.

PARCEL NO. 2:

Beginning at a point on the south line of the Town of Shaftsbury where the present Village line turns south through lands of Colvin; thence running westerly along the south line of the Town of Shaftsbury along or through lands of Colvin, Jolivette, and Thurber to the west line of Thurber’s land; thence running southerly along the west line of Thurber to the north line of West Street Extension, so called; thence running easterly along the north line of West Street Extension to the point of its intersection with the present Village line; thence continuing easterly and then northerly following the present Village line to the place of beginning. (Added 2015, No. M-13 (Adj. Sess.), § 2, eff. Feb. 24, 2016.)"
North Troy,Village,253,Village of North Troy,1,"Corporate existence, boundaries",boundary_heading|boundary_language,1552,https://legislature.vermont.gov/statutes/section/24APPENDIX/253/00001,"All that part of Troy, in the County of Orleans, enclosed within the following boundaries: commencing at the northeast corner of land owned and occupied by Winfield S. Elkins, thence southerly along the line between the land owned and occupied by said Elkins, S. P. Hunt, and C. P. Adams, to the highway leading from North Troy Village to Newport, thence westerly in the highway to the river road, so called, thence southerly in the river road to the southeast corner of land owned and occupied by Curtis Elkins, thence westerly and southerly on said Curtis Elkins’ south and east line to the Missisquoi River, thence westerly along the river to the southeast corner of land formerly owned and occupied by the late Harvey Elkins, deceased, thence westerly on the south line of said Harvey Elkins’ land to the southwest corner of the land, thence southerly on the easterly line of land owned by John W. Currier to the southeast corner of said Currier’s land, thence westerly on the south line of said Currier’s land to the west road, so called, crossing the road and continuing westerly to the southwest corner of land owned by H. B. Parkhurst, thence northerly on lot lines to the Canadian boundary, thence easterly on Canada line to the Missisquoi River, following the river to S. B. Hammond’s north line, thence easterly along said Hammond’s north line to said Winfield S. Elkins’ northwest corner, thence along said W. S. Elkins’ north line to point commenced at-all surface measure-shall hereafter be known by the name of the Village of North Troy."
Orleans,Village,261,Village of Orleans,1,Boundaries; corporate names; powers,boundary_heading|boundary_language,6262,https://legislature.vermont.gov/statutes/section/24APPENDIX/261/00001,"All that part of Barton in the County of Orleans enclosed within the following boundaries, to wit, Beginning at the northwesterly corner of the highway bridge on the highway leading from Orleans Village to Coventry, near the junction of the Barton and Willoughby Rivers; thence north 47 1-2 degrees west across said highway to an iron stake on the westerly side of said highway at the southeasterly corner of land owned by Daniel Buchanan five rods: thence north 77 3-4 degrees west on the division line between said Daniel Buchanan land and land belonging to J.H. Clark and O.H. Austin, (crossing the railroad track) to an iron stake on the easterly line of the town of Irasburg 25 rods: thence south 41 degrees west along said easterly line of Irasburg to the center of the highway leading from Orleans Village to Irasburg Village 196 rods: thence south 41 degrees west on said Irasburg line to an iron stake on said town line at the northwest corner of land owned by H.R. Hall 41 rods: thence south 47 degrees east, on the division line between land owned by H.R. Hall and land owned by E.L. Chandler to an iron stake on the highway leading from Orleans Village to Barton Village 90 rods: thence south 47 degrees east through land owned by H.R. Hall and across the railroad track and Barton River and on the division line between said H.R. Hall land and lands owned by the estate of the late Hiram Blaisdell and by E.L. Chandler, O.H. Austin, C.S. Skinner and P. Guild to an iron stake on said division line at the southeasterly corner of said Chandler, Austin, Skinner and Guild land 78 1-5 rods: thence north 66 1-2 degrees east through land owned by H.C. Dudley to the center of the highway leading from Orleans Village to Barton Village 81 rods: thence north 66 1-2 degrees east across said highway and on the division between land owned by O.H. Austin and land owned by Geo. W. Peavey to an iron stake at the southeasterly corner of said Geo. W. Peavey’s land 13 1-2 rods: thence north 79 degrees east through land owned by O.H. Austin to an iron stake on the division line between said O.H. Austin’s land and land owned by Cynthia E. Webster 55 1-2 rods: thence south 86 degrees east on the division line between the land owned by said Cynthia E. Webster and lands owned by O.H. Austin and L.W. Stimpson to an iron stake on the northerly side of the highway leading from Orleans Village to Brownington Centre 47 1-2 rods: thence north 75 1-2 degrees east through lands owned by L.W. Stimpson and Carrie B. Hyde to an iron stake at the southwesterly corner of the cemetery 80 rods: thence north 30 1-2 degrees east along the division line between the cemetery and land owned by L.W. Stimpson to an iron stake at the southeasterly corner of the cemetery 16 rods and eight links: thence north 18 degrees east, through land owned by L.W. Stimpson to an iron stake at the northwesterly corner of land purchased of the estate of the late Timothy Dudley by O.H. Austin, 16 rods and 23 links: thence north 39 degrees east along the division line between land owned by L.W. Stimpson and said land purchased of the Dudley estate by O.H. Austin to an iron stake at the northeasterly corner of L.W. Stimpson’s land 23 rods: thence north 53 degrees west along the line between land owned by L. W. Stimpson and John Tripp to the northeast corner of land owned by H.R. Smith 11 rods and 4 links: thence north 53 degrees west along the division line between land owned by H.R. Smith and John Tripp and the estate of the late F.A. Stafford to an iron stake on the westerly side of the highway leading from Orleans Village to Brownington Village 69 rods and 17 links: thence south 50 1-2 degrees west, along the division line between said highway and land owned by Joseph Bartlett, to the southerly corner of said Bartlett’s land 10 rods and 10 links: thence north 54 degrees west along the line between the slaughter house and land owned by L.W. Stimpson and land owned by Joseph Bartlett to an iron stake at the north corner of said Stimpson’s land 69 rods and 10 links: thence south 39 1-4 degrees west along the line between the land owned by J. Bartlett and land owned by L.W. Stimpson to an iron stake at the west corner of L.W. Stimpson’s land 16 1-2 rods: thence north 41 1-2 degrees west, on the line between land owned by Joseph Bartlett, and land owned by A.D. Mathews to an iron stake at the north corner of A.D. Mathews’ land 40 rods: thence south 40 1-2 degrees west, on the line between land owned by Joseph Bartlett and land owned by A.D. Mathews to an iron stake on the west corner of A.D. Mathews’ land, and on the easterly bank of Willoughby River 32 rods: thence north 27 degrees west, through land owned by Joseph Bartlett, to the northeasterly corner of the highway bridge at the junction of Barton and Willoughby rivers 170 rods: thence along the northerly side of said bridge to the northwesterly corner thereof and to the bound begun at two rods and eight links, is hereby incorporated and shall hereafter be known by the name of the Village of Orleans and the inhabitants of said Village are hereby constituted a body politic and corporate, with all the usual powers and privileges incident to public corporations to be known by the name of the Village of Orleans and by that name, they and their successors shall and may have perpetual succession, and be capable in law of suing and being sued, pleading and being impleaded, and answering and being answered unto, defending and being defended in all courts and places whatever; and may have a common seal and the same change and alter at pleasure, and shall be capable in law of purchasing, holding, and conveying estate and property, both real and personal, for the use of said Village, and for supporting a fire department; may tax themselves and levy and collect such taxes for the purpose aforesaid, or to carry into effect any legal vote or bylaw of said corporation, providing that no tax shall be laid or collected without the consent or approbation of a major part of the legal voters of said Village present in open meeting duly warned and held agreeably to the provisions of this charter. (Added 1878, No. 196, § 1; amended 1892, No. 114, § 1; 1908, No. 256, § 1; 1927, No. 173, § 1.)"
Orleans,Village,261,Village of Orleans,2,Alteration of bounds; requisites,boundary_heading,416,https://legislature.vermont.gov/statutes/section/24APPENDIX/261/00002,"The Village may, by vote in Village meeting, alter its bounds with the written consent of each person whose residence or property will be included or excluded by such alteration. A record of such alteration of bounds and of such instruments of consent shall be made in the Town Clerk’s office of the Town of Barton and the alteration shall not take effect until such record has been made. (Added 1892, No. 114, § 2.)"
Orleans,Village,261,Village of Orleans,3,Territory embraced within; corporation limits constituted a highway district; assessment and collection of highway taxes,boundary_heading,765,https://legislature.vermont.gov/statutes/section/24APPENDIX/261/00003,"All the territory embraced within the limits of said Village is hereby constituted a highway district of the Town of Barton, and all the highway taxes assessed upon the ratable estate therein shall be paid in money; and the Selectboard of the Town of Barton shall make out a tax bill therefor, and deliver the same seasonably as required by law, with a warrant for its collection, to the Collector of said Village, who shall collect and pay said taxes into the Village treasury, to be expended under the direction of the trustees, in building, sustaining, and repairing of streets, roads, walks, lanes, alleys, and sidewalks in said Village; and no surveyor of highways for said highway district shall be required or chosen by said Town. (Added 1892, No. 114, § 3.)"
Orleans,Village,261,Village of Orleans,26,Duties of listers of Town of Barton respecting real estate within Village limits,boundary_heading,497,https://legislature.vermont.gov/statutes/section/24APPENDIX/261/00026,"It shall be the duty of the listers of the Town of Barton in making their assessments of real estate in said Town to designate in the list by them made, the real estate situated within the Village of Orleans; and in case any piece or parcel of real estate is situated partly within and partly without the limits of said Village, said listers shall designate in said list the appraised value of the real estate which lies within said limits. (Added 1892, No. 114, § 26; amended 1908, No. 256, § 1.)"
Orleans,Village,261,Village of Orleans,29,Damages; how fixed,boundary_language,1018,https://legislature.vermont.gov/statutes/section/24APPENDIX/261/00029,"In any case where damage or compensation to owners of, and other person interested in, the water so taken, or such land as may be used for laying, extending, constructing, and maintaining the aqueduct, and for the reservoirs and appurtenances, is not adjusted by agreement or if the owner thereof be a minor, a person who lacks capacity to protect his or her interests due to a mental condition or psychiatric disability, or out of the State, or otherwise incapacitated to sell and convey, the same shall be fixed by the Board of Trustees after hearing of all parties interested, the hearing being had upon written notice of the time and place thereof, given at least ten days before the hearing, and the Trustees shall, within ten days after the hearing file their award in the town clerk’s office in the town or towns where the property is situated, and cause the same to be recorded in the land records of the town or towns. (Added 1892, No. 114, § 29; amended 1933, No. 193, § 2; 2013, No. 96 (Adj. Sess.), § 173.)"
Orleans,Village,261,Village of Orleans,34,Trustees; general control of water system,district_heading,254,https://legislature.vermont.gov/statutes/section/24APPENDIX/261/00034,"The trustees of said Village shall have general control and management of the Village system of waterworks and perform all the duties connected therewith as provided in the charter of said Village. (Added 1892, No. 114, § 34; amended 1933, No. 193, § 3.)"
Orleans,Village,261,Village of Orleans,51,Licensing and activities of itinerant street vendors and peddlers,boundary_language,954,https://legislature.vermont.gov/statutes/section/24APPENDIX/261/00051,"(a) No person shall engage in the business of an itinerant street vendor or peddler within the corporate limits of the Village of Orleans without first applying for and receiving a license so to do. Such license fee shall be fixed by the trustees of such Village, but in the case of persons required to pay a peddler’s license tax to the State, such fee shall not exceed $2.00 per year. The provisions of this section shall not apply to person engaged in selling meats, poultry, eggs, butter, fruits, or vegetables that are raised or produced by them.

(b) Any person who shall engage in the business of an itinerant street vendor or peddler, either as principal or agent, within the corporate limits of the Village of Orleans, without first obtaining the license required in this charter, shall be fined not more than $25.00 nor less than $5.00 for each day that the person shall engage in such business without such license. (Added 1935, No. 256, § 1.)"
Poultney,Village,269,Village of Poultney,107,Intergovernmental relations,boundary_language,830,https://legislature.vermont.gov/statutes/section/24APPENDIX/269/00107,"The Village, through its Board of Trustees, may enter into any agreement with the United States of America or the State of Vermont, or both, or with any subdivision, department, agency, or activity of the United States of America or the State of Vermont, or both, to accept grants, loans, and assistance from the United States of America or the State of Vermont, or both, or from any subdivision, department, agency, or activity of the United States of America or the State of Vermont, or both, to make public improvements within said Village, or upon property or rights of said Village outside its corporate limits, whether owned by said Village as sole owner or owned by said Village in common with another municipality or other municipalities, and may make appropriations consistent with the charter to accomplish such purpose."
Poultney,Village,269,Village of Poultney,1712,Provisions,boundary_language,111,https://legislature.vermont.gov/statutes/section/24APPENDIX/269/01712,The territorial limits of the Village may be enlarged in the manner provided by the general laws of this State.
Swanton,Village,279,Village of Swanton,12,Water Department authorization,boundary_language,258,https://legislature.vermont.gov/statutes/section/24APPENDIX/279/00012,"The Village is authorized to own, operate, control, and manage a public water supply system within and without its corporate limits and shall exercise all powers, prerogatives, and authority conferred generally upon municipalities with respect to waterworks."
Swanton,Village,279,Village of Swanton,13,Sewer Department authorization,boundary_language,256,https://legislature.vermont.gov/statutes/section/24APPENDIX/279/00013,"The Village is authorized to own, operate, control, and manage a public sewage system within and without its corporate limits and shall exercise all powers, prerogatives, and authority conferred generally upon municipalities with respect to sewage systems."
Swanton,Village,279,Village of Swanton,14,Electric Department authorization,boundary_language,1792,https://legislature.vermont.gov/statutes/section/24APPENDIX/279/00014,"(a) The Village is authorized to acquire, purchase, own, construct, maintain, and operate a municipal electric plant, a communications plant, an energy supply system, generation, transmission, and distribution facilities, or any or all similar things, within and without its corporate limits, and shall exercise all powers, prerogatives, and authority conferred generally upon municipalities with respect to municipal electric plants, communications plants, and energy supply systems.

(b) The Village may furnish and sell for public or private use electric energy, heat, communications services, or any combination of those services, to parties residing within or without the corporate limits of the Village upon terms and subject to regulations as may be fixed by the Village trustees or agreed upon between the contracting parties.

(c) The charges and rates for electric energy or communications services shall be a lien on real estate, wherever located, furnished with the service in the same manner and to the same effect as taxes are a lien upon real property under 32 V.S.A. § 5061. The owner of the property, furnished with electric energy or communications service, wherever located, shall be liable for the charges and rates. The Village Clerk shall file in the land records in the town in which the property is located a notice of delinquency for all unpaid charges, to be indexed under the name of the property owner, regardless of whether an agreement has been made for the repayment of the charges. The lien provided for in this section shall be released only upon receipt of payment in full for all outstanding charges, interest, fees, penalties, and costs of collection, all as are set forth under 32 V.S.A. chapter 133 pertaining to the collection of overdue property taxes."
Swanton,Village,279,Village of Swanton,17,Rules of construction,boundary_language,196,https://legislature.vermont.gov/statutes/section/24APPENDIX/279/00017,"(a) Where the general law and this law conflict, this chapter shall apply.

(b) Any statutory reference in this chapter shall include all amendments, supplements, and replacements to this chapter."
Swanton,Village,279,Village of Swanton,20,Property,boundary_language,334,https://legislature.vermont.gov/statutes/section/24APPENDIX/279/00020,"By action of the Board of Trustees, the Village may acquire property within or without its corporate limits for any Village purpose, in fee simple or any lesser interest or estate, by purchase, gift, condemnation, devise, or lease. The Village may sell, lease, mortgage, hold, manage, and control property as its interest may require."
Wells River,Village,285,Village of Wells River,1,Incorporation of Village and boundaries,boundary_heading,443,https://legislature.vermont.gov/statutes/section/24APPENDIX/285/00001,"The ratable and all other estate included within the limits of School District Number One in Newbury, in the County of Orange, is hereby incorporated and shall hereafter be known by the name of the Village of Wells River; and the inhabitants of the Village are constituted a body politic and corporate, with all the usual powers incident to public corporations, to be known by the name of the Village of Wells River. (Added 1937, No. 301 § 1.)"
Wells River,Village,285,Village of Wells River,2,Alteration of boundaries,boundary_heading,701,https://legislature.vermont.gov/statutes/section/24APPENDIX/285/00002,"The inhabitants of the Village may alter the bounds of the Village with the written consent of the persons whose residence or property will be included or excluded thereby, such written consent and alteration being first recorded in the office of the Town Clerk of the Town of Newbury, and with the approval of the Town of Newbury as evidenced by the majority vote of the Town in Town meeting duly warned. If the Town of Newbury votes such approval, the consent, alteration, and the vote of the Town of Newbury shall be recorded in the office of the Clerk of the Village, and upon such recording, the alterations in the bounds of the Village so made shall become effective. (Added 1937, No. 301, § 2.)"
Wells River,Village,285,Village of Wells River,4,Specific powers conferred,boundary_language,5284,https://legislature.vermont.gov/statutes/section/24APPENDIX/285/00004,"(a) Without limitation of the generality of section 3 of this charter and the grant of the powers therein made, but as a more specific designation of some of the powers conferred upon the Village, the Village of Wells River has authority:

(1) To levy, assess, and collect taxes in order to carry out its powers; to appropriate and to borrow money, within the limits prescribed by the general laws; and to levy and collect special assessments for benefits conferred.

(2) To purchase, hold, and convey real estate and to purchase, erect, and keep in repair buildings and other structures for Village purposes; to furnish all local public services; to purchase, hire, construct, own, maintain, and operate or lease local public utilities, including aqueducts, reservoirs, and a water supply system; to acquire, by condemnation or otherwise, within or without the corporate limits, property necessary for any such public utility and other Village purposes, subject to restrictions imposed by the general law for the protection of other franchises and regulate the exercise thereof.

(3) To make local public improvements and to acquire, by condemnation or otherwise, property within its corporate limits necessary for such improvements, and also to acquire an excess over that needed for any such improvement, and to sell or lease such excess property with restrictions, in order to protect and preserve the improvement.

(4) To issue and sell bonds as permitted by the laws of this State with or without specific security thereof.

(5) To purchase or lease lands within or without the corporate limits of the Village; to lay out or widen streets, highways, lanes, commons, alleys, and walks; to provide places of healthy recreation in summer or in winter, such as a skating rink, a swimming pool, a playing field, a public park; to provide for tourist camp, aviation landing fields, and a municipal forest reserve; and for any municipal purposes whatever.

(6) To adopt and enforce within its limits building, police, sanitary, village planning, and other similar regulations and ordinances, bylaws, and other similar regulations not in conflict with the general laws.

(7) Subject always to the laws of this State and the limitations of section 3 of this charter, to enact and adopt ordinances, bylaws, and other regulations respecting the following matters within the Village limits:

(A) The sale and measurement of milk and dairy products, meats, fruits, provisions, vegetables, hay, grain, petroleum products of all kinds, wood, coal, fuels, and all other articles of public necessity.

(B) The construction, location, and use, and the licensing of hay scales; markets dealing with meat, fish, and food stuffs; slaughter houses; groceries; restaurants and eating establishments; manufacturing establishments, inns, and hotels; junk businesses; advertising billboards; overhanging signs; awnings; lunch carts; billiard and pool rooms; all places where beverages of any kind are sold or disposed of, either at wholesale or retail; public halls, theatres; dance halls; bowling alleys; moving picture houses; all places where tobacco, cigars, and cigarettes are sold or disposed of; blacksmith shops; trucking depots, stands, and other trucking establishments; public garages; repair shops; brick yards; stone sheds; cattle pens; hog pens; hen coops; coal sheds; dairies; laundries; dyeing establishments; garbage plants; gas works; livery stables; oil and gasoline tanks; gasoline filling stations; private sewers and cesspools; skating rinks; stables; privies; wells; and public dumps.

(C) Processions, parades, traveling showmen and their shows, clairvoyants, mendicants, fortune-tellers, spiritualists, mediums, itinerant street-vendors, pawnbrokers, transient retail businesses, and professional and amateur sports.

(D) Vehicles used in the conveyance for hire of persons or goods; milk and cream businesses and routes; pedestrian and vehicular traffic; the parking, operation, and speed of vehicles; guide posts, street signs, and street safety devices.

(E) Cruelty to animals, fast driving, the going at large of animals, and the keeping of bees.

(F) The erection of poles and the placing of wires, cables, and pipes; the laying of sewers; the excavating of streets; the disposal of garbage, filth, refuse, and animal carcasses; throwing or dumping of ashes, wastepaper, hand bills, circulars, or rubbish of any sort; the planting, preservation, or destruction of shade trees.

(G) The clearing, repairing, and improvement of streets, highways, commons, or walks, and the protection of the same from injury; the lighting of streets, highways, commons, or walks; keeping a watch; the restraining of cattle, horses, sheep, swine, geese, and other creatures from running at large; the planting and preservation of shade and other trees, including a municipal forest; the laying out, grading, fencing, and improving of public parks and commons.

(H) The suppression of nuisances, bawdy-houses, gaming houses; racing pools; gambling instruments of all kinds; noisome and offensive places and occupations, loafing, obscenity, and ribaldry upon the Village streets; vagrancy; riots and all breaches of the peace; pollutions of the Village water supply. (Added 1937, No. 301, § 4.)"
Westminster,Village,289,Village of Westminster,1,Boundaries; body politic,boundary_heading|boundary_language,1880,https://legislature.vermont.gov/statutes/section/24APPENDIX/289/00001,"The inhabitants of all that part of the Town of Westminster in the County of Windham, enclosed in the following boundaries, to wit:

Commencing at the northeast corner of the farm of Frank H. Farr, on the west bank of the Connecticut River, thence westerly on the north line of the Farr to the brow or top of Clapp’s Hill, so called, thence westerly on the north line of the Farr and land of the Kurn Hattin Home Association to the west side of the highway leading from Westminster East Parish to Westminster West Parish, thence northerly along the west side of the highway to the cold spring, so called, crossing the highway at the spring, thence northerly on the west line of lands of the Westminster Aqueduct Society, J. F. Ward, Rollo Metcalf, L. G. Converse, C. A. Peck, and Edgar A. Williams, crossing the highway leading from the former residence of Nelson Johnson to the residence of E. F. Lewis, at the northwest corner of land of the Williams, thence easterly on the north side of the last mentioned highway to land belonging to the estate of Nelson Johnson, thence northerly in a straight line to the southwest corner of land of Anders and Elna Nelson, thence northerly on the west line of land of John P. Holmes, Charles G. Miller, and Willis V. Farr to the north line of the Farr, thence easterly on the north line of the Farr to the river road, so called, leading from the Westminster to Bellows Falls and crossing the highway at the north line of the Farr and lands of the Vermont Valley Railroad to the east boundary of the railroad, thence northerly on the easterly right-of-way of the railroad to the west bank of the Connecticut River, thence southerly on the west bank of the river to the point of beginning, are hereby incorporated and made a body politic and shall be called the Village of Westminster. (Added 1912, No. 334, § 1; amended 1915, No. 309, § 1.)"
Woodstock,Village,291,Village of Woodstock,1,Village boundaries; residents; Town inhabitants,boundary_heading|boundary_language,1655,https://legislature.vermont.gov/statutes/section/24APPENDIX/291/00001,"(a) That part of the Town of Woodstock, in the County of Windsor, beginning at a stone post standing on the easterly side of the highway leading from the Village of Woodstock to Taftsville, and distant about 70 rods from the present northeast corner of the Village; thence running south 65 degrees east 62 rods to a corner; thence south 40 degrees west 128 rods to the northeasterly corner of the creamery lot; thence the same course 301 rods to the southeast corner of R. E. Townsend’s meadow; thence westerly on Townsend’s land 117 and one-half rods to Harvey H. Lockwood’s east line; thence north 51 and one-half degrees west 96 rods to a stone post standing on the northwesterly side of the highway near Sorrel Lucia’s house; thence same course 78 rods to a corner; thence north 39 degrees east 73 rods to the north-east corner of L. B. Marble’s wood shed; thence same course 304 rods to the south-west corner of Allen W. Thompson’s house; thence south 65 degrees east 64 and a half rods to a stone post standing near the fair ground school house so called; thence same course 171 rods to place of beginning, shall hereafter be known by the name of the Village of Woodstock.

(b) The corporation hereby created may alter the boundaries and limits of the Village, with the consent of any person or persons to be included or excluded by such alteration; and a record of all such alterations shall be made in the office of the Town Clerk of the Town of said Town of Woodstock. The inhabitants and territory included in the limits of the Village shall belong to the Town of territory of Woodstock, in the same manner as though this charter had not passed."
Addison County Solid Waste Management District,District,401,Addison County Solid Waste Management District,5,Powers,boundary_language,6758,https://legislature.vermont.gov/statutes/section/24APPENDIX/401/00005,"Except as otherwise provided or limited in this chapter, the District shall have the following powers:

(1) To operate, cause to be operated, contract for, and otherwise provide for the collection and transportation of solid waste, and for the operation and maintenance of solid waste facilities, programs, and services of every kind, including sanitary landfills, incinerators, recycling centers, intermediate processing facilities, composting plants or resource recovery facilities, information and education programs, waste reduction services, or any combination thereof, and to determine and make proper charges for the cost of such facilities, programs, and services by rule, regulation, or ordinance; such costs for facilities, programs, and services may be recovered, in whole or in part, by requiring the owners and operators of facilities accepting solid waste generated from within the District, including facilities within and without the District, not owned or controlled by the District, to charge persons delivering solid waste to such facilities and to remit such charges to the District.

(2) To purchase, sell, lease, own, acquire, convey, mortgage, improve, and use real and personal property in connection with the purpose of the District, and to construct, develop, and maintain solid waste facilities in accordance with federal and State law. District-owned and leased real property shall not be exempt from municipal property taxation, except that a municipality by its voters and the District by its Board of Supervisors may agree to exempt District-owned or leased property from taxation and to provide for payments to the municipality in such amounts as are agreeable to the respective parties.

(3) To hire and fix the compensation of employees.

(4) To sue and be sued.

(5) To enter into contracts for any term or duration, including contracts with consultants and other experts for services, contracts with the State of Vermont or the federal government or any agency or department thereof, for services, and contracts with any participating municipality for the services of any officers or employees of the municipality useful to it.

(6) To provide solid waste disposal services for the member municipalities, the inhabitants thereof, and their businesses, and for such others as its facilities and obligations may allow.

(7) To contract with a nonmember municipality or a private entity for the disposal of solid waste generated outside the boundaries of the District, provided the contract will not increase the cost of solid waste disposal to the member municipalities or the inhabitants thereof.

(8) To contract to pay for solid waste disposal services on the basis of guaranteed amounts, whether delivered for disposal and accepted for disposal or not, of solid waste, with payments based on such guaranteed amounts, whether actually disposed of or not, which payments may be variable and may be determined by formulae expressed in such contracts.

(9) To the extent that quantities of regulated and unregulated hazardous wastes are found as part of the solid waste stream, to require the separation of, and otherwise plan for and manage such wastes, consistent with applicable State and federal laws and regulations.

(10) To make recommendations for review and action to its member municipalities and other public agencies that perform functions within the region in which its member municipalities are located.

(11) To acquire by the exercise of the power of eminent domain any real property that the District may deem necessary for its purposes, after the adoption of a resolution by the Board of Supervisors declaring that the acquisition of the real property described therein is necessary for such purposes. The District may exercise the power of eminent domain following the procedures provided for the condemnation of land or rights therein as set forth in 24 V.S.A. § 3211(a)-(e) and 3212(a)-(c), (e), and (f) (or following any other procedure allowed by law) and to that end, it shall have the power to survey and test, and to apply for orders of the court to do so as set forth in 24 V.S.A. § 3209(3). Property already devoted to a public use may be acquired, provided no real property belonging to a member municipality, the county, the State, or any political subdivision thereof may be acquired without its consent.

(12) To borrow money and issue evidence of indebtedness as provided by 24 V.S.A. chapter 53.

(13) To establish a budget and assess member municipalities in accordance therewith.

(14) To appropriate and expend monies.

(15) To establish capital reserve funds for public improvements in furtherance of its purpose.

(16) To regulate the collection, transportation, resource recovery, recycling, and disposal of solid waste within the District and to require that acceptable solid wastes generated within the District and any member municipality shall be disposed of only in and upon facilities operated by or on behalf of the District; or in a facility or manner that is part of an approved District plan.

(17) To issue local franchises and to enact, amend, or repeal any and all rules, regulations, and ordinances necessary to manage the collection, transportation, storage, processing, recovery, recycling, and disposal of solid waste, or otherwise necessary or desirable for the orderly conduct of the affairs of the District, and for carrying out the purposes of the District, and to impose penalties for the violation thereof not exceeding $500.00, and to provide, upon petition of the District to the Superior Court, in addition to such injunctive and other relief as may be available, for civil penalties for the violation thereof not exceeding $500.00. Any such rule, regulation, or ordinance may further provide that each day a violation continues shall constitute an additional, separate, and distinct offense.

(18) To require each member municipality, either directly or through independent parties, to provide one or more collection sites for the solid waste generated within such member municipality and for the transportation of such solid waste to the District facility, together with all costs incident thereto, and to assess any costs resulting to the District as a result of a failure of any member municipality to comply with the District’s requirements to such member municipality.

(19) To accept and administer gifts, grants, and bequests in trust or otherwise for the purpose of the District.

(20) To exercise all powers incident to a public corporation.

(21) To exercise any other powers that are exercised or are capable of exercise by any of the District’s participating municipalities and necessary or desirable for dealing with problems of mutual concern."
Central Vermont Solid Waste Management District,District,403,Central Vermont Solid Waste Management District,15,Voting,boundary_language,1892,https://legislature.vermont.gov/statutes/section/24APPENDIX/403/00015,"(a) Except as otherwise provided in this chapter, each member of the Board of Supervisors shall be entitled to cast one vote for every 1,000 population, or part thereof, in the municipality that the Supervisor represents; provided, however, no member municipality or supervisor shall be entitled to more than 20 votes, regardless of the population of the municipality. A member of the Board of Supervisors may not split its votes. The determinations of population shall be made based upon the latest census provided by the Vermont Department of Health.

(b) The vote of the Board of Supervisors approving the siting of any solid waste disposal facility, including a landfill, incinerator, gasifier, plasma arc conversion facility, or a facility using similar technologies that rely on extremely high temperature heating of high carbon feedstocks, any other similar facility that poses a potential for risk to the environment or the public; or a biosolids facility shall require an affirmative recorded vote of the supervisor representing the town or city in which such facility is to be located, in addition to approval by two-thirds vote of the entire Board of Supervisors.

(c) The vote of the Board of Supervisors approving the siting of a resource recovery facility, including a recycling, transfer, or composting facility shall require an affirmative recorded vote of the supervisor representing the town or city in which the facility is to be located, in addition to approval by two-thirds vote of the entire Board of Supervisors.

(d) The District may not enter into any contract with nonmember municipalities or private entities for the management of solid waste generated outside the boundaries of the District, unless the contract is deemed to be in the best interests of the District, and approved by a two-thirds majority of the Board of Supervisors. (Amended 2017, No. M-1, § 1.)"
Chittenden Solid Waste Management District,District,405,Chittenden Solid Waste Management District,5,Powers,boundary_language,9138,https://legislature.vermont.gov/statutes/section/24APPENDIX/405/00005,"The District shall be a body politic and corporate with the powers incident to a municipal corporation under the laws of the State of Vermont consistent with the purpose of the District, and in addition shall have the following powers:

(1) To operate, cause to be operated, and contract for the operation of any and all facilities for the collection, transportation, resource recovery, recycling, and disposal of solid waste.

(2) To purchase, sell, lease, own, acquire, convey, mortgage, improve, and use real and personal property in connection with the purposes of the District and to construct, develop, and maintain solid waste management facilities in accordance with federal, State, and local law. At the election of the municipality in which District-owned or leased real property is located (which election, once made, shall be final unless otherwise mutually agreed upon by the District and such municipality), District-owned and leased real property shall be exempt from municipal property taxation and special assessments; the District may agree to make payments to the municipality in lieu of such taxes or special assessments.

(3) To sue and be sued.

(4) To make contracts of every kind and nature.

(5) To fix, alter, charge, and establish fees and other charges for the services and facilities within its area of operation, which fees and charges shall be equitable and just.

(6) To enter into management contracts with any person or persons for the management of District facilities for such period or periods of time and under such compensation and other items and conditions as shall be deemed advisable by the District Board.

(7) To accept gifts or grants or loans of money or other property from any person.

(8) To enter into contracts, leases, or other transactions with any federal agency, the State, any agency of the State, or with any other public body of the State, including municipalities.

(9) To exercise the power of eminent domain within the District.

(10) To borrow money and issue evidence of indebtedness as provided by 24 V.S.A. chapter 53 as presently enacted and as later may be amended. For the purpose of that chapter, the grand list of the District shall be deemed to be the total of the grand lists of member municipalities, and the debt limit of the District shall not be diminished by any obligation incurred by a member municipality alone. Obligations incurred under such chapter shall be the joint obligations of the District and, except as otherwise expressly provided in the terms thereof, of each member municipality as provided in section 34 of this chapter but shall not be included in the indebtedness of a member municipality for purposes of compliance with debt limitations. The cost of debt service shall be included in the annual budget of the District as provided in section 31 of this chapter, and to the extent not paid by user fees and revenues shall be allocated among the member municipalities as set forth in sections 31 and 34 of this chapter. Where voter approval is required pursuant to 24 V.S.A. chapter 53, the Board of Commissioners shall determine the number and location of polling places, and when a majority of all the voters present and voting on the question from all of the member municipalities at such meeting vote to authorize the issuance of bonds, the Board of Commissioners shall be authorized to issue the bonds as provided in 24 V.S.A. chapter 53 and in this chapter.

(11) To hire and fix the compensation of employees.

(12) To contract with architects, engineers, financial and legal consultants, and other experts for services.

(13) To contract with individuals, corporations, associations, authorities, and agencies for services.

(14) To provide solid waste disposal services for the member municipalities, the inhabitants thereof, and the businesses therein, and for such others as its facilities and obligations may allow.

(15) To contract to pay for solid waste disposal services, including on the basis of guaranteed amounts, whether delivered for disposal and accepted for disposal or not, of solid waste, with payments based on such guaranteed amounts, whether actually disposed of or not, which payments may be variable and may be determined by formulae expressed in such contracts.

(16) To contract with any member municipality for the services of any officers or employees of that municipality useful to the District.

(17) To promote cooperative arrangements and coordinated action among its member municipalities.

(18) To make recommendations for review and action to its member municipalities and other public agencies that perform functions within the region in which its member municipalities are located.

(19) To exercise any other powers that are necessary or desirable for dealing with solid waste problems of mutual concern and that are exercised or are capable of exercise by any of its member municipalities.

(20) To establish a budget and assess member municipalities in accordance therewith.

(21) To appropriate and expend monies.

(22) To establish sinking funds for the retirement of bonded or other indebtedness.

(23) To establish debt service reserve funds, operating reserve funds, capital reserve funds for public improvements, and such other funds and accounts as the Board of Commissioners deems necessary or desirable.

(24) To regulate by ordinance, rule, or regulation the collection, transportation, resource recovery, recycling, and disposal of solid waste within the District and to require that acceptable solid wastes generated within the District and any member municipality therein shall be disposed of only in and upon facilities operated by or on behalf of the District.

(25) To enact and enforce any and all necessary or desirable regulations for the orderly conduct of the government and for carrying out the purpose of the District.

(26) To enter on any lands and premises for the purpose of making surveys and conducting hydrogeological and other scientific studies and to obtain an order for this purpose from a court of competent jurisdiction in the event entry is denied or resisted.

(27) To enter into cooperative or interlocal agreements with other municipalities or persons, within or beyond the territorial limits of the District, providing for the disposal and management of solid waste.

(28) To exercise the power of eminent domain within any municipality that has withdrawn from the District, provided such property or site to be taken by eminent domain must have been considered, by official action of the Board of Commissioners, as a potential site or sites for a solid waste management facility during the 12-month period immediately preceding the date of withdrawal.

(29) To appoint a Grand Juror, a Constable, and such other officers and agents for the enforcement of ordinances, rules, and regulations of the District. The District Grand Juror shall have the same powers, perform the same duties, and incur the same liabilities as grand jurors in towns, and shall be entitled to such salary as the Board of Commissioners may determine within limits established by the budget. The District Grand Juror may prosecute before applicable Vermont courts violations of the ordinances, rules, and regulations of the District.

(30) To enter into contracts with banks, insurance companies, or other financial institutions so as to obtain a letter of credit, bond insurance, or other forms of financial guarantees or credit enhancement in connection with District bonds, notes, or other evidence of indebtedness.

(31) To enter into siting agreements with municipalities within which a District facility is to be located, which agreements may specify the terms, conditions, and provisions under which a District facility shall be constructed, maintained, and operated. Such agreements may further provide, in the event it is impossible or impracticable to determine whether damage to the environment is caused by the District facility or from adjacent property, the District may indemnify and hold harmless the municipality from any such damage, costs, and liabilities.

(32) To provide host communities of District facilities with incentive payments, services, and benefits, including monetary payments to protect the health, safety, comfort, convenience, and social and economic security of the host community and its inhabitants; monetary payments and other provisions to assure the protection of the environment and natural resources of the host community; and reimbursement of costs incurred by the host community in negotiating siting agreements including costs of mediation or arbitration.

(33) To exercise all powers necessary, appurtenant, convenient, or incidental to the carrying out of the District’s purpose and to exercise all powers granted by any act of the General Assembly, either generally to a class of solid waste districts including the District or specifically to the District. Such powers may be exercised by the District without further amendment of this charter unless specifically required by such act of the General Assembly granting such powers."
Greater Upper Valley Solid Waste Management District,District,407,Greater Upper Valley Solid Waste Management District,107,Responsibility to accept solid waste,boundary_language,1555,https://legislature.vermont.gov/statutes/section/24APPENDIX/407/00107,"(a) The District becomes responsible for providing a system for solid waste management, as delineated in subsection (b) of this section, when the Board of Supervisors declares the management system operational.

(b) The District shall provide a system for the management of all solid waste generated therein. Such system shall be revised and amended from time to time, and shall include all facilities, both public and private, for the collection, transportation, storage, treatment, disposal, and reuse of solid waste, all of which facilities shall be subject to regulation by the District. All solid waste subject to management control and regulation by the District shall be classified in accordance with the cost of managing or disposing of the same, and charges imposed by the District for such management and disposal shall be made in accordance with such costs. The District may contract with a nonmember municipality or a private entity for the disposal or management of solid waste generated outside the boundaries of the District, provided that such contract will provide a significant benefit to the District or a member thereof, and further provided that the solid waste that is the subject of any such contract shall be subject to at least as stringent standards, conditions, and controls as solid waste generated within the District.

(c) Each member municipality agrees to act as a host community in the event that the District decides to establish a solid waste management and/or material recovery facility within that member municipality."
Lamoille Regional Solid Waste Management District,District,409,Lamoille Regional Solid Waste Management District,601,Withdrawal of a municipality,boundary_language,3579,https://legislature.vermont.gov/statutes/section/24APPENDIX/409/00601,"(a) Subject to the provisions of subsection (b) of this section, a member municipality may vote to withdraw from this chapter in the same manner as it votes to adopt the chapter if one year has elapsed since the District has become a body politic and corporate and if the District has not voted to bond for construction and improvements, all in accordance with 24 V.S.A. § 4863(g). The provisions of 24 V.S.A. § 4863(i) and (j) shall apply so that any vote of withdrawal taken less than one year from the time the District has become a body politic and corporate or any vote of withdrawal taken after the District has voted to bond for construction and improvements shall be null and void. The membership of a withdrawing member shall terminate as of one year following a valid vote to withdraw or as soon after such one-year period as the financial obligations of the withdrawing member have been paid to the District. All of the foregoing notwithstanding, however, in the event that the General Assembly of the State of Vermont shall specifically approve, then a member may vote to withdraw from the District at any time.

(b) The financial obligations of a withdrawing member shall include all ongoing costs and assessments of the District until the withdrawing member has entered into a written agreement satisfactory to counsel for the District obliging the withdrawing municipality as follows:

(1) To continue to pay its share of all debts incurred by the District for the remaining terms of all bonds and contracts in existence at the time when the vote to withdraw was taken.

(2) To pay the costs of redesigning, rebuilding, or otherwise changing any facility of the District that may be occasioned by the reduced volume of solid waste resulting from the withdrawal of the member. Such costs shall be determined by an independent engineering firm hired by the Board and shall bind both the Board and the withdrawing municipality.

(3) To pay its share, based upon its assessment for the year in which it withdraws, of the defense costs and judgment rendered in any legal action brought against the District arising or accruing in any year during which it was a member of the District.

(4) To pay its share, based upon its assessment for the year in which it withdraws, of all unbudgeted costs and expenses of the District arising out of the activities of the District during the withdrawing member’s term of membership, regardless of when such costs and expenses may be discovered.

(5) To pay all of these additional costs either in a lump sum or in installments at such times and in such amounts as required by the Board.

(c) Subsections (a) and (b) of this section notwithstanding, in the event there is a recycling or treatment facility or contracts for recycling or treatment in effect, and in the further event that the withdrawal of a member would reduce the amount of solid waste generated to less than the minimum volume required to meet the District’s long-term contractual commitments related thereto, then no withdrawal of a member shall be permitted during the term of such commitments.

(d) After a member has voted to withdraw, the Board shall give notice to the remaining members of the vote to withdraw and shall hold a meeting to determine if it is in the best interest of the District to continue to exist. All interested parties shall be given an opportunity to be heard. If the Board determines that it would be in the best interests of the District to cease operations, the Board may prepare and implement a plan for dissolution of the District."
Northeast Kingdom Waste Management District,District,411,Northeast Kingdom Waste Management District,107,Responsibility to accept waste,boundary_language,521,https://legislature.vermont.gov/statutes/section/24APPENDIX/411/00107,"(a) The District shall not enter into any contract with nonmember municipalities or private entities for the management of solid waste generated outside the boundaries of the District unless the contract is deemed to be in the best interests of the District and approved by a two-thirds majority of the Board of Supervisors.

(b) Each member municipality agrees to act as a host community for any District facility or facilities determined by all regulatory agencies having jurisdiction to be environmentally appropriate."
Northwest Vermont Solid Waste Management District,District,413,Northwest Vermont Solid Waste Management District,106,Responsibility to accept solid waste,boundary_language,1095,https://legislature.vermont.gov/statutes/section/24APPENDIX/413/00106,"(a) The District shall become responsible for providing a system for solid waste disposal, as delineated in subsections (b), (c), and (d) of this section, when the Board of Supervisors declares the disposal system operational.

(b) The District shall provide a system for disposal of all solid waste generated by residential and commercial activities, including tires and metal goods generated within the member municipalities.

(c) The District may provide for:

(1) The disposal of solid waste from industrial activities within a member municipality.

(2) The disposal of sludge through contract with a member municipality, provided that the sludge is disposed of at no cost to the other member municipalities.

(3) The disposal of any or all demolition and construction waste and yard wastes from any member municipality.

(d) The District may contract with a nonmember municipality or a private entity for the disposal of solid waste generated outside the boundaries of the District, provided that the contract will not increase the cost of solid waste disposal to the member municipalities."
Windham Solid Waste Management District,District,417,Windham Solid Waste Management District,3,Composition,boundary_language,399,https://legislature.vermont.gov/statutes/section/24APPENDIX/417/00003,"The District shall be composed of and shall include all of the lands and residents within those municipalities that vote to approve and enter into this chapter at the time of its creation, and any other municipalities subsequently admitted to the District, except for those municipalities that may withdraw as provided in this chapter. (Amended 2011, No. M-11 (Adj. Sess.), § 2, eff. July 12, 2012.)"
Windham Solid Waste Management District,District,417,Windham Solid Waste Management District,7,Responsibility to accept solid waste,boundary_language,1204,https://legislature.vermont.gov/statutes/section/24APPENDIX/417/00007,"(a) The District may become responsible for providing a system for solid waste disposal, as delineated in subsection (b) of this section when the Board of Supervisors declares the disposal system operational.

(b) The District may provide a system for disposal or recycling of all solid waste generated by residential and commercial activities within the member municipalities. The District may provide for the disposal of solid waste from industrial activities within a member municipality. The District may provide for the disposal of sludge through contract with a member municipality, provided the sludge is disposed of at no cost to the other member municipalities. Finally, the District may contract with a nonmember municipality or a private entity for the disposal of solid waste generated outside the boundaries of the District, provided the contract will not increase the cost of solid waste disposal to the member municipalities.

(c) Each member municipality agrees to act as a host community in the event the District decides to establish a solid waste transfer, treatment, or disposal facility within that member municipality. (Amended 2011, No. M-11 (Adj. Sess.), § 2, eff. July 12, 2012.)"
Milton Fire District No. 1,Fire District,501,Milton Fire District No. 1,1,Boundaries,boundary_heading|boundary_language,343,https://legislature.vermont.gov/statutes/section/24APPENDIX/501/00001,"The boundaries of the Milton Fire District No. 1 shall consist of 33 residential lots as shown on a plan entitled “Plat of Survey Showing Sawyer Property (Portion), Milton, Vermont,” dated May, 1977, and recorded in map book 3 on page 101 of the land records of the Town of Milton, and designated as map number 136. (Added 2003, No. M-5, § 2.)"
Milton Fire District No. 1,Fire District,501,Milton Fire District No. 1,4,Annual and special Fire District meetings,district_heading,203,https://legislature.vermont.gov/statutes/section/24APPENDIX/501/00004,"Annual and special meetings of Milton Fire District No. 1 shall be held in conformance with the notice, warning, and voting requirements of 17 V.S.A. chapter 55, subchapter 2. (Added 2003, No. M-5, § 2.)"
St. George Fire District No. 1,Fire District,503,St. George Fire District No. 1,1,Boundaries,boundary_heading|boundary_language,160,https://legislature.vermont.gov/statutes/section/24APPENDIX/503/00001,"The boundaries of St. George Fire District No. 1 shall be as recorded in volume 25, page 111 of the Town of St. George land records. (Added 2003, No. M-9, § 2.)"
St. George Fire District No. 1,Fire District,503,St. George Fire District No. 1,4,Annual and special Fire District meetings,district_heading,1077,https://legislature.vermont.gov/statutes/section/24APPENDIX/503/00004,"(a) Warnings. Annual and special meetings of the Fire District shall be warned by the Clerk, or in the Clerk’s absence, any member of the Prudential Committee. The warning shall include the purpose of the meeting and the time and place of the meeting. The notice shall be posted at two or more public places in the District not more than 40 days or less than 30 days before the meeting. The District Clerk shall record all warnings in the Fire District records.

(b) Annual meetings. The annual meeting of the Fire District shall be held on the third Tuesday in May.

(c) Special meetings. The Clerk of the Fire District shall warn a special meeting upon petition of three or more voters of the District or five percent of the District, whichever is greater.

(d) Quorum and voting. Persons residing within the Fire District who are voters in the Town of St. George shall be entitled to vote at a Fire District annual or special meeting. A quorum at an annual or special meeting of the Fire District shall be by seven or more voters of the District. (Added 2003, No. M-9, § 2.)"
St. George Fire District No. 1,Fire District,503,St. George Fire District No. 1,7,Prudential Committee,boundary_language,2939,https://legislature.vermont.gov/statutes/section/24APPENDIX/503/00007,"(a) The Prudential Committee shall be the administrative body of the Fire District and shall be responsible for the control and management of the affairs, property, and interests of the Fire District. The Prudential Committee may exercise all powers of the Fire District unless otherwise provided in 20 V.S.A. chapter 171 or this chapter. These powers shall include the execution of contracts, the commencement of actions in the name of the Fire District, defending actions brought against the Fire District, and the settlement of claims on behalf of the Fire District. The Prudential Committee may appoint an Assistant Clerk and an Assistant Treasurer as it deems necessary.

(b) The Prudential Committee shall meet on the first Wednesday of each month. The Prudential Committee may alter the date of regular meetings upon a majority vote of the members present and voting. Meetings of the Prudential Committee shall be warned by the District Clerk, and the warning shall contain the purpose of the meeting and the time and place of the meeting. The notice shall be posted in at least two public places in the District at least 24 hours prior to the meeting.

(c) At the first regular meeting of the Prudential Committee following an annual meeting, the members of the Prudential Committee shall elect a Chair and Vice Chair from their membership. At all meetings of the Prudential Committee and Fire District, the Chair of the Prudential Committee shall preside. In the absence of the Chair, the Vice Chair shall preside.

(d) A majority of the members of the Prudential Committee present at a regular or special meeting of the Prudential Committee shall constitute a quorum. Each member of the Prudential Committee shall have one vote, and the act of a majority of the Prudential Committee present and voting shall be an act of the Prudential Committee.

(e) Any member of the Prudential Committee may resign at any time by giving written notice to the Chair of the Prudential Committee. Unless otherwise stated in the resignation, the resignation is effective upon receipt and acceptance by the Chair is not necessary to make the resignation effective.

(f) A member of the Prudential Committee may be removed, with or without cause, at a special meeting of the Fire District called for that purpose, upon a majority vote of the members of the District present and voting. A member of the Prudential Committee may be removed for cause upon a majority vote of the members of the Prudential Committee present and voting.

(g) Any vacancy on the Prudential Committee may be filled by the Selectboard of the Town of St. George. The appointee shall be a registered voter of the Town of St. George and reside within the boundaries of the Fire District. The appointee shall serve until the next annual meeting of the Fire District, at which time an election shall be held to fill the unexpired portion of the term. (Added 2003, No. M-9, § 2.)"
Bolton Fire District No. 1,Fire District,504,Bolton Fire District No. 1,1,Boundaries,boundary_heading|boundary_language,166,https://legislature.vermont.gov/statutes/section/24APPENDIX/504/00001,"The boundaries of the Bolton Fire District No. 1 shall be as recorded in the Town of Bolton land records. (Added 2003, No. M-18 (Adj. Sess.), § 2, eff. May 20, 2004.)"
Bolton Fire District No. 1,Fire District,504,Bolton Fire District No. 1,4,Annual and special Fire District meetings,district_heading,777,https://legislature.vermont.gov/statutes/section/24APPENDIX/504/00004,"(a) The annual meeting of Bolton Fire District No. 1 shall be warned and held as provided by law and this charter.

(b) Special meetings of Bolton Fire District No. 1 shall be called by the District Clerk of the Prudential Committee as provided by law and this charter.

(c) Notice of annual and special Fire District meetings shall be given by recording the warning in the Town of Bolton Office and thereafter posting the same in at least two public places within the Fire District. Notice of annual and special Fire District meetings shall be provided to each member of the Prudential Committee and each member of the advisory committee no more than 40 days and no less than 30 days before the date of the meeting. (Added 2003, No. M-18 (Adj. Sess.), § 2, eff. May 20, 2004.)"
Bolton Fire District No. 1,Fire District,504,Bolton Fire District No. 1,5,Officers,boundary_language,1421,https://legislature.vermont.gov/statutes/section/24APPENDIX/504/00005,"(a) Prudential Committee. The Prudential Committee shall consist of five members. The members of the Prudential Committee shall be elected to staggered terms so that only two members shall be elected annually, unless a vacancy has occurred and an election is necessary to fill the vacancy. Vacancies on the Prudential Committee shall be filled by appointment by the Prudential Committee. Each appointee shall reside within the boundaries of the Fire District. Each appointee shall serve until the next annual meeting of the Fire District, at which time an election shall be held to fill the unexpired portion of the term.

(b) District Clerk. The District Clerk shall keep minutes of all Fire District and Prudential Committee meetings and votes.

(c) District Treasurer. The duties of the District Treasurer shall include:

(1) accepting payment of current accounts on behalf of the Fire District;

(2) keeping accurate records of all payments made to the District;

(3) alerting the Prudential Committee of any past due accounts;

(4) keeping accurate records of all financial transactions made by the District.

(d) District Tax Collector. The District Tax Collector shall have the same power in assessing, levying, and collecting all past due accounts, interest on those accounts, and penalties as town officers have in assessing and collecting town taxes. (Added 2003, No. M-18 (Adj. Sess.), § 2, eff. May 20, 2004.)"
Williamstown Fire District Charter,Fire District,505,Williamstown Fire District Charter,2,Body corporate and corporate limits,boundary_heading|boundary_language,892,https://legislature.vermont.gov/statutes/section/24APPENDIX/505/00002,"(a) The legal voters of the District shall be a body corporate. The corporate limits shall be the boundary lines of the Town of Williamstown, being bounded as follows: easterly by the line of Washington; southerly by the lines of Chelsea and Brookfield; westerly by the lines of Northfield and Berlin; and northerly by the lines of Berlin and Barre.

(b) While the District encompasses the same area as the Town of Williamstown, it shall be a corporate body separate from the Town of Williamstown. It shall elect its own officers, vote its own taxes, and manage its own affairs as follows:

(1) The Fire District Prudential Committee shall, for the Fire District, set a Fire District tax rate in the same manner that the Selectboard set the Town tax rate as provided by 17 V.S.A § 2664.

(2) The Prudential Committee shall make contact with the Town for the collection of Fire District taxes."
Cold Brook Fire District No. 1,Fire District,507,Cold Brook Fire District No. 1,1,Boundaries,boundary_heading|boundary_language,218,https://legislature.vermont.gov/statutes/section/24APPENDIX/507/00001,"The boundaries of Cold Brook Fire District No. 1 shall be as recorded in Book 111, page 184 et seq. of the land records of the Town of Wilmington and in Book 86, page 5 et seq. of the land records of the Town of Dover."
North Branch Fire District No. 1,Fire District,509,North Branch Fire District No. 1,1,Corporate existence retained,boundary_language,261,https://legislature.vermont.gov/statutes/section/24APPENDIX/509/00001,"North Branch Fire District No. 1, within the corporate limits presently established, shall continue to be a fire district and municipal corporation by the name of the North Branch Fire District No. 1. (Added 2013, No. M-18 (Adj. Sess.), § 2, eff. May 20, 2014.)"
Fairfax Fire District No. 1,Fire District,511,Fairfax Fire District No. 1,1,Creation of Fire District,district_heading|boundary_language,255,https://legislature.vermont.gov/statutes/section/24APPENDIX/511/00001,"Fairfax Fire District No. 1, within the corporate limits presently established, shall continue to be a fire district and municipal corporation by the name of the Fairfax Fire District No. 1. (Added 2023, No. M-17 (Adj. Sess.), § 2, eff. February 1, 2024.)"
Fairfax Fire District No. 1,Fire District,511,Fairfax Fire District No. 1,2,Boundaries,boundary_heading|boundary_language,281,https://legislature.vermont.gov/statutes/section/24APPENDIX/511/00002,"The boundaries of Fairfax Fire District No. 1, as recorded with the Town of Fairfax, are bounded on the north by Bessette Road, the west by Highland Road, the south by Brick Church Road, and the east by VT Route 104. (Added 2023, No. M-17 (Adj. Sess.), § 2, eff. February 1, 2024.)"
Morristown Corners Water Corporation,Water Corporation,701,Morristown Corners Water Corporation,1,Boundaries,boundary_heading|boundary_language,512,https://legislature.vermont.gov/statutes/section/24APPENDIX/701/00001,"The boundaries of the Morristown Corners Water Corporation shall consist of 47 residential parcels as shown on the “Water Resources Map” on file with the Lamoille County Planning Commission specifically identifying those parcels and the land and “well-head” protection areas of the Morristown Corners Water Corporation, a part of which is land owned by the Morristown Corners Water Corporation as described in the land records of the Morristown Town Clerk’s office. (Added 2009, No. M-9, § 2, eff. May 18, 2009.)"
Champlain Water District,Water District,703,Champlain Water District,2,Champlain Water District created,district_heading,353,https://legislature.vermont.gov/statutes/section/24APPENDIX/703/00002,"There is hereby created a consolidated water district to be known as the “Champlain Water District” that shall embrace the Towns of Colchester, Essex, Shelburne, South Burlington, and Williston, in the County of Chittenden and State of Vermont. The District may be enlarged under the provisions of section 17 of this chapter. (Added 1971, No. 135, § 2.)"
Champlain Water District,Water District,703,Champlain Water District,5,Powers of the District,boundary_language,6182,https://legislature.vermont.gov/statutes/section/24APPENDIX/703/00005,"The District shall have power:

(1) To sue and be sued.

(2) To have a seal and alter the same at pleasure.

(3) To acquire, in the name of the District lease, hold, and dispose of real estate and personal property or any interest therein for its corporate purposes, including the power to purchase prospective or tentative awards in connection with the exercise of the power of condemnation hereinafter granted.

(4) To purchase, design, or build in the name of the District, any water supply system, water distribution system, including plants, works, instrumentalities, or parts thereof and appurtenances thereto, lands, easements, rights in land and water rights, rights of-way, contract rights, franchises, approaches, connections, dams, reservoirs, water mains and pipe lines, pumping stations and equipment, or any other property incidental to and included in such system or part thereof, and any improvements, extensions and betterments; the District may purchase or accept by deed of gift any source of supply, or water supply system or any part thereof situated wholly or partly without the territorial limits of the District.

(5) To assume any obligations of the owner of any water system or any part thereof and, to the extent required by the terms of any indentures or other instruments under which such obligations were issued, the District may assume and agree to perform covenants and observe the restrictions contained in such instruments; and furthermore, the owner of any properties, which the District is authorized to acquire, is hereby authorized to sell or otherwise transfer the same to the District, whereupon the District may as it may agree become charged with the performance of any or all public duties with respect to such properties with which such owner was charged and such owner may become discharged from the performance thereof to the extent agreed upon by the District, and in the case of a sale or other transfer of properties of a public utility corporation pursuant to this provision, it shall be lawful to dissolve such corporation.

(6) To purchase all of the stock of any existing privately owned water corporation or company, and thereafter, within a reasonable time, such water corporation or company shall be dissolved.

(7) To condemn in the name of the District, within the territorial limits of the District any property interest in the manner and as provided by 24 V.S.A. §§ 3301-3304.

(8) To sell water to any or all municipalities or privately owned public water supply and distribution systems. To sell any surplus water to any duly established water district, municipality, or privately owned water supply and distribution system outside the District in which created. The District may also develop and provide a sufficient amount of water so as to supply water outside of the District to any municipality, duly established water district, or privately owned public water supply and distribution system; provided, that in exercising the powers granted by this chapter, the District shall not sell water in any area that is served by a water system owned or operated by a municipality unless the legislative branch of such municipality shall adopt a resolution requesting the District to sell water in such served area whereupon such request may not be revoked without the express written consent of the District.

(9) To purchase water from any person, private corporation, or municipality when necessary or convenient for the operation of such water supply and distribution system.

(10) By majority vote of the commissioners, to lease, sell, transfer, and dispose of any property, real, personal, or mixed, or interest therein, for its corporate purposes, including the right to sell, lease, convey, or otherwise dispose of any distribution system or improvements thereto that the District may acquire or construct to any municipal corporation or town water district, town water supply district, or to the County.

(11) To make bylaws for the management and regulation of its affairs and rules for the sale of water and the collection of rents and charges therefor. A copy of such rules and bylaws, and all amendments thereto, duly certified by the Clerk of the District shall be filed in the office of the Clerk.

(12) To execute all necessary or convenient contracts and other instruments, including evidences of indebtedness, negotiable or nonnegotiable.

(13) To enter on any lands, waterways, and premises for the purpose of making surveys, soundings, and examinations.

(14) To borrow money and to issue negotiable bonds or notes or other obligations and to fund or refund the same, and to provide for the rights of the holders of its obligations.

(15) To fix rates and collect charges for the use of the ties of, or services rendered by, or any commodities furnished by the District such as to provide revenues sufficient at all times to pay, as the same shall become due, the principal and interest on the bonds, notes, or other obligations of the District together with the maintenance of proper reserves therefor, in addition to paying as the same shall become due the expense of operating and maintaining the District together with proper reserves for depreciation, maintenance, and contingencies and all other obligations and indebtedness of the District.

(16) To enter into cooperative agreements with other water districts, municipalities, counties, towns, villages, utility companies, individuals, firms, or corporations, within or without the territorial limits of the District for the interconnection of facilities, the exchange or interchange of services and commodities, or for any other lawful purposes necessary or desirable to effect the purposes of this chapter.

(17) To accept grants, loans, or contributions from the United States, the State of Vermont, or any agency or instrumentality of either of them or the County, or an individual, by bequest or otherwise, and to expend the proceeds for any purposes of the District.

(18) To do all things necessary or convenient to carry out the powers expressly given in this chapter. (Added 1971, No. 135, § 5; amended 1971, No. 266 (Adj. Sess.), § 1.)"
Champlain Water District,Water District,703,Champlain Water District,17,Changes in membership; inclusion of additional towns,boundary_language,2372,https://legislature.vermont.gov/statutes/section/24APPENDIX/703/00017,"(a) When a majority of voters of a town present and voting at a meeting duly warned for that purpose shall vote to apply to the District for admission as a member of the District, such vote shall thereupon be certified by the clerk of the town to the Clerk of the District and to the Secretary of State. Such vote and certification, if accepted by the District within two years after the date of said vote shall be binding on said town without the subsequent vote in the town contemplated in subsection (c) of this section.

(b) When it appears to the Board of Water Commissioners that the boundaries of the District should be changed to include another town, they may insert an article fully describing the proposed change in the warning for a regular or special meeting of the District, which proposed change shall state the number of additional members to be added to the Board of Water Commissioners if such change is approved.

(c) When a majority of the voters voting at such meeting vote to include an additional town within the boundaries of the District as a member thereof, the Board of Water Commissioners shall notify the legislative body of such additional town of such vote. Thereupon the legislative body of the additional town proposed to be included shall duly warn a meeting thereof, setting forth in such warning the vote of the District and the proposed change in its boundaries. If a majority of the voters voting at the meeting of the additional town vote to be included within the District, the result of such vote and the result of the vote already taken by the District shall be certified to the Secretary of State. A certificate of such record shall immediately be filed by the Secretary of State in the office of the Clerk of the District and of any additional Town to be included therein as a member thereof, which filing shall be notice to all parties of such addition to the District.

(d) The District as so enlarged shall thereupon have all the powers and responsibilities given it by this chapter. Any vacancy on the Board of Water Commissioners created as a result of the increase in the number thereof shall be filled as provided in 24 V.S.A. § 3343. The additional member town shall share in all existing expenses, including bonded indebtedness, in the proportion provided in this chapter for other members. (Added 1971, No. 135, § 17.)"
Edward Farrar Utility District,Utility District,705,Edward Farrar Utility District,3,Boundaries,boundary_heading|boundary_language,145,https://legislature.vermont.gov/statutes/section/24APPENDIX/705/00003,"The boundaries of the District are coextensive with the current boundaries of the Village of Waterbury. (Added 2017, No. M-19 (Adj. Sess.), § 3.)"
Central Vermont Public Safety Authority,Authority,901,Central Vermont Public Safety Authority,48,Withdrawal of a municipality,boundary_language,2848,https://legislature.vermont.gov/statutes/section/24APPENDIX/901/00048,"(a)(1) Subject to the provisions of subsection (b) of this section, a member may vote to withdraw from this chapter in the same manner as it votes to adopt the chapter if three years have elapsed since the Authority has become a body politic and corporate and if the Authority has not voted to bond for construction and improvements, all in accordance with 24 V.S.A. § 4863(g).

(2) The provisions of 24 V.S.A. § 4863(i) and (j) shall apply so that any vote of withdrawal taken less than one year from the time the Authority has become a body politic and corporate or any vote of withdrawal taken after the Authority has voted to bond for construction and improvements shall be null and void.

(3) The membership of a withdrawing member shall terminate as of one year following a valid vote to withdraw or as soon after such one-year period as the financial obligations of the withdrawing member have been paid to the Authority.

(4) Notwithstanding the provisions of this subsection (a), in the event that the General Assembly of the State of Vermont shall specifically approve, a member may vote to withdraw from the Authority at any time.

(b) The financial obligations of a withdrawing member shall include all ongoing costs and assessments of the Authority until the withdrawing member has entered into a written agreement satisfactory to counsel for the Authority obliging the withdrawing municipality as follows:

(1) to continue to pay its share of all debts incurred by the Authority for the remaining terms of all bonds and contracts in existence at the time when the vote to withdraw was taken;

(2) to pay its share, based upon its assessment for the year in which it withdraws, of the defense costs and judgment rendered in any legal action brought against the Authority arising or accruing in any year during which it was a member of the Authority;

(3) to pay its share, based upon its assessment for the year in which it withdraws, of all unbudgeted costs and expenses of the Authority arising out of the activities of the Authority during the withdrawing member’s term of membership, regardless of when such costs and expenses may be discovered; and

(4) to pay all of these additional costs either in a lump sum or in installments at such times and in such amounts as required by the Board.

(c)(1) After a member has voted to withdraw, the Board shall give notice to the remaining members of the vote to withdraw and shall hold a meeting to determine if it is in the best interest of the Authority to continue to exist. All interested parties shall be given an opportunity to be heard.

(2) If the Board determines that it would be in the best interests of the Authority to cease operations, the Board may prepare and implement a plan for dissolution of the Authority. (Added 2013, No. M-17 (Adj. Sess.), § 2, eff. May 20, 2014.)"
