district_name,doc_type,title,url,adopted,source_page,notes
Brandon Fire District 1,bylaws,View Our Bylaws,https://brandonfiredistrict.org/wp-content/uploads/2023/07/Fire-District-Bylaws-as-of-Jan092023-1.pdf,,https://brandonfiredistrict.org/,Found by automated discovery on the district's own website.
Brandon Fire District 1,policy,View Our Policies,https://brandonfiredistrict.org/wp-content/uploads/2023/09/Brandon-Fire-District-No-1-Policies.pdf,,https://brandonfiredistrict.org/,Found by automated discovery on the district's own website.
Castleton Fire District 1,ordinance,Castleton Fire District No. 1 Water Ordinance,https://www.castletonvermont.org/sites/g/files/vyhlif376/f/uploads/cfd1_water_ordinance.pdf,2014-04,https://www.castletonvermont.org/home/pages/castleton-fire-district-1,Governs use of the municipal water system; cites 24 V.S.A. ch. 89 s. 3315. Supersedes all previous rules.
Castleton Fire District 3,rates,Castleton Fire District No. 3 Water Rate Policy,https://www.castletonvermont.org/sites/g/files/vyhlif376/f/pages/cfd3_water_rate_policy.pdf,,https://www.castletonvermont.org/home/pages/castleton-fire-district-3,Supplied by the project lead; the site is Cloudflare-protected so discovery cannot reach it.
Cold Brook Fire District 1,permit,Cold Brook Fire District off East Village Road (2012-065),https://wilmingtonvermont.us/wp-content/uploads/2013/11/2012-065-Cold-Brook-Fire-District-off-East-Village-Road.pdf,2012,https://wilmingtonvermont.us/,Town of Wilmington permit/decision record referencing district infrastructure.
Cold Brook Fire District 1,permit,Cold Brook Fire District off Haystack Road (2012-064),https://wilmingtonvermont.us/wp-content/uploads/2013/11/2012-064-Cold-Brook-Fire-District-off-Haystack-Road.pdf,2012,https://wilmingtonvermont.us/,Town of Wilmington permit/decision record referencing district infrastructure.
East Berkshire Fire District 1,minutes,01/14/2025 Minutes,https://www.berkshirevt.com/uploads/1/3/1/2/131290301/jan_14th_approved_minutes.pdf,,https://www.berkshirevt.com/ebfd1.html,Found by automated discovery on the district's own website.
East Berkshire Fire District 1,minutes,02/12/2026 Minutes,https://www.berkshirevt.com/uploads/1/3/1/2/131290301/skm_c250i26022612270.pdf,,https://www.berkshirevt.com/ebfd1.html,Found by automated discovery on the district's own website.
East Berkshire Fire District 1,minutes,02/26/2026 Minutes,https://www.berkshirevt.com/uploads/1/3/1/2/131290301/skm_c250i26030309560.pdf,,https://www.berkshirevt.com/ebfd1.html,Found by automated discovery on the district's own website.
East Calais Fire District 1,plan,Village of East Calais Source Protection Areas,https://www.calaisvermont.gov/vertical/sites/%7B226D684E-C864-4AFA-B4A5-59BE32741B77%7D/uploads/WATER_DISTRICT_1.pdf,,https://www.calaisvermont.gov/,Source protection area mapping for the East Calais water district.
East Hardwick Fire District 1,bylaws,By-Laws of the East Hardwick Fire District No. 1,https://drive.google.com/file/d/1bro7u0td0QDAxMbMZ0XILOTnTNe6OKGh/view?usp=sharing,2026-05-14,https://ehfd.mystrikingly.com/,Supplied by the project lead. 6 pp. Amended 14 May 2026.
East Hardwick Fire District 1,policy,EHFD #1 Conflicts of Interest and Ethical Conduct Policy,https://drive.google.com/file/d/19h-5hv6JgN-7TnkMiyRol7_CtBM9Momw/view?usp=sharing,,https://ehfd.mystrikingly.com/,Supplied by the project lead. 5 pp.
East Hardwick Fire District 1,ordinance,EHFD #1 Governing Ordinance v1.1,https://drive.google.com/file/d/1uPVQOnkDmk67ONwNb0TmOhUD4v9DJ6wy/view?usp=drive_link,2026-07-21,https://ehfd.mystrikingly.com/,"Supplied by the project lead. 10 pp. Approved 21 July 2026; defines buildings, users and service terms."
East Hardwick Fire District 1,policy,EHFD #1 Procurement Policy,https://drive.google.com/file/d/1DOQsNeYQr9ZPu1hdPNkQSUxyHpDalVfi/view?usp=sharing,,https://ehfd.mystrikingly.com/,Supplied by the project lead. 7 pp. Adopted by the Prudential Committee.
East Hardwick Fire District 1,other,EHFD #1 document (restricted),https://drive.google.com/file/d/1PLYacgSaZS3ZnZWVvAi1xogTjEB9TDdr/view?usp=drive_link,,https://ehfd.mystrikingly.com/,"Supplied by the project lead. NOT PUBLIC: Drive returns a sign-in page, so the file is not shared openly and its contents are unknown. Needs sharing permissions changed or a copy supplied."
East Hardwick Fire District 1,other,"EHFD #1 scanned document (3 pp, no text layer)",https://drive.google.com/file/d/13LKYmo5YGNMiZ7Tf9ToYn6RmjZ5-vHoJ/view?usp=sharing,,https://ehfd.mystrikingly.com/,Supplied by the project lead. 3 pp scan with no text layer; contents unidentified until OCR.
East Hardwick Fire District 1,policy,EHFD No. 1 Privacy Policy,https://drive.google.com/file/d/1XAQb1-xczmjRCAqs0Ad5URABhF_yJE2x/view?usp=sharing,2026-07-21,https://ehfd.mystrikingly.com/,Supplied by the project lead. 1 p. Adopted 21 July 2026.
East Hardwick Fire District 1,other,"Hardwick Historical Society Journal, Vol. 9 Issue 4 (Spring 2020)",https://drive.google.com/file/d/1-UYklCsW8uCzxe512VkKGK0hiOpucxnt/view?usp=sharing,2020,https://ehfd.mystrikingly.com/,"Supplied by the project lead. NOT a district governance document -- a 32 pp community historical journal (19 MB) that covers the East Hardwick hose drying tower. Kept as context, not as policy."
Grand Isle Consolidated Water District,minutes,2025 Annual Meeting Draft Minutes,https://gicwd.com/wp-content/uploads/2025/12/Annual-Minutes-2025-Draft.pdf,,https://gicwd.com/,Found by automated discovery on the district's own website.
Grand Isle Consolidated Water District,minutes,"August 19, 2026 Meeting Draft Minutes",https://gicwd.com/wp-content/uploads/2026/08/August-2026-minutes-Draft.pdf,,https://gicwd.com/,Found by automated discovery on the district's own website.
Greensboro Fire District 1,other,Greensboro Fire District No. 1 water system information,https://greensborovt.gov/wp-content/uploads/2016/01/Greensboro-Fire-District-No-1.pdf,2016-01,https://greensborovt.gov/water-department-questions/,Town-hosted description of the district water system.
North Branch Fire District 1,budget,NBFD 2024/25 Budget,https://www.northbranchfiredistrict.com/_files/ugd/cb2b9b_1eb8d73ca03149cf8e4f895026021273.pdf,,https://www.northbranchfiredistrict.com/,Found by automated discovery on the district's own website.
North Branch Fire District 1,ordinance,Ordinances,https://www.northbranchfiredistrict.com/_files/ugd/cb2b9b_1b4151e4659e4024a30f6187bab0d6fc.pdf,,https://www.northbranchfiredistrict.com/,Found by automated discovery on the district's own website.
North Branch Fire District 1,rates,Rate History,https://www.northbranchfiredistrict.com/_files/ugd/cb2b9b_3403ba010ccf4841a929050243423c01.pdf,,https://www.northbranchfiredistrict.com/,Found by automated discovery on the district's own website.
Norwich Fire District 1,minutes,1st pg. november minutes_2013.pdf,https://drive.google.com/file/d/1jroT4LPZg61JhCxnh1RUg1MOlGy4bQPB/view,,https://drive.google.com/drive/folders/1h5lzSdgViQYUkPgxnCKNoNicihk90t_L,"From the district-published public Google Drive (root), linked from norwich.vt.us as official public documents."
Norwich Fire District 1,minutes,2nd pg. november minutes_2013.pdf,https://drive.google.com/file/d/1N4S5FewDphcWVIFw6L3kxo-2gzmXyMxq/view,,https://drive.google.com/drive/folders/1h5lzSdgViQYUkPgxnCKNoNicihk90t_L,"From the district-published public Google Drive (root), linked from norwich.vt.us as official public documents."
Norwich Fire District 1,other,ANNUAL_MEETING_1-21-2008.pdf,https://drive.google.com/file/d/1DQZ00hl9XExA5OijdUuq_VofylqKxt9C/view,,https://drive.google.com/drive/folders/1pEIh2bEIbhzMci_jA39EBVGPEaxid_pY,"From the district-published public Google Drive (root), linked from norwich.vt.us as official public documents."
Norwich Fire District 1,other,ANNUAL_MEETING_1-22-2001.pdf,https://drive.google.com/file/d/1QVxCMaBmnA9IGDJfwc89gqffb21T0_NY/view,,https://drive.google.com/drive/folders/14DuCqtgQdIxjRMgfTxEOhck2flV_WVOx,"From the district-published public Google Drive (root), linked from norwich.vt.us as official public documents."
Norwich Fire District 1,other,ANNUAL_MEETING_1-22-2007.pdf,https://drive.google.com/file/d/1KHCBjLhVrSTABSf9Lr3DOFCR9pXg5lBf/view,,https://drive.google.com/drive/folders/19Pre_zONm0_25YchJm4tcHoZgze0MRS3,"From the district-published public Google Drive (root), linked from norwich.vt.us as official public documents."
Norwich Fire District 1,other,ANNUAL_MEETING_1-23-2006.pdf,https://drive.google.com/file/d/1sOykw48jY_5cFDZML93fVRQF-qYdT4Gz/view,,https://drive.google.com/drive/folders/1BQFffePkWmUM5AOJ13YHDxH2XsR3bUqj,"From the district-published public Google Drive (root), linked from norwich.vt.us as official public documents."
Norwich Fire District 1,other,ANNUAL_MEETING_1-26-2004.pdf,https://drive.google.com/file/d/1OK9AbWxHwDusbWVwUlttV0fBAtU4mzdz/view,,https://drive.google.com/drive/folders/15-kYKuq9SAbxmL9j58v9pQ_KX2BgqtG1,"From the district-published public Google Drive (root), linked from norwich.vt.us as official public documents."
Norwich Fire District 1,other,ANNUAL_MEETING_1-28-2002.pdf,https://drive.google.com/file/d/1fM6KV1KUCpESmqiVx-TI9Ec-SmWo7puf/view,,https://drive.google.com/drive/folders/1INFkksgOmwaoTallaOB9p_-dMgpWHDEB,"From the district-published public Google Drive (root), linked from norwich.vt.us as official public documents."
Norwich Fire District 1,other,LRPM 4-24-2001.pdf,https://drive.google.com/file/d/1E0KTpaGOc1cpvIIRK1XmsfkOSyJ1D8qM/view,,https://drive.google.com/drive/folders/14DuCqtgQdIxjRMgfTxEOhck2flV_WVOx,"From the district-published public Google Drive (root), linked from norwich.vt.us as official public documents."
Norwich Fire District 1,other,LRPM_3-20-2002.pdf,https://drive.google.com/file/d/1JeAG622ABW8l30ONYA36krJblzS8XjH_/view,,https://drive.google.com/drive/folders/1INFkksgOmwaoTallaOB9p_-dMgpWHDEB,"From the district-published public Google Drive (root), linked from norwich.vt.us as official public documents."
Norwich Fire District 1,other,LRPM_3-21-2003.pdf,https://drive.google.com/file/d/1L5xn-HSHKQC7tsgPfn8meim9AfR3Gv1H/view,,https://drive.google.com/drive/folders/1gSoC-crkSNprc3V69175PZCN_ci44fjt,"From the district-published public Google Drive (root), linked from norwich.vt.us as official public documents."
Norwich Fire District 1,other,LRPM_4-27-99.pdf,https://drive.google.com/file/d/1iFxGtPOpyzGgtTC4ms3AszvLWiNC3fWW/view,,https://drive.google.com/drive/folders/1Bx8TZZxJXOmy0rQ32rljrsbPceCPD9GW,"From the district-published public Google Drive (root), linked from norwich.vt.us as official public documents."
Norwich Fire District 1,other,LRPM_4-6-2005.pdf,https://drive.google.com/file/d/1O4kHoqHHwYyamWraa8xtqYHBaIO8syYr/view,,https://drive.google.com/drive/folders/1yrQ1DL7Wv7oepYESw15p2Tc13AGqFhM4,"From the district-published public Google Drive (root), linked from norwich.vt.us as official public documents."
Norwich Fire District 1,other,LRPM_5-6-2004.pdf,https://drive.google.com/file/d/1_N1q9FKcv1K3XLUcG2UeulbC7gG7mB10/view,,https://drive.google.com/drive/folders/15-kYKuq9SAbxmL9j58v9pQ_KX2BgqtG1,"From the district-published public Google Drive (root), linked from norwich.vt.us as official public documents."
Norwich Fire District 1,minutes,LRPM_MINUTES_4-25-2000.pdf,https://drive.google.com/file/d/1z2Oon7p5c27OcBpC-MlOjXpT87b2GBMF/view,,https://drive.google.com/drive/folders/1MDfhN_wx7qOq52FyVC7wEkTzsnO60yc2,"From the district-published public Google Drive (root), linked from norwich.vt.us as official public documents."
Norwich Fire District 1,minutes,MINUTES-2_2011-07-25.pdf,https://drive.google.com/file/d/1IWCEdYG4dJDx3a7emWf00zbkONoidBK2/view,,https://drive.google.com/drive/folders/1w8P0rPgq8r-wuNEOO53WR11Pcgt9t9rt,"From the district-published public Google Drive (root), linked from norwich.vt.us as official public documents."
Norwich Fire District 1,minutes,MINUTES_ 2010-1-17.pdf,https://drive.google.com/file/d/1th2cJRQIcwwf2y1wJvtLkk0JtvHGocn1/view,,https://drive.google.com/drive/folders/1-1z6q0lA1zFsSMFM5AbtGzVecQ22W2j7,"From the district-published public Google Drive (root), linked from norwich.vt.us as official public documents."
Norwich Fire District 1,minutes,MINUTES_2010-02-15.pdf,https://drive.google.com/file/d/1HZ0It57mCwhj7HNugYPpk3JlzxirGU4A/view,,https://drive.google.com/drive/folders/1-1z6q0lA1zFsSMFM5AbtGzVecQ22W2j7,"From the district-published public Google Drive (root), linked from norwich.vt.us as official public documents."
Norwich Fire District 1,minutes,MINUTES_2010-03-24.pdf,https://drive.google.com/file/d/1sNHsb4cz8HmZNC2qX9HonZ4Wwa6p1XoF/view,,https://drive.google.com/drive/folders/1-1z6q0lA1zFsSMFM5AbtGzVecQ22W2j7,"From the district-published public Google Drive (root), linked from norwich.vt.us as official public documents."
Norwich Fire District 1,minutes,MINUTES_2010-04-26.pdf,https://drive.google.com/file/d/1bsymW6geFUrHN7F2idNOIs-9iEAkXynk/view,,https://drive.google.com/drive/folders/1-1z6q0lA1zFsSMFM5AbtGzVecQ22W2j7,"From the district-published public Google Drive (root), linked from norwich.vt.us as official public documents."
Norwich Fire District 1,minutes,MINUTES_2010-05-26.pdf,https://drive.google.com/file/d/1oq0ERLVAv2tvZSodGMKgGmeYY3FZ9wax/view,,https://drive.google.com/drive/folders/1-1z6q0lA1zFsSMFM5AbtGzVecQ22W2j7,"From the district-published public Google Drive (root), linked from norwich.vt.us as official public documents."
Norwich Fire District 1,minutes,MINUTES_2010-08-09.pdf,https://drive.google.com/file/d/1TUUPDlxHpz8Iuip9C_506RJKlCo0MPbH/view,,https://drive.google.com/drive/folders/1-1z6q0lA1zFsSMFM5AbtGzVecQ22W2j7,"From the district-published public Google Drive (root), linked from norwich.vt.us as official public documents."
Norwich Fire District 1,minutes,MINUTES_2010-09-20.pdf,https://drive.google.com/file/d/1uOSoFkyiPE0emxx8X7Za6T9PS_NVB-r7/view,,https://drive.google.com/drive/folders/1-1z6q0lA1zFsSMFM5AbtGzVecQ22W2j7,"From the district-published public Google Drive (root), linked from norwich.vt.us as official public documents."
Norwich Fire District 1,minutes,MINUTES_2010-10-26.pdf,https://drive.google.com/file/d/1xhJg0J_yFPNW6WVPl_5XbWsq1bDrpFYF/view,,https://drive.google.com/drive/folders/1-1z6q0lA1zFsSMFM5AbtGzVecQ22W2j7,"From the district-published public Google Drive (root), linked from norwich.vt.us as official public documents."
Norwich Fire District 1,minutes,MINUTES_2010-11-15.pdf,https://drive.google.com/file/d/16rcWgH83Z90rb2FYtPIp2tS0bgPWag6t/view,,https://drive.google.com/drive/folders/1-1z6q0lA1zFsSMFM5AbtGzVecQ22W2j7,"From the district-published public Google Drive (root), linked from norwich.vt.us as official public documents."
Norwich Fire District 1,minutes,MINUTES_2010-12-14.pdf,https://drive.google.com/file/d/1hs3ojuLFIqobpwh4TxexsOvWw3kFADRV/view,,https://drive.google.com/drive/folders/1-1z6q0lA1zFsSMFM5AbtGzVecQ22W2j7,"From the district-published public Google Drive (root), linked from norwich.vt.us as official public documents."
Norwich Fire District 1,minutes,MINUTES_2011-03-07.pdf,https://drive.google.com/file/d/1Acd-I0LYy1PzcReLJEscHzg0jWH9a9MO/view,,https://drive.google.com/drive/folders/1w8P0rPgq8r-wuNEOO53WR11Pcgt9t9rt,"From the district-published public Google Drive (root), linked from norwich.vt.us as official public documents."
Norwich Fire District 1,minutes,MINUTES_2011-04-27.pdf,https://drive.google.com/file/d/1NskmXlC3Sk7ZK1XbNvrTNj96GD98lZfu/view,,https://drive.google.com/drive/folders/1w8P0rPgq8r-wuNEOO53WR11Pcgt9t9rt,"From the district-published public Google Drive (root), linked from norwich.vt.us as official public documents."
Norwich Fire District 1,minutes,MINUTES_2011-05-16.pdf,https://drive.google.com/file/d/1AUfmzNm2kAGGpWMqmEmpVfwLmK6FPK3B/view,,https://drive.google.com/drive/folders/1w8P0rPgq8r-wuNEOO53WR11Pcgt9t9rt,"From the district-published public Google Drive (root), linked from norwich.vt.us as official public documents."
Norwich Fire District 1,minutes,MINUTES_2011-06-20.pdf,https://drive.google.com/file/d/1rQ34N4xRoODUYl-pTz6QxZiECaMrv67x/view,,https://drive.google.com/drive/folders/1w8P0rPgq8r-wuNEOO53WR11Pcgt9t9rt,"From the district-published public Google Drive (root), linked from norwich.vt.us as official public documents."
Norwich Fire District 1,minutes,MINUTES_2011-07-25.pdf,https://drive.google.com/file/d/1ECTxRiKmTAYTijUCVTbXT2oYwNdbGDRT/view,,https://drive.google.com/drive/folders/1w8P0rPgq8r-wuNEOO53WR11Pcgt9t9rt,"From the district-published public Google Drive (root), linked from norwich.vt.us as official public documents."
Norwich Fire District 1,minutes,MINUTES_2011-09-19.pdf,https://drive.google.com/file/d/1RQlbRwiEbZel91jY9LeRZBQz4I3QrPJ-/view,,https://drive.google.com/drive/folders/1w8P0rPgq8r-wuNEOO53WR11Pcgt9t9rt,"From the district-published public Google Drive (root), linked from norwich.vt.us as official public documents."
Norwich Fire District 1,minutes,MINUTES_2011-10-17.pdf,https://drive.google.com/file/d/1mBAxjOi8BVAYqLhhn9pwgE13dIo8Ocgk/view,,https://drive.google.com/drive/folders/1w8P0rPgq8r-wuNEOO53WR11Pcgt9t9rt,"From the district-published public Google Drive (root), linked from norwich.vt.us as official public documents."
Norwich Fire District 1,minutes,MINUTES_2011-11-09.pdf,https://drive.google.com/file/d/1wyBe7JxWpQvNB2KSJ5tHQK2J7q9rOwxV/view,,https://drive.google.com/drive/folders/1w8P0rPgq8r-wuNEOO53WR11Pcgt9t9rt,"From the district-published public Google Drive (root), linked from norwich.vt.us as official public documents."
Norwich Fire District 1,minutes,MINUTES_2011-11-14.pdf,https://drive.google.com/file/d/1gSJpokopZ5uq39Hpujipt1uxjhYBkgZw/view,,https://drive.google.com/drive/folders/1w8P0rPgq8r-wuNEOO53WR11Pcgt9t9rt,"From the district-published public Google Drive (root), linked from norwich.vt.us as official public documents."
Norwich Fire District 1,minutes,MINUTES_2011-12-05.pdf,https://drive.google.com/file/d/1CqR9BvJshrCJTJODoWzrVz9VIPvJJG7Q/view,,https://drive.google.com/drive/folders/1w8P0rPgq8r-wuNEOO53WR11Pcgt9t9rt,"From the district-published public Google Drive (root), linked from norwich.vt.us as official public documents."
Norwich Fire District 1,minutes,MINUTES_2012-01-09.pdf,https://drive.google.com/file/d/1q_1SSeCTUnIlgyJYL_fEb8W7duU8cWwO/view,,https://drive.google.com/drive/folders/1j22ffyaIvkaMzIXbPgzLx1pFbl3kLzvt,"From the district-published public Google Drive (root), linked from norwich.vt.us as official public documents."
Norwich Fire District 1,minutes,MINUTES_2012-02-27.pdf,https://drive.google.com/file/d/1n_xjwQsmq0IObQ5IOh1KmBlogqKMctCB/view,,https://drive.google.com/drive/folders/1j22ffyaIvkaMzIXbPgzLx1pFbl3kLzvt,"From the district-published public Google Drive (root), linked from norwich.vt.us as official public documents."
Norwich Fire District 1,minutes,MINUTES_2012-03-19(2).pdf,https://drive.google.com/file/d/1TtEcgDzo60vxJvdcjf735sO3RwphBWc1/view,,https://drive.google.com/drive/folders/1j22ffyaIvkaMzIXbPgzLx1pFbl3kLzvt,"From the district-published public Google Drive (root), linked from norwich.vt.us as official public documents."
Norwich Fire District 1,minutes,MINUTES_2012-03-19(3).pdf,https://drive.google.com/file/d/1Wy3glK9jM10_vJ71IOWGHIeKFUqV954e/view,,https://drive.google.com/drive/folders/1j22ffyaIvkaMzIXbPgzLx1pFbl3kLzvt,"From the district-published public Google Drive (root), linked from norwich.vt.us as official public documents."
Norwich Fire District 1,minutes,MINUTES_2012-03-19.pdf,https://drive.google.com/file/d/11uzgG6dJIGV2ozV7kWlyD03yPQkb7xyb/view,,https://drive.google.com/drive/folders/1j22ffyaIvkaMzIXbPgzLx1pFbl3kLzvt,"From the district-published public Google Drive (root), linked from norwich.vt.us as official public documents."
Norwich Fire District 1,minutes,MINUTES_2012-04-25.pdf,https://drive.google.com/file/d/1uQ9aa1zhMBpwSWkYST2qPCPkeZYyYYqd/view,,https://drive.google.com/drive/folders/1j22ffyaIvkaMzIXbPgzLx1pFbl3kLzvt,"From the district-published public Google Drive (root), linked from norwich.vt.us as official public documents."
Norwich Fire District 1,minutes,MINUTES_2012-05-14(2).pdf,https://drive.google.com/file/d/1eSTRr93PrHg09-JRz2LB-ul0bEwCBx3H/view,,https://drive.google.com/drive/folders/1j22ffyaIvkaMzIXbPgzLx1pFbl3kLzvt,"From the district-published public Google Drive (root), linked from norwich.vt.us as official public documents."
Norwich Fire District 1,minutes,MINUTES_2012-05-14(3).pdf,https://drive.google.com/file/d/1iYU7In603NDXLztIol4Oca4r8j1poAUv/view,,https://drive.google.com/drive/folders/1j22ffyaIvkaMzIXbPgzLx1pFbl3kLzvt,"From the district-published public Google Drive (root), linked from norwich.vt.us as official public documents."
Norwich Fire District 1,minutes,MINUTES_2012-05-14.pdf,https://drive.google.com/file/d/1ZJupc0xKCmNhkrQhOD10YfstdVJqJQMq/view,,https://drive.google.com/drive/folders/1j22ffyaIvkaMzIXbPgzLx1pFbl3kLzvt,"From the district-published public Google Drive (root), linked from norwich.vt.us as official public documents."
Norwich Fire District 1,minutes,MINUTES_2012-06-18.pdf,https://drive.google.com/file/d/1mQcDGUihPDFUT0yo8puW06xQMvW3P08D/view,,https://drive.google.com/drive/folders/1j22ffyaIvkaMzIXbPgzLx1pFbl3kLzvt,"From the district-published public Google Drive (root), linked from norwich.vt.us as official public documents."
Norwich Fire District 1,minutes,MINUTES_2012-07-12(2).pdf,https://drive.google.com/file/d/1tLbQg0o0-11vL4EoB3mLBIsLFa3HU_8c/view,,https://drive.google.com/drive/folders/1j22ffyaIvkaMzIXbPgzLx1pFbl3kLzvt,"From the district-published public Google Drive (root), linked from norwich.vt.us as official public documents."
Norwich Fire District 1,minutes,MINUTES_2012-07-12.pdf,https://drive.google.com/file/d/1A10tfT3LsPQwn49_L5mh8bbKy-sgYAkd/view,,https://drive.google.com/drive/folders/1j22ffyaIvkaMzIXbPgzLx1pFbl3kLzvt,"From the district-published public Google Drive (root), linked from norwich.vt.us as official public documents."
Norwich Fire District 1,minutes,MINUTES_2012-07-23.pdf,https://drive.google.com/file/d/1fV9U_55_K1bc--XtbUjJVUfqeKCYoc49/view,,https://drive.google.com/drive/folders/1j22ffyaIvkaMzIXbPgzLx1pFbl3kLzvt,"From the district-published public Google Drive (root), linked from norwich.vt.us as official public documents."
Norwich Fire District 1,minutes,MINUTES_2012-09-24.pdf,https://drive.google.com/file/d/1taqzWpEH2EeD9EMT9rcG10LSt5hZH1qc/view,,https://drive.google.com/drive/folders/1j22ffyaIvkaMzIXbPgzLx1pFbl3kLzvt,"From the district-published public Google Drive (root), linked from norwich.vt.us as official public documents."
Norwich Fire District 1,minutes,MINUTES_2012-12-07.pdf,https://drive.google.com/file/d/18GkHo8CoioioAzmb9N_BnGdPxAmMzWrz/view,,https://drive.google.com/drive/folders/1j22ffyaIvkaMzIXbPgzLx1pFbl3kLzvt,"From the district-published public Google Drive (root), linked from norwich.vt.us as official public documents."
Norwich Fire District 1,minutes,MINUTES_2012-12-17.pdf,https://drive.google.com/file/d/171jA3w9U1_NwkMGjNdMwKXBw-P17WRm_/view,,https://drive.google.com/drive/folders/1j22ffyaIvkaMzIXbPgzLx1pFbl3kLzvt,"From the district-published public Google Drive (root), linked from norwich.vt.us as official public documents."
Norwich Fire District 1,minutes,MINUTES_2014-06-04.pdf,https://drive.google.com/file/d/1asQV4G52yKlVMpoXNmctYuf02FSi5I75/view,,https://drive.google.com/drive/folders/1eArDlf3UVODTfBBHlB-E783hcbcwHFo9,"From the district-published public Google Drive (root), linked from norwich.vt.us as official public documents."
Norwich Fire District 1,minutes,MINUTES_2014-07-28.pdf,https://drive.google.com/file/d/1Co-ym3swMcw6jl16xcvlGF04vbt9a9ZH/view,,https://drive.google.com/drive/folders/1eArDlf3UVODTfBBHlB-E783hcbcwHFo9,"From the district-published public Google Drive (root), linked from norwich.vt.us as official public documents."
Norwich Fire District 1,minutes,NFD PC Minutes 01122015.pdf,https://drive.google.com/file/d/1EtGQMk3l126RJb40Qx1R8CZkfV5-55qT/view,,https://drive.google.com/drive/folders/1P3RNv7WOo_9k5lQV4hSC1NZU8hio6PxS,"From the district-published public Google Drive (root), linked from norwich.vt.us as official public documents."
Norwich Fire District 1,minutes,NFD PC Minutes 021615.pdf,https://drive.google.com/file/d/1U79VtUNJQxNGYG_lmBLuMq3o19JeROoK/view,,https://drive.google.com/drive/folders/1P3RNv7WOo_9k5lQV4hSC1NZU8hio6PxS,"From the district-published public Google Drive (root), linked from norwich.vt.us as official public documents."
Norwich Fire District 1,minutes,NFD PC Minutes 042015.pdf,https://drive.google.com/file/d/1sQfIzcZED9apgLuNKi29VcRYEeySP29a/view,,https://drive.google.com/drive/folders/1P3RNv7WOo_9k5lQV4hSC1NZU8hio6PxS,"From the district-published public Google Drive (root), linked from norwich.vt.us as official public documents."
Norwich Fire District 1,minutes,NFD PC Minutes 052015.pdf,https://drive.google.com/file/d/1NudK5kDLH6ao-ZalQO3aWMbpgZKM-4Fm/view,,https://drive.google.com/drive/folders/1P3RNv7WOo_9k5lQV4hSC1NZU8hio6PxS,"From the district-published public Google Drive (root), linked from norwich.vt.us as official public documents."
Norwich Fire District 1,minutes,PC-MEETING-MINUTES-APPROVED_12-19-2001.pdf,https://drive.google.com/file/d/1J7-SIgG__j5zeXxCi7IrfpJe0YwBpFD2/view,,https://drive.google.com/drive/folders/14DuCqtgQdIxjRMgfTxEOhck2flV_WVOx,"From the district-published public Google Drive (root), linked from norwich.vt.us as official public documents."
Norwich Fire District 1,minutes,PCMeetingMinutes_FINAL_2018-01-22.pdf,https://drive.google.com/file/d/1A06YLRUWpsJojBYWOO3nE52O0uYBxEUR/view,,https://drive.google.com/drive/folders/1jYR9_KTqlwkCPkPtqKCtFh_ADUrv7Spr,"From the district-published public Google Drive (root), linked from norwich.vt.us as official public documents."
Norwich Fire District 1,minutes,PCMeetingMinutes_FINAL_2018-02-26.pdf,https://drive.google.com/file/d/1qpx6RR3a5bCIAI1xarqHrnSD6swzewTi/view,,https://drive.google.com/drive/folders/1jYR9_KTqlwkCPkPtqKCtFh_ADUrv7Spr,"From the district-published public Google Drive (root), linked from norwich.vt.us as official public documents."
Norwich Fire District 1,minutes,PCMeetingMinutes_FINAL_2018-03-19.pdf,https://drive.google.com/file/d/1s4QO1Ob-czkktwIgerfZivRW1OZ3zh0h/view,,https://drive.google.com/drive/folders/1jYR9_KTqlwkCPkPtqKCtFh_ADUrv7Spr,"From the district-published public Google Drive (root), linked from norwich.vt.us as official public documents."
Norwich Fire District 1,minutes,PCMeetingMinutes_FINAL_2018-05-14.pdf,https://drive.google.com/file/d/1PSbrQMet5lc1FK871hsLgv5KIZRKBz5u/view,,https://drive.google.com/drive/folders/1jYR9_KTqlwkCPkPtqKCtFh_ADUrv7Spr,"From the district-published public Google Drive (root), linked from norwich.vt.us as official public documents."
Norwich Fire District 1,minutes,PCMeetingMinutes_FINAL_2018-07-23.pdf,https://drive.google.com/file/d/1NnHNl_OJM4IWwAimXVujAhEWC5oNpKff/view,,https://drive.google.com/drive/folders/1jYR9_KTqlwkCPkPtqKCtFh_ADUrv7Spr,"From the district-published public Google Drive (root), linked from norwich.vt.us as official public documents."
Norwich Fire District 1,minutes,PCMeetingMinutes_FINAL_2018-09-17.pdf,https://drive.google.com/file/d/1SVR7rmh0Q_PV1PbnK11eVcvzDKM2Ixln/view,,https://drive.google.com/drive/folders/1jYR9_KTqlwkCPkPtqKCtFh_ADUrv7Spr,"From the district-published public Google Drive (root), linked from norwich.vt.us as official public documents."
Norwich Fire District 1,minutes,PCMeetingMinutes_FINAL_2018-10-22.pdf,https://drive.google.com/file/d/15WaXHb4eSr18qPAp59_p9AyQNz2DI_0v/view,,https://drive.google.com/drive/folders/1jYR9_KTqlwkCPkPtqKCtFh_ADUrv7Spr,"From the district-published public Google Drive (root), linked from norwich.vt.us as official public documents."
Norwich Fire District 1,minutes,PCMeetingMinutes_FINAL_2018-12-17.pdf,https://drive.google.com/file/d/1b1wf6-LdCl4_gEdDLkoDXmHLtF-4Cb9c/view,,https://drive.google.com/drive/folders/1jYR9_KTqlwkCPkPtqKCtFh_ADUrv7Spr,"From the district-published public Google Drive (root), linked from norwich.vt.us as official public documents."
Norwich Fire District 1,other,PC_MEETINGS_APPROVED_1-7-2002.pdf,https://drive.google.com/file/d/1CeztKuoEefSJ-3X8igD8OQgqX11cEV3W/view,,https://drive.google.com/drive/folders/1INFkksgOmwaoTallaOB9p_-dMgpWHDEB,"From the district-published public Google Drive (root), linked from norwich.vt.us as official public documents."
Norwich Fire District 1,other,PC_MEETINGS_APPROVED_2-11-2002.pdf,https://drive.google.com/file/d/1TdvzLK8I0ZwIqwMFAOrGI5zrHLsjgS5r/view,,https://drive.google.com/drive/folders/1INFkksgOmwaoTallaOB9p_-dMgpWHDEB,"From the district-published public Google Drive (root), linked from norwich.vt.us as official public documents."
Norwich Fire District 1,other,PC_MEETINGS_APPROVED_3-20-2002.pdf,https://drive.google.com/file/d/12jU5sNpz4Z1eJDpCULXhIPX1ExIuWcJw/view,,https://drive.google.com/drive/folders/1INFkksgOmwaoTallaOB9p_-dMgpWHDEB,"From the district-published public Google Drive (root), linked from norwich.vt.us as official public documents."
Norwich Fire District 1,minutes,PC_MEETING_MINUTES_APPROVED_10-16-2001.pdf,https://drive.google.com/file/d/1IxCIpOU_3AguV7OUbCGEm-7cMQxgyWBU/view,,https://drive.google.com/drive/folders/14DuCqtgQdIxjRMgfTxEOhck2flV_WVOx,"From the district-published public Google Drive (root), linked from norwich.vt.us as official public documents."
Norwich Fire District 1,minutes,PC_MEETING_MINUTES_APPROVED_11-15-2001.pdf,https://drive.google.com/file/d/1uf9eiMeWx5ILvLvHoVcU2_KovDYUnNNM/view,,https://drive.google.com/drive/folders/14DuCqtgQdIxjRMgfTxEOhck2flV_WVOx,"From the district-published public Google Drive (root), linked from norwich.vt.us as official public documents."
Norwich Fire District 1,minutes,PC_MEETING_MINUTES_APPROVED_12-4-2001.pdf,https://drive.google.com/file/d/17p0fEVaV7KZ9VEdGVM5hqwSkVDf2Hlli/view,,https://drive.google.com/drive/folders/14DuCqtgQdIxjRMgfTxEOhck2flV_WVOx,"From the district-published public Google Drive (root), linked from norwich.vt.us as official public documents."
Norwich Fire District 1,minutes,PC_MEETING_MINUTES_APPROVED_2-27-2001.pdf,https://drive.google.com/file/d/1E08FnOxLQK71eHnULLRAABVkkBiqsGNh/view,,https://drive.google.com/drive/folders/14DuCqtgQdIxjRMgfTxEOhck2flV_WVOx,"From the district-published public Google Drive (root), linked from norwich.vt.us as official public documents."
Norwich Fire District 1,minutes,PC_MEETING_MINUTES_APPROVED_3-20-2001.pdf,https://drive.google.com/file/d/1-RT_XFATOaXwWFUncu2aZ8s1fH3VXcb7/view,,https://drive.google.com/drive/folders/14DuCqtgQdIxjRMgfTxEOhck2flV_WVOx,"From the district-published public Google Drive (root), linked from norwich.vt.us as official public documents."
Norwich Fire District 1,minutes,PC_MEETING_MINUTES_APPROVED_4-24-2001.pdf,https://drive.google.com/file/d/1PNG8ojhIcGZMKzLezXcZJ83Hyhe2eT6b/view,,https://drive.google.com/drive/folders/14DuCqtgQdIxjRMgfTxEOhck2flV_WVOx,"From the district-published public Google Drive (root), linked from norwich.vt.us as official public documents."
Norwich Fire District 1,minutes,PC_MEETING_MINUTES_APPROVED_6-19-2001.pdf,https://drive.google.com/file/d/1a6opzOaMKXhmFODR46v70lg3x_3OU484/view,,https://drive.google.com/drive/folders/14DuCqtgQdIxjRMgfTxEOhck2flV_WVOx,"From the district-published public Google Drive (root), linked from norwich.vt.us as official public documents."
Norwich Fire District 1,minutes,PC_MEETING_MINUTES_APPROVED_7-12-2001.pdf,https://drive.google.com/file/d/1p_A8ia9Kc4hPxeUE5Z2ZGLfbHxMryKto/view,,https://drive.google.com/drive/folders/14DuCqtgQdIxjRMgfTxEOhck2flV_WVOx,"From the district-published public Google Drive (root), linked from norwich.vt.us as official public documents."
Norwich Fire District 1,minutes,PC_MEETING_MINUTES_APPROVED_9-18-2001.pdf,https://drive.google.com/file/d/1l_hsWFO-opb9UtBtc6fA7NdAER_TKeef/view,,https://drive.google.com/drive/folders/14DuCqtgQdIxjRMgfTxEOhck2flV_WVOx,"From the district-published public Google Drive (root), linked from norwich.vt.us as official public documents."
Norwich Fire District 1,other,PC_MINTUES_APPROVED_1-23-2006.pdf,https://drive.google.com/file/d/1YALgQY8vSsl-CIFNKq8KxP0PKCbtjPrZ/view,,https://drive.google.com/drive/folders/1BQFffePkWmUM5AOJ13YHDxH2XsR3bUqj,"From the district-published public Google Drive (root), linked from norwich.vt.us as official public documents."
Norwich Fire District 1,other,PC_MINTUES_APPROVED_1-23-2006.pdf,https://drive.google.com/file/d/1YLeDwPw_hR0v00ZiufazGlnUlo8ylpl_/view,,https://drive.google.com/drive/folders/1BQFffePkWmUM5AOJ13YHDxH2XsR3bUqj,"From the district-published public Google Drive (root), linked from norwich.vt.us as official public documents."
Norwich Fire District 1,minutes,PC_MINUTES-APPROVED_8-5-87.pdf,https://drive.google.com/file/d/14HHf5p_W4h4psJpjrSZafrqW4WC2VDKn/view,,https://drive.google.com/drive/folders/1rud1NlfoRKaV5HD53taEMI0_sEIs0Eud,"From the district-published public Google Drive (root), linked from norwich.vt.us as official public documents."
Norwich Fire District 1,minutes,PC_MINUTES_1-7-13.pdf,https://drive.google.com/file/d/1Zy9I3RRDtljqnXihfmftr3QaX3gweesp/view,,https://drive.google.com/drive/folders/1h5lzSdgViQYUkPgxnCKNoNicihk90t_L,"From the district-published public Google Drive (root), linked from norwich.vt.us as official public documents."
Norwich Fire District 1,minutes,PC_MINUTES_10-7-13.pdf,https://drive.google.com/file/d/1asNFAe0rqCM4wAByZszPnkScapKo_PA5/view,,https://drive.google.com/drive/folders/1h5lzSdgViQYUkPgxnCKNoNicihk90t_L,"From the district-published public Google Drive (root), linked from norwich.vt.us as official public documents."
Norwich Fire District 1,minutes,PC_MINUTES_5-13-13.pdf,https://drive.google.com/file/d/13eE4TK4lr8qzy-ERlZTzuWyBn1bblz5d/view,,https://drive.google.com/drive/folders/1h5lzSdgViQYUkPgxnCKNoNicihk90t_L,"From the district-published public Google Drive (root), linked from norwich.vt.us as official public documents."
Norwich Fire District 1,minutes,PC_MINUTES_6-17-13 .pdf,https://drive.google.com/file/d/1wTGb2OPXXugRdorQIQIUFmG0WwAVjbUR/view,,https://drive.google.com/drive/folders/1h5lzSdgViQYUkPgxnCKNoNicihk90t_L,"From the district-published public Google Drive (root), linked from norwich.vt.us as official public documents."
Norwich Fire District 1,minutes,PC_MINUTES_9-9-13.pdf,https://drive.google.com/file/d/1dEfN3_jBC3GH0rvI-Uzir_ReiyoZLWfU/view,,https://drive.google.com/drive/folders/1h5lzSdgViQYUkPgxnCKNoNicihk90t_L,"From the district-published public Google Drive (root), linked from norwich.vt.us as official public documents."
Norwich Fire District 1,minutes,PC_MINUTES_APPROVED_1-13-2003.pdf,https://drive.google.com/file/d/1jDHqDQOjSGLMGhT2GwzivRyJutPnBlRE/view,,https://drive.google.com/drive/folders/1gSoC-crkSNprc3V69175PZCN_ci44fjt,"From the district-published public Google Drive (root), linked from norwich.vt.us as official public documents."
Norwich Fire District 1,minutes,PC_MINUTES_APPROVED_1-14-2004.pdf,https://drive.google.com/file/d/1ARg8Uko9axCIq7rvTfyP8TpAQtLGA971/view,,https://drive.google.com/drive/folders/15-kYKuq9SAbxmL9j58v9pQ_KX2BgqtG1,"From the district-published public Google Drive (root), linked from norwich.vt.us as official public documents."
Norwich Fire District 1,minutes,PC_MINUTES_APPROVED_1-21-2008.pdf,https://drive.google.com/file/d/1z9etkyRkHL06cJ2g29Z90TW-WrfY8rmm/view,,https://drive.google.com/drive/folders/1pEIh2bEIbhzMci_jA39EBVGPEaxid_pY,"From the district-published public Google Drive (root), linked from norwich.vt.us as official public documents."
Norwich Fire District 1,minutes,PC_MINUTES_APPROVED_1-26-2009.pdf,https://drive.google.com/file/d/1LYIDz5_70cVzyFn75bJN_-SEAuU4U7MJ/view,,https://drive.google.com/drive/folders/1bxsuy6bnr2N-cD7v3VcAHCgh9oPXNwTa,"From the district-published public Google Drive (root), linked from norwich.vt.us as official public documents."
Norwich Fire District 1,minutes,PC_MINUTES_APPROVED_1-4-2001.pdf,https://drive.google.com/file/d/17K4XdEmvpyRN_11Jz7i1mCqknXnmvASQ/view,,https://drive.google.com/drive/folders/14DuCqtgQdIxjRMgfTxEOhck2flV_WVOx,"From the district-published public Google Drive (root), linked from norwich.vt.us as official public documents."
Norwich Fire District 1,minutes,PC_MINUTES_APPROVED_1-4-2005.pdf,https://drive.google.com/file/d/1sChAZT19ulIkdaNMr5eMN9M8zxNyu3sO/view,,https://drive.google.com/drive/folders/1yrQ1DL7Wv7oepYESw15p2Tc13AGqFhM4,"From the district-published public Google Drive (root), linked from norwich.vt.us as official public documents."
Norwich Fire District 1,minutes,PC_MINUTES_APPROVED_1-4-99.pdf,https://drive.google.com/file/d/1s7LNMPOZ6AUe7Xa8zvbYcZSu0qoENbyk/view,,https://drive.google.com/drive/folders/1Bx8TZZxJXOmy0rQ32rljrsbPceCPD9GW,"From the district-published public Google Drive (root), linked from norwich.vt.us as official public documents."
Norwich Fire District 1,minutes,PC_MINUTES_APPROVED_1-5-99.pdf,https://drive.google.com/file/d/1xfA25q6AOm_4m483D-KlJZ2_BTt7zaxd/view,,https://drive.google.com/drive/folders/1Bx8TZZxJXOmy0rQ32rljrsbPceCPD9GW,"From the district-published public Google Drive (root), linked from norwich.vt.us as official public documents."
Norwich Fire District 1,minutes,PC_MINUTES_APPROVED_1-7-2003.pdf,https://drive.google.com/file/d/1UNFYgEVzNoMDnubSR_A7feChcwh-XasM/view,,https://drive.google.com/drive/folders/1gSoC-crkSNprc3V69175PZCN_ci44fjt,"From the district-published public Google Drive (root), linked from norwich.vt.us as official public documents."
Norwich Fire District 1,minutes,PC_MINUTES_APPROVED_1-7-2008.pdf,https://drive.google.com/file/d/1vDPeRWrKds4KUgc3-r7RdKBKvF4Z7q5j/view,,https://drive.google.com/drive/folders/1pEIh2bEIbhzMci_jA39EBVGPEaxid_pY,"From the district-published public Google Drive (root), linked from norwich.vt.us as official public documents."
Norwich Fire District 1,minutes,PC_MINUTES_APPROVED_10-1-2002.pdf,https://drive.google.com/file/d/1-4MAb_jF0xip6l6V8BtuJmeGgogd3bD-/view,,https://drive.google.com/drive/folders/1INFkksgOmwaoTallaOB9p_-dMgpWHDEB,"From the district-published public Google Drive (root), linked from norwich.vt.us as official public documents."
Norwich Fire District 1,minutes,PC_MINUTES_APPROVED_10-12-2004.pdf,https://drive.google.com/file/d/1FJY_Yh4byT2bE7hHj7dwvcnqKnetMsHf/view,,https://drive.google.com/drive/folders/15-kYKuq9SAbxmL9j58v9pQ_KX2BgqtG1,"From the district-published public Google Drive (root), linked from norwich.vt.us as official public documents."
Norwich Fire District 1,minutes,PC_MINUTES_APPROVED_10-12-99.pdf,https://drive.google.com/file/d/10WVTlPP_OvtUynBCev-dRjAakMao1F0j/view,,https://drive.google.com/drive/folders/1Bx8TZZxJXOmy0rQ32rljrsbPceCPD9GW,"From the district-published public Google Drive (root), linked from norwich.vt.us as official public documents."
Norwich Fire District 1,minutes,PC_MINUTES_APPROVED_10-14-2003.pdf,https://drive.google.com/file/d/1cdeZSWRpYhKTGjJOAX2iSBi9BXoZIo9o/view,,https://drive.google.com/drive/folders/1gSoC-crkSNprc3V69175PZCN_ci44fjt,"From the district-published public Google Drive (root), linked from norwich.vt.us as official public documents."
Norwich Fire District 1,minutes,PC_MINUTES_APPROVED_10-16-2006.pdf,https://drive.google.com/file/d/1IUCvEfCVkdkvTQwCMRW_2syFlg8Oxgp5/view,,https://drive.google.com/drive/folders/1BQFffePkWmUM5AOJ13YHDxH2XsR3bUqj,"From the district-published public Google Drive (root), linked from norwich.vt.us as official public documents."
Norwich Fire District 1,minutes,PC_MINUTES_APPROVED_10-16-2006.pdf,https://drive.google.com/file/d/1VB5BJwuWAWzVBk087jSTB8qPSGnzv0wd/view,,https://drive.google.com/drive/folders/1BQFffePkWmUM5AOJ13YHDxH2XsR3bUqj,"From the district-published public Google Drive (root), linked from norwich.vt.us as official public documents."
Norwich Fire District 1,minutes,PC_MINUTES_APPROVED_10-21-2009.pdf,https://drive.google.com/file/d/1l2vlPvEaNBB84LjBnZcMjBRE18ehc9Q8/view,,https://drive.google.com/drive/folders/1bxsuy6bnr2N-cD7v3VcAHCgh9oPXNwTa,"From the district-published public Google Drive (root), linked from norwich.vt.us as official public documents."
Norwich Fire District 1,minutes,PC_MINUTES_APPROVED_10-23-2000.pdf,https://drive.google.com/file/d/1QIEkFITCrxDjNfpQo9NPyk32yj4QIvYA/view,,https://drive.google.com/drive/folders/1MDfhN_wx7qOq52FyVC7wEkTzsnO60yc2,"From the district-published public Google Drive (root), linked from norwich.vt.us as official public documents."
Norwich Fire District 1,minutes,PC_MINUTES_APPROVED_10-27-2008.pdf,https://drive.google.com/file/d/1qlJQZifmBj1ebesmYe0vZ-ruukif3amI/view,,https://drive.google.com/drive/folders/1pEIh2bEIbhzMci_jA39EBVGPEaxid_pY,"From the district-published public Google Drive (root), linked from norwich.vt.us as official public documents."
Norwich Fire District 1,minutes,PC_MINUTES_APPROVED_10-8-2007.pdf,https://drive.google.com/file/d/1BpKKq510FN_J2Do3FXPsw4YrO4Y0Dpy5/view,,https://drive.google.com/drive/folders/19Pre_zONm0_25YchJm4tcHoZgze0MRS3,"From the district-published public Google Drive (root), linked from norwich.vt.us as official public documents."
Norwich Fire District 1,minutes,PC_MINUTES_APPROVED_11-11-2002.pdf,https://drive.google.com/file/d/1BKexXpgelqTZaMySDfvf7dykUWmq4a97/view,,https://drive.google.com/drive/folders/1INFkksgOmwaoTallaOB9p_-dMgpWHDEB,"From the district-published public Google Drive (root), linked from norwich.vt.us as official public documents."
Norwich Fire District 1,minutes,PC_MINUTES_APPROVED_11-12-2003.pdf,https://drive.google.com/file/d/1jBNTbw0g_ux7m3M41rnWk63sfmN_Uz8J/view,,https://drive.google.com/drive/folders/1gSoC-crkSNprc3V69175PZCN_ci44fjt,"From the district-published public Google Drive (root), linked from norwich.vt.us as official public documents."
Norwich Fire District 1,minutes,PC_MINUTES_APPROVED_11-12-2007.pdf,https://drive.google.com/file/d/1Z8AU5cz_qgR6fjI5AklOEr0ZSIuHJ-fn/view,,https://drive.google.com/drive/folders/19Pre_zONm0_25YchJm4tcHoZgze0MRS3,"From the district-published public Google Drive (root), linked from norwich.vt.us as official public documents."
Norwich Fire District 1,minutes,PC_MINUTES_APPROVED_11-14-2005.pdf,https://drive.google.com/file/d/1DdS2USF0KPTFkhitLrBnlX18cGJaQQAP/view,,https://drive.google.com/drive/folders/1yrQ1DL7Wv7oepYESw15p2Tc13AGqFhM4,"From the district-published public Google Drive (root), linked from norwich.vt.us as official public documents."
Norwich Fire District 1,minutes,PC_MINUTES_APPROVED_11-15-2000.pdf,https://drive.google.com/file/d/170ta0_nBKzimx8g3sGJwM7fyfxusV-VJ/view,,https://drive.google.com/drive/folders/1MDfhN_wx7qOq52FyVC7wEkTzsnO60yc2,"From the district-published public Google Drive (root), linked from norwich.vt.us as official public documents."
Norwich Fire District 1,minutes,PC_MINUTES_APPROVED_11-16-2009.pdf,https://drive.google.com/file/d/1l94-jFHuVgRGRtHH3wlltQ-B9lfiEKKe/view,,https://drive.google.com/drive/folders/1bxsuy6bnr2N-cD7v3VcAHCgh9oPXNwTa,"From the district-published public Google Drive (root), linked from norwich.vt.us as official public documents."
Norwich Fire District 1,minutes,PC_MINUTES_APPROVED_11-17-2008.pdf,https://drive.google.com/file/d/1x7FteydI7pY56XZPADAbGSktg805jnVD/view,,https://drive.google.com/drive/folders/1pEIh2bEIbhzMci_jA39EBVGPEaxid_pY,"From the district-published public Google Drive (root), linked from norwich.vt.us as official public documents."
Norwich Fire District 1,minutes,PC_MINUTES_APPROVED_11-23-2004.pdf,https://drive.google.com/file/d/1l_Rss6RGBg2O-ly2AM0Rprj8ZVkq9KME/view,,https://drive.google.com/drive/folders/15-kYKuq9SAbxmL9j58v9pQ_KX2BgqtG1,"From the district-published public Google Drive (root), linked from norwich.vt.us as official public documents."
Norwich Fire District 1,minutes,PC_MINUTES_APPROVED_11-6-2006.pdf,https://drive.google.com/file/d/16bPeMvIWKhyd76rz7iz_Wbp3ZRwHAyYr/view,,https://drive.google.com/drive/folders/1BQFffePkWmUM5AOJ13YHDxH2XsR3bUqj,"From the district-published public Google Drive (root), linked from norwich.vt.us as official public documents."
Norwich Fire District 1,minutes,PC_MINUTES_APPROVED_11-6-2006.pdf,https://drive.google.com/file/d/1uv0OJZQ0lUPr54rmDlQ8abjnlfZnD0dl/view,,https://drive.google.com/drive/folders/1BQFffePkWmUM5AOJ13YHDxH2XsR3bUqj,"From the district-published public Google Drive (root), linked from norwich.vt.us as official public documents."
Norwich Fire District 1,minutes,PC_MINUTES_APPROVED_12-10-2003.pdf,https://drive.google.com/file/d/1-ESW32Nr2wOJkEO5ydbO6mzPQe-9Xjd8/view,,https://drive.google.com/drive/folders/1gSoC-crkSNprc3V69175PZCN_ci44fjt,"From the district-published public Google Drive (root), linked from norwich.vt.us as official public documents."
Norwich Fire District 1,minutes,PC_MINUTES_APPROVED_12-10-2007.pdf,https://drive.google.com/file/d/1ef6H0t_PSWd0-xTTteeHVIIXsxvF6Zwa/view,,https://drive.google.com/drive/folders/19Pre_zONm0_25YchJm4tcHoZgze0MRS3,"From the district-published public Google Drive (root), linked from norwich.vt.us as official public documents."
Norwich Fire District 1,minutes,PC_MINUTES_APPROVED_12-10-87.pdf,https://drive.google.com/file/d/1uufVbKw2EbVMqPf6WCRgjJHAxzvkei5b/view,,https://drive.google.com/drive/folders/1rud1NlfoRKaV5HD53taEMI0_sEIs0Eud,"From the district-published public Google Drive (root), linked from norwich.vt.us as official public documents."
Norwich Fire District 1,minutes,PC_MINUTES_APPROVED_12-11-2006.pdf,https://drive.google.com/file/d/14T25s5aXvdGY0Mm5NkrDSKALaoarsSqR/view,,https://drive.google.com/drive/folders/1BQFffePkWmUM5AOJ13YHDxH2XsR3bUqj,"From the district-published public Google Drive (root), linked from norwich.vt.us as official public documents."
Norwich Fire District 1,minutes,PC_MINUTES_APPROVED_12-11-2006.pdf,https://drive.google.com/file/d/1nw4Xp2m5lohTPuBHoIkbTnQTpGTgV_0J/view,,https://drive.google.com/drive/folders/1BQFffePkWmUM5AOJ13YHDxH2XsR3bUqj,"From the district-published public Google Drive (root), linked from norwich.vt.us as official public documents."
Norwich Fire District 1,minutes,PC_MINUTES_APPROVED_12-14-2004.pdf,https://drive.google.com/file/d/1Ewzi8Udxb1v-UlDWAtG44cVnvqfwCRn2/view,,https://drive.google.com/drive/folders/15-kYKuq9SAbxmL9j58v9pQ_KX2BgqtG1,"From the district-published public Google Drive (root), linked from norwich.vt.us as official public documents."
Norwich Fire District 1,minutes,PC_MINUTES_APPROVED_12-14-2009.pdf,https://drive.google.com/file/d/1jYHnr0kaV7tVPChU2OPXN9QUYmwCt6AR/view,,https://drive.google.com/drive/folders/1bxsuy6bnr2N-cD7v3VcAHCgh9oPXNwTa,"From the district-published public Google Drive (root), linked from norwich.vt.us as official public documents."
Norwich Fire District 1,minutes,PC_MINUTES_APPROVED_12-14-87.pdf,https://drive.google.com/file/d/1E7MmBjKYrADfGFS3tBb5sh4Azj38e-7I/view,,https://drive.google.com/drive/folders/1rud1NlfoRKaV5HD53taEMI0_sEIs0Eud,"From the district-published public Google Drive (root), linked from norwich.vt.us as official public documents."
Norwich Fire District 1,minutes,PC_MINUTES_APPROVED_12-15-2008.pdf,https://drive.google.com/file/d/1ZpcSLbINwsezhdoD6Fu7PPEZ0QKrRZ0i/view,,https://drive.google.com/drive/folders/1pEIh2bEIbhzMci_jA39EBVGPEaxid_pY,"From the district-published public Google Drive (root), linked from norwich.vt.us as official public documents."
Norwich Fire District 1,minutes,PC_MINUTES_APPROVED_12-17-2002.pdf,https://drive.google.com/file/d/1T4s6q9JeS0Y_QqTbvYnF7KhhOReMH1HT/view,,https://drive.google.com/drive/folders/1INFkksgOmwaoTallaOB9p_-dMgpWHDEB,"From the district-published public Google Drive (root), linked from norwich.vt.us as official public documents."
Norwich Fire District 1,minutes,PC_MINUTES_APPROVED_12-19-2005.pdf,https://drive.google.com/file/d/19sIfrdWnIQHNxjMP1FAWcBsiYu1DnBoR/view,,https://drive.google.com/drive/folders/1yrQ1DL7Wv7oepYESw15p2Tc13AGqFhM4,"From the district-published public Google Drive (root), linked from norwich.vt.us as official public documents."
Norwich Fire District 1,minutes,PC_MINUTES_APPROVED_12-2-87.pdf,https://drive.google.com/file/d/1FWqpvfhHwLAikMp73N9halcxzr0jDsdy/view,,https://drive.google.com/drive/folders/1rud1NlfoRKaV5HD53taEMI0_sEIs0Eud,"From the district-published public Google Drive (root), linked from norwich.vt.us as official public documents."
Norwich Fire District 1,minutes,PC_MINUTES_APPROVED_12-20-2000.pdf,https://drive.google.com/file/d/1XbzM0WpjOp8dfKiNz-xlLgEKkSMUuU7Z/view,,https://drive.google.com/drive/folders/1MDfhN_wx7qOq52FyVC7wEkTzsnO60yc2,"From the district-published public Google Drive (root), linked from norwich.vt.us as official public documents."
Norwich Fire District 1,minutes,PC_MINUTES_APPROVED_12-29-2003.pdf,https://drive.google.com/file/d/1sAx_H37x9mf_sHX0uSFy9P3KU4A9M9RH/view,,https://drive.google.com/drive/folders/1gSoC-crkSNprc3V69175PZCN_ci44fjt,"From the district-published public Google Drive (root), linked from norwich.vt.us as official public documents."
Norwich Fire District 1,minutes,PC_MINUTES_APPROVED_2-11-2008.pdf,https://drive.google.com/file/d/1s5rOOPRMc52Y4YMpXiJsBV9wQ6KHHyx5/view,,https://drive.google.com/drive/folders/1pEIh2bEIbhzMci_jA39EBVGPEaxid_pY,"From the district-published public Google Drive (root), linked from norwich.vt.us as official public documents."
Norwich Fire District 1,minutes,PC_MINUTES_APPROVED_2-12-2007.pdf,https://drive.google.com/file/d/1pR4eQVOu1tRorGPt_aSdrwy8wyeayo-e/view,,https://drive.google.com/drive/folders/19Pre_zONm0_25YchJm4tcHoZgze0MRS3,"From the district-published public Google Drive (root), linked from norwich.vt.us as official public documents."
Norwich Fire District 1,minutes,PC_MINUTES_APPROVED_2-13-2006.pdf,https://drive.google.com/file/d/14Q8M9WxY9y6vEb6kE542mgR1TLE70ZOj/view,,https://drive.google.com/drive/folders/1BQFffePkWmUM5AOJ13YHDxH2XsR3bUqj,"From the district-published public Google Drive (root), linked from norwich.vt.us as official public documents."
Norwich Fire District 1,minutes,PC_MINUTES_APPROVED_2-13-2006.pdf,https://drive.google.com/file/d/1RMYQXuQ7NAiT_tin3_gAAu0N3wblJtVs/view,,https://drive.google.com/drive/folders/1BQFffePkWmUM5AOJ13YHDxH2XsR3bUqj,"From the district-published public Google Drive (root), linked from norwich.vt.us as official public documents."
Norwich Fire District 1,minutes,PC_MINUTES_APPROVED_2-14-2005.pdf,https://drive.google.com/file/d/1ZXzYujQZQG3bd_8uQ5FbDW5l68iDJbOB/view,,https://drive.google.com/drive/folders/1yrQ1DL7Wv7oepYESw15p2Tc13AGqFhM4,"From the district-published public Google Drive (root), linked from norwich.vt.us as official public documents."
Norwich Fire District 1,minutes,PC_MINUTES_APPROVED_2-18-2003.pdf,https://drive.google.com/file/d/1b72HmxNhJ-eapBtaf1UxlP8bKBdbW2w8/view,,https://drive.google.com/drive/folders/1gSoC-crkSNprc3V69175PZCN_ci44fjt,"From the district-published public Google Drive (root), linked from norwich.vt.us as official public documents."
Norwich Fire District 1,minutes,PC_MINUTES_APPROVED_2-23-2009.pdf,https://drive.google.com/file/d/1qB3XlQKQNp2kKf10Ps7kgpT61TviTWkx/view,,https://drive.google.com/drive/folders/1bxsuy6bnr2N-cD7v3VcAHCgh9oPXNwTa,"From the district-published public Google Drive (root), linked from norwich.vt.us as official public documents."
Norwich Fire District 1,minutes,PC_MINUTES_APPROVED_2-26-2005.pdf,https://drive.google.com/file/d/1XDzdM69Tq-Ln2tZmZZGf51NhyQXQRMDr/view,,https://drive.google.com/drive/folders/1yrQ1DL7Wv7oepYESw15p2Tc13AGqFhM4,"From the district-published public Google Drive (root), linked from norwich.vt.us as official public documents."
Norwich Fire District 1,minutes,PC_MINUTES_APPROVED_2-8-2000.pdf,https://drive.google.com/file/d/17FaQDLENBGe6a9ZM9GViBGpMewi7qCMr/view,,https://drive.google.com/drive/folders/1MDfhN_wx7qOq52FyVC7wEkTzsnO60yc2,"From the district-published public Google Drive (root), linked from norwich.vt.us as official public documents."
Norwich Fire District 1,minutes,PC_MINUTES_APPROVED_2-9-99.pdf,https://drive.google.com/file/d/1OA0KqC765IA4apMmfD30CDAj6Ckx1DyH/view,,https://drive.google.com/drive/folders/1Bx8TZZxJXOmy0rQ32rljrsbPceCPD9GW,"From the district-published public Google Drive (root), linked from norwich.vt.us as official public documents."
Norwich Fire District 1,minutes,PC_MINUTES_APPROVED_2020-1-27.pdf,https://drive.google.com/file/d/1ZCwpJX9_OZeA3IX5tkETLjnSZVM71kzb/view,,https://drive.google.com/drive/folders/1VCur8MjM3sRqczP4gIm3Tdv_r7cU3MPe,"From the district-published public Google Drive (root), linked from norwich.vt.us as official public documents."
Norwich Fire District 1,minutes,PC_MINUTES_APPROVED_2020-10-13.pdf,https://drive.google.com/file/d/1sR4xcWh7d6TMZ7ZAtZ7CIyytEWiqP3LZ/view,,https://drive.google.com/drive/folders/1VCur8MjM3sRqczP4gIm3Tdv_r7cU3MPe,"From the district-published public Google Drive (root), linked from norwich.vt.us as official public documents."
Norwich Fire District 1,minutes,PC_MINUTES_APPROVED_2020-10-26.pdf,https://drive.google.com/file/d/1ZYn9hwCdnTuix0zby2RVAhDUsx4sucHS/view,,https://drive.google.com/drive/folders/1VCur8MjM3sRqczP4gIm3Tdv_r7cU3MPe,"From the district-published public Google Drive (root), linked from norwich.vt.us as official public documents."
Norwich Fire District 1,minutes,PC_MINUTES_APPROVED_2020-11-23.pdf,https://drive.google.com/file/d/1rhLhXZt248_6pVwEv0rkeDNeV1kSo27E/view,,https://drive.google.com/drive/folders/1VCur8MjM3sRqczP4gIm3Tdv_r7cU3MPe,"From the district-published public Google Drive (root), linked from norwich.vt.us as official public documents."
Norwich Fire District 1,minutes,PC_MINUTES_APPROVED_2020-11-9.pdf,https://drive.google.com/file/d/1otk2-E1Gb6Hpu90jq5JyC9OkoWsCAjMQ/view,,https://drive.google.com/drive/folders/1VCur8MjM3sRqczP4gIm3Tdv_r7cU3MPe,"From the district-published public Google Drive (root), linked from norwich.vt.us as official public documents."
Norwich Fire District 1,minutes,PC_MINUTES_APPROVED_2020-12-21.pdf,https://drive.google.com/file/d/1t7pQmes1tPzKlQ0bNfXCd73oJKwYQfzS/view,,https://drive.google.com/drive/folders/1VCur8MjM3sRqczP4gIm3Tdv_r7cU3MPe,"From the district-published public Google Drive (root), linked from norwich.vt.us as official public documents."
Norwich Fire District 1,minutes,PC_MINUTES_APPROVED_2020-12-7.pdf,https://drive.google.com/file/d/1i8Dn-aa-LKiIWbjB_-DP6nc3USfVLIsA/view,,https://drive.google.com/drive/folders/1VCur8MjM3sRqczP4gIm3Tdv_r7cU3MPe,"From the district-published public Google Drive (root), linked from norwich.vt.us as official public documents."
Norwich Fire District 1,minutes,PC_MINUTES_APPROVED_2020-2-17.pdf,https://drive.google.com/file/d/1jzLypoSB28OYRVKJ0lj9FjRPh1f0UdB8/view,,https://drive.google.com/drive/folders/1VCur8MjM3sRqczP4gIm3Tdv_r7cU3MPe,"From the district-published public Google Drive (root), linked from norwich.vt.us as official public documents."
Norwich Fire District 1,minutes,PC_MINUTES_APPROVED_2020-3-2.pdf,https://drive.google.com/file/d/1OcOw83G3p_wOJitF32EGjg9tZed6jaIR/view,,https://drive.google.com/drive/folders/1VCur8MjM3sRqczP4gIm3Tdv_r7cU3MPe,"From the district-published public Google Drive (root), linked from norwich.vt.us as official public documents."
Norwich Fire District 1,minutes,PC_MINUTES_APPROVED_2020-4-27.pdf,https://drive.google.com/file/d/1JG4WnP8_I53LySbMg6LpyW8tOhcqchsx/view,,https://drive.google.com/drive/folders/1VCur8MjM3sRqczP4gIm3Tdv_r7cU3MPe,"From the district-published public Google Drive (root), linked from norwich.vt.us as official public documents."
Norwich Fire District 1,minutes,PC_MINUTES_APPROVED_2020-4-3.pdf,https://drive.google.com/file/d/1ZAJXEaehwFycMfmES4OP2FClpGCf2ert/view,,https://drive.google.com/drive/folders/1VCur8MjM3sRqczP4gIm3Tdv_r7cU3MPe,"From the district-published public Google Drive (root), linked from norwich.vt.us as official public documents."
Norwich Fire District 1,minutes,PC_MINUTES_APPROVED_2020-5-26.pdf,https://drive.google.com/file/d/1qqoq2tCBXG5E-syOEwd5Rf8l6jXdQN3J/view,,https://drive.google.com/drive/folders/1VCur8MjM3sRqczP4gIm3Tdv_r7cU3MPe,"From the district-published public Google Drive (root), linked from norwich.vt.us as official public documents."
Norwich Fire District 1,minutes,PC_MINUTES_APPROVED_2020-6-16.pdf,https://drive.google.com/file/d/1-v4w4_VlAIrBdtUqFKrrdfXgQyPrXehz/view,,https://drive.google.com/drive/folders/1VCur8MjM3sRqczP4gIm3Tdv_r7cU3MPe,"From the district-published public Google Drive (root), linked from norwich.vt.us as official public documents."
Norwich Fire District 1,minutes,PC_MINUTES_APPROVED_2020-7-20.pdf,https://drive.google.com/file/d/1XTY0sJt1vCQM8MxxaAoa5RQL1MSpLIMF/view,,https://drive.google.com/drive/folders/1VCur8MjM3sRqczP4gIm3Tdv_r7cU3MPe,"From the district-published public Google Drive (root), linked from norwich.vt.us as official public documents."
Norwich Fire District 1,minutes,PC_MINUTES_APPROVED_2020-8-18.pdf,https://drive.google.com/file/d/1qyPhZSyGgdeEmMV5EcNkQMGqTtNBILbF/view,,https://drive.google.com/drive/folders/1VCur8MjM3sRqczP4gIm3Tdv_r7cU3MPe,"From the district-published public Google Drive (root), linked from norwich.vt.us as official public documents."
Norwich Fire District 1,minutes,PC_MINUTES_APPROVED_2020-8-3.pdf,https://drive.google.com/file/d/1Wi2q58k82-jX6Mkpg4Wx5Su8ALBoO_U4/view,,https://drive.google.com/drive/folders/1VCur8MjM3sRqczP4gIm3Tdv_r7cU3MPe,"From the district-published public Google Drive (root), linked from norwich.vt.us as official public documents."
Norwich Fire District 1,minutes,PC_MINUTES_APPROVED_2020-8-31.pdf,https://drive.google.com/file/d/12M_PMnSLvHl53l0-2ZyjiXLSpC7YRBJV/view,,https://drive.google.com/drive/folders/1VCur8MjM3sRqczP4gIm3Tdv_r7cU3MPe,"From the district-published public Google Drive (root), linked from norwich.vt.us as official public documents."
Norwich Fire District 1,minutes,PC_MINUTES_APPROVED_2020-9-14.pdf,https://drive.google.com/file/d/1azNblcOcU1jJWYOYlXxRkBcNaj00XNlN/view,,https://drive.google.com/drive/folders/1VCur8MjM3sRqczP4gIm3Tdv_r7cU3MPe,"From the district-published public Google Drive (root), linked from norwich.vt.us as official public documents."
Norwich Fire District 1,minutes,PC_MINUTES_APPROVED_2020-9-28.pdf,https://drive.google.com/file/d/1JC-e0ZGetf4-GVTKIVen_59WpuUjdGV6/view,,https://drive.google.com/drive/folders/1VCur8MjM3sRqczP4gIm3Tdv_r7cU3MPe,"From the district-published public Google Drive (root), linked from norwich.vt.us as official public documents."
Norwich Fire District 1,minutes,PC_MINUTES_APPROVED_2021-1-4 .pdf,https://drive.google.com/file/d/1-W0Dd0rgLCtiaA_d1H19N8AgOpBqUKWA/view,,https://drive.google.com/drive/folders/1Selja0Pj5ALg-wduz7keG8QNb_pfQozk,"From the district-published public Google Drive (root), linked from norwich.vt.us as official public documents."
Norwich Fire District 1,minutes,PC_MINUTES_APPROVED_2021-10-12.pdf,https://drive.google.com/file/d/1we7hUWlr9ogJw0Yr0DbFDCpkcjl4qy1D/view,,https://drive.google.com/drive/folders/1Selja0Pj5ALg-wduz7keG8QNb_pfQozk,"From the district-published public Google Drive (root), linked from norwich.vt.us as official public documents."
Norwich Fire District 1,minutes,PC_MINUTES_APPROVED_2021-12-6.pdf,https://drive.google.com/file/d/1xkRd1wO7X_1__Be14hLO7wdY8Ia_61YJ/view,,https://drive.google.com/drive/folders/1Selja0Pj5ALg-wduz7keG8QNb_pfQozk,"From the district-published public Google Drive (root), linked from norwich.vt.us as official public documents."
Norwich Fire District 1,minutes,PC_MINUTES_APPROVED_2021-2-2.pdf,https://drive.google.com/file/d/14X3zgS0QAYhRG_lJM93Q8meblod2ExWG/view,,https://drive.google.com/drive/folders/1Selja0Pj5ALg-wduz7keG8QNb_pfQozk,"From the district-published public Google Drive (root), linked from norwich.vt.us as official public documents."
Norwich Fire District 1,minutes,PC_MINUTES_APPROVED_2021-3-15.pdf,https://drive.google.com/file/d/1iQsRhwHeJIaR_-24P9VOzouokZ_Yu4t4/view,,https://drive.google.com/drive/folders/1Selja0Pj5ALg-wduz7keG8QNb_pfQozk,"From the district-published public Google Drive (root), linked from norwich.vt.us as official public documents."
Norwich Fire District 1,minutes,PC_MINUTES_APPROVED_2021-4-20.pdf,https://drive.google.com/file/d/1M36BEJuCGyCj-_O8KYMMlR9MyHIfdcNW/view,,https://drive.google.com/drive/folders/1Selja0Pj5ALg-wduz7keG8QNb_pfQozk,"From the district-published public Google Drive (root), linked from norwich.vt.us as official public documents."
Norwich Fire District 1,minutes,PC_MINUTES_APPROVED_2021-4-27.pdf,https://drive.google.com/file/d/1UotLYc0mYUR04N6KT1dU-iFMhilq5ekf/view,,https://drive.google.com/drive/folders/1Selja0Pj5ALg-wduz7keG8QNb_pfQozk,"From the district-published public Google Drive (root), linked from norwich.vt.us as official public documents."
Norwich Fire District 1,minutes,PC_MINUTES_APPROVED_2021-5-11.pdf,https://drive.google.com/file/d/1PQz6olWdIu5AGKGsS1EyjPGs7cAI04Zl/view,,https://drive.google.com/drive/folders/1Selja0Pj5ALg-wduz7keG8QNb_pfQozk,"From the district-published public Google Drive (root), linked from norwich.vt.us as official public documents."
Norwich Fire District 1,minutes,PC_MINUTES_APPROVED_2021-6-7.pdf,https://drive.google.com/file/d/18243jC2N2k1Sa6yx1bOvC8zdO6nvcdiD/view,,https://drive.google.com/drive/folders/1Selja0Pj5ALg-wduz7keG8QNb_pfQozk,"From the district-published public Google Drive (root), linked from norwich.vt.us as official public documents."
Norwich Fire District 1,minutes,PC_MINUTES_APPROVED_2021-7-13.pdf,https://drive.google.com/file/d/1Z8b0ODZHzL16KyFvC314tR8C9t6QNAd-/view,,https://drive.google.com/drive/folders/1Selja0Pj5ALg-wduz7keG8QNb_pfQozk,"From the district-published public Google Drive (root), linked from norwich.vt.us as official public documents."
Norwich Fire District 1,minutes,PC_MINUTES_APPROVED_2021-8-27.pdf,https://drive.google.com/file/d/1_PUT_hmM1MYO_KqkriM6nmXMIuqWM1Pq/view,,https://drive.google.com/drive/folders/1Selja0Pj5ALg-wduz7keG8QNb_pfQozk,"From the district-published public Google Drive (root), linked from norwich.vt.us as official public documents."
Norwich Fire District 1,minutes,PC_MINUTES_APPROVED_2021-9-14.pdf,https://drive.google.com/file/d/1x1mTu8KLrQlXe3a5O3pazlT6iia4u40a/view,,https://drive.google.com/drive/folders/1Selja0Pj5ALg-wduz7keG8QNb_pfQozk,"From the district-published public Google Drive (root), linked from norwich.vt.us as official public documents."
Norwich Fire District 1,minutes,PC_MINUTES_APPROVED_3-10-2008.pdf,https://drive.google.com/file/d/1WVOxvAV3I7cIEjbT3hY2QSKCIEP7mlRM/view,,https://drive.google.com/drive/folders/1pEIh2bEIbhzMci_jA39EBVGPEaxid_pY,"From the district-published public Google Drive (root), linked from norwich.vt.us as official public documents."
Norwich Fire District 1,minutes,PC_MINUTES_APPROVED_3-11-2006.pdf,https://drive.google.com/file/d/1ZY8TuWOQeyLMMXCQWLCbTXE9unqIV58c/view,,https://drive.google.com/drive/folders/1BQFffePkWmUM5AOJ13YHDxH2XsR3bUqj,"From the district-published public Google Drive (root), linked from norwich.vt.us as official public documents."
Norwich Fire District 1,minutes,PC_MINUTES_APPROVED_3-11-2006.pdf,https://drive.google.com/file/d/1csCgkLxfbeDPWmMTdWs4g2-D4XDMBIt7/view,,https://drive.google.com/drive/folders/1BQFffePkWmUM5AOJ13YHDxH2XsR3bUqj,"From the district-published public Google Drive (root), linked from norwich.vt.us as official public documents."
Norwich Fire District 1,minutes,PC_MINUTES_APPROVED_3-21-2003.pdf,https://drive.google.com/file/d/1rJnUIYcm3-_uvuk6yvZZuafUZpYC8gvd/view,,https://drive.google.com/drive/folders/1gSoC-crkSNprc3V69175PZCN_ci44fjt,"From the district-published public Google Drive (root), linked from norwich.vt.us as official public documents."
Norwich Fire District 1,minutes,PC_MINUTES_APPROVED_3-26-2007.pdf,https://drive.google.com/file/d/1pjtq3py7QqxfqjmvyRwL2zDrv6mENVFm/view,,https://drive.google.com/drive/folders/19Pre_zONm0_25YchJm4tcHoZgze0MRS3,"From the district-published public Google Drive (root), linked from norwich.vt.us as official public documents."
Norwich Fire District 1,minutes,PC_MINUTES_APPROVED_3-26-2009.pdf,https://drive.google.com/file/d/1ag92cqogOHK_HWntqZ3cf8uy77r3nL08/view,,https://drive.google.com/drive/folders/1bxsuy6bnr2N-cD7v3VcAHCgh9oPXNwTa,"From the district-published public Google Drive (root), linked from norwich.vt.us as official public documents."
Norwich Fire District 1,minutes,PC_MINUTES_APPROVED_3-31-2000.pdf,https://drive.google.com/file/d/1ZvMHpf_U2pYhCbF3OOTYOfm_h4lfrjcC/view,,https://drive.google.com/drive/folders/1MDfhN_wx7qOq52FyVC7wEkTzsnO60yc2,"From the district-published public Google Drive (root), linked from norwich.vt.us as official public documents."
Norwich Fire District 1,minutes,PC_MINUTES_APPROVED_3-7-2005.pdf,https://drive.google.com/file/d/1MPnYyM3Eoau_Huak7lsOFO701yrpvQU8/view,,https://drive.google.com/drive/folders/1yrQ1DL7Wv7oepYESw15p2Tc13AGqFhM4,"From the district-published public Google Drive (root), linked from norwich.vt.us as official public documents."
Norwich Fire District 1,minutes,PC_MINUTES_APPROVED_3-9-2004.pdf,https://drive.google.com/file/d/1qFkSKm7cnumzSaUuWU8Jg9NqAmaflq_i/view,,https://drive.google.com/drive/folders/15-kYKuq9SAbxmL9j58v9pQ_KX2BgqtG1,"From the district-published public Google Drive (root), linked from norwich.vt.us as official public documents."
Norwich Fire District 1,minutes,PC_MINUTES_APPROVED_4-10-2006.pdf,https://drive.google.com/file/d/1-Me6Nnn2b47s0ApDHsAqAez81C7HuuHl/view,,https://drive.google.com/drive/folders/1BQFffePkWmUM5AOJ13YHDxH2XsR3bUqj,"From the district-published public Google Drive (root), linked from norwich.vt.us as official public documents."
Norwich Fire District 1,minutes,PC_MINUTES_APPROVED_4-10-2006.pdf,https://drive.google.com/file/d/1yNXuXwNQHWQB5C62I6RddTiJzxvATZJp/view,,https://drive.google.com/drive/folders/1BQFffePkWmUM5AOJ13YHDxH2XsR3bUqj,"From the district-published public Google Drive (root), linked from norwich.vt.us as official public documents."
Norwich Fire District 1,minutes,PC_MINUTES_APPROVED_4-13-2004.pdf,https://drive.google.com/file/d/1nt_U39cU_X_SzCWZEXRI9ryoYNw_bepq/view,,https://drive.google.com/drive/folders/15-kYKuq9SAbxmL9j58v9pQ_KX2BgqtG1,"From the district-published public Google Drive (root), linked from norwich.vt.us as official public documents."
Norwich Fire District 1,minutes,PC_MINUTES_APPROVED_4-13-99.pdf,https://drive.google.com/file/d/1oBGyiUfPoRDQt-8nB0smDD32TU5vosQn/view,,https://drive.google.com/drive/folders/1Bx8TZZxJXOmy0rQ32rljrsbPceCPD9GW,"From the district-published public Google Drive (root), linked from norwich.vt.us as official public documents."
Norwich Fire District 1,minutes,PC_MINUTES_APPROVED_4-22-2003.pdf,https://drive.google.com/file/d/1DOuj72IvOzvAAi_GdO2h9eiw72gc7xIu/view,,https://drive.google.com/drive/folders/1gSoC-crkSNprc3V69175PZCN_ci44fjt,"From the district-published public Google Drive (root), linked from norwich.vt.us as official public documents."
Norwich Fire District 1,minutes,PC_MINUTES_APPROVED_4-25-2000.pdf,https://drive.google.com/file/d/1T6EB3eXVXgGmTUQwISKUqz1qL08fNKiW/view,,https://drive.google.com/drive/folders/1MDfhN_wx7qOq52FyVC7wEkTzsnO60yc2,"From the district-published public Google Drive (root), linked from norwich.vt.us as official public documents."
Norwich Fire District 1,minutes,PC_MINUTES_APPROVED_4-25-2007.pdf,https://drive.google.com/file/d/1T-iLOQEGymFVmtfXER-SiWZX8QGyY21L/view,,https://drive.google.com/drive/folders/19Pre_zONm0_25YchJm4tcHoZgze0MRS3,"From the district-published public Google Drive (root), linked from norwich.vt.us as official public documents."
Norwich Fire District 1,minutes,PC_MINUTES_APPROVED_4-29-2002.pdf,https://drive.google.com/file/d/1Jj_1sYcBPUxpwPlHQcfdr5hn7-C60HZ-/view,,https://drive.google.com/drive/folders/1INFkksgOmwaoTallaOB9p_-dMgpWHDEB,"From the district-published public Google Drive (root), linked from norwich.vt.us as official public documents."
Norwich Fire District 1,minutes,PC_MINUTES_APPROVED_4-29-2009.pdf,https://drive.google.com/file/d/1Aihu608hNJwjIHYHsMx_4s-0gJO1X8ob/view,,https://drive.google.com/drive/folders/1bxsuy6bnr2N-cD7v3VcAHCgh9oPXNwTa,"From the district-published public Google Drive (root), linked from norwich.vt.us as official public documents."
Norwich Fire District 1,minutes,PC_MINUTES_APPROVED_4-30-2008.pdf,https://drive.google.com/file/d/1loluz4DQheN2XckB91ebWldcih8nuCBi/view,,https://drive.google.com/drive/folders/1pEIh2bEIbhzMci_jA39EBVGPEaxid_pY,"From the district-published public Google Drive (root), linked from norwich.vt.us as official public documents."
Norwich Fire District 1,minutes,PC_MINUTES_APPROVED_4-6-2005.pdf,https://drive.google.com/file/d/1vA8zcxIwYBCBRBDcWxpyBGw_WgmfrtMs/view,,https://drive.google.com/drive/folders/1yrQ1DL7Wv7oepYESw15p2Tc13AGqFhM4,"From the district-published public Google Drive (root), linked from norwich.vt.us as official public documents."
Norwich Fire District 1,minutes,PC_MINUTES_APPROVED_5-1-99.pdf,https://drive.google.com/file/d/13wkiYQ8rdMJXsDJsang8XXQw-g1eh5xg/view,,https://drive.google.com/drive/folders/1Bx8TZZxJXOmy0rQ32rljrsbPceCPD9GW,"From the district-published public Google Drive (root), linked from norwich.vt.us as official public documents."
Norwich Fire District 1,minutes,PC_MINUTES_APPROVED_5-10-2009.pdf,https://drive.google.com/file/d/1jWo_CmVSt3KQ8dCWmjWav4BHGVkT-4Kw/view,,https://drive.google.com/drive/folders/1bxsuy6bnr2N-cD7v3VcAHCgh9oPXNwTa,"From the district-published public Google Drive (root), linked from norwich.vt.us as official public documents."
Norwich Fire District 1,minutes,PC_MINUTES_APPROVED_5-14-2007.pdf,https://drive.google.com/file/d/1N5vM5WC7yJRNTKEKTbxvLriLiN4wGCkI/view,,https://drive.google.com/drive/folders/19Pre_zONm0_25YchJm4tcHoZgze0MRS3,"From the district-published public Google Drive (root), linked from norwich.vt.us as official public documents."
Norwich Fire District 1,minutes,PC_MINUTES_APPROVED_5-16-2005.pdf,https://drive.google.com/file/d/1hZ3QEJtsJXSUkcrChHVBJiqi3RxIKxql/view,,https://drive.google.com/drive/folders/1yrQ1DL7Wv7oepYESw15p2Tc13AGqFhM4,"From the district-published public Google Drive (root), linked from norwich.vt.us as official public documents."
Norwich Fire District 1,minutes,PC_MINUTES_APPROVED_5-17-2004.pdf,https://drive.google.com/file/d/1agfke6Rq2r46ZgDRb6NQq6gr-7roHuFU/view,,https://drive.google.com/drive/folders/15-kYKuq9SAbxmL9j58v9pQ_KX2BgqtG1,"From the district-published public Google Drive (root), linked from norwich.vt.us as official public documents."
Norwich Fire District 1,minutes,PC_MINUTES_APPROVED_5-20-2002.pdf,https://drive.google.com/file/d/1SD2--pVFQKmfye6RQ5_mh7y5EZr35Onv/view,,https://drive.google.com/drive/folders/1INFkksgOmwaoTallaOB9p_-dMgpWHDEB,"From the district-published public Google Drive (root), linked from norwich.vt.us as official public documents."
Norwich Fire District 1,minutes,PC_MINUTES_APPROVED_5-20-2003.pdf,https://drive.google.com/file/d/1Q3vdO8Ninnfh4DnGvs9KqOsGuWlvqxSR/view,,https://drive.google.com/drive/folders/1gSoC-crkSNprc3V69175PZCN_ci44fjt,"From the district-published public Google Drive (root), linked from norwich.vt.us as official public documents."
Norwich Fire District 1,minutes,PC_MINUTES_APPROVED_5-20-2008.pdf,https://drive.google.com/file/d/1Rftu_mYDBmqxLlH3HMsYvIh-wzsMxCm-/view,,https://drive.google.com/drive/folders/1pEIh2bEIbhzMci_jA39EBVGPEaxid_pY,"From the district-published public Google Drive (root), linked from norwich.vt.us as official public documents."
Norwich Fire District 1,minutes,PC_MINUTES_APPROVED_5-26-2000.pdf,https://drive.google.com/file/d/1erGEKbHAGfe1vg98mo3KaEonXOMBUthp/view,,https://drive.google.com/drive/folders/1MDfhN_wx7qOq52FyVC7wEkTzsnO60yc2,"From the district-published public Google Drive (root), linked from norwich.vt.us as official public documents."
Norwich Fire District 1,minutes,PC_MINUTES_APPROVED_5-3-2006.pdf,https://drive.google.com/file/d/1CX5W5xDD3du37JxY6BJ6WYKGF7sQHoQl/view,,https://drive.google.com/drive/folders/1BQFffePkWmUM5AOJ13YHDxH2XsR3bUqj,"From the district-published public Google Drive (root), linked from norwich.vt.us as official public documents."
Norwich Fire District 1,minutes,PC_MINUTES_APPROVED_5-3-2006.pdf,https://drive.google.com/file/d/1vzuCcEhVVdqe1fRPHWsZoCLezzc2hwa6/view,,https://drive.google.com/drive/folders/1BQFffePkWmUM5AOJ13YHDxH2XsR3bUqj,"From the district-published public Google Drive (root), linked from norwich.vt.us as official public documents."
Norwich Fire District 1,minutes,PC_MINUTES_APPROVED_5-6-2004.pdf,https://drive.google.com/file/d/1gJYItQ_XcR3gdelrYPfgPcYM-AoigL8r/view,,https://drive.google.com/drive/folders/15-kYKuq9SAbxmL9j58v9pQ_KX2BgqtG1,"From the district-published public Google Drive (root), linked from norwich.vt.us as official public documents."
Norwich Fire District 1,minutes,PC_MINUTES_APPROVED_6-1-2009.pdf,https://drive.google.com/file/d/19N4V7vb1SVOAFavd6GN2VX_mlI4JlEGB/view,,https://drive.google.com/drive/folders/1bxsuy6bnr2N-cD7v3VcAHCgh9oPXNwTa,"From the district-published public Google Drive (root), linked from norwich.vt.us as official public documents."
Norwich Fire District 1,minutes,PC_MINUTES_APPROVED_6-16-2008.pdf,https://drive.google.com/file/d/1TLtPHkrgKTEhXkziHZDQUn2l6ZQGF2B3/view,,https://drive.google.com/drive/folders/1pEIh2bEIbhzMci_jA39EBVGPEaxid_pY,"From the district-published public Google Drive (root), linked from norwich.vt.us as official public documents."
Norwich Fire District 1,minutes,PC_MINUTES_APPROVED_6-17-2002.pdf,https://drive.google.com/file/d/1Pjvj9dq7v4Uh8Um133bklgxv-CdTvYGv/view,,https://drive.google.com/drive/folders/1INFkksgOmwaoTallaOB9p_-dMgpWHDEB,"From the district-published public Google Drive (root), linked from norwich.vt.us as official public documents."
Norwich Fire District 1,minutes,PC_MINUTES_APPROVED_6-17-2003.pdf,https://drive.google.com/file/d/175xaRGFNi8SwDc-aMSr-I18uJQlv0dLC/view,,https://drive.google.com/drive/folders/1gSoC-crkSNprc3V69175PZCN_ci44fjt,"From the district-published public Google Drive (root), linked from norwich.vt.us as official public documents."
Norwich Fire District 1,minutes,PC_MINUTES_APPROVED_6-20-2000.pdf,https://drive.google.com/file/d/13ieY4usVbp8y_iBG4qy0UKnSTzxTLMgG/view,,https://drive.google.com/drive/folders/1MDfhN_wx7qOq52FyVC7wEkTzsnO60yc2,"From the district-published public Google Drive (root), linked from norwich.vt.us as official public documents."
Norwich Fire District 1,minutes,PC_MINUTES_APPROVED_6-20-2005.pdf,https://drive.google.com/file/d/1GBwyl2bJCh5qpZidWID2fSdP8GFVF-R-/view,,https://drive.google.com/drive/folders/1yrQ1DL7Wv7oepYESw15p2Tc13AGqFhM4,"From the district-published public Google Drive (root), linked from norwich.vt.us as official public documents."
Norwich Fire District 1,minutes,PC_MINUTES_APPROVED_6-26-2006.pdf,https://drive.google.com/file/d/1NwUHJ-_iLz6lb8uMmdXKCEl48vRN6Jrr/view,,https://drive.google.com/drive/folders/1BQFffePkWmUM5AOJ13YHDxH2XsR3bUqj,"From the district-published public Google Drive (root), linked from norwich.vt.us as official public documents."
Norwich Fire District 1,minutes,PC_MINUTES_APPROVED_6-26-2006.pdf,https://drive.google.com/file/d/1gGiSE7QjwjlhBDRsJFWsYDFmgBge2HSI/view,,https://drive.google.com/drive/folders/1BQFffePkWmUM5AOJ13YHDxH2XsR3bUqj,"From the district-published public Google Drive (root), linked from norwich.vt.us as official public documents."
Norwich Fire District 1,minutes,PC_MINUTES_APPROVED_6-29-2009.pdf,https://drive.google.com/file/d/1OGz-2YVxfXcWsxe-bSrI77UW-mk4c-i5/view,,https://drive.google.com/drive/folders/1bxsuy6bnr2N-cD7v3VcAHCgh9oPXNwTa,"From the district-published public Google Drive (root), linked from norwich.vt.us as official public documents."
Norwich Fire District 1,minutes,PC_MINUTES_APPROVED_6-8-99.pdf,https://drive.google.com/file/d/1Ko9sEecmm78U-VAFi37syDJVycKa2p5C/view,,https://drive.google.com/drive/folders/1Bx8TZZxJXOmy0rQ32rljrsbPceCPD9GW,"From the district-published public Google Drive (root), linked from norwich.vt.us as official public documents."
Norwich Fire District 1,minutes,PC_MINUTES_APPROVED_7-1-87.pdf,https://drive.google.com/file/d/14JxeG_4LqOseQvkkI49R5idzTqX0JBon/view,,https://drive.google.com/drive/folders/1rud1NlfoRKaV5HD53taEMI0_sEIs0Eud,"From the district-published public Google Drive (root), linked from norwich.vt.us as official public documents."
Norwich Fire District 1,minutes,PC_MINUTES_APPROVED_7-11-2005.pdf,https://drive.google.com/file/d/1gEwVhQTG3EsCc8_Q-EwUSe40geKjT9x9/view,,https://drive.google.com/drive/folders/1yrQ1DL7Wv7oepYESw15p2Tc13AGqFhM4,"From the district-published public Google Drive (root), linked from norwich.vt.us as official public documents."
Norwich Fire District 1,minutes,PC_MINUTES_APPROVED_7-11-2007.pdf,https://drive.google.com/file/d/1c6VPzOhCBgPXpWish-1RWUmuBdQPJ7g5/view,,https://drive.google.com/drive/folders/19Pre_zONm0_25YchJm4tcHoZgze0MRS3,"From the district-published public Google Drive (root), linked from norwich.vt.us as official public documents."
Norwich Fire District 1,minutes,PC_MINUTES_APPROVED_7-12-2004.pdf,https://drive.google.com/file/d/14LRJBLIEz-gB0qMFUHd61-sjdhW2oUeg/view,,https://drive.google.com/drive/folders/15-kYKuq9SAbxmL9j58v9pQ_KX2BgqtG1,"From the district-published public Google Drive (root), linked from norwich.vt.us as official public documents."
Norwich Fire District 1,minutes,PC_MINUTES_APPROVED_7-14-2008.pdf,https://drive.google.com/file/d/1LeBwuvlB82epzoEZXpCvGiTtENGIKC6C/view,,https://drive.google.com/drive/folders/1pEIh2bEIbhzMci_jA39EBVGPEaxid_pY,"From the district-published public Google Drive (root), linked from norwich.vt.us as official public documents."
Norwich Fire District 1,minutes,PC_MINUTES_APPROVED_7-17-2006.pdf,https://drive.google.com/file/d/1CWJw6kdOAlnDbRcdFNmjtMaxs7_ecF3j/view,,https://drive.google.com/drive/folders/1BQFffePkWmUM5AOJ13YHDxH2XsR3bUqj,"From the district-published public Google Drive (root), linked from norwich.vt.us as official public documents."
Norwich Fire District 1,minutes,PC_MINUTES_APPROVED_7-17-2006.pdf,https://drive.google.com/file/d/1Sx4doK6fcN-90qh_YIaUxVbKoR9ypIgk/view,,https://drive.google.com/drive/folders/1BQFffePkWmUM5AOJ13YHDxH2XsR3bUqj,"From the district-published public Google Drive (root), linked from norwich.vt.us as official public documents."
Norwich Fire District 1,minutes,PC_MINUTES_APPROVED_7-20-2009.pdf,https://drive.google.com/file/d/1wpavG5os4xEVr5TiNTbSM3v0BcPPDctn/view,,https://drive.google.com/drive/folders/1bxsuy6bnr2N-cD7v3VcAHCgh9oPXNwTa,"From the district-published public Google Drive (root), linked from norwich.vt.us as official public documents."
Norwich Fire District 1,minutes,PC_MINUTES_APPROVED_7-23-2007.pdf,https://drive.google.com/file/d/1EsQjkITrJfNXubP_e4IW89-nH8HGM-0R/view,,https://drive.google.com/drive/folders/19Pre_zONm0_25YchJm4tcHoZgze0MRS3,"From the district-published public Google Drive (root), linked from norwich.vt.us as official public documents."
Norwich Fire District 1,minutes,PC_MINUTES_APPROVED_7-9-2002.pdf,https://drive.google.com/file/d/1AASICJ0JCbXNyaIWXMKzr9gDd7dggMps/view,,https://drive.google.com/drive/folders/1INFkksgOmwaoTallaOB9p_-dMgpWHDEB,"From the district-published public Google Drive (root), linked from norwich.vt.us as official public documents."
Norwich Fire District 1,minutes,PC_MINUTES_APPROVED_8-1-2006.pdf,https://drive.google.com/file/d/1PYmZfZwoYkOWNLwYQFrSrgQHSjkrMoCU/view,,https://drive.google.com/drive/folders/1BQFffePkWmUM5AOJ13YHDxH2XsR3bUqj,"From the district-published public Google Drive (root), linked from norwich.vt.us as official public documents."
Norwich Fire District 1,minutes,PC_MINUTES_APPROVED_8-1-2006.pdf,https://drive.google.com/file/d/1d8EQgnU1K1MQTrY8fS0PhozeowvwQ7_2/view,,https://drive.google.com/drive/folders/1BQFffePkWmUM5AOJ13YHDxH2XsR3bUqj,"From the district-published public Google Drive (root), linked from norwich.vt.us as official public documents."
Norwich Fire District 1,minutes,PC_MINUTES_APPROVED_8-15-2000.pdf,https://drive.google.com/file/d/151vDZl-gkSFpO6NfBem4yrd3sHm8iFuV/view,,https://drive.google.com/drive/folders/1MDfhN_wx7qOq52FyVC7wEkTzsnO60yc2,"From the district-published public Google Drive (root), linked from norwich.vt.us as official public documents."
Norwich Fire District 1,minutes,PC_MINUTES_APPROVED_8-22-2005.pdf,https://drive.google.com/file/d/1ZfNW3Z18nyDTChwrlfTBCi3cK1-Pjym1/view,,https://drive.google.com/drive/folders/1yrQ1DL7Wv7oepYESw15p2Tc13AGqFhM4,"From the district-published public Google Drive (root), linked from norwich.vt.us as official public documents."
Norwich Fire District 1,minutes,PC_MINUTES_APPROVED_8-25-2008.pdf,https://drive.google.com/file/d/18iF_ZU2o8rlM72mngq1ETOGvQYqs4zrp/view,,https://drive.google.com/drive/folders/1pEIh2bEIbhzMci_jA39EBVGPEaxid_pY,"From the district-published public Google Drive (root), linked from norwich.vt.us as official public documents."
Norwich Fire District 1,minutes,PC_MINUTES_APPROVED_8-3-99.pdf,https://drive.google.com/file/d/1PEPh2FZP7iz5zvnQXXv3RG5ky7k8is3u/view,,https://drive.google.com/drive/folders/1Bx8TZZxJXOmy0rQ32rljrsbPceCPD9GW,"From the district-published public Google Drive (root), linked from norwich.vt.us as official public documents."
Norwich Fire District 1,minutes,PC_MINUTES_APPROVED_8-31-2009.pdf,https://drive.google.com/file/d/1if7cMZNRJxd4YFO24seRBT_n8AUAhVX4/view,,https://drive.google.com/drive/folders/1bxsuy6bnr2N-cD7v3VcAHCgh9oPXNwTa,"From the district-published public Google Drive (root), linked from norwich.vt.us as official public documents."
Norwich Fire District 1,minutes,PC_MINUTES_APPROVED_8-5-2003.pdf,https://drive.google.com/file/d/1Sye0TGpBvKyRrpvlEVdofXZMXhkNOjYh/view,,https://drive.google.com/drive/folders/1gSoC-crkSNprc3V69175PZCN_ci44fjt,"From the district-published public Google Drive (root), linked from norwich.vt.us as official public documents."
Norwich Fire District 1,minutes,PC_MINUTES_APPROVED_9-10-2007.pdf,https://drive.google.com/file/d/1dsx3uU_vHLt06j0KEAAlQ_hn2POVXs_Z/view,,https://drive.google.com/drive/folders/19Pre_zONm0_25YchJm4tcHoZgze0MRS3,"From the district-published public Google Drive (root), linked from norwich.vt.us as official public documents."
Norwich Fire District 1,minutes,PC_MINUTES_APPROVED_9-14-99.pdf,https://drive.google.com/file/d/1d-Npaf8g0BMWybt2DiWv4YxZUAAWsV0y/view,,https://drive.google.com/drive/folders/1Bx8TZZxJXOmy0rQ32rljrsbPceCPD9GW,"From the district-published public Google Drive (root), linked from norwich.vt.us as official public documents."
Norwich Fire District 1,minutes,PC_MINUTES_APPROVED_9-15-2000.pdf,https://drive.google.com/file/d/1xHjOv5zkOwW_OknSbgRNamqVuz0p_3wA/view,,https://drive.google.com/drive/folders/1MDfhN_wx7qOq52FyVC7wEkTzsnO60yc2,"From the district-published public Google Drive (root), linked from norwich.vt.us as official public documents."
Norwich Fire District 1,minutes,PC_MINUTES_APPROVED_9-21-2004.pdf,https://drive.google.com/file/d/1amD8hZEW3AT5o1sjywW20bq7Bf4yJvmf/view,,https://drive.google.com/drive/folders/15-kYKuq9SAbxmL9j58v9pQ_KX2BgqtG1,"From the district-published public Google Drive (root), linked from norwich.vt.us as official public documents."
Norwich Fire District 1,minutes,PC_MINUTES_APPROVED_9-21-2009.pdf,https://drive.google.com/file/d/17y8WVExo6tLUDDm9vRIIYirecMxME-D8/view,,https://drive.google.com/drive/folders/1bxsuy6bnr2N-cD7v3VcAHCgh9oPXNwTa,"From the district-published public Google Drive (root), linked from norwich.vt.us as official public documents."
Norwich Fire District 1,minutes,PC_MINUTES_APPROVED_9-25-2006.pdf,https://drive.google.com/file/d/1gJnaLYgYBECxseeCu7639nsFIRWHTgq_/view,,https://drive.google.com/drive/folders/1BQFffePkWmUM5AOJ13YHDxH2XsR3bUqj,"From the district-published public Google Drive (root), linked from norwich.vt.us as official public documents."
Norwich Fire District 1,minutes,PC_MINUTES_APPROVED_9-25-2006.pdf,https://drive.google.com/file/d/1j0RKcaSXBOj3L9rxTe6MLPjS65XnhVcY/view,,https://drive.google.com/drive/folders/1BQFffePkWmUM5AOJ13YHDxH2XsR3bUqj,"From the district-published public Google Drive (root), linked from norwich.vt.us as official public documents."
Norwich Fire District 1,minutes,PC_MINUTES_APPROVED_9-26-2005.pdf,https://drive.google.com/file/d/1ugBKDSNmx0PHRUUkey74fKPMIdDHuTP-/view,,https://drive.google.com/drive/folders/1yrQ1DL7Wv7oepYESw15p2Tc13AGqFhM4,"From the district-published public Google Drive (root), linked from norwich.vt.us as official public documents."
Norwich Fire District 1,minutes,PC_MINUTES_APPROVED_9-29-2008.pdf,https://drive.google.com/file/d/1licMSmW57698_Fbs-FwWpsc44bZo8s9_/view,,https://drive.google.com/drive/folders/1pEIh2bEIbhzMci_jA39EBVGPEaxid_pY,"From the district-published public Google Drive (root), linked from norwich.vt.us as official public documents."
Norwich Fire District 1,minutes,PC_MINUTES_DRAFT_2023-1-30.pdf,https://drive.google.com/file/d/16nZWgkxz3HGh5QL8DnUMsu7To5OKU98U/view,,https://drive.google.com/drive/folders/1rud1NlfoRKaV5HD53taEMI0_sEIs0Eud,"From the district-published public Google Drive (root), linked from norwich.vt.us as official public documents."
Norwich Fire District 1,other,SPECIAL MEETING 1999.pdf,https://drive.google.com/file/d/1PwLWj4WBfJyRp7qTGwpOqtx9qtxgMWIk/view,,https://drive.google.com/drive/folders/1Bx8TZZxJXOmy0rQ32rljrsbPceCPD9GW,"From the district-published public Google Drive (root), linked from norwich.vt.us as official public documents."
Norwich Fire District 1,minutes,SPECIAL MEETING MINUTES_12-1-13.pdf,https://drive.google.com/file/d/1bPVtxecCnyCslmWztucR-NWuvpwwarG_/view,,https://drive.google.com/drive/folders/1h5lzSdgViQYUkPgxnCKNoNicihk90t_L,"From the district-published public Google Drive (root), linked from norwich.vt.us as official public documents."
Norwich Fire District 1,other,SPECIAL_MEETING_10-23-2000.pdf,https://drive.google.com/file/d/1kwDPbPZG8ZvqVQON8UROwLJCpnq9uFpz/view,,https://drive.google.com/drive/folders/1MDfhN_wx7qOq52FyVC7wEkTzsnO60yc2,"From the district-published public Google Drive (root), linked from norwich.vt.us as official public documents."
Norwich Fire District 1,other,SPECIAL_MEETING_6-15-2009.pdf,https://drive.google.com/file/d/1FN2a_Z477XwOcF2IMmq59qBiyzt8o3v5/view,,https://drive.google.com/drive/folders/1bxsuy6bnr2N-cD7v3VcAHCgh9oPXNwTa,"From the district-published public Google Drive (root), linked from norwich.vt.us as official public documents."
Norwich Fire District 1,other,SPECIAL_MEETING_9-9-2003.pdf,https://drive.google.com/file/d/1WalFJliuyjHpDLsIU-N3GqUDg78PxvGG/view,,https://drive.google.com/drive/folders/1gSoC-crkSNprc3V69175PZCN_ci44fjt,"From the district-published public Google Drive (root), linked from norwich.vt.us as official public documents."
Norwich Fire District 1,minutes,SPECIAL_MEETING_MINUTES_APPROVED_5-16-2005.pdf,https://drive.google.com/file/d/1LXVF5WiIINChR9bhy-4krDmJOp_Hpy6L/view,,https://drive.google.com/drive/folders/1yrQ1DL7Wv7oepYESw15p2Tc13AGqFhM4,"From the district-published public Google Drive (root), linked from norwich.vt.us as official public documents."
Norwich Fire District 1,minutes,minutes_2014-01-13.pdf,https://drive.google.com/file/d/1EtaORL4Nqm2asqS6Hil2iQFTO6EecMWK/view,,https://drive.google.com/drive/folders/1eArDlf3UVODTfBBHlB-E783hcbcwHFo9,"From the district-published public Google Drive (root), linked from norwich.vt.us as official public documents."
Norwich Fire District 1,minutes,minutes_2014-01-27.pdf,https://drive.google.com/file/d/1z3jznrcy_Rb9UKP_Hq673MEA9aEk-YiA/view,,https://drive.google.com/drive/folders/1eArDlf3UVODTfBBHlB-E783hcbcwHFo9,"From the district-published public Google Drive (root), linked from norwich.vt.us as official public documents."
Norwich Fire District 1,minutes,minutes_2014-02-10.pdf,https://drive.google.com/file/d/1QZ84hAGjXleH37i-a8HSZiD19kDR5s9_/view,,https://drive.google.com/drive/folders/1eArDlf3UVODTfBBHlB-E783hcbcwHFo9,"From the district-published public Google Drive (root), linked from norwich.vt.us as official public documents."
Norwich Fire District 1,minutes,minutes_2014-03-24.pdf,https://drive.google.com/file/d/1P7dnJyOydGJQQa6le2xfHUsrokbQllto/view,,https://drive.google.com/drive/folders/1eArDlf3UVODTfBBHlB-E783hcbcwHFo9,"From the district-published public Google Drive (root), linked from norwich.vt.us as official public documents."
Norwich Fire District 1,minutes,minutes_2014-04-02.pdf,https://drive.google.com/file/d/1InisA5SKUmfBxPwOk7f0LdcOANRKhDTU/view,,https://drive.google.com/drive/folders/1eArDlf3UVODTfBBHlB-E783hcbcwHFo9,"From the district-published public Google Drive (root), linked from norwich.vt.us as official public documents."
Norwich Fire District 1,minutes,minutes_2014-04-30.pdf,https://drive.google.com/file/d/10Cd4W4-tMlSTEiF6RzDzxgBOtcM8uc0z/view,,https://drive.google.com/drive/folders/1eArDlf3UVODTfBBHlB-E783hcbcwHFo9,"From the district-published public Google Drive (root), linked from norwich.vt.us as official public documents."
Norwich Fire District 1,minutes,minutes_2014-05-19.pdf,https://drive.google.com/file/d/1pUjk8p9Peuy-o5-pJFSGIfXAFPepN4d7/view,,https://drive.google.com/drive/folders/1eArDlf3UVODTfBBHlB-E783hcbcwHFo9,"From the district-published public Google Drive (root), linked from norwich.vt.us as official public documents."
Norwich Fire District 1,minutes,minutes_2014-05-5.pdf,https://drive.google.com/file/d/12psQmWjf_ea0463-beBR4rlba7oQB7cv/view,,https://drive.google.com/drive/folders/1eArDlf3UVODTfBBHlB-E783hcbcwHFo9,"From the district-published public Google Drive (root), linked from norwich.vt.us as official public documents."
Norwich Fire District 1,minutes,minutes_2014-06-2.pdf,https://drive.google.com/file/d/1qqMf2VcMyB8fV2QR0nQJDKumB030zlOg/view,,https://drive.google.com/drive/folders/1eArDlf3UVODTfBBHlB-E783hcbcwHFo9,"From the district-published public Google Drive (root), linked from norwich.vt.us as official public documents."
Norwich Fire District 1,minutes,minutes_2014-07-14.pdf,https://drive.google.com/file/d/16Xagy9XgW5XVT5a-1JPimMEKBeJrLt-2/view,,https://drive.google.com/drive/folders/1eArDlf3UVODTfBBHlB-E783hcbcwHFo9,"From the district-published public Google Drive (root), linked from norwich.vt.us as official public documents."
Norwich Fire District 1,minutes,minutes_2014-07-21.pdf,https://drive.google.com/file/d/1Ky42jRv7ssmkXvwefDJV6rqsBxH3yi_J/view,,https://drive.google.com/drive/folders/1eArDlf3UVODTfBBHlB-E783hcbcwHFo9,"From the district-published public Google Drive (root), linked from norwich.vt.us as official public documents."
Norwich Fire District 1,minutes,minutes_2014-09-15.pdf,https://drive.google.com/file/d/1TLF9K4aj18nRICbv8TTkLnls3EwntjZ7/view,,https://drive.google.com/drive/folders/1eArDlf3UVODTfBBHlB-E783hcbcwHFo9,"From the district-published public Google Drive (root), linked from norwich.vt.us as official public documents."
Norwich Fire District 1,minutes,minutes_2014-10-20.pdf,https://drive.google.com/file/d/1XP88iXvTQguD9ET9JvGPyPM_i_rYXT3P/view,,https://drive.google.com/drive/folders/1eArDlf3UVODTfBBHlB-E783hcbcwHFo9,"From the district-published public Google Drive (root), linked from norwich.vt.us as official public documents."
Norwich Fire District 1,minutes,minutes_2014-11-24.pdf,https://drive.google.com/file/d/1AHJyOiD4v92Sy0nI6rF9ApEnTCnt-wEk/view,,https://drive.google.com/drive/folders/1eArDlf3UVODTfBBHlB-E783hcbcwHFo9,"From the district-published public Google Drive (root), linked from norwich.vt.us as official public documents."
Norwich Fire District 1,minutes,minutes_2014-12-16.pdf,https://drive.google.com/file/d/1HHF9kKFQqEm3spgIzQTzvT23Zno9JwrE/view,,https://drive.google.com/drive/folders/1eArDlf3UVODTfBBHlB-E783hcbcwHFo9,"From the district-published public Google Drive (root), linked from norwich.vt.us as official public documents."
Norwich Fire District 1,minutes,minutes_2015-01-26.pdf,https://drive.google.com/file/d/1LWUSKIFMm_KU5VOU8khutjFsUcuI4MO3/view,,https://drive.google.com/drive/folders/1P3RNv7WOo_9k5lQV4hSC1NZU8hio6PxS,"From the district-published public Google Drive (root), linked from norwich.vt.us as official public documents."
Norwich Fire District 1,minutes,minutes_2015-03-17.pdf,https://drive.google.com/file/d/1SCtfN9YDzU5U7hdzq2-okP4DoZaJJi5r/view,,https://drive.google.com/drive/folders/1P3RNv7WOo_9k5lQV4hSC1NZU8hio6PxS,"From the district-published public Google Drive (root), linked from norwich.vt.us as official public documents."
Norwich Fire District 1,minutes,minutes_2015-06-16.pdf,https://drive.google.com/file/d/1iJFhlL7l4DLh8FtkpM9EJ8MFKCPsXK3_/view,,https://drive.google.com/drive/folders/1P3RNv7WOo_9k5lQV4hSC1NZU8hio6PxS,"From the district-published public Google Drive (root), linked from norwich.vt.us as official public documents."
Norwich Fire District 1,minutes,minutes_2015-07-20.pdf,https://drive.google.com/file/d/1ojDjg0RIJcqL4TJOFkb0-Lc-ynDrqMJa/view,,https://drive.google.com/drive/folders/1P3RNv7WOo_9k5lQV4hSC1NZU8hio6PxS,"From the district-published public Google Drive (root), linked from norwich.vt.us as official public documents."
Norwich Fire District 1,minutes,minutes_2015-08-10.pdf,https://drive.google.com/file/d/1iMMiUMkjpTa89TivLCuCt7LYlRvDzzzq/view,,https://drive.google.com/drive/folders/1P3RNv7WOo_9k5lQV4hSC1NZU8hio6PxS,"From the district-published public Google Drive (root), linked from norwich.vt.us as official public documents."
Norwich Fire District 1,minutes,minutes_2015-09-21.pdf,https://drive.google.com/file/d/1U4gF1HmWDKsd6qM855fWctLShsc32ygC/view,,https://drive.google.com/drive/folders/1P3RNv7WOo_9k5lQV4hSC1NZU8hio6PxS,"From the district-published public Google Drive (root), linked from norwich.vt.us as official public documents."
Norwich Fire District 1,minutes,minutes_2015-10-19.pdf,https://drive.google.com/file/d/1CKlBp3jdE86XMlSjsxD-odzGU_HlChI0/view,,https://drive.google.com/drive/folders/1P3RNv7WOo_9k5lQV4hSC1NZU8hio6PxS,"From the district-published public Google Drive (root), linked from norwich.vt.us as official public documents."
Norwich Fire District 1,minutes,minutes_2015-10-5.pdf,https://drive.google.com/file/d/1PKQuTmnPCNLngmUng6BHzs082B6w1A-2/view,,https://drive.google.com/drive/folders/1P3RNv7WOo_9k5lQV4hSC1NZU8hio6PxS,"From the district-published public Google Drive (root), linked from norwich.vt.us as official public documents."
Norwich Fire District 1,minutes,minutes_2015-11-16.pdf,https://drive.google.com/file/d/1oz2U12sJqiA-yxtPd_vHvb6vyJ_lHH63/view,,https://drive.google.com/drive/folders/1P3RNv7WOo_9k5lQV4hSC1NZU8hio6PxS,"From the district-published public Google Drive (root), linked from norwich.vt.us as official public documents."
Norwich Fire District 1,minutes,minutes_2015-12-7.pdf,https://drive.google.com/file/d/1w-MvXExwNBVBLo_4vQL5-Cf9DgT65W9U/view,,https://drive.google.com/drive/folders/1P3RNv7WOo_9k5lQV4hSC1NZU8hio6PxS,"From the district-published public Google Drive (root), linked from norwich.vt.us as official public documents."
Norwich Fire District 1,minutes,minutes_2016-01-04.pdf,https://drive.google.com/file/d/1pr9Egjb8Kq-r5askOb8Rf7YHTtvNI3Up/view,,https://drive.google.com/drive/folders/1-A9ilCu2cRimNPDoEvr5PB8L8xF-Lpv_,"From the district-published public Google Drive (root), linked from norwich.vt.us as official public documents."
Norwich Fire District 1,minutes,minutes_2016-01-25.pdf,https://drive.google.com/file/d/1G7nGXEuQ1XbJBF7Q7F5UuYN5TWHICm1F/view,,https://drive.google.com/drive/folders/1-A9ilCu2cRimNPDoEvr5PB8L8xF-Lpv_,"From the district-published public Google Drive (root), linked from norwich.vt.us as official public documents."
Norwich Fire District 1,minutes,minutes_2016-02-08.pdf,https://drive.google.com/file/d/1hZJUl4ZzxaV7ledW2agHfrZwyOxDkCnM/view,,https://drive.google.com/drive/folders/1-A9ilCu2cRimNPDoEvr5PB8L8xF-Lpv_,"From the district-published public Google Drive (root), linked from norwich.vt.us as official public documents."
Norwich Fire District 1,minutes,minutes_2016-02-22.pdf,https://drive.google.com/file/d/1cZtNVWT5plGyakTKxKR-rIlh9skS8dn4/view,,https://drive.google.com/drive/folders/1-A9ilCu2cRimNPDoEvr5PB8L8xF-Lpv_,"From the district-published public Google Drive (root), linked from norwich.vt.us as official public documents."
Norwich Fire District 1,minutes,minutes_2016-03-28.pdf,https://drive.google.com/file/d/1aog9b7Cr9gzXRiGNNGxIq65xbs7O8lbU/view,,https://drive.google.com/drive/folders/1-A9ilCu2cRimNPDoEvr5PB8L8xF-Lpv_,"From the district-published public Google Drive (root), linked from norwich.vt.us as official public documents."
Norwich Fire District 1,minutes,minutes_2016-04-26.pdf,https://drive.google.com/file/d/1Pin6_YtITMznermBVVHcjtPWHWfhYgEK/view,,https://drive.google.com/drive/folders/1-A9ilCu2cRimNPDoEvr5PB8L8xF-Lpv_,"From the district-published public Google Drive (root), linked from norwich.vt.us as official public documents."
Norwich Fire District 1,minutes,minutes_2016-05-16.pdf,https://drive.google.com/file/d/1CDvJiFchQFdtWeBFmzmapSbXh8YAcVW4/view,,https://drive.google.com/drive/folders/1-A9ilCu2cRimNPDoEvr5PB8L8xF-Lpv_,"From the district-published public Google Drive (root), linked from norwich.vt.us as official public documents."
Norwich Fire District 1,minutes,minutes_2016-06-13.pdf,https://drive.google.com/file/d/1uvoEYBQRQxMt9-fO7ftdJi2CpSYaseB_/view,,https://drive.google.com/drive/folders/1-A9ilCu2cRimNPDoEvr5PB8L8xF-Lpv_,"From the district-published public Google Drive (root), linked from norwich.vt.us as official public documents."
Norwich Fire District 1,minutes,minutes_2016-07-25.pdf,https://drive.google.com/file/d/1PvJnsUpOUBgI3kyvR7aPmF_lcJV8bIDE/view,,https://drive.google.com/drive/folders/1-A9ilCu2cRimNPDoEvr5PB8L8xF-Lpv_,"From the district-published public Google Drive (root), linked from norwich.vt.us as official public documents."
Norwich Fire District 1,minutes,minutes_2016-09-19.pdf,https://drive.google.com/file/d/1b9PgpBJ2yCH7tV0c4GI3rZHLPHzBFI8Y/view,,https://drive.google.com/drive/folders/1-A9ilCu2cRimNPDoEvr5PB8L8xF-Lpv_,"From the district-published public Google Drive (root), linked from norwich.vt.us as official public documents."
Norwich Fire District 1,minutes,minutes_2016-10-17.pdf,https://drive.google.com/file/d/1TDyq2J2bKTMyMx_5ubpGrnshh2eo7an9/view,,https://drive.google.com/drive/folders/1-A9ilCu2cRimNPDoEvr5PB8L8xF-Lpv_,"From the district-published public Google Drive (root), linked from norwich.vt.us as official public documents."
Norwich Fire District 1,minutes,minutes_2016-11-14.pdf,https://drive.google.com/file/d/1CU9UmOxi1CwVyKLvpzpRjHgnW_C2L2Cr/view,,https://drive.google.com/drive/folders/1-A9ilCu2cRimNPDoEvr5PB8L8xF-Lpv_,"From the district-published public Google Drive (root), linked from norwich.vt.us as official public documents."
Royalton Fire District 1,policy,Royalton Fire District #1 Rules and Regulations (approved and signed),https://webgen1files1.revize.com/royaltonvt/Final%20Approved%20and%20Signed%20Rules%20and%20Regulations%201.9.23.pdf,2023-01-09,https://www.royaltonvt.gov/documents_and_reports/index.php,Supplied by the project lead.
Sherburne Fire District 1,minutes,"SFD #1 Prudential Committee Meeting Minutes, April 16, 2026",https://drive.google.com/file/d/1sLAUo970sJ04GKu5yjBrLn1iesVYKl2d/view,2026-04-16,https://www.sfd1.org/,Supplied by the project lead. 2 pp; date read from the PDF itself.
Sherburne Fire District 1,minutes,"SFD #1 Prudential Committee Meeting Minutes, August 13, 2026",https://drive.google.com/file/d/1wHFeWGCnPVkXyILzYEDVqbCSW8btJixS/view,2026-08-13,https://www.sfd1.org/,Supplied by the project lead. 2 pp; date read from the PDF itself.
Sherburne Fire District 1,minutes,"SFD #1 Prudential Committee Meeting Minutes, January 22, 2026",https://drive.google.com/file/d/1T5KY6A7Z3u95stAb0ygicWqMCJxquxpw/view,2026-01-22,https://www.sfd1.org/,Supplied by the project lead. 2 pp; date read from the PDF itself.
Sherburne Fire District 1,minutes,"SFD #1 Prudential Committee Meeting Minutes, June 30, 2026",https://drive.google.com/file/d/1cI-B0l6PyMjUvhjFkgZUmtjUmaH3xeny/view,2026-06-30,https://www.sfd1.org/,Supplied by the project lead. 2 pp; date read from the PDF itself.
South Alburgh Fire District 2,annual_report,SAFD#2 Annual Report 2025,http://www.safd2.org/wp-content/uploads/2025/08/SAFD2-Annual-Report-2025.pdf,,http://www.safd2.org/,Found by automated discovery on the district's own website.
South Alburgh Fire District 2,bylaws,SAFD#2 BY-LAWS,http://www.safd2.org/wp-content/uploads/2025/02/SAFD2-BY-LAWS.pdf,,http://www.safd2.org/,Found by automated discovery on the district's own website.
South Alburgh Fire District 2,ccr,SAFD#2 Consumer Confidence Report 2025,http://www.safd2.org/wp-content/uploads/2026/06/SAFD2-Consumer-CR-2025.pdf,,http://www.safd2.org/,Found by automated discovery on the district's own website.
South Alburgh Fire District 2,other,SAFD#2 LONG RANGE PLAN,http://www.safd2.org/wp-content/uploads/2025/02/SAFD2-LONG-RANGE-PLAN-1.pdf,,http://www.safd2.org/,Found by automated discovery on the district's own website.
Wallingford Fire District 1,rates,2025- 2026 Lodge Rates and Facts,https://www.wallingfordvt.com/wp-content/uploads/2023/03/2025-2026-Lodge-Rates-and-Facts.pdf,,https://www.wallingfordvt.com/boards-minutes/fire-district-1/,Found by automated discovery on the district's own website.
Wallingford Fire District 1,rates,2027 Lodge Rates and Information,https://www.wallingfordvt.com/wp-content/uploads/2025/05/PDF-2027-lodge-rates.pdf,,https://www.wallingfordvt.com/boards-minutes/fire-district-1/,Found by automated discovery on the district's own website.
Wallingford Fire District 1,annual_report,Wallingford Fire District No. 1 Annual Report,https://www.wallingfordvt.com/wp-content/uploads/2020/03/FD1AnnualReportFull.pdf,2020-03,https://www.wallingfordvt.com/boards-minutes/fire-district-1/,Full annual report including water and wastewater operations.
Wilmington Water District,ccr,Consumer Confidence Report 2021,https://wilmingtonvermont.us/wp-content/uploads/2022/05/Consumer-Confidence-Report-2021.pdf,,https://wilmingtonvermont.us/departments/water-department/,Found by automated discovery on the district's own website.
Wilmington Water District,ccr,Consumer Confidence Report 2022,https://wilmingtonvermont.us/wp-content/uploads/2023/04/Consumer-Confidence-Report-2022.pdf,,https://wilmingtonvermont.us/departments/water-department/,Found by automated discovery on the district's own website.
Wilmington Water District,ccr,Consumer Confidence Report 2023,https://wilmingtonvermont.us/wp-content/uploads/2024/05/Consumer-Confidence-Report-2023.pdf,,https://wilmingtonvermont.us/departments/water-department/,Found by automated discovery on the district's own website.
Wilmington Water District,ccr,Consumer Confidence Report 2024,https://wilmingtonvermont.us/wp-content/uploads/2025/04/Consumer-Confidence-Report-2024.pdf,,https://wilmingtonvermont.us/departments/water-department/,Found by automated discovery on the district's own website.
Wilmington Water District,ccr,Consumer Confidence Report 2025,https://wilmingtonvermont.us/wp-content/uploads/2026/03/Consumer-Confidence-Report-2025.pdf,,https://wilmingtonvermont.us/departments/water-department/,Found by automated discovery on the district's own website.
