{"type":"FeatureCollection","features":[{"type":"Feature","properties":{"TOWNNAMEMC":"Addison","CNTY":1,"FIPS6":1005.0},"geometry":{"type":"Polygon","coordinates":[[[-73.24959,44.08823],[-73.2505,44.07968],[-73.26252,44.07906],[-73.26219,44.07534],[-73.27449,44.07311],[-73.2742,44.07125],[-73.27968,44.07055],[-73.27619,44.05306],[-73.27235,44.05348],[-73.27057,44.04187],[-73.26465,44.03788],[-73.26328,44.03442],[-73.39666,44.02143],[-73.40765,44.02111],[-73.41039,44.02651],[-73.41251,44.02834],[-73.41534,44.02987],[-73.42288,44.03255],[-73.42509,44.03438],[-73.4269,44.03669],[-73.4357,44.04187],[-73.4375,44.04345],[-73.4379,44.04513],[-73.43753,44.04726],[-73.4341,44.05706],[-73.4306,44.07002],[-73.42972,44.07859],[-73.41858,44.09664],[-73.41522,44.10134],[-73.41394,44.10784],[-73.27814,44.12112],[-73.26635,44.12246],[-73.26159,44.12378],[-73.25998,44.12037],[-73.25993,44.11939],[-73.26167,44.11576],[-73.26214,44.11299],[-73.26184,44.11195],[-73.26111,44.11114],[-73.25742,44.10985],[-73.25658,44.10917],[-73.25499,44.10453],[-73.25489,44.10363],[-73.25776,44.09929],[-73.25798,44.09826],[-73.25756,44.09736],[-73.25636,44.09686],[-73.25385,44.09646],[-73.25272,44.09589],[-73.25209,44.09413],[-73.25341,44.09053],[-73.25297,44.08965],[-73.24959,44.08823]]]}},{"type":"Feature","properties":{"TOWNNAMEMC":"Albany","CNTY":19,"FIPS6":19005.0},"geometry":{"type":"Polygon","coordinates":[[[-72.30868,44.67475],[-72.31008,44.67279],[-72.42364,44.71461],[-72.36525,44.79458],[-72.25264,44.75273],[-72.30868,44.67475]]]}},{"type":"Feature","properties":{"TOWNNAMEMC":"Alburgh","CNTY":13,"FIPS6":13005.0},"geometry":{"type":"Polygon","coordinates":[[[-73.29363,44.8405],[-73.29493,44.83999],[-73.29931,44.84046],[-73.3075,44.84461],[-73.3105,44.84661],[-73.31179,44.84843],[-73.3136,44.85292],[-73.31444,44.85382],[-73.31826,44.85545],[-73.31717,44.85742],[-73.31667,44.8593],[-73.31493,44.87627],[-73.31143,44.89329],[-73.3115,44.89735],[-73.31233,44.89925],[-73.31375,44.90117],[-73.3228,44.90965],[-73.32531,44.91356],[-73.32611,44.91677],[-73.32748,44.93095],[-73.33098,44.94329],[-73.33196,44.94508],[-73.33374,44.9466],[-73.33946,44.9476],[-73.33802,44.96099],[-73.33819,44.9648],[-73.33888,44.96604],[-73.34009,44.9671],[-73.34729,44.97279],[-73.3505,44.9765],[-73.35338,44.98154],[-73.35476,44.9868],[-73.35413,44.98927],[-73.35077,44.99393],[-73.34952,44.99792],[-73.34332,45.01007],[-73.34293,45.01072],[-73.19231,45.01347],[-73.19636,45.00576],[-73.20106,44.99826],[-73.20699,44.9896],[-73.21944,44.97368],[-73.22473,44.9649],[-73.22987,44.95918],[-73.23365,44.95665],[-73.23817,44.95415],[-73.23982,44.95225],[-73.24094,44.94889],[-73.24041,44.94527],[-73.23878,44.94161],[-73.23425,44.93701],[-73.23296,44.93202],[-73.23102,44.92792],[-73.24099,44.92724],[-73.24403,44.9267],[-73.2493,44.92508],[-73.25183,44.92372],[-73.25467,44.92088],[-73.26196,44.90884],[-73.26796,44.90222],[-73.2716,44.89738],[-73.27289,44.89443],[-73.27544,44.88155],[-73.27732,44.87408],[-73.2805,44.86713],[-73.28577,44.85733],[-73.28765,44.8521],[-73.2903,44.84836],[-73.2912,44.84329],[-73.29254,44.84129],[-73.29363,44.8405]]]}},{"type":"Feature","properties":{"TOWNNAMEMC":"Andover","CNTY":27,"FIPS6":27005.0},"geometry":{"type":"Polygon","coordinates":[[[-72.68408,43.2561],[-72.68544,43.22258],[-72.75683,43.23969],[-72.75513,43.27065],[-72.7652,43.27268],[-72.76428,43.29519],[-72.76376,43.2983],[-72.75963,43.35377],[-72.68144,43.32243],[-72.68408,43.2561]]]}},{"type":"Feature","properties":{"TOWNNAMEMC":"Arlington","CNTY":3,"FIPS6":3005.0},"geometry":{"type":"Polygon","coordinates":[[[-73.13906,43.1205],[-73.13504,43.12053],[-73.13705,43.0804],[-73.14059,43.02582],[-73.15205,43.02637],[-73.18839,43.02714],[-73.23273,43.02899],[-73.27007,43.03005],[-73.26428,43.1224],[-73.22604,43.12146],[-73.13906,43.1205]]]}},{"type":"Feature","properties":{"TOWNNAMEMC":"Athens","CNTY":25,"FIPS6":25005.0},"geometry":{"type":"Polygon","coordinates":[[[-72.5577,43.1478],[-72.55798,43.12776],[-72.55675,43.12777],[-72.57286,43.07088],[-72.60552,43.07215],[-72.59618,43.10457],[-72.64196,43.10649],[-72.63959,43.12641],[-72.63479,43.12682],[-72.63438,43.12907],[-72.63317,43.1292],[-72.63193,43.13089],[-72.62999,43.13101],[-72.62949,43.13462],[-72.62662,43.13485],[-72.62519,43.13724],[-72.62766,43.13702],[-72.62751,43.13797],[-72.62821,43.13788],[-72.62787,43.14033],[-72.5577,43.1478]]]}},{"type":"Feature","properties":{"TOWNNAMEMC":"Averill","CNTY":9,"FIPS6":9005.0},"geometry":{"type":"Polygon","coordinates":[[[-71.62451,44.92336],[-71.66369,44.879],[-71.76652,44.93115],[-71.70085,45.0076],[-71.64663,44.97906],[-71.62536,44.96752],[-71.59804,44.95358],[-71.62451,44.92336]]]}},{"type":"Feature","properties":{"TOWNNAMEMC":"Avery's Gore","CNTY":9,"FIPS6":9010.0},"geometry":{"type":"Polygon","coordinates":[[[-71.76652,44.93115],[-71.81535,44.87505],[-71.83428,44.85522],[-71.85796,44.86803],[-71.85809,44.87506],[-71.84609,44.94603],[-71.75221,44.94773],[-71.76652,44.93115]]]}},{"type":"Feature","properties":{"TOWNNAMEMC":"Bakersfield","CNTY":11,"FIPS6":11010.0},"geometry":{"type":"Polygon","coordinates":[[[-72.67838,44.80248],[-72.7291,44.80404],[-72.74685,44.79009],[-72.74579,44.7759],[-72.75505,44.77703],[-72.75855,44.76364],[-72.76859,44.76499],[-72.77439,44.74317],[-72.77939,44.74383],[-72.78366,44.7284],[-72.78915,44.72809],[-72.86148,44.73851],[-72.8518,44.76969],[-72.84811,44.78285],[-72.85264,44.78346],[-72.84835,44.7994],[-72.84447,44.81797],[-72.83947,44.8382],[-72.79936,44.83868],[-72.79189,44.83902],[-72.78251,44.83895],[-72.76375,44.83826],[-72.74022,44.83681],[-72.68987,44.83898],[-72.68674,44.83828],[-72.6818,44.83791],[-72.68071,44.83804],[-72.67948,44.83923],[-72.67843,44.83937],[-72.67838,44.80248]]]}},{"type":"Feature","properties":{"TOWNNAMEMC":"Baltimore","CNTY":27,"FIPS6":27011.0},"geometry":{"type":"Polygon","coordinates":[[[-72.54548,43.34527],[-72.58428,43.34702],[-72.60708,43.34814],[-72.57998,43.36817],[-72.54286,43.38045],[-72.53868,43.38149],[-72.53915,43.37406],[-72.54331,43.35914],[-72.54548,43.34527]]]}},{"type":"Feature","properties":{"TOWNNAMEMC":"Barnard","CNTY":27,"FIPS6":27015.0},"geometry":{"type":"Polygon","coordinates":[[[-72.58447,43.66878],[-72.58687,43.66468],[-72.62447,43.67444],[-72.68543,43.69163],[-72.69391,43.69325],[-72.71599,43.70022],[-72.65945,43.79436],[-72.63968,43.78891],[-72.6237,43.78395],[-72.58355,43.77264],[-72.53393,43.75808],[-72.5384,43.75009],[-72.54266,43.74125],[-72.5593,43.71245],[-72.57658,43.68695],[-72.57388,43.68628],[-72.58447,43.66878]]]}},{"type":"Feature","properties":{"TOWNNAMEMC":"Barnet","CNTY":5,"FIPS6":5005.0},"geometry":{"type":"Polygon","coordinates":[[[-72.00018,44.32574],[-72.00134,44.32553],[-72.00271,44.32452],[-72.00401,44.32406],[-72.00469,44.32423],[-72.0067,44.32322],[-72.00949,44.32264],[-72.01593,44.32237],[-72.02092,44.32095],[-72.02608,44.32213],[-72.02859,44.32232],[-72.02977,44.32217],[-72.03144,44.32092],[-72.0328,44.32048],[-72.03364,44.31733],[-72.03322,44.31634],[-72.03149,44.31543],[-72.03164,44.31329],[-72.03251,44.3112],[-72.0323,44.30392],[-72.03305,44.30196],[-72.03539,44.3],[-72.03763,44.29706],[-72.03854,44.29645],[-72.04027,44.29574],[-72.04432,44.29517],[-72.0465,44.29204],[-72.04999,44.29093],[-72.05351,44.29042],[-72.05662,44.28745],[-72.05774,44.28709],[-72.05942,44.28595],[-72.0611,44.28283],[-72.06265,44.28164],[-72.06421,44.27957],[-72.06602,44.27645],[-72.06611,44.27545],[-72.06687,44.27497],[-72.06827,44.27247],[-72.06832,44.27013],[-72.06705,44.26814],[-72.06635,44.26818],[-72.06568,44.26874],[-72.06485,44.26763],[-72.06211,44.26956],[-72.06124,44.26943],[-72.06038,44.26986],[-72.0582,44.27002],[-72.0581,44.26937],[-72.05963,44.26778],[-72.05869,44.26702],[-72.05888,44.26589],[-72.05856,44.265],[-72.05899,44.26498],[-72.05904,44.26449],[-72.05947,44.264],[-72.05969,44.26402],[-72.05928,44.26498],[-72.05928,44.26574],[-72.05956,44.26572],[-72.0607,44.26376],[-72.05942,44.26187],[-72.05985,44.26017],[-72.05912,44.25859],[-72.05977,44.25776],[-72.05965,44.25659],[-72.0591,44.2558],[-72.15911,44.27235],[-72.18812,44.2766],[-72.13086,44.32586],[-72.11993,44.33572],[-72.10559,44.34746],[-72.0451,44.399],[-72.03526,44.38846],[-71.98464,44.33615],[-71.98656,44.33142],[-71.9877,44.33039],[-71.98875,44.32984],[-71.99212,44.32895],[-71.99463,44.32759],[-72.00018,44.32574]]]}},{"type":"Feature","properties":{"TOWNNAMEMC":"Barre City","CNTY":23,"FIPS6":23005.0},"geometry":{"type":"Polygon","coordinates":[[[-72.4973,44.21239],[-72.49572,44.2147],[-72.49223,44.2139],[-72.496,44.2057],[-72.48918,44.20406],[-72.48854,44.20083],[-72.48758,44.20077],[-72.48778,44.20028],[-72.48283,44.19948],[-72.48691,44.18965],[-72.48301,44.18522],[-72.48486,44.18474],[-72.48579,44.18524],[-72.48726,44.18289],[-72.48925,44.18346],[-72.48951,44.1844],[-72.49089,44.18382],[-72.49369,44.18447],[-72.49408,44.18269],[-72.49623,44.18014],[-72.4975,44.1809],[-72.4998,44.18106],[-72.50483,44.18209],[-72.50391,44.18331],[-72.50369,44.18434],[-72.51428,44.18696],[-72.51317,44.18986],[-72.5227,44.19241],[-72.52175,44.19497],[-72.52798,44.19653],[-72.52761,44.19746],[-72.53393,44.19901],[-72.53234,44.20341],[-72.53819,44.20496],[-72.53248,44.21613],[-72.51434,44.21187],[-72.5135,44.21375],[-72.50307,44.21145],[-72.50211,44.21321],[-72.50218,44.21619],[-72.49718,44.21505],[-72.49825,44.21339],[-72.49791,44.21323],[-72.49811,44.21258],[-72.4973,44.21239]]]}},{"type":"Feature","properties":{"TOWNNAMEMC":"Barre Town","CNTY":23,"FIPS6":23010.0},"geometry":{"type":"Polygon","coordinates":[[[-72.41948,44.21973],[-72.44338,44.1288],[-72.45554,44.13334],[-72.55971,44.16291],[-72.5586,44.16573],[-72.53836,44.20501],[-72.53234,44.20341],[-72.53393,44.19901],[-72.52761,44.19746],[-72.52798,44.19653],[-72.52175,44.19497],[-72.5227,44.19241],[-72.51317,44.18986],[-72.51428,44.18696],[-72.50369,44.18434],[-72.50391,44.18331],[-72.50483,44.18209],[-72.4998,44.18106],[-72.4975,44.1809],[-72.49623,44.18014],[-72.49408,44.18269],[-72.49369,44.18447],[-72.49089,44.18382],[-72.48951,44.1844],[-72.48925,44.18346],[-72.48726,44.18289],[-72.48579,44.18524],[-72.48486,44.18474],[-72.48301,44.18522],[-72.48691,44.18965],[-72.48283,44.19948],[-72.48778,44.20028],[-72.48758,44.20077],[-72.48854,44.20083],[-72.48918,44.20406],[-72.496,44.2057],[-72.49223,44.2139],[-72.49572,44.2147],[-72.49736,44.21241],[-72.49811,44.21258],[-72.49791,44.21323],[-72.49825,44.21339],[-72.49718,44.21505],[-72.50218,44.21619],[-72.50211,44.21321],[-72.50307,44.21145],[-72.5135,44.21375],[-72.51434,44.21187],[-72.53265,44.21617],[-72.51979,44.24101],[-72.51855,44.24136],[-72.42857,44.22374],[-72.4192,44.22078],[-72.41948,44.21973]]]}},{"type":"Feature","properties":{"TOWNNAMEMC":"Barton","CNTY":19,"FIPS6":19010.0},"geometry":{"type":"Polygon","coordinates":[[[-72.08984,44.68642],[-72.0893,44.68508],[-72.14596,44.7045],[-72.25886,44.74405],[-72.20036,44.82542],[-72.08241,44.78173],[-72.1096,44.75499],[-72.11436,44.74981],[-72.08984,44.68642]]]}},{"type":"Feature","properties":{"TOWNNAMEMC":"Belvidere","CNTY":15,"FIPS6":15005.0},"geometry":{"type":"Polygon","coordinates":[[[-72.67838,44.80248],[-72.6136,44.80042],[-72.61673,44.79584],[-72.5979,44.78705],[-72.61169,44.76903],[-72.66139,44.70192],[-72.70469,44.71765],[-72.7434,44.73241],[-72.74513,44.76627],[-72.74685,44.79009],[-72.7291,44.80404],[-72.67838,44.80248]]]}},{"type":"Feature","properties":{"TOWNNAMEMC":"Bennington","CNTY":3,"FIPS6":3010.0},"geometry":{"type":"Polygon","coordinates":[[[-73.15212,42.84046],[-73.15231,42.83662],[-73.18721,42.8372],[-73.24031,42.83923],[-73.24849,42.83933],[-73.24938,42.83702],[-73.26021,42.83734],[-73.2782,42.83739],[-73.27633,42.89695],[-73.27463,42.93442],[-73.146,42.93097],[-73.14786,42.91523],[-73.15006,42.88737],[-73.14979,42.88377],[-73.15212,42.84046]]]}},{"type":"Feature","properties":{"TOWNNAMEMC":"Benson","CNTY":21,"FIPS6":21005.0},"geometry":{"type":"Polygon","coordinates":[[[-73.23197,43.74887],[-73.23722,43.6802],[-73.23856,43.66714],[-73.40686,43.67462],[-73.40531,43.67748],[-73.40347,43.68376],[-73.40391,43.68613],[-73.40537,43.68857],[-73.40487,43.69],[-73.40247,43.69282],[-73.3978,43.6948],[-73.39547,43.6969],[-73.3942,43.6984],[-73.39174,43.70352],[-73.38924,43.70598],[-73.38713,43.71003],[-73.38324,43.71381],[-73.37756,43.71788],[-73.37045,43.72506],[-73.36958,43.72896],[-73.37046,43.73524],[-73.36954,43.74374],[-73.36677,43.747],[-73.36465,43.75103],[-73.36283,43.75308],[-73.23077,43.76453],[-73.23197,43.74887]]]}},{"type":"Feature","properties":{"TOWNNAMEMC":"Berkshire","CNTY":11,"FIPS6":11015.0},"geometry":{"type":"Polygon","coordinates":[[[-72.77007,45.01582],[-72.70187,45.01568],[-72.67616,44.92844],[-72.71048,44.92709],[-72.7114,44.92584],[-72.71219,44.92542],[-72.71526,44.92499],[-72.71692,44.92539],[-72.71982,44.92822],[-72.72101,44.92862],[-72.72365,44.92782],[-72.72573,44.92662],[-72.78202,44.9246],[-72.82265,44.92516],[-72.82496,44.96221],[-72.82598,44.97242],[-72.83221,45.01653],[-72.77007,45.01582]]]}},{"type":"Feature","properties":{"TOWNNAMEMC":"Berlin","CNTY":23,"FIPS6":23015.0},"geometry":{"type":"Polygon","coordinates":[[[-72.61112,44.25838],[-72.60311,44.25798],[-72.60174,44.25746],[-72.60096,44.2565],[-72.60203,44.25327],[-72.60107,44.25205],[-72.59785,44.25067],[-72.58797,44.24861],[-72.59029,44.24372],[-72.55326,44.23492],[-72.55326,44.23602],[-72.55195,44.23786],[-72.55031,44.23962],[-72.54815,44.24085],[-72.54733,44.24174],[-72.54448,44.24141],[-72.54323,44.24218],[-72.54189,44.24252],[-72.53344,44.24131],[-72.52994,44.23906],[-72.52458,44.23787],[-72.52343,44.23835],[-72.52239,44.24026],[-72.51979,44.24101],[-72.56398,44.15478],[-72.58656,44.16026],[-72.68368,44.18527],[-72.65054,44.25008],[-72.64556,44.2586],[-72.6391,44.27197],[-72.63238,44.26947],[-72.62916,44.26617],[-72.62856,44.26513],[-72.62521,44.26332],[-72.61981,44.26103],[-72.61787,44.26049],[-72.61513,44.2591],[-72.61112,44.25838]]]}},{"type":"Feature","properties":{"TOWNNAMEMC":"Bethel","CNTY":27,"FIPS6":27020.0},"geometry":{"type":"Polygon","coordinates":[[[-72.64127,43.7943],[-72.64469,43.79013],[-72.76607,43.82331],[-72.72644,43.88519],[-72.71228,43.90796],[-72.70931,43.91124],[-72.65388,43.89563],[-72.60407,43.88221],[-72.5736,43.87312],[-72.58515,43.86007],[-72.60816,43.83296],[-72.62226,43.81722],[-72.64127,43.7943]]]}},{"type":"Feature","properties":{"TOWNNAMEMC":"Bloomfield","CNTY":9,"FIPS6":9015.0},"geometry":{"type":"Polygon","coordinates":[[[-71.5659,44.82665],[-71.56172,44.82448],[-71.56195,44.82413],[-71.56362,44.8232],[-71.56419,44.8234],[-71.56466,44.82438],[-71.56566,44.82443],[-71.56633,44.82385],[-71.57356,44.82093],[-71.57728,44.81505],[-71.57725,44.81337],[-71.57682,44.81268],[-71.57485,44.81149],[-71.57318,44.811],[-71.5718,44.80914],[-71.57019,44.80828],[-71.5687,44.80663],[-71.57043,44.80387],[-71.57058,44.8028],[-71.5718,44.80186],[-71.57235,44.80042],[-71.57324,44.79942],[-71.57298,44.79656],[-71.57156,44.79388],[-71.57274,44.79282],[-71.57327,44.7909],[-71.57594,44.78963],[-71.57936,44.78512],[-71.58088,44.78489],[-71.5833,44.78538],[-71.5863,44.78417],[-71.58912,44.78377],[-71.59283,44.78267],[-71.5947,44.78125],[-71.59648,44.77905],[-71.59518,44.77623],[-71.59559,44.77543],[-71.60033,44.77371],[-71.6012,44.77314],[-71.60236,44.77158],[-71.60339,44.76929],[-71.60636,44.76728],[-71.60891,44.76611],[-71.6111,44.76595],[-71.61169,44.76546],[-71.61283,44.76236],[-71.61372,44.76181],[-71.61322,44.75907],[-71.61457,44.75849],[-71.61673,44.75687],[-71.61878,44.75707],[-71.61981,44.75645],[-71.62314,44.75567],[-71.62573,44.75396],[-71.62955,44.75382],[-71.63112,44.75331],[-71.63242,44.75199],[-71.63281,44.75103],[-71.6322,44.74874],[-71.64269,44.7548],[-71.73049,44.80045],[-71.70495,44.83122],[-71.66369,44.879],[-71.65593,44.87509],[-71.6245,44.85742],[-71.5659,44.82665]]]}},{"type":"Feature","properties":{"TOWNNAMEMC":"Bolton","CNTY":7,"FIPS6":7005.0},"geometry":{"type":"Polygon","coordinates":[[[-72.8383,44.45929],[-72.80321,44.45152],[-72.83983,44.40345],[-72.80238,44.38858],[-72.82596,44.35903],[-72.82752,44.36018],[-72.82834,44.36043],[-72.8319,44.35885],[-72.83283,44.35877],[-72.83545,44.36005],[-72.83924,44.36108],[-72.8425,44.36166],[-72.84439,44.36235],[-72.84988,44.36309],[-72.85555,44.36559],[-72.86125,44.3669],[-72.8804,44.32985],[-72.95212,44.34543],[-72.93618,44.37529],[-72.92722,44.39919],[-72.91874,44.42907],[-72.91637,44.43279],[-72.8882,44.47032],[-72.8383,44.45929]]]}},{"type":"Feature","properties":{"TOWNNAMEMC":"Bradford","CNTY":17,"FIPS6":17005.0},"geometry":{"type":"Polygon","coordinates":[[[-72.0823,44.0247],[-72.08204,44.02279],[-72.08304,44.02165],[-72.08457,44.02117],[-72.08646,44.02147],[-72.08928,44.02357],[-72.09115,44.02432],[-72.09242,44.02431],[-72.09436,44.02342],[-72.09504,44.02258],[-72.09498,44.02211],[-72.09556,44.02173],[-72.09576,44.01754],[-72.09476,44.01534],[-72.09091,44.01197],[-72.09033,44.01075],[-72.09049,44.00997],[-72.09175,44.00915],[-72.09284,44.00911],[-72.09336,44.00978],[-72.09296,44.01136],[-72.09334,44.013],[-72.09546,44.01455],[-72.09695,44.01519],[-72.09987,44.01553],[-72.10358,44.01466],[-72.10465,44.01382],[-72.10603,44.01181],[-72.10378,44.0045],[-72.10366,44.00352],[-72.10412,44.00244],[-72.10716,44.00141],[-72.10921,44.00036],[-72.11279,43.99661],[-72.11607,43.99509],[-72.11689,43.99438],[-72.11714,43.99275],[-72.11684,43.9919],[-72.11395,43.98952],[-72.11252,43.98746],[-72.11193,43.9859],[-72.11194,43.9839],[-72.11314,43.98101],[-72.1126,43.97802],[-72.11283,43.97567],[-72.11481,43.96929],[-72.11411,43.96755],[-72.1125,43.967],[-72.11067,43.96708],[-72.10722,43.96963],[-72.10537,43.9701],[-72.10145,43.96885],[-72.09894,43.96863],[-72.09301,43.96712],[-72.09142,43.9661],[-72.09122,43.96551],[-72.09819,43.96411],[-72.10095,43.96291],[-72.10131,43.96116],[-72.10084,43.96026],[-72.09921,43.95911],[-72.09942,43.95741],[-72.16782,43.97466],[-72.23283,43.9925],[-72.21594,44.0213],[-72.19157,44.06142],[-72.13269,44.04451],[-72.07923,44.02983],[-72.0808,44.02919],[-72.08211,44.0279],[-72.08256,44.02645],[-72.0823,44.0247]]]}},{"type":"Feature","properties":{"TOWNNAMEMC":"Braintree","CNTY":17,"FIPS6":17010.0},"geometry":{"type":"Polygon","coordinates":[[[-72.68905,43.92902],[-72.70284,43.9094],[-72.70931,43.91124],[-72.71228,43.90796],[-72.7735,43.92454],[-72.76891,43.93162],[-72.77514,43.93366],[-72.77108,43.93906],[-72.78996,43.94531],[-72.78522,43.95219],[-72.79178,43.95397],[-72.78705,43.96086],[-72.79104,43.96224],[-72.75396,44.01222],[-72.74224,44.02963],[-72.68287,44.01281],[-72.63729,44.00066],[-72.65451,43.97621],[-72.68121,43.94017],[-72.68905,43.92902]]]}},{"type":"Feature","properties":{"TOWNNAMEMC":"Brandon","CNTY":21,"FIPS6":21010.0},"geometry":{"type":"Polygon","coordinates":[[[-73.03101,43.84164],[-73.0308,43.84138],[-73.02902,43.842],[-73.02684,43.84214],[-73.0068,43.76564],[-73.00352,43.75694],[-73.05643,43.75525],[-73.05638,43.75357],[-73.05753,43.75361],[-73.05821,43.75335],[-73.05849,43.75157],[-73.05998,43.75074],[-73.06066,43.75083],[-73.06248,43.75186],[-73.06676,43.75255],[-73.06755,43.75309],[-73.06829,43.75504],[-73.06968,43.75639],[-73.07495,43.75848],[-73.07765,43.75886],[-73.07771,43.75795],[-73.07822,43.75754],[-73.0779,43.75666],[-73.07894,43.75606],[-73.07985,43.75622],[-73.0803,43.75563],[-73.08024,43.75438],[-73.13148,43.75226],[-73.15617,43.84232],[-73.02993,43.84672],[-73.03009,43.84493],[-73.03207,43.84472],[-73.03308,43.84419],[-73.03101,43.84164]]]}},{"type":"Feature","properties":{"TOWNNAMEMC":"Brattleboro","CNTY":25,"FIPS6":25010.0},"geometry":{"type":"Polygon","coordinates":[[[-72.54063,42.89623],[-72.53225,42.89612],[-72.53523,42.8935],[-72.53906,42.89092],[-72.54056,42.88944],[-72.54729,42.88674],[-72.5506,42.88624],[-72.55254,42.88518],[-72.55239,42.88344],[-72.55519,42.87499],[-72.55539,42.86674],[-72.5544,42.86367],[-72.55413,42.8608],[-72.55466,42.85894],[-72.55724,42.8539],[-72.55666,42.85196],[-72.55619,42.85198],[-72.55476,42.85009],[-72.55254,42.84582],[-72.54909,42.84283],[-72.54715,42.84001],[-72.54675,42.83709],[-72.54726,42.83564],[-72.54718,42.8332],[-72.54653,42.82939],[-72.54667,42.826],[-72.54619,42.82415],[-72.56145,42.82418],[-72.60226,42.82523],[-72.65119,42.82692],[-72.68063,42.82728],[-72.67736,42.89966],[-72.66148,42.89909],[-72.55341,42.89676],[-72.54063,42.89623]]]}},{"type":"Feature","properties":{"TOWNNAMEMC":"Bridgewater","CNTY":27,"FIPS6":27025.0},"geometry":{"type":"Polygon","coordinates":[[[-72.66971,43.68716],[-72.62447,43.67444],[-72.58687,43.66468],[-72.58816,43.66248],[-72.57683,43.65915],[-72.63814,43.55802],[-72.64488,43.5599],[-72.66384,43.56429],[-72.71457,43.57703],[-72.75795,43.58742],[-72.75154,43.598],[-72.7305,43.63073],[-72.6998,43.68458],[-72.69848,43.68422],[-72.69391,43.69325],[-72.68543,43.69163],[-72.66971,43.68716]]]}},{"type":"Feature","properties":{"TOWNNAMEMC":"Bridport","CNTY":1,"FIPS6":1010.0},"geometry":{"type":"Polygon","coordinates":[[[-73.25671,44.01204],[-73.25926,43.94722],[-73.26585,43.94565],[-73.32307,43.93955],[-73.39729,43.9311],[-73.40811,43.93044],[-73.40878,43.93339],[-73.40876,43.93591],[-73.40745,43.94248],[-73.40565,43.94807],[-73.40573,43.95593],[-73.40645,43.95958],[-73.40707,43.96819],[-73.41205,43.9776],[-73.41252,43.98221],[-73.4112,43.98627],[-73.4104,43.99185],[-73.40906,43.99601],[-73.40881,44.00068],[-73.40755,44.00436],[-73.40601,44.01142],[-73.4059,44.01534],[-73.40765,44.02111],[-73.39666,44.02143],[-73.25599,44.03526],[-73.25671,44.01204]]]}},{"type":"Feature","properties":{"TOWNNAMEMC":"Brighton","CNTY":9,"FIPS6":9020.0},"geometry":{"type":"Polygon","coordinates":[[[-71.85796,44.86803],[-71.83428,44.85522],[-71.76586,44.81906],[-71.81027,44.7796],[-71.8072,44.77415],[-71.83465,44.75002],[-71.85747,44.7269],[-71.93501,44.76728],[-71.97483,44.78723],[-71.92932,44.82964],[-71.91995,44.83689],[-71.87786,44.87876],[-71.85796,44.86803]]]}},{"type":"Feature","properties":{"TOWNNAMEMC":"Bristol","CNTY":1,"FIPS6":1015.0},"geometry":{"type":"Polygon","coordinates":[[[-73.01701,44.15757],[-73.03729,44.15506],[-73.02237,44.08686],[-73.01797,44.06263],[-73.02304,44.06127],[-73.03122,44.06046],[-73.03223,44.04501],[-73.06332,44.0422],[-73.06466,44.0576],[-73.09543,44.05429],[-73.11197,44.14411],[-73.14463,44.14917],[-73.14963,44.17671],[-73.04912,44.18653],[-73.04967,44.18955],[-73.02306,44.19212],[-73.01676,44.15908],[-73.01701,44.15757]]]}},{"type":"Feature","properties":{"TOWNNAMEMC":"Brookfield","CNTY":17,"FIPS6":17015.0},"geometry":{"type":"Polygon","coordinates":[[[-72.51318,43.97632],[-72.51028,43.96619],[-72.57957,43.98497],[-72.59157,43.98779],[-72.63729,44.00066],[-72.68287,44.01281],[-72.63448,44.08931],[-72.53821,44.06248],[-72.51318,43.97632]]]}},{"type":"Feature","properties":{"TOWNNAMEMC":"Brookline","CNTY":25,"FIPS6":25015.0},"geometry":{"type":"Polygon","coordinates":[[[-72.57671,43.07103],[-72.58564,43.02324],[-72.58834,43.02347],[-72.59198,43.00906],[-72.59321,43.00798],[-72.59447,43.00554],[-72.59942,42.99033],[-72.60587,42.99075],[-72.60729,42.9864],[-72.60804,42.96836],[-72.64712,42.96953],[-72.64709,42.97424],[-72.64563,42.97813],[-72.64356,42.97923],[-72.63672,42.98038],[-72.63431,42.98108],[-72.63212,42.98213],[-72.63176,42.98309],[-72.63463,42.98976],[-72.63465,42.99086],[-72.63321,42.99263],[-72.63256,42.99455],[-72.63354,42.99515],[-72.63635,42.99529],[-72.63884,42.99606],[-72.63945,42.99692],[-72.6384,42.99869],[-72.63881,42.99954],[-72.64213,43.00267],[-72.63938,43.00412],[-72.63995,43.00607],[-72.64139,43.00771],[-72.64567,43.00977],[-72.65071,43.0139],[-72.65091,43.01479],[-72.64834,43.01543],[-72.64937,43.01812],[-72.6507,43.01927],[-72.62092,43.0184],[-72.60552,43.07215],[-72.57671,43.07103]]]}},{"type":"Feature","properties":{"TOWNNAMEMC":"Brownington","CNTY":19,"FIPS6":19015.0},"geometry":{"type":"Polygon","coordinates":[[[-72.11943,44.86441],[-72.0413,44.82202],[-72.08241,44.78173],[-72.20036,44.82542],[-72.1948,44.83314],[-72.19954,44.83485],[-72.16985,44.87505],[-72.16786,44.87707],[-72.16121,44.8869],[-72.11943,44.86441]]]}},{"type":"Feature","properties":{"TOWNNAMEMC":"Brunswick","CNTY":9,"FIPS6":9025.0},"geometry":{"type":"Polygon","coordinates":[[[-71.62908,44.7474],[-71.62782,44.74722],[-71.62721,44.74679],[-71.62565,44.74337],[-71.62571,44.74297],[-71.62697,44.74242],[-71.62687,44.74039],[-71.62525,44.7367],[-71.62605,44.7354],[-71.62663,44.73292],[-71.62655,44.7283],[-71.62518,44.72723],[-71.62352,44.72691],[-71.62125,44.72758],[-71.61923,44.72872],[-71.61795,44.7288],[-71.61742,44.72857],[-71.6174,44.72797],[-71.61844,44.72606],[-71.61919,44.72207],[-71.61712,44.72102],[-71.61469,44.71775],[-71.61264,44.71673],[-71.60897,44.71369],[-71.60605,44.70916],[-71.60488,44.70794],[-71.60149,44.70659],[-71.60019,44.70555],[-71.59907,44.7034],[-71.5994,44.7025],[-71.60103,44.70116],[-71.60159,44.70024],[-71.60143,44.6988],[-71.59937,44.69745],[-71.59638,44.69716],[-71.59478,44.6967],[-71.59425,44.6962],[-71.59441,44.69535],[-71.59612,44.69531],[-71.59675,44.69491],[-71.59884,44.69223],[-71.59763,44.69031],[-71.59734,44.68891],[-71.59888,44.68765],[-71.59855,44.68673],[-71.59911,44.6851],[-71.59786,44.68476],[-71.59701,44.68299],[-71.5954,44.68187],[-71.59731,44.6789],[-71.59717,44.6781],[-71.59627,44.67742],[-71.59301,44.67615],[-71.59104,44.67672],[-71.59042,44.67655],[-71.58934,44.67561],[-71.58883,44.67455],[-71.58689,44.67365],[-71.58584,44.6736],[-71.5845,44.67411],[-71.58325,44.67418],[-71.58182,44.6735],[-71.58189,44.67236],[-71.58279,44.67167],[-71.58393,44.67123],[-71.58713,44.67081],[-71.58816,44.67006],[-71.58791,44.66876],[-71.58593,44.66686],[-71.5853,44.66539],[-71.58564,44.66288],[-71.58794,44.66125],[-71.6351,44.68678],[-71.69976,44.72112],[-71.71388,44.75],[-71.73591,44.79361],[-71.74154,44.8062],[-71.64269,44.7548],[-71.63159,44.74824],[-71.62908,44.7474]]]}},{"type":"Feature","properties":{"TOWNNAMEMC":"Buels Gore","CNTY":7,"FIPS6":7010.0},"geometry":{"type":"Polygon","coordinates":[[[-72.9223,44.22274],[-72.942,44.18245],[-72.9522,44.16141],[-72.96545,44.23139],[-72.9223,44.22274]]]}},{"type":"Feature","properties":{"TOWNNAMEMC":"Burke","CNTY":5,"FIPS6":5010.0},"geometry":{"type":"Polygon","coordinates":[[[-71.88035,44.57517],[-71.89081,44.56543],[-71.89827,44.55788],[-71.92057,44.56966],[-71.92121,44.56912],[-71.92401,44.57061],[-71.92561,44.56925],[-71.92814,44.56951],[-71.92778,44.57085],[-71.93371,44.57204],[-71.93155,44.58018],[-71.95056,44.58276],[-71.97898,44.58726],[-71.99982,44.59017],[-71.99035,44.62306],[-71.97493,44.67294],[-71.97325,44.67955],[-71.96938,44.67719],[-71.89581,44.63937],[-71.84237,44.61087],[-71.88035,44.57517]]]}},{"type":"Feature","properties":{"TOWNNAMEMC":"Burlington","CNTY":7,"FIPS6":7015.0},"geometry":{"type":"Polygon","coordinates":[[[-73.20237,44.49237],[-73.20135,44.49042],[-73.20012,44.48969],[-73.19586,44.48912],[-73.19167,44.4898],[-73.19093,44.48916],[-73.1892,44.48856],[-73.18861,44.48731],[-73.18678,44.48911],[-73.18272,44.48903],[-73.18188,44.48826],[-73.18178,44.48606],[-73.18108,44.48488],[-73.17896,44.48411],[-73.17612,44.48467],[-73.19014,44.47238],[-73.19376,44.474],[-73.18998,44.45414],[-73.20838,44.45522],[-73.20925,44.44591],[-73.23146,44.44694],[-73.2739,44.49719],[-73.2736,44.49935],[-73.27289,44.49997],[-73.2724,44.50115],[-73.27508,44.50317],[-73.27532,44.50355],[-73.27493,44.50424],[-73.27639,44.5049],[-73.27703,44.50624],[-73.27484,44.50793],[-73.27431,44.50898],[-73.27439,44.50966],[-73.27324,44.511],[-73.27345,44.51161],[-73.27316,44.51199],[-73.27283,44.51214],[-73.27242,44.51191],[-73.27111,44.51235],[-73.27067,44.51309],[-73.27017,44.51323],[-73.27058,44.51466],[-73.26979,44.5147],[-73.2691,44.51512],[-73.26872,44.51619],[-73.2691,44.51717],[-73.26913,44.5198],[-73.27009,44.523],[-73.27084,44.52428],[-73.27312,44.52669],[-73.27336,44.52845],[-73.274,44.5285],[-73.2756,44.52948],[-73.27395,44.53043],[-73.2707,44.53133],[-73.27024,44.53189],[-73.27048,44.53313],[-73.2731,44.53528],[-73.27417,44.53682],[-73.27408,44.53774],[-73.27312,44.53886],[-73.27162,44.53953],[-73.26863,44.53987],[-73.26604,44.53972],[-73.26511,44.53906],[-73.26408,44.53708],[-73.2649,44.53467],[-73.26452,44.53301],[-73.26681,44.52916],[-73.2671,44.52741],[-73.26554,44.52515],[-73.26282,44.52363],[-73.26101,44.52321],[-73.25914,44.52326],[-73.25742,44.52366],[-73.25614,44.52466],[-73.25458,44.52483],[-73.25256,44.52418],[-73.25083,44.52265],[-73.25032,44.52257],[-73.24977,44.52321],[-73.24989,44.52497],[-73.24862,44.52661],[-73.24387,44.52861],[-73.24176,44.52896],[-73.24047,44.52794],[-73.23989,44.52493],[-73.23764,44.52312],[-73.23694,44.5219],[-73.23769,44.51965],[-73.23957,44.51805],[-73.23946,44.51734],[-73.23831,44.51644],[-73.23496,44.51529],[-73.23346,44.51373],[-73.2324,44.51315],[-73.22999,44.51372],[-73.22827,44.5158],[-73.22655,44.51651],[-73.22346,44.51672],[-73.22015,44.51626],[-73.21896,44.51584],[-73.21872,44.51531],[-73.21938,44.51473],[-73.2239,44.51345],[-73.22621,44.51326],[-73.22759,44.51258],[-73.22871,44.51041],[-73.22792,44.5083],[-73.2267,44.50705],[-73.22484,44.50601],[-73.22404,44.50597],[-73.22293,44.50641],[-73.22061,44.50861],[-73.21896,44.50962],[-73.21687,44.51016],[-73.21504,44.50962],[-73.21425,44.5089],[-73.2135,44.50688],[-73.21231,44.50548],[-73.2081,44.50331],[-73.20496,44.50239],[-73.20325,44.50103],[-73.20175,44.4973],[-73.20202,44.49585],[-73.20314,44.49435],[-73.20237,44.49237]]]}},{"type":"Feature","properties":{"TOWNNAMEMC":"Cabot","CNTY":23,"FIPS6":23020.0},"geometry":{"type":"Polygon","coordinates":[[[-72.22322,44.4235],[-72.22376,44.42292],[-72.22402,44.42338],[-72.22459,44.4234],[-72.2262,44.42233],[-72.22819,44.4222],[-72.22893,44.42171],[-72.22901,44.42023],[-72.22822,44.41931],[-72.2272,44.41939],[-72.2263,44.42037],[-72.2252,44.42073],[-72.22498,44.42202],[-72.22303,44.42214],[-72.22297,44.4227],[-72.2223,44.42269],[-72.22253,44.42306],[-72.22227,44.42312],[-72.22147,44.42166],[-72.2211,44.42158],[-72.22145,44.42202],[-72.22093,44.42207],[-72.22012,44.42116],[-72.22058,44.42065],[-72.21931,44.41837],[-72.21981,44.4181],[-72.22085,44.41844],[-72.22136,44.4182],[-72.22016,44.41648],[-72.22093,44.41605],[-72.22157,44.41652],[-72.22253,44.41625],[-72.22201,44.41561],[-72.22204,44.41424],[-72.2203,44.41364],[-72.22007,44.41309],[-72.21917,44.41306],[-72.21851,44.4121],[-72.21708,44.41131],[-72.2701,44.34037],[-72.37035,44.37976],[-72.3744,44.38139],[-72.3799,44.38435],[-72.32139,44.46317],[-72.31743,44.46109],[-72.22381,44.42489],[-72.22322,44.4235]]]}},{"type":"Feature","properties":{"TOWNNAMEMC":"Calais","CNTY":23,"FIPS6":23025.0},"geometry":{"type":"Polygon","coordinates":[[[-72.3799,44.38435],[-72.38317,44.38084],[-72.43967,44.30449],[-72.52454,44.33617],[-72.55078,44.34542],[-72.4995,44.41561],[-72.49356,44.42398],[-72.49324,44.42583],[-72.44717,44.40874],[-72.38855,44.38632],[-72.3799,44.38435]]]}},{"type":"Feature","properties":{"TOWNNAMEMC":"Cambridge","CNTY":15,"FIPS6":15010.0},"geometry":{"type":"Polygon","coordinates":[[[-72.75726,44.64658],[-72.76362,44.63729],[-72.72649,44.62432],[-72.74974,44.59182],[-72.75027,44.59016],[-72.76793,44.56612],[-72.78439,44.54105],[-72.82704,44.55069],[-72.85847,44.57978],[-72.90996,44.6312],[-72.92378,44.63321],[-72.92641,44.63513],[-72.92397,44.6374],[-72.92655,44.64032],[-72.92424,44.64104],[-72.92376,44.64194],[-72.92592,44.64387],[-72.92728,44.64574],[-72.92716,44.64664],[-72.92584,44.64835],[-72.92264,44.65012],[-72.92097,44.6493],[-72.9188,44.6468],[-72.91784,44.6462],[-72.9163,44.6458],[-72.91352,44.64585],[-72.9099,44.64667],[-72.9056,44.64591],[-72.90297,44.64636],[-72.90201,44.64722],[-72.90008,44.65057],[-72.89439,44.65476],[-72.89323,44.65541],[-72.89186,44.65566],[-72.85079,44.71112],[-72.78453,44.6876],[-72.74001,44.67117],[-72.75726,44.64658]]]}},{"type":"Feature","properties":{"TOWNNAMEMC":"Canaan","CNTY":9,"FIPS6":9030.0},"geometry":{"type":"Polygon","coordinates":[[[-71.46539,45.01322],[-71.46599,45.01203],[-71.46658,45.01185],[-71.46925,45.01128],[-71.47298,45.01104],[-71.47796,45.00926],[-71.47943,45.00637],[-71.47989,45.00348],[-71.48074,45.00248],[-71.48692,45.00228],[-71.48841,45.00084],[-71.4898,45.00125],[-71.48981,45.00192],[-71.4909,45.00251],[-71.49399,45.00313],[-71.49453,45.00372],[-71.49437,45.00425],[-71.49571,45.00489],[-71.49687,45.00466],[-71.49795,45.00381],[-71.49852,45.0039],[-71.50119,45.00694],[-71.5034,45.00769],[-71.50461,45.00857],[-71.50574,45.00803],[-71.50917,45.00792],[-71.51453,45.00443],[-71.51593,45.00424],[-71.5216,45.00226],[-71.52463,45.00231],[-71.52857,45.00058],[-71.53164,44.99882],[-71.53303,44.99672],[-71.53374,44.9967],[-71.53609,44.99482],[-71.53708,44.99346],[-71.53708,44.9925],[-71.53369,44.99173],[-71.53307,44.99103],[-71.53562,44.98937],[-71.53778,44.98966],[-71.53876,44.98939],[-71.53909,44.98877],[-71.53872,44.98729],[-71.54035,44.98617],[-71.54049,44.98564],[-71.54146,44.98525],[-71.54155,44.98428],[-71.54114,44.9839],[-71.53835,44.98456],[-71.53679,44.98387],[-71.53755,44.9813],[-71.53725,44.98078],[-71.53626,44.98037],[-71.53449,44.98061],[-71.53267,44.97966],[-71.53217,44.97679],[-71.53146,44.97548],[-71.52988,44.97412],[-71.52737,44.973],[-71.52605,44.97001],[-71.52479,44.96929],[-71.52187,44.96906],[-71.52217,44.96841],[-71.52316,44.96824],[-71.52383,44.96747],[-71.5241,44.96763],[-71.52392,44.96706],[-71.52302,44.96647],[-71.52115,44.96679],[-71.519,44.96788],[-71.51794,44.96772],[-71.51846,44.96696],[-71.52207,44.96595],[-71.52382,44.96516],[-71.52437,44.9644],[-71.5232,44.96359],[-71.52023,44.96317],[-71.51884,44.96334],[-71.51726,44.96433],[-71.51644,44.96423],[-71.51629,44.96151],[-71.51526,44.95849],[-71.51598,44.95587],[-71.51605,44.95277],[-71.51656,44.95185],[-71.51916,44.95042],[-71.5196,44.9495],[-71.51908,44.94883],[-71.51707,44.94838],[-71.51687,44.94808],[-71.51714,44.94682],[-71.51905,44.94527],[-71.51876,44.94471],[-71.51808,44.94441],[-71.51633,44.94438],[-71.5153,44.94397],[-71.51569,44.94043],[-71.51651,44.93913],[-71.51859,44.93846],[-71.52066,44.93936],[-71.52107,44.94043],[-71.52173,44.94079],[-71.52279,44.94005],[-71.52265,44.93958],[-71.52191,44.93918],[-71.52129,44.93763],[-71.52024,44.93682],[-71.51724,44.93573],[-71.51624,44.93497],[-71.51611,44.93156],[-71.51484,44.93037],[-71.51366,44.92986],[-71.51328,44.92892],[-71.51421,44.92844],[-71.5157,44.92818],[-71.51615,44.92765],[-71.51584,44.92666],[-71.51489,44.92615],[-71.51267,44.92614],[-71.51181,44.92459],[-71.5093,44.92371],[-71.5079,44.92142],[-71.50416,44.91849],[-71.50123,44.91471],[-71.50083,44.91362],[-71.50107,44.91227],[-71.50041,44.91114],[-71.49918,44.91065],[-71.49487,44.9117],[-71.49334,44.91125],[-71.49345,44.9105],[-71.49527,44.91022],[-71.49647,44.90893],[-71.50038,44.90921],[-71.50509,44.91125],[-71.50664,44.91095],[-71.50995,44.90784],[-71.51476,44.91051],[-71.55104,44.92789],[-71.59827,44.95327],[-71.59804,44.95358],[-71.62536,44.96752],[-71.64663,44.97906],[-71.70085,45.0076],[-71.69768,45.0114],[-71.66673,45.0117],[-71.61266,45.01272],[-71.57251,45.0125],[-71.46547,45.01367],[-71.46539,45.01322]]]}},{"type":"Feature","properties":{"TOWNNAMEMC":"Castleton","CNTY":21,"FIPS6":21015.0},"geometry":{"type":"Polygon","coordinates":[[[-73.11708,43.58522],[-73.12002,43.58485],[-73.14491,43.58512],[-73.20146,43.58676],[-73.24332,43.5876],[-73.23856,43.66714],[-73.23722,43.6802],[-73.19862,43.67948],[-73.10822,43.67601],[-73.10142,43.65375],[-73.09554,43.63271],[-73.11099,43.63232],[-73.1125,43.61018],[-73.11708,43.58522]]]}},{"type":"Feature","properties":{"TOWNNAMEMC":"Cavendish","CNTY":27,"FIPS6":27030.0},"geometry":{"type":"Polygon","coordinates":[[[-72.53877,43.44454],[-72.53026,43.44364],[-72.53792,43.39362],[-72.53868,43.38149],[-72.54286,43.38045],[-72.57998,43.36817],[-72.60708,43.34814],[-72.66247,43.35113],[-72.66196,43.38564],[-72.66089,43.39944],[-72.66095,43.44297],[-72.66059,43.4571],[-72.60086,43.45126],[-72.53877,43.44454]]]}},{"type":"Feature","properties":{"TOWNNAMEMC":"Charleston","CNTY":19,"FIPS6":19020.0},"geometry":{"type":"Polygon","coordinates":[[[-71.91995,44.83689],[-71.92932,44.82964],[-71.97483,44.78723],[-72.00253,44.80204],[-72.04276,44.82276],[-72.11943,44.86441],[-72.0674,44.91436],[-72.04162,44.90026],[-71.99951,44.87825],[-71.99385,44.87502],[-71.91995,44.83689]]]}},{"type":"Feature","properties":{"TOWNNAMEMC":"Charlotte","CNTY":7,"FIPS6":7020.0},"geometry":{"type":"Polygon","coordinates":[[[-73.14525,44.27338],[-73.16183,44.27153],[-73.1968,44.26663],[-73.24914,44.26176],[-73.27038,44.26011],[-73.31328,44.26414],[-73.31121,44.27098],[-73.31098,44.27649],[-73.31264,44.28092],[-73.31939,44.2929],[-73.32186,44.30048],[-73.32372,44.30882],[-73.32456,44.31682],[-73.32416,44.33418],[-73.32444,44.33626],[-73.32718,44.34335],[-73.23871,44.35346],[-73.16531,44.36221],[-73.1558,44.32245],[-73.14525,44.27338]]]}},{"type":"Feature","properties":{"TOWNNAMEMC":"Chelsea","CNTY":17,"FIPS6":17020.0},"geometry":{"type":"Polygon","coordinates":[[[-72.50242,44.05036],[-72.47462,44.04088],[-72.3819,44.00816],[-72.39176,43.93939],[-72.3942,43.92897],[-72.51028,43.96619],[-72.53821,44.06248],[-72.50242,44.05036]]]}},{"type":"Feature","properties":{"TOWNNAMEMC":"Chester","CNTY":27,"FIPS6":27035.0},"geometry":{"type":"Polygon","coordinates":[[[-72.67632,43.22266],[-72.68544,43.22258],[-72.68144,43.32243],[-72.67922,43.35197],[-72.60708,43.34814],[-72.54544,43.34527],[-72.54649,43.33484],[-72.54663,43.31132],[-72.54801,43.29228],[-72.54915,43.2359],[-72.67624,43.22408],[-72.67632,43.22266]]]}},{"type":"Feature","properties":{"TOWNNAMEMC":"Chittenden","CNTY":21,"FIPS6":21020.0},"geometry":{"type":"Polygon","coordinates":[[[-72.84447,43.7654],[-72.82608,43.73775],[-72.83597,43.7194],[-72.84557,43.7234],[-72.85391,43.70575],[-72.85781,43.69514],[-72.9396,43.6657],[-72.9399,43.66948],[-72.99913,43.7501],[-72.9995,43.75233],[-73.00285,43.75699],[-73.00352,43.75694],[-73.0068,43.76564],[-73.01709,43.80486],[-72.98943,43.81461],[-72.96751,43.82323],[-72.92847,43.83795],[-72.92723,43.83872],[-72.91038,43.84455],[-72.8745,43.85806],[-72.87381,43.83979],[-72.87435,43.83833],[-72.87245,43.80514],[-72.86279,43.79093],[-72.84447,43.7654]]]}},{"type":"Feature","properties":{"TOWNNAMEMC":"Clarendon","CNTY":21,"FIPS6":21025.0},"geometry":{"type":"Polygon","coordinates":[[[-72.93416,43.5748],[-72.93155,43.53648],[-72.92877,43.48168],[-72.95575,43.48376],[-72.95532,43.48987],[-72.95928,43.49026],[-72.95874,43.49324],[-72.96336,43.49334],[-72.96332,43.49505],[-72.98719,43.49608],[-72.98761,43.49157],[-73.00531,43.49267],[-73.05077,43.49417],[-73.03497,43.57075],[-72.95683,43.57371],[-72.93416,43.5748]]]}},{"type":"Feature","properties":{"TOWNNAMEMC":"Colchester","CNTY":7,"FIPS6":7025.0},"geometry":{"type":"Polygon","coordinates":[[[-73.21715,44.60516],[-73.21147,44.6051],[-73.20706,44.60426],[-73.204,44.60336],[-73.20254,44.60337],[-73.20137,44.60404],[-73.20005,44.60545],[-73.19871,44.60783],[-73.15502,44.59197],[-73.09792,44.57051],[-73.11769,44.54401],[-73.11822,44.54277],[-73.1584,44.48976],[-73.15922,44.48934],[-73.16025,44.49013],[-73.16261,44.48986],[-73.16481,44.48787],[-73.16742,44.48654],[-73.16839,44.48651],[-73.1688,44.48696],[-73.16811,44.48968],[-73.16837,44.49032],[-73.16932,44.49014],[-73.17211,44.48808],[-73.17115,44.49329],[-73.16792,44.49756],[-73.16738,44.49746],[-73.16606,44.49918],[-73.16775,44.49983],[-73.16749,44.50017],[-73.17057,44.50134],[-73.1726,44.49882],[-73.19209,44.50603],[-73.19489,44.50232],[-73.19327,44.50159],[-73.19458,44.50011],[-73.19646,44.50023],[-73.20237,44.49237],[-73.20314,44.49435],[-73.20202,44.49585],[-73.20175,44.4973],[-73.20325,44.50103],[-73.20496,44.50239],[-73.2081,44.50331],[-73.21231,44.50548],[-73.2135,44.50688],[-73.21425,44.5089],[-73.21504,44.50962],[-73.21687,44.51016],[-73.21896,44.50962],[-73.22061,44.50861],[-73.22293,44.50641],[-73.22404,44.50597],[-73.22484,44.50601],[-73.2267,44.50705],[-73.22792,44.5083],[-73.22871,44.51041],[-73.22759,44.51258],[-73.22621,44.51326],[-73.2239,44.51345],[-73.21938,44.51473],[-73.21872,44.51531],[-73.21896,44.51584],[-73.22015,44.51626],[-73.22346,44.51672],[-73.22655,44.51651],[-73.22827,44.5158],[-73.22999,44.51372],[-73.2324,44.51315],[-73.23346,44.51373],[-73.23496,44.51529],[-73.23766,44.51614],[-73.2393,44.51716],[-73.2395,44.51828],[-73.23769,44.51965],[-73.23694,44.5219],[-73.23764,44.52312],[-73.23989,44.52493],[-73.24047,44.52794],[-73.24139,44.52879],[-73.24262,44.52897],[-73.24387,44.52861],[-73.24862,44.52661],[-73.24989,44.52497],[-73.24977,44.52321],[-73.25032,44.52257],[-73.25083,44.52265],[-73.25256,44.52418],[-73.25458,44.52483],[-73.25614,44.52466],[-73.25742,44.52366],[-73.25914,44.52326],[-73.26164,44.5233],[-73.26365,44.52399],[-73.26632,44.52589],[-73.2671,44.52741],[-73.26681,44.52916],[-73.26452,44.53301],[-73.2649,44.53467],[-73.26408,44.53708],[-73.26511,44.53906],[-73.26604,44.53972],[-73.26863,44.53987],[-73.27162,44.53953],[-73.27312,44.53886],[-73.27408,44.53774],[-73.27423,44.53712],[-73.27375,44.53602],[-73.27029,44.5328],[-73.27024,44.53189],[-73.2707,44.53133],[-73.27395,44.53043],[-73.2756,44.52948],[-73.31997,44.51526],[-73.32037,44.51726],[-73.31941,44.52202],[-73.31978,44.52357],[-73.32146,44.52458],[-73.3276,44.52702],[-73.32939,44.52814],[-73.33216,44.5308],[-73.33523,44.53532],[-73.33804,44.54039],[-73.33937,44.54487],[-73.33904,44.54645],[-73.33939,44.54838],[-73.34745,44.55335],[-73.35276,44.55621],[-73.35954,44.56153],[-73.36204,44.56445],[-73.33877,44.57034],[-73.32766,44.5728],[-73.30313,44.57974],[-73.28927,44.58463],[-73.2775,44.58937],[-73.26985,44.59289],[-73.2637,44.5962],[-73.26194,44.59753],[-73.25734,44.60269],[-73.25597,44.60488],[-73.25513,44.60682],[-73.2545,44.61068],[-73.23958,44.61125],[-73.2383,44.61223],[-73.23551,44.61331],[-73.23263,44.6135],[-73.22977,44.61255],[-73.22501,44.60879],[-73.21715,44.60516]]]}},{"type":"Feature","properties":{"TOWNNAMEMC":"Concord","CNTY":9,"FIPS6":9035.0},"geometry":{"type":"Polygon","coordinates":[[[-71.78704,44.48973],[-71.76137,44.44447],[-71.73906,44.40781],[-71.74166,44.40365],[-71.74222,44.40208],[-71.7428,44.40153],[-71.74359,44.40132],[-71.74684,44.4011],[-71.74951,44.40194],[-71.75402,44.40528],[-71.75619,44.40643],[-71.76028,44.40703],[-71.76259,44.40706],[-71.76477,44.40666],[-71.76785,44.4055],[-71.77275,44.40312],[-71.77466,44.40158],[-71.77817,44.39992],[-71.78181,44.39975],[-71.79146,44.40021],[-71.7946,44.39894],[-71.79904,44.39555],[-71.80194,44.39376],[-71.80363,44.39165],[-71.8035,44.39032],[-71.79993,44.3861],[-71.80039,44.38418],[-71.80176,44.38357],[-71.80337,44.38328],[-71.80775,44.38377],[-71.80986,44.38361],[-71.8138,44.38251],[-71.8147,44.3813],[-71.81488,44.37919],[-71.81569,44.37679],[-71.81564,44.37495],[-71.81266,44.37269],[-71.81232,44.37162],[-71.81274,44.37082],[-71.81581,44.36863],[-71.81628,44.36734],[-71.81496,44.36325],[-71.81264,44.35837],[-71.81273,44.35606],[-71.81411,44.35484],[-71.81688,44.35386],[-71.82578,44.35295],[-71.82885,44.35116],[-71.83319,44.35023],[-71.8379,44.34797],[-71.93322,44.44114],[-71.90326,44.45474],[-71.85387,44.49888],[-71.83333,44.4878],[-71.79588,44.50511],[-71.78704,44.48973]]]}},{"type":"Feature","properties":{"TOWNNAMEMC":"Corinth","CNTY":17,"FIPS6":17025.0},"geometry":{"type":"Polygon","coordinates":[[[-72.33137,44.09241],[-72.22477,44.07079],[-72.19157,44.06142],[-72.21594,44.0213],[-72.23283,43.9925],[-72.23378,43.99276],[-72.24141,43.97938],[-72.38183,44.00829],[-72.37147,44.03395],[-72.35593,44.07417],[-72.34904,44.09339],[-72.34878,44.09626],[-72.33137,44.09241]]]}},{"type":"Feature","properties":{"TOWNNAMEMC":"Cornwall","CNTY":1,"FIPS6":1020.0},"geometry":{"type":"Polygon","coordinates":[[[-73.16393,43.95236],[-73.16431,43.95066],[-73.16573,43.94887],[-73.16685,43.94608],[-73.16686,43.94041],[-73.16788,43.93644],[-73.16908,43.93466],[-73.17243,43.93315],[-73.17487,43.93094],[-73.17516,43.92909],[-73.17492,43.92814],[-73.17318,43.9267],[-73.17279,43.92584],[-73.17376,43.92301],[-73.17369,43.91917],[-73.1748,43.91545],[-73.17452,43.91362],[-73.17477,43.91271],[-73.17556,43.9119],[-73.17781,43.91086],[-73.17948,43.90828],[-73.19858,43.90897],[-73.24172,43.90481],[-73.25926,43.94722],[-73.25671,44.01204],[-73.19054,44.01889],[-73.18895,44.01023],[-73.19013,44.00282],[-73.19053,43.99186],[-73.18979,43.98802],[-73.18644,43.98851],[-73.18537,43.9815],[-73.1796,43.97429],[-73.17352,43.96758],[-73.16988,43.95178],[-73.16393,43.95236]]]}},{"type":"Feature","properties":{"TOWNNAMEMC":"Coventry","CNTY":19,"FIPS6":19025.0},"geometry":{"type":"Polygon","coordinates":[[[-72.19706,44.83816],[-72.19954,44.83485],[-72.2406,44.84955],[-72.29763,44.87059],[-72.30878,44.87505],[-72.26181,44.94054],[-72.18802,44.90087],[-72.18325,44.8989],[-72.16121,44.8869],[-72.16786,44.87707],[-72.16985,44.87505],[-72.19706,44.83816]]]}},{"type":"Feature","properties":{"TOWNNAMEMC":"Craftsbury","CNTY":19,"FIPS6":19030.0},"geometry":{"type":"Polygon","coordinates":[[[-72.31008,44.67279],[-72.36838,44.59285],[-72.37112,44.59334],[-72.48279,44.6341],[-72.42364,44.71461],[-72.31008,44.67279]]]}},{"type":"Feature","properties":{"TOWNNAMEMC":"Danby","CNTY":21,"FIPS6":21030.0},"geometry":{"type":"Polygon","coordinates":[[[-73.02173,43.39929],[-72.99823,43.39771],[-72.99342,43.39766],[-72.99437,43.33641],[-72.99684,43.30517],[-73.0468,43.30706],[-73.09257,43.30693],[-73.12266,43.30868],[-73.12217,43.36258],[-73.12087,43.40301],[-73.05208,43.40095],[-73.03465,43.40019],[-73.02173,43.39929]]]}},{"type":"Feature","properties":{"TOWNNAMEMC":"Danville","CNTY":5,"FIPS6":5015.0},"geometry":{"type":"Polygon","coordinates":[[[-72.05468,44.4254],[-72.04773,44.40477],[-72.0451,44.399],[-72.09424,44.35718],[-72.17094,44.37139],[-72.16768,44.38531],[-72.2168,44.39408],[-72.22778,44.3969],[-72.21708,44.41131],[-72.21851,44.4121],[-72.21917,44.41306],[-72.22007,44.41309],[-72.2203,44.41364],[-72.22204,44.41424],[-72.22201,44.41561],[-72.22253,44.41625],[-72.22157,44.41652],[-72.22093,44.41605],[-72.22016,44.41648],[-72.22136,44.4182],[-72.22085,44.41844],[-72.21981,44.4181],[-72.21931,44.41837],[-72.22058,44.42065],[-72.22012,44.42116],[-72.22093,44.42207],[-72.22145,44.42202],[-72.2211,44.42158],[-72.22147,44.42166],[-72.22193,44.42284],[-72.22253,44.42306],[-72.2223,44.42269],[-72.22297,44.4227],[-72.22303,44.42214],[-72.22498,44.42202],[-72.2252,44.42073],[-72.2263,44.42037],[-72.2272,44.41939],[-72.22784,44.41931],[-72.2285,44.41954],[-72.22901,44.42023],[-72.22893,44.42171],[-72.2278,44.42229],[-72.2262,44.42233],[-72.22493,44.42297],[-72.22482,44.42336],[-72.22402,44.42338],[-72.22376,44.42292],[-72.22314,44.4238],[-72.22381,44.42489],[-72.21056,44.4197],[-72.13776,44.51858],[-72.08354,44.51037],[-72.08019,44.50002],[-72.07558,44.48881],[-72.05468,44.4254]]]}},{"type":"Feature","properties":{"TOWNNAMEMC":"Derby","CNTY":19,"FIPS6":19035.0},"geometry":{"type":"Polygon","coordinates":[[[-72.05122,45.00636],[-72.06578,44.93099],[-72.09755,44.93035],[-72.0674,44.91436],[-72.11943,44.86441],[-72.18325,44.8989],[-72.18802,44.90087],[-72.18405,44.90464],[-72.1924,44.9093],[-72.19263,44.90909],[-72.19666,44.91171],[-72.1948,44.91344],[-72.1979,44.91503],[-72.19567,44.91715],[-72.19806,44.9184],[-72.19747,44.92165],[-72.19778,44.92343],[-72.19859,44.92363],[-72.19559,44.92668],[-72.19411,44.93253],[-72.19215,44.93273],[-72.19192,44.93311],[-72.19055,44.93224],[-72.18105,44.93199],[-72.1755,44.93551],[-72.17501,44.93594],[-72.17538,44.93728],[-72.17605,44.93769],[-72.17703,44.9378],[-72.17498,44.9425],[-72.17082,44.94268],[-72.16958,44.94838],[-72.17698,44.94637],[-72.18022,44.94619],[-72.18002,44.95104],[-72.19157,44.95095],[-72.19121,44.95171],[-72.19374,44.9525],[-72.19347,44.95361],[-72.19396,44.9537],[-72.19253,44.96102],[-72.19243,44.96202],[-72.19309,44.96221],[-72.19257,44.96313],[-72.19391,44.96347],[-72.19401,44.96416],[-72.19483,44.96461],[-72.19719,44.96332],[-72.19865,44.96292],[-72.2012,44.96344],[-72.20219,44.96618],[-72.20435,44.96561],[-72.20298,44.96257],[-72.20385,44.96196],[-72.2075,44.9603],[-72.20934,44.96008],[-72.22031,44.95656],[-72.2213,44.95576],[-72.22636,44.95364],[-72.23176,44.98558],[-72.24283,45.00486],[-72.15107,45.00602],[-72.11041,45.00562],[-72.05122,45.00636]]]}},{"type":"Feature","properties":{"TOWNNAMEMC":"Dorset","CNTY":3,"FIPS6":3015.0},"geometry":{"type":"Polygon","coordinates":[[[-73.0961,43.30714],[-73.09257,43.30693],[-73.0468,43.30706],[-72.98759,43.305],[-72.99233,43.29072],[-72.97589,43.29055],[-72.97959,43.20964],[-72.9967,43.21027],[-73.0017,43.21089],[-73.09518,43.2133],[-73.12518,43.21427],[-73.12767,43.21472],[-73.12455,43.23502],[-73.12277,43.27161],[-73.12266,43.30868],[-73.0961,43.30714]]]}},{"type":"Feature","properties":{"TOWNNAMEMC":"Dover","CNTY":25,"FIPS6":25020.0},"geometry":{"type":"Polygon","coordinates":[[[-72.87945,42.99095],[-72.75423,42.98665],[-72.75947,42.96791],[-72.76584,42.95075],[-72.7721,42.93187],[-72.77659,42.92463],[-72.77704,42.92233],[-72.79773,42.92228],[-72.81481,42.92334],[-72.89643,42.92686],[-72.92379,42.92744],[-72.92016,42.99271],[-72.87945,42.99095]]]}},{"type":"Feature","properties":{"TOWNNAMEMC":"Dummerston","CNTY":25,"FIPS6":25025.0},"geometry":{"type":"Polygon","coordinates":[[[-72.52521,42.92172],[-72.52429,42.91865],[-72.52457,42.91538],[-72.52547,42.91417],[-72.52841,42.91314],[-72.52946,42.91247],[-72.53052,42.91076],[-72.53149,42.90756],[-72.53099,42.89908],[-72.5317,42.89675],[-72.53225,42.89612],[-72.66148,42.89909],[-72.67736,42.89966],[-72.67618,42.92234],[-72.66425,42.92224],[-72.65142,42.92157],[-72.64807,42.9274],[-72.64449,42.93754],[-72.64149,42.94793],[-72.63949,42.95679],[-72.63554,42.9692],[-72.57054,42.96704],[-72.52177,42.96581],[-72.51975,42.96366],[-72.5205,42.96188],[-72.52499,42.9586],[-72.53227,42.95479],[-72.53395,42.95227],[-72.53453,42.95061],[-72.53446,42.94943],[-72.53378,42.94813],[-72.53184,42.94669],[-72.52898,42.94584],[-72.52818,42.94508],[-72.5275,42.94323],[-72.52672,42.94035],[-72.52635,42.93548],[-72.52706,42.92816],[-72.52521,42.92172]]]}},{"type":"Feature","properties":{"TOWNNAMEMC":"Duxbury","CNTY":23,"FIPS6":23030.0},"geometry":{"type":"Polygon","coordinates":[[[-72.83257,44.35874],[-72.82821,44.36043],[-72.82447,44.35793],[-72.82293,44.35745],[-72.82025,44.35739],[-72.81864,44.35772],[-72.81622,44.35992],[-72.81467,44.36017],[-72.81332,44.3603],[-72.81194,44.35982],[-72.81117,44.35888],[-72.81006,44.3583],[-72.80869,44.35845],[-72.80623,44.35947],[-72.80302,44.3601],[-72.80119,44.35875],[-72.80023,44.3569],[-72.7985,44.35543],[-72.79415,44.35476],[-72.78647,44.35233],[-72.78408,44.35195],[-72.78023,44.35215],[-72.77757,44.3517],[-72.77541,44.35044],[-72.77362,44.34766],[-72.77271,44.3436],[-72.77152,44.34325],[-72.76852,44.34412],[-72.76682,44.3442],[-72.76302,44.34375],[-72.76193,44.34328],[-72.76192,44.34229],[-72.76395,44.33783],[-72.76344,44.33444],[-72.76295,44.33357],[-72.75912,44.33252],[-72.75825,44.33177],[-72.75739,44.33004],[-72.75412,44.32854],[-72.75154,44.32836],[-72.74775,44.32877],[-72.74547,44.32814],[-72.76224,44.29345],[-72.78947,44.23957],[-72.82152,44.25007],[-72.89183,44.27488],[-72.89498,44.2781],[-72.90596,44.28055],[-72.86125,44.3669],[-72.85555,44.36559],[-72.84988,44.36309],[-72.84439,44.36235],[-72.8425,44.36166],[-72.83924,44.36108],[-72.83545,44.36005],[-72.83257,44.35874]]]}},{"type":"Feature","properties":{"TOWNNAMEMC":"East Haven","CNTY":9,"FIPS6":9040.0},"geometry":{"type":"Polygon","coordinates":[[[-71.73539,44.66524],[-71.76937,44.63244],[-71.79965,44.60217],[-71.80851,44.59448],[-71.84237,44.61087],[-71.86122,44.62114],[-71.9102,44.64683],[-71.87019,44.68451],[-71.83707,44.71638],[-71.73539,44.66524]]]}},{"type":"Feature","properties":{"TOWNNAMEMC":"East Montpelier","CNTY":23,"FIPS6":23035.0},"geometry":{"type":"Polygon","coordinates":[[[-72.47225,44.24437],[-72.48022,44.23386],[-72.51855,44.24136],[-72.52239,44.24026],[-72.52343,44.23835],[-72.52458,44.23787],[-72.52861,44.23865],[-72.52994,44.23906],[-72.5318,44.24018],[-72.52509,44.24921],[-72.54049,44.25543],[-72.53612,44.26141],[-72.55733,44.2693],[-72.55548,44.27189],[-72.55693,44.27253],[-72.55547,44.27429],[-72.55867,44.27549],[-72.55708,44.27775],[-72.56567,44.28094],[-72.56119,44.28757],[-72.56631,44.28954],[-72.56181,44.29583],[-72.57192,44.29967],[-72.56431,44.3098],[-72.57395,44.31331],[-72.57282,44.31531],[-72.55078,44.34542],[-72.52454,44.33617],[-72.42927,44.30059],[-72.47225,44.24437]]]}},{"type":"Feature","properties":{"TOWNNAMEMC":"Eden","CNTY":15,"FIPS6":15015.0},"geometry":{"type":"Polygon","coordinates":[[[-72.57907,44.7809],[-72.41767,44.72268],[-72.47692,44.64214],[-72.5932,44.6846],[-72.59693,44.6793],[-72.66139,44.70192],[-72.61169,44.76903],[-72.5979,44.78705],[-72.5944,44.79029],[-72.57907,44.7809]]]}},{"type":"Feature","properties":{"TOWNNAMEMC":"Elmore","CNTY":15,"FIPS6":15020.0},"geometry":{"type":"Polygon","coordinates":[[[-72.42981,44.51202],[-72.45122,44.48236],[-72.467,44.46153],[-72.48474,44.43914],[-72.48509,44.43677],[-72.49324,44.42583],[-72.49356,44.42398],[-72.59728,44.47938],[-72.56645,44.52023],[-72.5398,44.55341],[-72.53772,44.55211],[-72.52731,44.54816],[-72.49012,44.53448],[-72.45277,44.52114],[-72.42981,44.51202]]]}},{"type":"Feature","properties":{"TOWNNAMEMC":"Enosburgh","CNTY":11,"FIPS6":11020.0},"geometry":{"type":"Polygon","coordinates":[[[-72.71569,44.92501],[-72.71319,44.92511],[-72.71219,44.92542],[-72.7114,44.92584],[-72.71048,44.92709],[-72.67616,44.92844],[-72.67239,44.92154],[-72.66155,44.84009],[-72.67932,44.83932],[-72.68071,44.83804],[-72.6818,44.83791],[-72.68674,44.83828],[-72.68987,44.83898],[-72.74022,44.83681],[-72.76375,44.83826],[-72.78251,44.83895],[-72.79189,44.83902],[-72.79936,44.83868],[-72.83947,44.8382],[-72.83448,44.85553],[-72.83933,44.85641],[-72.8329,44.87498],[-72.81477,44.91909],[-72.82235,44.92047],[-72.82265,44.92516],[-72.78202,44.9246],[-72.72573,44.92662],[-72.72365,44.92782],[-72.72101,44.92862],[-72.71982,44.92822],[-72.71692,44.92539],[-72.71569,44.92501]]]}},{"type":"Feature","properties":{"TOWNNAMEMC":"Essex","CNTY":7,"FIPS6":7030.0},"geometry":{"type":"Polygon","coordinates":[[[-73.03195,44.46836],[-73.03553,44.47065],[-73.03747,44.47127],[-73.04093,44.47154],[-73.04568,44.47078],[-73.04795,44.47104],[-73.04936,44.47209],[-73.04932,44.47506],[-73.05062,44.4762],[-73.05294,44.47569],[-73.05453,44.47491],[-73.05617,44.47356],[-73.05745,44.47343],[-73.05897,44.4749],[-73.0602,44.47716],[-73.06173,44.47875],[-73.06346,44.47915],[-73.06652,44.47819],[-73.06764,44.47831],[-73.07076,44.48026],[-73.07276,44.48206],[-73.074,44.48257],[-73.07696,44.48254],[-73.08049,44.48179],[-73.08138,44.48133],[-73.0829,44.47943],[-73.08368,44.47894],[-73.08622,44.47862],[-73.0878,44.47896],[-73.08868,44.47963],[-73.08879,44.48053],[-73.09052,44.48105],[-73.09159,44.48106],[-73.09196,44.4838],[-73.08812,44.48365],[-73.08513,44.48793],[-73.08601,44.48823],[-73.08408,44.49107],[-73.08485,44.49345],[-73.08179,44.49746],[-73.08816,44.49919],[-73.08895,44.49813],[-73.09472,44.50027],[-73.0963,44.50123],[-73.09664,44.50107],[-73.11121,44.50641],[-73.11594,44.50479],[-73.11531,44.50343],[-73.11562,44.50304],[-73.11979,44.50464],[-73.12213,44.50155],[-73.12324,44.50218],[-73.12357,44.50174],[-73.12772,44.50332],[-73.12999,44.50011],[-73.13077,44.50112],[-73.1317,44.50136],[-73.13213,44.50194],[-73.13447,44.50337],[-73.13784,44.50429],[-73.13815,44.50385],[-73.13564,44.50282],[-73.13756,44.50095],[-73.13835,44.50107],[-73.14142,44.5001],[-73.14259,44.49889],[-73.14404,44.49648],[-73.14795,44.49382],[-73.14734,44.49281],[-73.14328,44.49198],[-73.14295,44.49125],[-73.14364,44.49021],[-73.14572,44.4894],[-73.1507,44.4889],[-73.15397,44.48794],[-73.15515,44.4882],[-73.15724,44.48948],[-73.1584,44.48976],[-73.11822,44.54277],[-73.11769,44.54401],[-73.09792,44.57051],[-73.01015,44.55632],[-72.97137,44.5504],[-72.97361,44.54697],[-73.03195,44.46836]]]}},{"type":"Feature","properties":{"TOWNNAMEMC":"Essex Junction","CNTY":7,"FIPS6":null},"geometry":{"type":"Polygon","coordinates":[[[-73.09159,44.48106],[-73.09377,44.47956],[-73.09513,44.47607],[-73.09686,44.47363],[-73.0983,44.47246],[-73.10003,44.4719],[-73.10088,44.47192],[-73.10178,44.47244],[-73.10264,44.47622],[-73.10316,44.47698],[-73.10875,44.47997],[-73.11177,44.48294],[-73.11254,44.48323],[-73.11392,44.48282],[-73.11619,44.48072],[-73.11908,44.47965],[-73.12431,44.4766],[-73.12518,44.47646],[-73.12789,44.47675],[-73.12944,44.4763],[-73.13316,44.47452],[-73.13461,44.4744],[-73.1356,44.4747],[-73.13617,44.4756],[-73.1363,44.47749],[-73.1368,44.47814],[-73.13791,44.47841],[-73.13993,44.4781],[-73.14132,44.47827],[-73.14372,44.47957],[-73.14492,44.48077],[-73.14429,44.48443],[-73.14304,44.48783],[-73.14203,44.48886],[-73.14029,44.4897],[-73.13958,44.49069],[-73.13945,44.49189],[-73.14065,44.49543],[-73.14037,44.49711],[-73.13917,44.49837],[-73.1372,44.49971],[-73.13709,44.50048],[-73.13756,44.50095],[-73.13564,44.50282],[-73.13815,44.50385],[-73.13784,44.50429],[-73.13447,44.50337],[-73.13213,44.50194],[-73.1317,44.50136],[-73.13077,44.50112],[-73.12999,44.50011],[-73.12772,44.50332],[-73.12357,44.50174],[-73.12324,44.50218],[-73.12213,44.50155],[-73.11979,44.50464],[-73.11562,44.50304],[-73.11531,44.50343],[-73.11594,44.50479],[-73.11121,44.50641],[-73.09664,44.50107],[-73.0963,44.50123],[-73.09472,44.50027],[-73.08895,44.49813],[-73.08816,44.49919],[-73.08179,44.49746],[-73.08485,44.49345],[-73.08408,44.49107],[-73.08601,44.48823],[-73.08518,44.48783],[-73.08817,44.48358],[-73.09196,44.4838],[-73.09159,44.48106]]]}},{"type":"Feature","properties":{"TOWNNAMEMC":"Fair Haven","CNTY":21,"FIPS6":21035.0},"geometry":{"type":"Polygon","coordinates":[[[-73.23944,43.64987],[-73.24389,43.57912],[-73.24573,43.54169],[-73.24753,43.54285],[-73.25008,43.5431],[-73.25062,43.54403],[-73.24905,43.54551],[-73.24983,43.54621],[-73.24943,43.54713],[-73.25011,43.54797],[-73.24919,43.54861],[-73.25064,43.55021],[-73.24879,43.55156],[-73.24952,43.5542],[-73.25141,43.55552],[-73.2528,43.55567],[-73.25263,43.55668],[-73.25348,43.5582],[-73.25547,43.55967],[-73.25544,43.56058],[-73.25594,43.56147],[-73.25733,43.56306],[-73.25851,43.56344],[-73.258,43.56429],[-73.2604,43.56641],[-73.26409,43.56752],[-73.26464,43.56929],[-73.26588,43.56959],[-73.26694,43.56904],[-73.2682,43.56924],[-73.2681,43.57053],[-73.26758,43.57143],[-73.26802,43.57228],[-73.27061,43.57226],[-73.27154,43.57287],[-73.27539,43.57311],[-73.27666,43.5738],[-73.27717,43.57463],[-73.28108,43.57412],[-73.28119,43.57725],[-73.28184,43.57814],[-73.28324,43.57808],[-73.28515,43.57945],[-73.28617,43.57892],[-73.28879,43.57847],[-73.28979,43.57787],[-73.29104,43.57805],[-73.29191,43.57873],[-73.29579,43.578],[-73.29622,43.57889],[-73.29733,43.57936],[-73.29558,43.58199],[-73.29297,43.58365],[-73.29242,43.58463],[-73.29295,43.58555],[-73.29427,43.58588],[-73.29712,43.5876],[-73.29559,43.58911],[-73.29322,43.59277],[-73.29259,43.59468],[-73.29272,43.59759],[-73.29102,43.59922],[-73.29197,43.59989],[-73.29286,43.60167],[-73.29251,43.60352],[-73.29827,43.60992],[-73.30019,43.61112],[-73.30242,43.61009],[-73.30277,43.61105],[-73.30238,43.61196],[-73.30076,43.6136],[-73.30165,43.61426],[-73.30064,43.61811],[-73.30319,43.62034],[-73.30313,43.62135],[-73.30183,43.62436],[-73.3002,43.62563],[-73.29906,43.626],[-73.29771,43.62593],[-73.29174,43.64759],[-73.28126,43.6689],[-73.23856,43.66714],[-73.23944,43.64987]]]}},{"type":"Feature","properties":{"TOWNNAMEMC":"Fairfax","CNTY":11,"FIPS6":11025.0},"geometry":{"type":"Polygon","coordinates":[[[-72.96107,44.70055],[-72.92264,44.65012],[-72.92584,44.64835],[-72.92716,44.64664],[-72.92728,44.64574],[-72.92592,44.64387],[-72.92376,44.64194],[-72.92424,44.64104],[-72.92655,44.64032],[-72.92397,44.6374],[-72.92641,44.63513],[-72.92378,44.63321],[-73.03807,44.65115],[-73.05804,44.70173],[-73.08483,44.77299],[-73.00471,44.76055],[-72.99025,44.74133],[-72.96107,44.70055]]]}},{"type":"Feature","properties":{"TOWNNAMEMC":"Fairfield","CNTY":11,"FIPS6":11030.0},"geometry":{"type":"Polygon","coordinates":[[[-72.85532,44.75836],[-72.86148,44.73851],[-72.91749,44.74712],[-72.95522,44.75239],[-73.00471,44.76055],[-73.08483,44.77299],[-72.99958,44.80039],[-72.9754,44.80785],[-72.99683,44.816],[-72.98914,44.82498],[-73.00841,44.8515],[-73.00146,44.88225],[-72.95725,44.87503],[-72.88294,44.86426],[-72.83448,44.85553],[-72.84249,44.82662],[-72.84835,44.7994],[-72.85264,44.78346],[-72.84811,44.78285],[-72.85532,44.75836]]]}},{"type":"Feature","properties":{"TOWNNAMEMC":"Fairlee","CNTY":17,"FIPS6":17030.0},"geometry":{"type":"Polygon","coordinates":[[[-72.11256,43.94749],[-72.11733,43.94724],[-72.1182,43.9468],[-72.11874,43.94587],[-72.11911,43.94381],[-72.11884,43.94102],[-72.11766,43.93842],[-72.11686,43.93367],[-72.11827,43.92809],[-72.11782,43.92659],[-72.11813,43.92315],[-72.11996,43.92011],[-72.12428,43.9169],[-72.1331,43.91307],[-72.13549,43.90975],[-72.13667,43.90892],[-72.14598,43.90487],[-72.15051,43.90228],[-72.15387,43.89941],[-72.1572,43.89528],[-72.15886,43.89235],[-72.15902,43.89053],[-72.16012,43.88751],[-72.16339,43.88648],[-72.16892,43.88626],[-72.17082,43.88593],[-72.17279,43.88443],[-72.1737,43.87995],[-72.17258,43.8769],[-72.16919,43.87171],[-72.22245,43.88634],[-72.2165,43.89189],[-72.21312,43.89621],[-72.21207,43.89804],[-72.21455,43.89979],[-72.16782,43.97466],[-72.09942,43.95741],[-72.10475,43.95078],[-72.10582,43.94992],[-72.10958,43.94807],[-72.11256,43.94749]]]}},{"type":"Feature","properties":{"TOWNNAMEMC":"Fayston","CNTY":23,"FIPS6":23040.0},"geometry":{"type":"Polygon","coordinates":[[[-72.78947,44.23957],[-72.83127,44.19376],[-72.86871,44.15483],[-72.89185,44.16096],[-72.89328,44.16508],[-72.90465,44.16479],[-72.9522,44.16141],[-72.89498,44.2781],[-72.89183,44.27488],[-72.82152,44.25007],[-72.78947,44.23957]]]}},{"type":"Feature","properties":{"TOWNNAMEMC":"Ferdinand","CNTY":9,"FIPS6":9045.0},"geometry":{"type":"Polygon","coordinates":[[[-71.74154,44.8062],[-71.73591,44.79361],[-71.71388,44.75],[-71.69976,44.72112],[-71.67187,44.65297],[-71.66208,44.62667],[-71.68909,44.64147],[-71.70526,44.64979],[-71.75665,44.6761],[-71.83313,44.71438],[-71.85747,44.7269],[-71.83465,44.75002],[-71.8072,44.77415],[-71.81027,44.7796],[-71.76586,44.81906],[-71.74154,44.8062]]]}},{"type":"Feature","properties":{"TOWNNAMEMC":"Ferrisburgh","CNTY":1,"FIPS6":1025.0},"geometry":{"type":"Polygon","coordinates":[[[-73.17713,44.17394],[-73.17365,44.15355],[-73.24027,44.16409],[-73.24343,44.18026],[-73.2727,44.17699],[-73.27064,44.16526],[-73.40093,44.1527],[-73.3993,44.15865],[-73.39886,44.16191],[-73.39581,44.16627],[-73.39601,44.16823],[-73.39749,44.17092],[-73.39717,44.17384],[-73.39466,44.17738],[-73.39191,44.17843],[-73.39088,44.17935],[-73.38983,44.18176],[-73.39091,44.18811],[-73.39063,44.19107],[-73.39002,44.19189],[-73.38889,44.19262],[-73.38593,44.19277],[-73.38458,44.1932],[-73.38376,44.19403],[-73.38339,44.19594],[-73.38194,44.19773],[-73.37788,44.19957],[-73.3748,44.20024],[-73.37373,44.20097],[-73.37086,44.20453],[-73.36866,44.20573],[-73.36339,44.20773],[-73.36226,44.20852],[-73.36185,44.20942],[-73.36222,44.21246],[-73.36164,44.21335],[-73.3589,44.21547],[-73.35783,44.21733],[-73.35623,44.21896],[-73.35566,44.22005],[-73.35537,44.22316],[-73.35138,44.22598],[-73.35048,44.22989],[-73.34951,44.2309],[-73.34283,44.23444],[-73.34263,44.23533],[-73.34356,44.23722],[-73.34338,44.23819],[-73.33912,44.23889],[-73.3364,44.23978],[-73.33038,44.24431],[-73.32465,44.24352],[-73.32372,44.24416],[-73.32318,44.24506],[-73.32336,44.24691],[-73.32307,44.2479],[-73.32248,44.24873],[-73.32005,44.24961],[-73.31905,44.25028],[-73.31729,44.25337],[-73.31675,44.2565],[-73.31712,44.263],[-73.31328,44.26414],[-73.27038,44.26011],[-73.24914,44.26176],[-73.1968,44.26663],[-73.17713,44.17394]]]}},{"type":"Feature","properties":{"TOWNNAMEMC":"Fletcher","CNTY":11,"FIPS6":11035.0},"geometry":{"type":"Polygon","coordinates":[[[-72.79897,44.72953],[-72.78915,44.72809],[-72.78366,44.7284],[-72.79167,44.697],[-72.79239,44.69611],[-72.79233,44.69429],[-72.79322,44.69067],[-72.85079,44.71112],[-72.89186,44.65566],[-72.89323,44.65541],[-72.89439,44.65476],[-72.90008,44.65057],[-72.90201,44.64722],[-72.90297,44.64636],[-72.9056,44.64591],[-72.9099,44.64667],[-72.91352,44.64585],[-72.9163,44.6458],[-72.91784,44.6462],[-72.9188,44.6468],[-72.92097,44.6493],[-72.92264,44.65012],[-72.96107,44.70055],[-72.99025,44.74133],[-73.00471,44.76055],[-72.95522,44.75239],[-72.91749,44.74712],[-72.86148,44.73851],[-72.79897,44.72953]]]}},{"type":"Feature","properties":{"TOWNNAMEMC":"Franklin","CNTY":11,"FIPS6":11040.0},"geometry":{"type":"Polygon","coordinates":[[[-72.84231,45.0166],[-72.83221,45.01653],[-72.82598,44.97242],[-72.82496,44.96221],[-72.82235,44.92047],[-72.89969,44.93471],[-72.98093,44.96486],[-72.99326,45.01486],[-72.96685,45.01415],[-72.92689,45.01525],[-72.84231,45.0166]]]}},{"type":"Feature","properties":{"TOWNNAMEMC":"Georgia","CNTY":11,"FIPS6":11045.0},"geometry":{"type":"Polygon","coordinates":[[[-73.03994,44.65599],[-73.03807,44.65115],[-73.10282,44.67616],[-73.22886,44.72281],[-73.21159,44.74398],[-73.20419,44.7509],[-73.18291,44.76834],[-73.178,44.77112],[-73.17123,44.77407],[-73.16874,44.7757],[-73.16594,44.77837],[-73.16506,44.78122],[-73.16376,44.78281],[-73.14916,44.79634],[-73.12458,44.78719],[-73.08483,44.77299],[-73.05804,44.70173],[-73.03994,44.65599]]]}},{"type":"Feature","properties":{"TOWNNAMEMC":"Glastenbury","CNTY":3,"FIPS6":3018.0},"geometry":{"type":"Polygon","coordinates":[[[-73.00323,43.02146],[-73.00813,42.93056],[-73.01042,42.93025],[-73.02014,42.93044],[-73.10807,42.93266],[-73.12444,42.93249],[-73.146,42.93097],[-73.14059,43.02582],[-73.00323,43.02146]]]}},{"type":"Feature","properties":{"TOWNNAMEMC":"Glover","CNTY":19,"FIPS6":19040.0},"geometry":{"type":"Polygon","coordinates":[[[-72.14596,44.7045],[-72.14996,44.69786],[-72.18496,44.64925],[-72.19926,44.62828],[-72.20249,44.6241],[-72.25446,44.64251],[-72.31569,44.6649],[-72.25886,44.74405],[-72.14596,44.7045]]]}},{"type":"Feature","properties":{"TOWNNAMEMC":"Goshen","CNTY":1,"FIPS6":1030.0},"geometry":{"type":"Polygon","coordinates":[[[-72.98025,43.87198],[-72.98023,43.86397],[-72.97289,43.86677],[-72.95974,43.82608],[-72.98943,43.81461],[-73.01709,43.80486],[-73.02684,43.84214],[-73.02902,43.842],[-73.0308,43.84138],[-73.03308,43.84419],[-73.03207,43.84472],[-73.03009,43.84493],[-73.02993,43.84672],[-73.03354,43.86707],[-73.04002,43.89353],[-73.03778,43.92284],[-72.98033,43.92197],[-73.00164,43.88861],[-72.98015,43.88292],[-72.98025,43.87198]]]}},{"type":"Feature","properties":{"TOWNNAMEMC":"Grafton","CNTY":25,"FIPS6":25030.0},"geometry":{"type":"Polygon","coordinates":[[[-72.62787,43.14033],[-72.62821,43.13788],[-72.62751,43.13797],[-72.62766,43.13702],[-72.62519,43.13724],[-72.62662,43.13485],[-72.62949,43.13462],[-72.62999,43.13101],[-72.63193,43.13089],[-72.63317,43.1292],[-72.63438,43.12907],[-72.63479,43.12682],[-72.63959,43.12641],[-72.63831,43.13644],[-72.68189,43.13253],[-72.68013,43.15709],[-72.67624,43.22408],[-72.55548,43.2353],[-72.55674,43.22023],[-72.5577,43.1478],[-72.62787,43.14033]]]}},{"type":"Feature","properties":{"TOWNNAMEMC":"Granby","CNTY":9,"FIPS6":9050.0},"geometry":{"type":"Polygon","coordinates":[[[-71.66208,44.62667],[-71.63242,44.61175],[-71.67077,44.57382],[-71.70712,44.53883],[-71.7495,44.5621],[-71.79208,44.58486],[-71.80851,44.59448],[-71.79965,44.60217],[-71.76937,44.63244],[-71.73539,44.66524],[-71.68909,44.64147],[-71.66208,44.62667]]]}},{"type":"Feature","properties":{"TOWNNAMEMC":"Grand Isle","CNTY":13,"FIPS6":13010.0},"geometry":{"type":"Polygon","coordinates":[[[-73.22886,44.72281],[-73.22964,44.71316],[-73.2294,44.7081],[-73.22854,44.70306],[-73.22841,44.68826],[-73.24953,44.68598],[-73.37183,44.67522],[-73.37193,44.67709],[-73.36731,44.67862],[-73.36737,44.68101],[-73.36969,44.68397],[-73.37007,44.68497],[-73.36524,44.68775],[-73.36427,44.69013],[-73.36218,44.69282],[-73.36128,44.69498],[-73.36203,44.69588],[-73.36462,44.69637],[-73.36574,44.69694],[-73.36598,44.69798],[-73.36541,44.70181],[-73.3658,44.70715],[-73.36522,44.71073],[-73.36557,44.71853],[-73.36504,44.72572],[-73.36504,44.73371],[-73.36571,44.73955],[-73.36562,44.74181],[-73.36322,44.7459],[-73.3616,44.74773],[-73.35774,44.7508],[-73.35538,44.75369],[-73.35379,44.75653],[-73.35216,44.76116],[-73.34779,44.75777],[-73.34596,44.75503],[-73.34506,44.75427],[-73.34365,44.75373],[-73.34194,44.75338],[-73.33154,44.75332],[-73.32791,44.75267],[-73.32113,44.75208],[-73.31667,44.75124],[-73.31464,44.75169],[-73.3137,44.75244],[-73.31233,44.75521],[-73.30938,44.75754],[-73.30108,44.76054],[-73.29675,44.76312],[-73.29016,44.76603],[-73.28868,44.76789],[-73.28711,44.77093],[-73.2863,44.77187],[-73.28516,44.77247],[-73.26391,44.77874],[-73.25725,44.78188],[-73.25709,44.78024],[-73.25889,44.77409],[-73.259,44.77019],[-73.25797,44.76359],[-73.25707,44.76144],[-73.2553,44.75807],[-73.25013,44.75022],[-73.22886,44.72281]]]}},{"type":"Feature","properties":{"TOWNNAMEMC":"Granville","CNTY":1,"FIPS6":1035.0},"geometry":{"type":"Polygon","coordinates":[[[-72.84865,44.06048],[-72.74224,44.02963],[-72.75396,44.01222],[-72.8035,43.94566],[-72.81,43.93609],[-72.82391,43.93986],[-72.91224,43.96562],[-72.9077,43.97179],[-72.9052,44.0544],[-72.91023,44.07248],[-72.8969,44.07366],[-72.84865,44.06048]]]}},{"type":"Feature","properties":{"TOWNNAMEMC":"Greensboro","CNTY":19,"FIPS6":19045.0},"geometry":{"type":"Polygon","coordinates":[[[-72.20249,44.6241],[-72.20712,44.61673],[-72.26289,44.54249],[-72.3032,44.55778],[-72.36653,44.58079],[-72.37386,44.58416],[-72.37176,44.58823],[-72.31569,44.6649],[-72.25446,44.64251],[-72.20249,44.6241]]]}},{"type":"Feature","properties":{"TOWNNAMEMC":"Groton","CNTY":5,"FIPS6":5020.0},"geometry":{"type":"Polygon","coordinates":[[[-72.16741,44.19579],[-72.16633,44.19078],[-72.17436,44.19266],[-72.3052,44.18309],[-72.36888,44.20389],[-72.33687,44.24621],[-72.33509,44.24752],[-72.33312,44.25004],[-72.31665,44.27223],[-72.31683,44.29878],[-72.24214,44.28562],[-72.18812,44.2766],[-72.18507,44.26581],[-72.17802,44.23684],[-72.16741,44.19579]]]}},{"type":"Feature","properties":{"TOWNNAMEMC":"Guildhall","CNTY":9,"FIPS6":9055.0},"geometry":{"type":"Polygon","coordinates":[[[-71.5578,44.57115],[-71.55677,44.57048],[-71.55808,44.57044],[-71.55931,44.56824],[-71.55916,44.56676],[-71.55843,44.56504],[-71.55987,44.56395],[-71.56219,44.56324],[-71.5697,44.56282],[-71.5717,44.5632],[-71.57419,44.56457],[-71.57622,44.56518],[-71.58247,44.56484],[-71.58703,44.56582],[-71.58988,44.56586],[-71.59133,44.56538],[-71.59348,44.56412],[-71.59732,44.5593],[-71.59832,44.55529],[-71.59797,44.55413],[-71.58691,44.54694],[-71.58182,44.54509],[-71.57726,44.54251],[-71.57296,44.53925],[-71.57181,44.53719],[-71.57409,44.53238],[-71.57685,44.52956],[-71.57988,44.52562],[-71.5816,44.52417],[-71.58385,44.52295],[-71.58676,44.52228],[-71.58893,44.52233],[-71.59302,44.52314],[-71.5939,44.52225],[-71.5942,44.52108],[-71.59322,44.5191],[-71.59227,44.51814],[-71.58628,44.51469],[-71.5856,44.51373],[-71.58456,44.51029],[-71.58374,44.50909],[-71.58177,44.50735],[-71.57741,44.50469],[-71.57679,44.50382],[-71.57683,44.5024],[-71.57758,44.5017],[-71.57855,44.50142],[-71.58247,44.50201],[-71.58416,44.50326],[-71.58567,44.50644],[-71.587,44.50707],[-71.58804,44.50686],[-71.58863,44.50626],[-71.58861,44.50543],[-71.58638,44.50289],[-71.5858,44.49904],[-71.5874,44.49822],[-71.58953,44.49833],[-71.58961,44.49955],[-71.59077,44.50106],[-71.59219,44.50156],[-71.59375,44.50128],[-71.5946,44.50008],[-71.59521,44.49317],[-71.59738,44.49029],[-71.59839,44.48718],[-71.59966,44.48606],[-71.60121,44.48554],[-71.60614,44.48486],[-71.63683,44.50012],[-71.67196,44.51979],[-71.70712,44.53883],[-71.67077,44.57382],[-71.63242,44.61175],[-71.62453,44.60692],[-71.58131,44.58432],[-71.5578,44.57115]]]}},{"type":"Feature","properties":{"TOWNNAMEMC":"Guilford","CNTY":25,"FIPS6":25035.0},"geometry":{"type":"Polygon","coordinates":[[[-72.56535,42.73],[-72.68576,42.73326],[-72.68456,42.75042],[-72.68436,42.75936],[-72.68383,42.76098],[-72.68356,42.779],[-72.6828,42.79715],[-72.68297,42.80499],[-72.68063,42.82728],[-72.65119,42.82692],[-72.60226,42.82523],[-72.56145,42.82418],[-72.562,42.80296],[-72.56351,42.7896],[-72.56535,42.73]]]}},{"type":"Feature","properties":{"TOWNNAMEMC":"Halifax","CNTY":25,"FIPS6":25040.0},"geometry":{"type":"Polygon","coordinates":[[[-72.68488,42.74535],[-72.68576,42.73326],[-72.80697,42.73642],[-72.80618,42.76248],[-72.80291,42.82914],[-72.74903,42.82785],[-72.68063,42.82728],[-72.68297,42.80499],[-72.6828,42.79715],[-72.68356,42.779],[-72.68383,42.76098],[-72.68436,42.75936],[-72.68488,42.74535]]]}},{"type":"Feature","properties":{"TOWNNAMEMC":"Hancock","CNTY":1,"FIPS6":1040.0},"geometry":{"type":"Polygon","coordinates":[[[-72.91224,43.96562],[-72.81633,43.93781],[-72.86529,43.86165],[-72.87418,43.86406],[-72.87534,43.8677],[-72.87448,43.87237],[-72.87655,43.90276],[-72.90279,43.89282],[-72.92762,43.88432],[-72.95319,43.87486],[-72.96975,43.87967],[-72.97404,43.88144],[-73.00164,43.88861],[-72.94621,43.9742],[-72.91224,43.96562]]]}},{"type":"Feature","properties":{"TOWNNAMEMC":"Hardwick","CNTY":5,"FIPS6":5025.0},"geometry":{"type":"Polygon","coordinates":[[[-72.26289,44.54249],[-72.29365,44.50005],[-72.32139,44.46317],[-72.32591,44.4645],[-72.42625,44.50298],[-72.43468,44.50524],[-72.42981,44.51202],[-72.42848,44.51256],[-72.37386,44.58416],[-72.36653,44.58079],[-72.3032,44.55778],[-72.26289,44.54249]]]}},{"type":"Feature","properties":{"TOWNNAMEMC":"Hartford","CNTY":27,"FIPS6":27040.0},"geometry":{"type":"Polygon","coordinates":[[[-72.30238,43.67618],[-72.30164,43.6758],[-72.30149,43.67488],[-72.30163,43.67449],[-72.30242,43.67443],[-72.3027,43.67396],[-72.30327,43.67062],[-72.30309,43.66886],[-72.30345,43.66805],[-72.30554,43.66716],[-72.30674,43.66443],[-72.30863,43.66275],[-72.31076,43.65971],[-72.31296,43.65816],[-72.31434,43.65503],[-72.3151,43.64906],[-72.31418,43.6473],[-72.31382,43.64514],[-72.3144,43.64219],[-72.31551,43.64099],[-72.31666,43.6404],[-72.3228,43.63872],[-72.32712,43.63688],[-72.32863,43.63595],[-72.32966,43.6343],[-72.3294,43.63256],[-72.32858,43.63163],[-72.32765,43.63132],[-72.32745,43.63067],[-72.32823,43.6291],[-72.32947,43.62811],[-72.32916,43.62688],[-72.33248,43.62505],[-72.3334,43.62185],[-72.33486,43.61875],[-72.33517,43.61675],[-72.33456,43.61365],[-72.33308,43.61016],[-72.3293,43.60812],[-72.32839,43.60703],[-72.32838,43.60572],[-72.38264,43.61624],[-72.46624,43.63106],[-72.46897,43.6319],[-72.46999,43.63364],[-72.47011,43.63508],[-72.47145,43.63803],[-72.47227,43.63857],[-72.47387,43.63912],[-72.47859,43.63919],[-72.45452,43.67674],[-72.42639,43.72206],[-72.42225,43.72625],[-72.30504,43.69232],[-72.30549,43.69073],[-72.30545,43.68668],[-72.30597,43.68325],[-72.30466,43.68139],[-72.30339,43.68064],[-72.3028,43.67969],[-72.30281,43.67657],[-72.30238,43.67618]]]}},{"type":"Feature","properties":{"TOWNNAMEMC":"Hartland","CNTY":27,"FIPS6":27045.0},"geometry":{"type":"Polygon","coordinates":[[[-72.35329,43.58703],[-72.35481,43.58657],[-72.35664,43.58654],[-72.35825,43.58519],[-72.36527,43.58325],[-72.36745,43.58212],[-72.37102,43.58087],[-72.37475,43.57861],[-72.37979,43.57451],[-72.38052,43.57293],[-72.38064,43.56995],[-72.37976,43.56723],[-72.38006,43.56552],[-72.38063,43.56501],[-72.38095,43.56579],[-72.38124,43.56578],[-72.38131,43.5651],[-72.38304,43.56403],[-72.3831,43.56346],[-72.38107,43.55123],[-72.38098,43.54956],[-72.38168,43.54599],[-72.38066,43.54302],[-72.38072,43.54038],[-72.38391,43.53464],[-72.38801,43.52954],[-72.39091,43.52757],[-72.39341,43.52785],[-72.39463,43.52724],[-72.39626,43.52334],[-72.39596,43.52185],[-72.39635,43.51963],[-72.45031,43.52501],[-72.49161,43.52944],[-72.52927,43.53299],[-72.47913,43.6163],[-72.47207,43.62647],[-72.46624,43.63106],[-72.38264,43.61624],[-72.32838,43.60572],[-72.32799,43.60251],[-72.32876,43.60078],[-72.32977,43.60032],[-72.33158,43.60003],[-72.3332,43.59924],[-72.3375,43.59592],[-72.3408,43.59383],[-72.34151,43.59292],[-72.34373,43.59158],[-72.34672,43.5904],[-72.34931,43.58813],[-72.35329,43.58703]]]}},{"type":"Feature","properties":{"TOWNNAMEMC":"Highgate","CNTY":11,"FIPS6":11050.0},"geometry":{"type":"Polygon","coordinates":[[[-72.99655,45.01479],[-72.99326,45.01486],[-72.98093,44.96486],[-72.89969,44.93471],[-72.99954,44.91972],[-73.05542,44.91065],[-73.1402,44.94061],[-73.14532,44.94366],[-73.15641,44.94715],[-73.1603,44.94988],[-73.16264,44.95204],[-73.16595,44.95778],[-73.16622,44.95976],[-73.1659,44.96621],[-73.16632,44.96756],[-73.16847,44.97068],[-73.16822,44.97172],[-73.16451,44.97403],[-73.16141,44.97724],[-73.1573,44.97875],[-73.15453,44.98142],[-73.15154,44.98782],[-73.14991,44.995],[-73.15021,44.99622],[-73.15237,44.99873],[-73.15373,45.00154],[-73.15467,45.00253],[-73.15625,45.00358],[-73.15842,45.00449],[-73.16476,45.00635],[-73.1673,45.00756],[-73.16995,45.01161],[-73.17042,45.01387],[-73.06536,45.01596],[-72.99655,45.01479]]]}},{"type":"Feature","properties":{"TOWNNAMEMC":"Hinesburg","CNTY":7,"FIPS6":7035.0},"geometry":{"type":"Polygon","coordinates":[[[-73.03292,44.3631],[-73.01652,44.28536],[-73.07001,44.27993],[-73.07059,44.28386],[-73.11212,44.27774],[-73.14525,44.27338],[-73.1558,44.32245],[-73.16531,44.36221],[-73.1583,44.36308],[-73.15803,44.362],[-73.08924,44.3695],[-73.03539,44.37496],[-73.03292,44.3631]]]}},{"type":"Feature","properties":{"TOWNNAMEMC":"Holland","CNTY":19,"FIPS6":19050.0},"geometry":{"type":"Polygon","coordinates":[[[-71.92088,45.00785],[-71.91398,45.00763],[-71.8993,45.00796],[-71.91416,44.93301],[-71.96978,44.93256],[-72.06578,44.93099],[-72.05122,45.00636],[-71.94575,45.00837],[-71.92088,45.00785]]]}},{"type":"Feature","properties":{"TOWNNAMEMC":"Hubbardton","CNTY":21,"FIPS6":21040.0},"geometry":{"type":"Polygon","coordinates":[[[-73.10822,43.67601],[-73.19862,43.67948],[-73.23722,43.6802],[-73.23197,43.74887],[-73.17897,43.75029],[-73.13148,43.75226],[-73.11425,43.69703],[-73.10822,43.67601]]]}},{"type":"Feature","properties":{"TOWNNAMEMC":"Huntington","CNTY":7,"FIPS6":7040.0},"geometry":{"type":"Polygon","coordinates":[[[-72.95212,44.34543],[-72.8804,44.32985],[-72.90596,44.28055],[-72.89498,44.2781],[-72.9223,44.22274],[-72.96545,44.23139],[-72.97588,44.29504],[-73.02037,44.30374],[-73.03278,44.36245],[-72.95212,44.34543]]]}},{"type":"Feature","properties":{"TOWNNAMEMC":"Hyde Park","CNTY":15,"FIPS6":15025.0},"geometry":{"type":"Polygon","coordinates":[[[-72.50601,44.6007],[-72.52563,44.57261],[-72.53483,44.57571],[-72.53544,44.57492],[-72.55892,44.58438],[-72.56789,44.57343],[-72.61176,44.58945],[-72.61281,44.58825],[-72.61277,44.58781],[-72.61387,44.58807],[-72.61345,44.58863],[-72.61376,44.58876],[-72.61432,44.58832],[-72.61526,44.58879],[-72.61642,44.58876],[-72.61755,44.58842],[-72.61724,44.58783],[-72.61843,44.58744],[-72.61922,44.58754],[-72.61959,44.5872],[-72.61997,44.58722],[-72.62048,44.58904],[-72.62223,44.58933],[-72.62275,44.58895],[-72.6234,44.58709],[-72.62439,44.58627],[-72.62565,44.58658],[-72.62811,44.58793],[-72.62896,44.58892],[-72.62958,44.59095],[-72.62866,44.59526],[-72.62751,44.59691],[-72.62748,44.59794],[-72.62878,44.59851],[-72.63007,44.59833],[-72.63144,44.59417],[-72.63247,44.59362],[-72.63338,44.59424],[-72.63409,44.59609],[-72.63484,44.59681],[-72.63609,44.59714],[-72.63679,44.59792],[-72.6364,44.59885],[-72.63727,44.60057],[-72.63853,44.60079],[-72.64259,44.60258],[-72.64601,44.60317],[-72.64902,44.60324],[-72.65018,44.60386],[-72.5932,44.6846],[-72.47692,44.64214],[-72.50601,44.6007]]]}},{"type":"Feature","properties":{"TOWNNAMEMC":"Ira","CNTY":21,"FIPS6":21045.0},"geometry":{"type":"Polygon","coordinates":[[[-73.06991,43.57022],[-73.03497,43.57075],[-73.05077,43.49417],[-73.08553,43.49518],[-73.10405,43.53814],[-73.11978,43.53865],[-73.12015,43.54352],[-73.11644,43.58365],[-73.11708,43.58522],[-73.1125,43.61018],[-73.11099,43.63232],[-73.09554,43.63271],[-73.07773,43.57019],[-73.06991,43.57022]]]}},{"type":"Feature","properties":{"TOWNNAMEMC":"Irasburg","CNTY":19,"FIPS6":19055.0},"geometry":{"type":"Polygon","coordinates":[[[-72.25177,44.75395],[-72.25264,44.75273],[-72.25607,44.75396],[-72.37373,44.79779],[-72.34176,44.84203],[-72.33183,44.84219],[-72.30878,44.87505],[-72.29763,44.87059],[-72.2406,44.84955],[-72.1948,44.83314],[-72.25177,44.75395]]]}},{"type":"Feature","properties":{"TOWNNAMEMC":"Isle La Motte","CNTY":13,"FIPS6":13015.0},"geometry":{"type":"Polygon","coordinates":[[[-73.31826,44.85545],[-73.3204,44.8502],[-73.32072,44.8423],[-73.32283,44.83485],[-73.32322,44.83148],[-73.32298,44.82858],[-73.32218,44.82636],[-73.31865,44.82101],[-73.31822,44.81896],[-73.3184,44.81648],[-73.32532,44.80622],[-73.32715,44.80175],[-73.32801,44.80077],[-73.32997,44.79946],[-73.33352,44.79834],[-73.33517,44.80426],[-73.33937,44.80695],[-73.34142,44.80875],[-73.34452,44.81241],[-73.35025,44.81638],[-73.35417,44.82086],[-73.35736,44.8228],[-73.36107,44.82462],[-73.3651,44.82609],[-73.36759,44.82757],[-73.37062,44.83003],[-73.37538,44.83623],[-73.37793,44.83701],[-73.37916,44.8377],[-73.3799,44.83958],[-73.37951,44.84358],[-73.38135,44.84489],[-73.38043,44.84756],[-73.38159,44.84922],[-73.37948,44.85183],[-73.37985,44.85679],[-73.37785,44.85792],[-73.37604,44.8604],[-73.37171,44.86266],[-73.36893,44.86731],[-73.36638,44.87533],[-73.36116,44.8954],[-73.35735,44.90279],[-73.35366,44.90754],[-73.34824,44.91125],[-73.34188,44.91424],[-73.3397,44.91638],[-73.33911,44.91757],[-73.3385,44.92175],[-73.33956,44.94027],[-73.33946,44.9476],[-73.33374,44.9466],[-73.33267,44.94587],[-73.33138,44.94417],[-73.32748,44.93095],[-73.32611,44.91677],[-73.32531,44.91356],[-73.3228,44.90965],[-73.31375,44.90117],[-73.31233,44.89925],[-73.3115,44.89735],[-73.31143,44.89329],[-73.31493,44.87627],[-73.31667,44.8593],[-73.31717,44.85742],[-73.31826,44.85545]]]}},{"type":"Feature","properties":{"TOWNNAMEMC":"Jamaica","CNTY":25,"FIPS6":25045.0},"geometry":{"type":"Polygon","coordinates":[[[-72.77142,43.14171],[-72.72915,43.13071],[-72.70848,43.12577],[-72.73392,43.05042],[-72.87231,43.05364],[-72.8648,43.16615],[-72.77142,43.14171]]]}},{"type":"Feature","properties":{"TOWNNAMEMC":"Jay","CNTY":19,"FIPS6":19060.0},"geometry":{"type":"Polygon","coordinates":[[[-72.44198,45.00825],[-72.43334,45.00804],[-72.41257,44.92633],[-72.5365,44.92611],[-72.55248,45.00299],[-72.55392,45.00813],[-72.53092,45.00777],[-72.47902,45.00883],[-72.44198,45.00825]]]}},{"type":"Feature","properties":{"TOWNNAMEMC":"Jericho","CNTY":7,"FIPS6":7045.0},"geometry":{"type":"Polygon","coordinates":[[[-72.90847,44.4433],[-72.91637,44.43279],[-72.91874,44.42907],[-72.94123,44.4299],[-73.02066,44.43361],[-73.02153,44.43317],[-73.02315,44.43479],[-73.02499,44.43586],[-73.03114,44.43743],[-73.03255,44.43808],[-73.03316,44.43918],[-73.03233,44.44027],[-73.02836,44.44225],[-73.02509,44.44278],[-73.02175,44.442],[-73.02035,44.44221],[-73.01962,44.44312],[-73.01964,44.44715],[-73.01897,44.45105],[-73.01961,44.45299],[-73.02073,44.45387],[-73.0236,44.45406],[-73.02458,44.45469],[-73.02484,44.45579],[-73.02416,44.45684],[-73.02175,44.45812],[-73.02127,44.45908],[-73.02139,44.46014],[-73.02267,44.46081],[-73.02432,44.46107],[-73.02573,44.46194],[-73.0263,44.46318],[-73.02662,44.46653],[-73.02741,44.46757],[-73.03195,44.46836],[-72.97361,44.54697],[-72.97137,44.5504],[-72.8882,44.47032],[-72.90847,44.4433]]]}},{"type":"Feature","properties":{"TOWNNAMEMC":"Johnson","CNTY":15,"FIPS6":15030.0},"geometry":{"type":"Polygon","coordinates":[[[-72.65018,44.60386],[-72.65341,44.59939],[-72.6625,44.60253],[-72.68251,44.57648],[-72.70946,44.58067],[-72.72939,44.58765],[-72.73111,44.5852],[-72.74974,44.59182],[-72.72649,44.62432],[-72.76362,44.63729],[-72.70689,44.71847],[-72.6578,44.7006],[-72.59693,44.6793],[-72.65018,44.60386]]]}},{"type":"Feature","properties":{"TOWNNAMEMC":"Killington","CNTY":21,"FIPS6":21047.0},"geometry":{"type":"Polygon","coordinates":[[[-72.81998,43.7167],[-72.6998,43.68458],[-72.7305,43.63073],[-72.75154,43.598],[-72.75795,43.58742],[-72.81346,43.60226],[-72.8707,43.61823],[-72.82609,43.70623],[-72.85781,43.69514],[-72.85391,43.70575],[-72.84557,43.7234],[-72.83597,43.7194],[-72.82716,43.71852],[-72.81998,43.7167]]]}},{"type":"Feature","properties":{"TOWNNAMEMC":"Kirby","CNTY":5,"FIPS6":5030.0},"geometry":{"type":"Polygon","coordinates":[[[-71.92814,44.56951],[-71.92561,44.56925],[-71.92401,44.57061],[-71.92121,44.56912],[-71.92057,44.56966],[-71.89827,44.55788],[-71.90894,44.54792],[-71.87459,44.5146],[-71.85669,44.49627],[-71.90326,44.45474],[-71.93322,44.44114],[-71.93937,44.45431],[-71.95817,44.49135],[-71.93371,44.57204],[-71.92778,44.57085],[-71.92814,44.56951]]]}},{"type":"Feature","properties":{"TOWNNAMEMC":"Landgrove","CNTY":3,"FIPS6":3020.0},"geometry":{"type":"Polygon","coordinates":[[[-72.82003,43.29182],[-72.81962,43.25601],[-72.84811,43.26285],[-72.85158,43.20472],[-72.8673,43.20542],[-72.8641,43.25568],[-72.86058,43.29678],[-72.85991,43.30037],[-72.8199,43.29937],[-72.82003,43.29182]]]}},{"type":"Feature","properties":{"TOWNNAMEMC":"Leicester","CNTY":1,"FIPS6":1045.0},"geometry":{"type":"Polygon","coordinates":[[[-73.03354,43.86707],[-73.02993,43.84672],[-73.15617,43.84232],[-73.1613,43.86423],[-73.16537,43.86233],[-73.16822,43.86243],[-73.17196,43.86325],[-73.17269,43.86408],[-73.17306,43.86595],[-73.17628,43.8676],[-73.17697,43.86839],[-73.17701,43.86944],[-73.17611,43.87224],[-73.17598,43.87523],[-73.17475,43.87895],[-73.10708,43.89324],[-73.03971,43.90065],[-73.04002,43.89353],[-73.03354,43.86707]]]}},{"type":"Feature","properties":{"TOWNNAMEMC":"Lemington","CNTY":9,"FIPS6":9060.0},"geometry":{"type":"Polygon","coordinates":[[[-71.51476,44.91051],[-71.50995,44.90784],[-71.50664,44.91095],[-71.50509,44.91125],[-71.50038,44.90921],[-71.49647,44.90893],[-71.49661,44.9078],[-71.49529,44.90619],[-71.495,44.90469],[-71.49571,44.90395],[-71.49654,44.90365],[-71.4988,44.90484],[-71.50085,44.90482],[-71.50365,44.90146],[-71.50512,44.90106],[-71.50762,44.89969],[-71.50849,44.89647],[-71.51131,44.8958],[-71.51424,44.89466],[-71.51448,44.89345],[-71.51344,44.89188],[-71.51118,44.89095],[-71.51099,44.89054],[-71.51145,44.88992],[-71.5156,44.88709],[-71.5161,44.88562],[-71.51464,44.88483],[-71.51228,44.88453],[-71.51185,44.88395],[-71.51273,44.88387],[-71.51479,44.88471],[-71.51675,44.88462],[-71.51875,44.88514],[-71.52124,44.88296],[-71.52223,44.88048],[-71.52321,44.87951],[-71.52444,44.87895],[-71.52746,44.87881],[-71.5289,44.87779],[-71.52937,44.87609],[-71.52918,44.87375],[-71.52984,44.87312],[-71.53104,44.87274],[-71.53313,44.87035],[-71.53592,44.86906],[-71.53741,44.86873],[-71.53912,44.86894],[-71.54036,44.8687],[-71.54422,44.86677],[-71.54593,44.86635],[-71.54997,44.86213],[-71.55059,44.86075],[-71.55011,44.85941],[-71.54916,44.85833],[-71.54727,44.85799],[-71.54799,44.85511],[-71.55082,44.85416],[-71.55172,44.85322],[-71.55387,44.85192],[-71.55598,44.84974],[-71.55633,44.8479],[-71.55599,44.84678],[-71.55391,44.84525],[-71.55194,44.84214],[-71.55113,44.83888],[-71.55124,44.83745],[-71.55202,44.83645],[-71.55356,44.83541],[-71.55739,44.83434],[-71.5594,44.83075],[-71.56172,44.82448],[-71.6245,44.85742],[-71.65593,44.87509],[-71.66369,44.879],[-71.59827,44.95327],[-71.54762,44.92611],[-71.51476,44.91051]]]}},{"type":"Feature","properties":{"TOWNNAMEMC":"Lewis","CNTY":9,"FIPS6":9065.0},"geometry":{"type":"Polygon","coordinates":[[[-71.66369,44.879],[-71.70495,44.83122],[-71.73049,44.80045],[-71.83428,44.85522],[-71.81535,44.87505],[-71.76652,44.93115],[-71.66369,44.879]]]}},{"type":"Feature","properties":{"TOWNNAMEMC":"Lincoln","CNTY":1,"FIPS6":1050.0},"geometry":{"type":"Polygon","coordinates":[[[-72.91023,44.07248],[-72.9052,44.0544],[-72.90591,44.03651],[-72.95885,44.03669],[-72.95893,44.03398],[-73.01147,44.03611],[-73.03265,44.03656],[-73.03122,44.06046],[-73.02304,44.06127],[-73.01797,44.06263],[-73.02237,44.08686],[-73.03729,44.15506],[-73.01701,44.15757],[-73.01638,44.15515],[-73.00912,44.15518],[-72.95462,44.16083],[-72.9522,44.16141],[-72.93408,44.16282],[-72.93215,44.1555],[-72.9255,44.11953],[-72.92176,44.09471],[-72.91678,44.07188],[-72.91023,44.07248]]]}},{"type":"Feature","properties":{"TOWNNAMEMC":"Londonderry","CNTY":25,"FIPS6":25050.0},"geometry":{"type":"Polygon","coordinates":[[[-72.74051,43.20522],[-72.74076,43.20329],[-72.74214,43.20255],[-72.75435,43.18943],[-72.7569,43.18866],[-72.75993,43.18676],[-72.76136,43.18368],[-72.76401,43.18283],[-72.76538,43.18092],[-72.76427,43.17836],[-72.76398,43.17545],[-72.76702,43.17447],[-72.76703,43.17342],[-72.76533,43.17162],[-72.76536,43.16963],[-72.76693,43.16906],[-72.76744,43.16781],[-72.77027,43.16555],[-72.7716,43.1569],[-72.77256,43.15479],[-72.77335,43.1539],[-72.77337,43.1523],[-72.77142,43.14171],[-72.8648,43.16615],[-72.86214,43.20522],[-72.85158,43.20472],[-72.84811,43.26285],[-72.81962,43.25601],[-72.75682,43.23969],[-72.73021,43.23329],[-72.72943,43.23176],[-72.72848,43.23118],[-72.72916,43.22787],[-72.72876,43.22701],[-72.72781,43.22641],[-72.72865,43.22566],[-72.73198,43.22406],[-72.73429,43.22336],[-72.73485,43.22254],[-72.73614,43.21755],[-72.73723,43.21699],[-72.73825,43.21533],[-72.73795,43.21256],[-72.7385,43.21174],[-72.73694,43.21028],[-72.73602,43.20861],[-72.73834,43.20683],[-72.73949,43.20642],[-72.74051,43.20522]]]}},{"type":"Feature","properties":{"TOWNNAMEMC":"Lowell","CNTY":19,"FIPS6":19065.0},"geometry":{"type":"Polygon","coordinates":[[[-72.41245,44.72984],[-72.41767,44.72268],[-72.57907,44.7809],[-72.53328,44.83408],[-72.40382,44.83513],[-72.4045,44.84114],[-72.34176,44.84203],[-72.37373,44.79779],[-72.36525,44.79458],[-72.39372,44.75595],[-72.41245,44.72984]]]}},{"type":"Feature","properties":{"TOWNNAMEMC":"Ludlow","CNTY":27,"FIPS6":27050.0},"geometry":{"type":"Polygon","coordinates":[[[-72.66238,43.35962],[-72.66247,43.35113],[-72.67922,43.35197],[-72.68144,43.32243],[-72.75849,43.35331],[-72.76235,43.37142],[-72.7384,43.41704],[-72.72256,43.46008],[-72.72737,43.46106],[-72.72417,43.46829],[-72.6608,43.4536],[-72.66089,43.39944],[-72.66196,43.38564],[-72.66238,43.35962]]]}},{"type":"Feature","properties":{"TOWNNAMEMC":"Lunenburg","CNTY":9,"FIPS6":9070.0},"geometry":{"type":"Polygon","coordinates":[[[-71.61261,44.48804],[-71.60614,44.48486],[-71.61022,44.4844],[-71.61247,44.48485],[-71.61555,44.48612],[-71.61691,44.48613],[-71.6182,44.48566],[-71.61976,44.48399],[-71.62295,44.47875],[-71.62438,44.47562],[-71.62527,44.47489],[-71.62741,44.47427],[-71.63065,44.47401],[-71.63338,44.47474],[-71.63485,44.47609],[-71.63512,44.47762],[-71.63396,44.47923],[-71.63321,44.47828],[-71.62739,44.47986],[-71.62522,44.48096],[-71.62444,44.482],[-71.62492,44.48326],[-71.62565,44.48383],[-71.62738,44.48428],[-71.63044,44.48446],[-71.63228,44.48416],[-71.63322,44.48359],[-71.63379,44.48246],[-71.63351,44.48173],[-71.63412,44.48098],[-71.6349,44.48115],[-71.63659,44.48046],[-71.63863,44.47863],[-71.63886,44.47787],[-71.641,44.47714],[-71.64258,44.47693],[-71.64514,44.47556],[-71.64689,44.47418],[-71.64776,44.47319],[-71.6481,44.47163],[-71.64734,44.46961],[-71.64509,44.46813],[-71.64043,44.46611],[-71.63962,44.46513],[-71.63955,44.46424],[-71.64226,44.46188],[-71.64451,44.46067],[-71.64673,44.4604],[-71.65166,44.46126],[-71.65422,44.45965],[-71.65581,44.45768],[-71.65705,44.45504],[-71.65765,44.45223],[-71.65779,44.44812],[-71.65889,44.4446],[-71.66083,44.44141],[-71.66303,44.43905],[-71.66584,44.43738],[-71.66783,44.4367],[-71.67086,44.43629],[-71.67667,44.43629],[-71.67903,44.43537],[-71.67954,44.4346],[-71.67895,44.43271],[-71.67779,44.43136],[-71.67666,44.42906],[-71.67676,44.42791],[-71.67727,44.42723],[-71.67779,44.42719],[-71.6788,44.42786],[-71.68011,44.42817],[-71.68281,44.42795],[-71.6837,44.42713],[-71.68486,44.4239],[-71.68749,44.4228],[-71.689,44.42254],[-71.69081,44.42117],[-71.69413,44.42026],[-71.69699,44.41782],[-71.7034,44.4139],[-71.70405,44.41359],[-71.70283,44.41494],[-71.70393,44.41449],[-71.70435,44.4138],[-71.70509,44.41361],[-71.70501,44.41331],[-71.70887,44.41186],[-71.71442,44.41027],[-71.7184,44.41046],[-71.72057,44.41126],[-71.72229,44.41153],[-71.72942,44.41136],[-71.73239,44.41054],[-71.73603,44.41025],[-71.73759,44.40928],[-71.73906,44.40781],[-71.76137,44.44447],[-71.79588,44.50511],[-71.74947,44.52321],[-71.70712,44.53883],[-71.67196,44.51979],[-71.63683,44.50012],[-71.61261,44.48804]]]}},{"type":"Feature","properties":{"TOWNNAMEMC":"Lyndon","CNTY":5,"FIPS6":5035.0},"geometry":{"type":"Polygon","coordinates":[[[-71.95669,44.49601],[-71.95817,44.49135],[-71.99959,44.49785],[-72.08354,44.51037],[-72.05769,44.59842],[-71.97898,44.58726],[-71.95056,44.58276],[-71.93155,44.58018],[-71.93586,44.5644],[-71.95669,44.49601]]]}},{"type":"Feature","properties":{"TOWNNAMEMC":"Maidstone","CNTY":9,"FIPS6":9075.0},"geometry":{"type":"Polygon","coordinates":[[[-71.5808,44.65501],[-71.5783,44.65538],[-71.5764,44.65608],[-71.57513,44.65567],[-71.5748,44.65427],[-71.57541,44.65331],[-71.57695,44.6527],[-71.57957,44.65256],[-71.58063,44.65188],[-71.5794,44.65112],[-71.57531,44.64988],[-71.57122,44.64945],[-71.56862,44.65006],[-71.56718,44.65146],[-71.56663,44.65334],[-71.56606,44.65377],[-71.56483,44.65348],[-71.56326,44.65249],[-71.56255,44.65112],[-71.56276,44.64851],[-71.56246,44.64725],[-71.56167,44.64614],[-71.55922,44.6442],[-71.55835,44.64275],[-71.55825,44.64143],[-71.55859,44.64037],[-71.55989,44.63956],[-71.56394,44.63922],[-71.56437,44.63826],[-71.5638,44.63666],[-71.56334,44.63618],[-71.56245,44.63604],[-71.55847,44.63412],[-71.55413,44.62995],[-71.55159,44.62958],[-71.54893,44.63067],[-71.54742,44.63019],[-71.54692,44.62948],[-71.54701,44.62891],[-71.54766,44.62844],[-71.54981,44.62812],[-71.55215,44.62735],[-71.55424,44.62953],[-71.55593,44.62984],[-71.5571,44.62943],[-71.55731,44.62816],[-71.55653,44.62718],[-71.55429,44.62712],[-71.55287,44.62676],[-71.55226,44.62535],[-71.55102,44.62453],[-71.54988,44.62451],[-71.54843,44.62524],[-71.54784,44.62515],[-71.54637,44.62305],[-71.54693,44.62205],[-71.54767,44.62195],[-71.55075,44.62322],[-71.55286,44.62507],[-71.5544,44.62553],[-71.55534,44.62538],[-71.55648,44.6216],[-71.55679,44.61776],[-71.55525,44.61209],[-71.55369,44.60858],[-71.55376,44.60606],[-71.55443,44.60478],[-71.55656,44.60345],[-71.55806,44.60317],[-71.56067,44.60344],[-71.56206,44.60325],[-71.56263,44.60261],[-71.56275,44.60165],[-71.56197,44.60033],[-71.56114,44.59977],[-71.5566,44.5993],[-71.55404,44.59971],[-71.55162,44.60109],[-71.5503,44.6009],[-71.54985,44.60028],[-71.55027,44.59969],[-71.5539,44.5985],[-71.55472,44.59761],[-71.55492,44.59643],[-71.55435,44.59519],[-71.55446,44.59341],[-71.55366,44.59315],[-71.55227,44.59338],[-71.54933,44.59552],[-71.54849,44.59688],[-71.54707,44.59733],[-71.54603,44.59673],[-71.54555,44.5954],[-71.54612,44.59403],[-71.54753,44.59248],[-71.54765,44.59165],[-71.5469,44.59041],[-71.54554,44.59011],[-71.54425,44.59041],[-71.54292,44.5911],[-71.54228,44.59215],[-71.54042,44.59314],[-71.53953,44.59403],[-71.53846,44.59416],[-71.53773,44.59364],[-71.53759,44.59292],[-71.53839,44.59137],[-71.54036,44.58989],[-71.53991,44.58879],[-71.53857,44.58803],[-71.53506,44.58834],[-71.53651,44.58682],[-71.53781,44.58271],[-71.54479,44.57847],[-71.54619,44.57796],[-71.54836,44.57777],[-71.55029,44.57855],[-71.55147,44.58082],[-71.55052,44.58384],[-71.55102,44.58451],[-71.55174,44.58472],[-71.5523,44.58462],[-71.55321,44.58382],[-71.55501,44.58053],[-71.55476,44.57896],[-71.55259,44.57574],[-71.54923,44.57337],[-71.5478,44.57157],[-71.54907,44.56972],[-71.55062,44.56908],[-71.55328,44.56924],[-71.55677,44.57048],[-71.58131,44.58432],[-71.62453,44.60692],[-71.63242,44.61175],[-71.66208,44.62667],[-71.67187,44.65297],[-71.69976,44.72112],[-71.6351,44.68678],[-71.58794,44.66125],[-71.58828,44.66038],[-71.58543,44.65694],[-71.58276,44.65541],[-71.5808,44.65501]]]}},{"type":"Feature","properties":{"TOWNNAMEMC":"Manchester","CNTY":3,"FIPS6":3025.0},"geometry":{"type":"Polygon","coordinates":[[[-73.11376,43.21391],[-73.0017,43.21089],[-73.00748,43.11664],[-73.13504,43.12053],[-73.13014,43.21368],[-73.12783,43.21364],[-73.12767,43.21472],[-73.12518,43.21427],[-73.11376,43.21391]]]}},{"type":"Feature","properties":{"TOWNNAMEMC":"Marlboro","CNTY":25,"FIPS6":25055.0},"geometry":{"type":"Polygon","coordinates":[[[-72.67618,42.92234],[-72.68063,42.82728],[-72.74903,42.82785],[-72.80291,42.82914],[-72.79773,42.92228],[-72.77704,42.92233],[-72.77659,42.92463],[-72.67618,42.92234]]]}},{"type":"Feature","properties":{"TOWNNAMEMC":"Marshfield","CNTY":23,"FIPS6":23045.0},"geometry":{"type":"Polygon","coordinates":[[[-72.33509,44.24752],[-72.33687,44.24621],[-72.39937,44.27068],[-72.4403,44.28632],[-72.42927,44.30059],[-72.43967,44.30449],[-72.38317,44.38084],[-72.3799,44.38435],[-72.3744,44.38139],[-72.37035,44.37976],[-72.2701,44.34037],[-72.31683,44.29878],[-72.31665,44.27223],[-72.33509,44.24752]]]}},{"type":"Feature","properties":{"TOWNNAMEMC":"Mendon","CNTY":21,"FIPS6":21050.0},"geometry":{"type":"Polygon","coordinates":[[[-72.90067,43.57593],[-72.93416,43.5748],[-72.93848,43.65146],[-72.9396,43.6657],[-72.85185,43.69729],[-72.82609,43.70623],[-72.8707,43.61823],[-72.81346,43.60226],[-72.7715,43.59109],[-72.77349,43.57982],[-72.90067,43.57593]]]}},{"type":"Feature","properties":{"TOWNNAMEMC":"Middlebury","CNTY":1,"FIPS6":1055.0},"geometry":{"type":"Polygon","coordinates":[[[-73.06292,44.03859],[-73.05814,43.96286],[-73.16988,43.95178],[-73.17352,43.96758],[-73.1796,43.97429],[-73.18537,43.9815],[-73.18644,43.98851],[-73.18979,43.98802],[-73.19053,43.99186],[-73.19013,44.00282],[-73.18895,44.01023],[-73.19054,44.01889],[-73.17709,44.01987],[-73.17677,44.0227],[-73.1776,44.02554],[-73.17848,44.02625],[-73.17943,44.02807],[-73.17977,44.02997],[-73.17867,44.03184],[-73.18148,44.03603],[-73.18161,44.03693],[-73.18108,44.04169],[-73.1814,44.04357],[-73.18037,44.04634],[-73.10356,44.05349],[-73.07449,44.05637],[-73.06466,44.0576],[-73.06292,44.03859]]]}},{"type":"Feature","properties":{"TOWNNAMEMC":"Middlesex","CNTY":23,"FIPS6":23050.0},"geometry":{"type":"Polygon","coordinates":[[[-72.55078,44.34542],[-72.57282,44.31531],[-72.59275,44.28637],[-72.61245,44.25862],[-72.61513,44.2591],[-72.61787,44.26049],[-72.61981,44.26103],[-72.62641,44.26394],[-72.62856,44.26513],[-72.63087,44.2681],[-72.63238,44.26947],[-72.63377,44.27018],[-72.64387,44.27361],[-72.65025,44.27475],[-72.65167,44.27558],[-72.65322,44.27572],[-72.65477,44.27518],[-72.65906,44.27508],[-72.66062,44.2762],[-72.66022,44.27854],[-72.66041,44.2801],[-72.66154,44.28219],[-72.66296,44.28296],[-72.66423,44.28325],[-72.66647,44.28512],[-72.66959,44.28634],[-72.66948,44.28869],[-72.67021,44.28952],[-72.67181,44.28949],[-72.67303,44.28993],[-72.67368,44.29097],[-72.67498,44.29157],[-72.67678,44.29148],[-72.67778,44.2909],[-72.68088,44.29155],[-72.68689,44.29425],[-72.68817,44.29513],[-72.68852,44.29602],[-72.68938,44.29681],[-72.69131,44.29775],[-72.69299,44.29845],[-72.69424,44.29838],[-72.69574,44.29872],[-72.69648,44.30391],[-72.69558,44.31046],[-72.70082,44.31353],[-72.70853,44.31431],[-72.71044,44.31427],[-72.71485,44.31263],[-72.71674,44.31293],[-72.70518,44.32837],[-72.69537,44.32446],[-72.68829,44.33547],[-72.67824,44.34965],[-72.67174,44.34744],[-72.66026,44.36357],[-72.66856,44.36622],[-72.66323,44.37279],[-72.67115,44.37587],[-72.65434,44.3983],[-72.55078,44.34542]]]}},{"type":"Feature","properties":{"TOWNNAMEMC":"Middletown Springs","CNTY":21,"FIPS6":21055.0},"geometry":{"type":"Polygon","coordinates":[[[-73.08553,43.49518],[-73.07874,43.47943],[-73.10766,43.43543],[-73.11906,43.4358],[-73.17952,43.46586],[-73.17849,43.49623],[-73.16841,43.49598],[-73.13345,43.52533],[-73.13527,43.53361],[-73.12012,43.53343],[-73.11978,43.53865],[-73.10405,43.53814],[-73.08553,43.49518]]]}},{"type":"Feature","properties":{"TOWNNAMEMC":"Milton","CNTY":7,"FIPS6":7050.0},"geometry":{"type":"Polygon","coordinates":[[[-73.10282,44.67616],[-73.03807,44.65115],[-73.03784,44.65128],[-73.09792,44.57051],[-73.15502,44.59197],[-73.19871,44.60783],[-73.20005,44.60545],[-73.20137,44.60404],[-73.20254,44.60337],[-73.204,44.60336],[-73.20903,44.60472],[-73.21147,44.6051],[-73.21715,44.60516],[-73.21856,44.60565],[-73.22501,44.60879],[-73.22977,44.61255],[-73.23263,44.6135],[-73.23551,44.61331],[-73.2383,44.61223],[-73.23958,44.61125],[-73.2545,44.61068],[-73.25628,44.62968],[-73.25539,44.63361],[-73.25319,44.63847],[-73.25111,44.64151],[-73.24951,44.6424],[-73.24275,44.64401],[-73.23771,44.64589],[-73.23545,44.64706],[-73.23384,44.64838],[-73.23308,44.64988],[-73.23356,44.67159],[-73.23273,44.67511],[-73.22891,44.68562],[-73.22841,44.68826],[-73.22854,44.70306],[-73.2294,44.7081],[-73.22964,44.71316],[-73.22886,44.72281],[-73.10282,44.67616]]]}},{"type":"Feature","properties":{"TOWNNAMEMC":"Monkton","CNTY":1,"FIPS6":1060.0},"geometry":{"type":"Polygon","coordinates":[[[-73.07104,44.18432],[-73.14963,44.17671],[-73.15484,44.17588],[-73.17713,44.17394],[-73.1968,44.26663],[-73.16183,44.27153],[-73.1522,44.27245],[-73.11212,44.27774],[-73.08034,44.28232],[-73.07549,44.25558],[-73.08493,44.25454],[-73.07104,44.18432]]]}},{"type":"Feature","properties":{"TOWNNAMEMC":"Montgomery","CNTY":11,"FIPS6":11055.0},"geometry":{"type":"Polygon","coordinates":[[[-72.53328,44.83408],[-72.57907,44.7809],[-72.5944,44.79029],[-72.5979,44.78705],[-72.61673,44.79584],[-72.6136,44.80042],[-72.67838,44.80248],[-72.67843,44.83937],[-72.66155,44.84009],[-72.67239,44.92154],[-72.54138,44.92598],[-72.53328,44.83408]]]}},{"type":"Feature","properties":{"TOWNNAMEMC":"Montpelier","CNTY":23,"FIPS6":23055.0},"geometry":{"type":"Polygon","coordinates":[[[-72.53778,44.25922],[-72.54049,44.25543],[-72.52509,44.24921],[-72.5318,44.24018],[-72.53344,44.24131],[-72.53841,44.24193],[-72.54006,44.24244],[-72.54189,44.24252],[-72.54323,44.24218],[-72.54448,44.24141],[-72.54733,44.24174],[-72.54815,44.24085],[-72.55031,44.23962],[-72.55195,44.23786],[-72.55326,44.23602],[-72.55326,44.23492],[-72.59029,44.24372],[-72.58797,44.24861],[-72.59785,44.25067],[-72.60107,44.25205],[-72.60203,44.25327],[-72.60096,44.2565],[-72.60174,44.25746],[-72.60311,44.25798],[-72.60967,44.25825],[-72.61245,44.25862],[-72.57395,44.31331],[-72.56431,44.3098],[-72.57192,44.29967],[-72.56181,44.29583],[-72.56631,44.28954],[-72.56119,44.28757],[-72.56567,44.28094],[-72.55708,44.27775],[-72.55867,44.27549],[-72.55547,44.27429],[-72.55693,44.27253],[-72.55548,44.27189],[-72.55733,44.2693],[-72.53612,44.26141],[-72.53778,44.25922]]]}},{"type":"Feature","properties":{"TOWNNAMEMC":"Moretown","CNTY":23,"FIPS6":23060.0},"geometry":{"type":"Polygon","coordinates":[[[-72.73932,44.3229],[-72.73812,44.32266],[-72.73499,44.32273],[-72.73344,44.32242],[-72.72677,44.31853],[-72.72533,44.31692],[-72.72481,44.31504],[-72.72343,44.31465],[-72.72031,44.31466],[-72.7191,44.31422],[-72.71833,44.31345],[-72.71674,44.31293],[-72.71485,44.31263],[-72.71044,44.31427],[-72.70853,44.31431],[-72.70082,44.31353],[-72.69558,44.31046],[-72.69648,44.30391],[-72.69574,44.29872],[-72.69424,44.29838],[-72.69299,44.29845],[-72.69131,44.29775],[-72.68938,44.29681],[-72.68852,44.29602],[-72.68817,44.29513],[-72.68689,44.29425],[-72.68088,44.29155],[-72.67778,44.2909],[-72.67678,44.29148],[-72.67498,44.29157],[-72.67368,44.29097],[-72.67303,44.28993],[-72.67181,44.28949],[-72.67021,44.28952],[-72.66948,44.28869],[-72.66959,44.28634],[-72.66647,44.28512],[-72.66423,44.28325],[-72.66296,44.28296],[-72.66154,44.28219],[-72.66041,44.2801],[-72.66022,44.27854],[-72.66062,44.2762],[-72.65906,44.27508],[-72.65477,44.27518],[-72.65322,44.27572],[-72.65167,44.27558],[-72.65025,44.27475],[-72.64387,44.27361],[-72.6391,44.27197],[-72.64556,44.2586],[-72.65054,44.25008],[-72.68368,44.18527],[-72.73327,44.21064],[-72.78054,44.23524],[-72.78947,44.23957],[-72.76224,44.29345],[-72.74547,44.32814],[-72.74411,44.32768],[-72.74213,44.32635],[-72.74054,44.32346],[-72.73932,44.3229]]]}},{"type":"Feature","properties":{"TOWNNAMEMC":"Morgan","CNTY":19,"FIPS6":19070.0},"geometry":{"type":"Polygon","coordinates":[[[-71.90277,44.89221],[-71.87786,44.87876],[-71.91995,44.83689],[-71.99385,44.87502],[-71.99951,44.87825],[-72.04162,44.90026],[-72.07091,44.91625],[-72.09755,44.93035],[-71.96978,44.93256],[-71.91416,44.93301],[-71.92015,44.90153],[-71.90277,44.89221]]]}},{"type":"Feature","properties":{"TOWNNAMEMC":"Morristown","CNTY":15,"FIPS6":15035.0},"geometry":{"type":"Polygon","coordinates":[[[-72.63659,44.59974],[-72.6364,44.59885],[-72.63679,44.59792],[-72.63609,44.59714],[-72.63484,44.59681],[-72.63409,44.59609],[-72.63338,44.59424],[-72.63247,44.59362],[-72.63144,44.59417],[-72.63007,44.59833],[-72.62878,44.59851],[-72.62748,44.59794],[-72.62751,44.59691],[-72.62866,44.59526],[-72.62958,44.59095],[-72.62896,44.58892],[-72.62811,44.58793],[-72.62565,44.58658],[-72.62439,44.58627],[-72.6234,44.58709],[-72.62275,44.58895],[-72.62223,44.58933],[-72.62048,44.58904],[-72.61997,44.58722],[-72.61959,44.5872],[-72.61922,44.58754],[-72.61843,44.58744],[-72.61724,44.58783],[-72.61755,44.58842],[-72.61642,44.58876],[-72.61526,44.58879],[-72.61432,44.58832],[-72.61376,44.58876],[-72.61345,44.58863],[-72.61387,44.58807],[-72.61277,44.58781],[-72.61281,44.58825],[-72.61176,44.58945],[-72.56789,44.57343],[-72.55892,44.58438],[-72.53544,44.57492],[-72.53483,44.57571],[-72.52563,44.57261],[-72.5398,44.55341],[-72.56645,44.52023],[-72.59728,44.47938],[-72.68523,44.51493],[-72.70764,44.52355],[-72.69236,44.54501],[-72.73241,44.55254],[-72.75191,44.55888],[-72.75324,44.55719],[-72.76967,44.5634],[-72.75027,44.59016],[-72.74974,44.59182],[-72.73111,44.5852],[-72.72939,44.58765],[-72.70946,44.58067],[-72.68251,44.57648],[-72.6625,44.60253],[-72.65341,44.59939],[-72.65018,44.60386],[-72.64902,44.60324],[-72.64601,44.60317],[-72.64259,44.60258],[-72.63853,44.60079],[-72.63727,44.60057],[-72.63659,44.59974]]]}},{"type":"Feature","properties":{"TOWNNAMEMC":"Mount Holly","CNTY":21,"FIPS6":21060.0},"geometry":{"type":"Polygon","coordinates":[[[-72.75522,43.38472],[-72.76235,43.37142],[-72.75849,43.35331],[-72.82276,43.37878],[-72.82286,43.37421],[-72.85406,43.37428],[-72.85355,43.3936],[-72.87612,43.39435],[-72.87549,43.41093],[-72.87513,43.41454],[-72.87406,43.41921],[-72.87076,43.47974],[-72.85443,43.48157],[-72.82848,43.48274],[-72.7943,43.48378],[-72.72422,43.46817],[-72.72737,43.46106],[-72.72256,43.46008],[-72.7384,43.41704],[-72.75522,43.38472]]]}},{"type":"Feature","properties":{"TOWNNAMEMC":"Mount Tabor","CNTY":21,"FIPS6":21065.0},"geometry":{"type":"Polygon","coordinates":[[[-72.85487,43.34927],[-72.85493,43.34722],[-72.86575,43.34753],[-72.86663,43.32768],[-72.86865,43.30053],[-72.97529,43.30416],[-72.97589,43.29055],[-72.99233,43.29072],[-72.98759,43.305],[-72.99684,43.30517],[-72.99437,43.33641],[-72.99342,43.39766],[-72.95585,43.39697],[-72.85355,43.3936],[-72.85487,43.34927]]]}},{"type":"Feature","properties":{"TOWNNAMEMC":"New Haven","CNTY":1,"FIPS6":1065.0},"geometry":{"type":"Polygon","coordinates":[[[-73.09543,44.05429],[-73.18037,44.04634],[-73.18031,44.04806],[-73.17989,44.04899],[-73.17626,44.05308],[-73.17576,44.05608],[-73.17807,44.05937],[-73.17914,44.0599],[-73.17989,44.06073],[-73.17974,44.06267],[-73.18179,44.06385],[-73.18224,44.06477],[-73.18331,44.06574],[-73.18442,44.06517],[-73.18729,44.06718],[-73.19219,44.06852],[-73.19276,44.06941],[-73.19281,44.07037],[-73.19346,44.07114],[-73.19727,44.07056],[-73.19914,44.06811],[-73.20049,44.06817],[-73.20244,44.06952],[-73.20425,44.06994],[-73.20958,44.06964],[-73.21216,44.06915],[-73.21612,44.06935],[-73.23909,44.07814],[-73.24426,44.08109],[-73.24549,44.08271],[-73.24616,44.0856],[-73.24678,44.08646],[-73.24959,44.08823],[-73.24685,44.11186],[-73.24176,44.11397],[-73.24115,44.11081],[-73.24098,44.10693],[-73.20476,44.10981],[-73.21276,44.15976],[-73.17365,44.15355],[-73.17713,44.17394],[-73.15484,44.17588],[-73.14963,44.17671],[-73.14463,44.14917],[-73.11197,44.14411],[-73.09543,44.05429]]]}},{"type":"Feature","properties":{"TOWNNAMEMC":"Newark","CNTY":5,"FIPS6":5040.0},"geometry":{"type":"Polygon","coordinates":[[[-71.85747,44.7269],[-71.83707,44.71638],[-71.87019,44.68451],[-71.9102,44.64683],[-71.96938,44.67719],[-71.97325,44.67955],[-71.98464,44.68545],[-72.01145,44.69883],[-71.99954,44.71108],[-71.99124,44.71882],[-71.93929,44.76944],[-71.85747,44.7269]]]}},{"type":"Feature","properties":{"TOWNNAMEMC":"Newbury","CNTY":17,"FIPS6":17035.0},"geometry":{"type":"Polygon","coordinates":[[[-72.04282,44.15665],[-72.0396,44.156],[-72.04211,44.15316],[-72.04308,44.15099],[-72.04198,44.14707],[-72.04228,44.14535],[-72.0416,44.13988],[-72.04193,44.13675],[-72.03831,44.1338],[-72.03377,44.13224],[-72.03327,44.13191],[-72.03329,44.13128],[-72.0358,44.12917],[-72.03647,44.12692],[-72.03742,44.12578],[-72.03817,44.12567],[-72.04062,44.12613],[-72.04335,44.12509],[-72.04546,44.12473],[-72.04776,44.12203],[-72.04842,44.12025],[-72.04935,44.11974],[-72.05202,44.11963],[-72.05329,44.11894],[-72.0534,44.11449],[-72.05506,44.11225],[-72.05551,44.11086],[-72.05285,44.10409],[-72.05299,44.10185],[-72.05238,44.10037],[-72.05007,44.09782],[-72.04841,44.09683],[-72.0474,44.09641],[-72.04519,44.09623],[-72.04349,44.09672],[-72.04286,44.09741],[-72.04254,44.09988],[-72.04164,44.1018],[-72.04036,44.10287],[-72.03903,44.10344],[-72.03665,44.10308],[-72.03264,44.10149],[-72.03145,44.10051],[-72.03092,44.09967],[-72.0307,44.09793],[-72.03213,44.09235],[-72.03335,44.09047],[-72.03534,44.08924],[-72.03725,44.08877],[-72.04379,44.08888],[-72.04483,44.08834],[-72.04528,44.08728],[-72.04447,44.08609],[-72.04179,44.08452],[-72.03744,44.08269],[-72.03384,44.08178],[-72.03292,44.08129],[-72.03175,44.08008],[-72.03158,44.07901],[-72.03214,44.07816],[-72.0334,44.07737],[-72.03735,44.0767],[-72.0391,44.07702],[-72.0415,44.07921],[-72.04393,44.07939],[-72.04716,44.0781],[-72.05169,44.07727],[-72.05315,44.07627],[-72.05248,44.07444],[-72.05008,44.07307],[-72.04876,44.07141],[-72.04834,44.07009],[-72.0488,44.069],[-72.05232,44.06593],[-72.05415,44.06384],[-72.05595,44.06002],[-72.05748,44.05844],[-72.05856,44.05796],[-72.06049,44.05773],[-72.06547,44.05838],[-72.06703,44.05823],[-72.06807,44.05766],[-72.06922,44.05517],[-72.06908,44.05418],[-72.0678,44.05322],[-72.063,44.05198],[-72.06197,44.05091],[-72.06202,44.04961],[-72.06649,44.04907],[-72.06966,44.04785],[-72.07644,44.04499],[-72.07909,44.04246],[-72.07959,44.04075],[-72.07944,44.03933],[-72.07488,44.03277],[-72.07531,44.03159],[-72.07686,44.03041],[-72.07923,44.02983],[-72.13269,44.04451],[-72.20757,44.06601],[-72.18072,44.15548],[-72.17069,44.19197],[-72.04847,44.15844],[-72.04282,44.15665]]]}},{"type":"Feature","properties":{"TOWNNAMEMC":"Newfane","CNTY":25,"FIPS6":25060.0},"geometry":{"type":"Polygon","coordinates":[[[-72.64807,42.9274],[-72.65142,42.92157],[-72.66425,42.92224],[-72.77659,42.92463],[-72.7721,42.93187],[-72.76584,42.95075],[-72.75947,42.96791],[-72.74948,43.00393],[-72.74329,43.0222],[-72.6507,43.01927],[-72.64937,43.01812],[-72.64834,43.01543],[-72.65091,43.01479],[-72.65071,43.0139],[-72.64567,43.00977],[-72.64139,43.00771],[-72.63995,43.00607],[-72.63938,43.00412],[-72.64213,43.00267],[-72.63881,42.99954],[-72.6384,42.99869],[-72.63945,42.99692],[-72.63884,42.99606],[-72.63635,42.99529],[-72.63354,42.99515],[-72.63256,42.99455],[-72.63321,42.99263],[-72.63465,42.99086],[-72.63463,42.98976],[-72.63176,42.98309],[-72.63212,42.98213],[-72.63431,42.98108],[-72.63923,42.97978],[-72.64356,42.97923],[-72.64469,42.97881],[-72.64621,42.97723],[-72.6469,42.97526],[-72.64712,42.96953],[-72.63554,42.9692],[-72.63949,42.95679],[-72.64149,42.94793],[-72.64449,42.93754],[-72.64807,42.9274]]]}},{"type":"Feature","properties":{"TOWNNAMEMC":"Newport City","CNTY":19,"FIPS6":19075.0},"geometry":{"type":"Polygon","coordinates":[[[-72.20219,44.96618],[-72.2012,44.96344],[-72.19865,44.96292],[-72.19719,44.96332],[-72.19483,44.96461],[-72.19401,44.96416],[-72.19391,44.96347],[-72.19257,44.96313],[-72.19309,44.96221],[-72.19243,44.96202],[-72.19253,44.96102],[-72.19396,44.9537],[-72.19347,44.95361],[-72.19374,44.9525],[-72.19121,44.95171],[-72.19157,44.95095],[-72.18002,44.95104],[-72.18022,44.94619],[-72.17698,44.94637],[-72.16958,44.94838],[-72.17082,44.94268],[-72.17498,44.9425],[-72.17703,44.9378],[-72.17605,44.93769],[-72.17538,44.93728],[-72.17501,44.93594],[-72.1755,44.93551],[-72.18105,44.93199],[-72.19055,44.93224],[-72.19192,44.93311],[-72.19215,44.93273],[-72.19411,44.93253],[-72.19559,44.92668],[-72.19859,44.92363],[-72.19778,44.92343],[-72.19747,44.92165],[-72.19806,44.9184],[-72.19567,44.91715],[-72.1979,44.91503],[-72.1948,44.91344],[-72.19666,44.91171],[-72.19263,44.90909],[-72.1924,44.9093],[-72.18405,44.90464],[-72.18802,44.90087],[-72.24325,44.93062],[-72.23927,44.9344],[-72.24367,44.9367],[-72.23959,44.94067],[-72.23838,44.94385],[-72.24194,44.94452],[-72.23975,44.94664],[-72.24219,44.94794],[-72.24149,44.95158],[-72.2412,44.95177],[-72.23716,44.9507],[-72.23394,44.95049],[-72.2213,44.95576],[-72.22031,44.95656],[-72.20934,44.96008],[-72.20739,44.96035],[-72.20303,44.96251],[-72.20435,44.96561],[-72.20219,44.96618]]]}},{"type":"Feature","properties":{"TOWNNAMEMC":"Newport Town","CNTY":19,"FIPS6":19080.0},"geometry":{"type":"Polygon","coordinates":[[[-72.24283,45.00486],[-72.23176,44.98558],[-72.22636,44.95364],[-72.23394,44.95049],[-72.23716,44.9507],[-72.2412,44.95177],[-72.24149,44.95158],[-72.24219,44.94794],[-72.23975,44.94664],[-72.24194,44.94452],[-72.23838,44.94385],[-72.23959,44.94067],[-72.24367,44.9367],[-72.23927,44.9344],[-72.24325,44.93062],[-72.26181,44.94054],[-72.30413,44.88165],[-72.33183,44.84219],[-72.37132,44.84158],[-72.36344,44.87504],[-72.34577,44.94101],[-72.3292,45.00494],[-72.31195,45.00379],[-72.29335,45.00436],[-72.27021,45.0042],[-72.24283,45.00486]]]}},{"type":"Feature","properties":{"TOWNNAMEMC":"North Hero","CNTY":13,"FIPS6":13020.0},"geometry":{"type":"Polygon","coordinates":[[[-73.19389,44.88682],[-73.19593,44.88188],[-73.19643,44.87542],[-73.19685,44.87404],[-73.1983,44.87184],[-73.20199,44.86806],[-73.20333,44.86599],[-73.2037,44.86063],[-73.20534,44.85735],[-73.20705,44.85195],[-73.20755,44.8461],[-73.20677,44.84386],[-73.20361,44.83967],[-73.20259,44.83614],[-73.20322,44.83363],[-73.20705,44.82922],[-73.20758,44.82553],[-73.20868,44.82369],[-73.21082,44.82209],[-73.21687,44.82061],[-73.22413,44.81815],[-73.23006,44.81469],[-73.23703,44.80965],[-73.24291,44.80332],[-73.24575,44.79958],[-73.25269,44.78901],[-73.25518,44.78428],[-73.25725,44.78188],[-73.26391,44.77874],[-73.28516,44.77247],[-73.2863,44.77187],[-73.29016,44.76603],[-73.29675,44.76312],[-73.30108,44.76054],[-73.30938,44.75754],[-73.31233,44.75521],[-73.3137,44.75244],[-73.31464,44.75169],[-73.31667,44.75124],[-73.32113,44.75208],[-73.32791,44.75267],[-73.33154,44.75332],[-73.34194,44.75338],[-73.34506,44.75427],[-73.34596,44.75503],[-73.34779,44.75777],[-73.35216,44.76116],[-73.3514,44.76308],[-73.34907,44.76694],[-73.34713,44.77263],[-73.34599,44.77463],[-73.33496,44.78304],[-73.33383,44.78517],[-73.33334,44.78727],[-73.33352,44.79834],[-73.32997,44.79946],[-73.32801,44.80077],[-73.32715,44.80175],[-73.32532,44.80622],[-73.3184,44.81648],[-73.31822,44.81896],[-73.31865,44.82101],[-73.32218,44.82636],[-73.32298,44.82858],[-73.32322,44.83148],[-73.32283,44.83485],[-73.32072,44.8423],[-73.3204,44.8502],[-73.31826,44.85545],[-73.31444,44.85382],[-73.3136,44.85292],[-73.31179,44.84843],[-73.3105,44.84661],[-73.30511,44.84323],[-73.29931,44.84046],[-73.2979,44.84017],[-73.29493,44.83999],[-73.29254,44.84129],[-73.29085,44.84424],[-73.2903,44.84836],[-73.28765,44.8521],[-73.28577,44.85733],[-73.2805,44.86713],[-73.27732,44.87408],[-73.27544,44.88155],[-73.27289,44.89443],[-73.2716,44.89738],[-73.26796,44.90222],[-73.26196,44.90884],[-73.25467,44.92088],[-73.25183,44.92372],[-73.2493,44.92508],[-73.24403,44.9267],[-73.24099,44.92724],[-73.23102,44.92792],[-73.22612,44.9196],[-73.22378,44.91784],[-73.21594,44.91525],[-73.21165,44.91309],[-73.20696,44.91142],[-73.20396,44.91093],[-73.19535,44.91058],[-73.1941,44.90999],[-73.19231,44.90829],[-73.19132,44.9056],[-73.19128,44.90423],[-73.19199,44.89252],[-73.19389,44.88682]]]}},{"type":"Feature","properties":{"TOWNNAMEMC":"Northfield","CNTY":23,"FIPS6":23065.0},"geometry":{"type":"Polygon","coordinates":[[[-72.626,44.09331],[-72.62911,44.08783],[-72.78306,44.13026],[-72.7639,44.14982],[-72.77099,44.15377],[-72.74927,44.17674],[-72.75115,44.17773],[-72.75469,44.18038],[-72.74077,44.19705],[-72.74838,44.20119],[-72.74039,44.21061],[-72.73779,44.21304],[-72.68368,44.18527],[-72.58656,44.16026],[-72.626,44.09331]]]}},{"type":"Feature","properties":{"TOWNNAMEMC":"Norton","CNTY":9,"FIPS6":9080.0},"geometry":{"type":"Polygon","coordinates":[[[-71.90155,44.94483],[-71.91193,44.9446],[-71.8993,45.00796],[-71.78025,45.01094],[-71.7541,45.01134],[-71.69768,45.0114],[-71.75221,44.94773],[-71.90155,44.94483]]]}},{"type":"Feature","properties":{"TOWNNAMEMC":"Norwich","CNTY":27,"FIPS6":27055.0},"geometry":{"type":"Polygon","coordinates":[[[-72.26324,43.7344],[-72.26446,43.73388],[-72.26564,43.73379],[-72.26974,43.73426],[-72.27148,43.7336],[-72.27416,43.73012],[-72.27553,43.72718],[-72.2775,43.72565],[-72.2818,43.72368],[-72.2829,43.72214],[-72.2847,43.72072],[-72.28688,43.71697],[-72.28909,43.71525],[-72.29152,43.71264],[-72.29228,43.71102],[-72.29508,43.70882],[-72.29956,43.70649],[-72.30002,43.70524],[-72.2999,43.70381],[-72.30183,43.69957],[-72.30251,43.69826],[-72.30375,43.69727],[-72.30512,43.69536],[-72.30504,43.69232],[-72.42225,43.72625],[-72.34279,43.80548],[-72.33934,43.81046],[-72.2054,43.77132],[-72.20623,43.77044],[-72.21061,43.76806],[-72.21588,43.76685],[-72.21807,43.76597],[-72.22045,43.76327],[-72.22155,43.76114],[-72.22409,43.75782],[-72.22614,43.75593],[-72.23056,43.74995],[-72.23063,43.74911],[-72.23227,43.74771],[-72.2354,43.74585],[-72.23877,43.74456],[-72.24418,43.74362],[-72.24628,43.74296],[-72.25102,43.73994],[-72.26324,43.7344]]]}},{"type":"Feature","properties":{"TOWNNAMEMC":"Orange","CNTY":17,"FIPS6":17040.0},"geometry":{"type":"Polygon","coordinates":[[[-72.36888,44.20389],[-72.3052,44.18309],[-72.30998,44.16516],[-72.33137,44.09241],[-72.35045,44.0968],[-72.44338,44.1288],[-72.4192,44.22078],[-72.36888,44.20389]]]}},{"type":"Feature","properties":{"TOWNNAMEMC":"Orwell","CNTY":1,"FIPS6":1070.0},"geometry":{"type":"Polygon","coordinates":[[[-73.21896,43.83729],[-73.20632,43.76677],[-73.24509,43.76314],[-73.36283,43.75308],[-73.35127,43.76983],[-73.35076,43.77139],[-73.351,43.77243],[-73.35536,43.77793],[-73.35752,43.78556],[-73.35816,43.78647],[-73.36406,43.79121],[-73.371,43.79513],[-73.37679,43.79916],[-73.37789,43.80488],[-73.3796,43.8092],[-73.38206,43.81221],[-73.38567,43.8148],[-73.38956,43.81704],[-73.39101,43.81841],[-73.39218,43.82047],[-73.3928,43.82277],[-73.39158,43.82653],[-73.3893,43.83123],[-73.38819,43.83266],[-73.38626,43.83442],[-73.38309,43.83648],[-73.37666,43.83944],[-73.37371,43.84297],[-73.22267,43.85801],[-73.21896,43.83729]]]}},{"type":"Feature","properties":{"TOWNNAMEMC":"Panton","CNTY":1,"FIPS6":1075.0},"geometry":{"type":"Polygon","coordinates":[[[-73.24998,44.15443],[-73.25005,44.1532],[-73.25287,44.14877],[-73.2626,44.14516],[-73.26303,44.14425],[-73.26149,44.14137],[-73.26207,44.14045],[-73.2643,44.13895],[-73.26451,44.13799],[-73.26253,44.13545],[-73.2625,44.13445],[-73.26344,44.13263],[-73.2633,44.13163],[-73.25955,44.12635],[-73.25965,44.12543],[-73.26159,44.12378],[-73.26635,44.12246],[-73.27814,44.12112],[-73.41394,44.10784],[-73.41204,44.11065],[-73.41123,44.11377],[-73.41202,44.11963],[-73.41249,44.12127],[-73.41405,44.12408],[-73.41416,44.12816],[-73.41614,44.13236],[-73.41565,44.13346],[-73.41198,44.13778],[-73.40813,44.1399],[-73.40305,44.14498],[-73.40221,44.14694],[-73.40215,44.14806],[-73.40288,44.15048],[-73.4024,44.15154],[-73.40093,44.1527],[-73.27064,44.16526],[-73.2683,44.15295],[-73.24998,44.15443]]]}},{"type":"Feature","properties":{"TOWNNAMEMC":"Pawlet","CNTY":21,"FIPS6":21070.0},"geometry":{"type":"Polygon","coordinates":[[[-73.12083,43.40404],[-73.12217,43.36258],[-73.12266,43.30868],[-73.16817,43.31136],[-73.21943,43.31302],[-73.25461,43.3145],[-73.2527,43.36762],[-73.25078,43.4086],[-73.19584,43.4069],[-73.17543,43.40591],[-73.12083,43.40404]]]}},{"type":"Feature","properties":{"TOWNNAMEMC":"Peacham","CNTY":5,"FIPS6":5045.0},"geometry":{"type":"Polygon","coordinates":[[[-72.09424,44.35718],[-72.11993,44.33572],[-72.13086,44.32586],[-72.18812,44.2766],[-72.24214,44.28562],[-72.31683,44.29878],[-72.2701,44.34037],[-72.22778,44.3969],[-72.2168,44.39408],[-72.16768,44.38531],[-72.17094,44.37139],[-72.09424,44.35718]]]}},{"type":"Feature","properties":{"TOWNNAMEMC":"Peru","CNTY":3,"FIPS6":3030.0},"geometry":{"type":"Polygon","coordinates":[[[-72.86865,43.30053],[-72.85991,43.30037],[-72.86058,43.29678],[-72.8641,43.25568],[-72.8673,43.20542],[-72.94354,43.20807],[-72.97959,43.20964],[-72.97529,43.30416],[-72.86865,43.30053]]]}},{"type":"Feature","properties":{"TOWNNAMEMC":"Pittsfield","CNTY":21,"FIPS6":21075.0},"geometry":{"type":"Polygon","coordinates":[[[-72.85266,43.83359],[-72.83834,43.82925],[-72.83067,43.83912],[-72.82239,43.83645],[-72.79692,43.82916],[-72.79653,43.82734],[-72.79541,43.82563],[-72.79356,43.82439],[-72.79109,43.82413],[-72.79051,43.82329],[-72.79129,43.82259],[-72.79372,43.82205],[-72.79429,43.82124],[-72.79424,43.82031],[-72.79212,43.8165],[-72.7911,43.81595],[-72.78853,43.81605],[-72.78731,43.81575],[-72.7844,43.81383],[-72.78462,43.8102],[-72.78549,43.80956],[-72.78785,43.80896],[-72.78855,43.80821],[-72.7887,43.8073],[-72.78751,43.80571],[-72.78286,43.80401],[-72.79782,43.77938],[-72.81926,43.74631],[-72.80393,43.74097],[-72.81998,43.7167],[-72.82716,43.71852],[-72.83597,43.7194],[-72.82608,43.73775],[-72.84447,43.7654],[-72.86279,43.79093],[-72.87245,43.80514],[-72.87435,43.83833],[-72.87387,43.83963],[-72.85266,43.83359]]]}},{"type":"Feature","properties":{"TOWNNAMEMC":"Pittsford","CNTY":21,"FIPS6":21080.0},"geometry":{"type":"Polygon","coordinates":[[[-73.07187,43.75726],[-73.06968,43.75639],[-73.06861,43.75545],[-73.06755,43.75309],[-73.06676,43.75255],[-73.06248,43.75186],[-73.06066,43.75083],[-73.05998,43.75074],[-73.05849,43.75157],[-73.05821,43.75335],[-73.05753,43.75361],[-73.05638,43.75357],[-73.05643,43.75525],[-73.00285,43.75699],[-72.9995,43.75233],[-72.99913,43.7501],[-72.93996,43.66947],[-73.03466,43.66575],[-73.03281,43.67026],[-73.0315,43.67139],[-73.02861,43.6725],[-73.02761,43.6739],[-73.0284,43.67445],[-73.03012,43.67489],[-73.02999,43.67354],[-73.03056,43.67321],[-73.03189,43.67309],[-73.03285,43.67373],[-73.03326,43.67515],[-73.03409,43.67606],[-73.03729,43.67524],[-73.0387,43.67589],[-73.03922,43.67713],[-73.03755,43.6801],[-73.03838,43.68029],[-73.03871,43.68138],[-73.03957,43.69243],[-73.04779,43.69223],[-73.04796,43.68977],[-73.05358,43.68913],[-73.06141,43.68672],[-73.05685,43.66852],[-73.05548,43.66855],[-73.05522,43.66511],[-73.10454,43.66337],[-73.11425,43.69703],[-73.13148,43.75226],[-73.08024,43.75438],[-73.0803,43.75563],[-73.07985,43.75622],[-73.07894,43.75606],[-73.0779,43.75666],[-73.07822,43.75754],[-73.07771,43.75795],[-73.07765,43.75886],[-73.07495,43.75848],[-73.07187,43.75726]]]}},{"type":"Feature","properties":{"TOWNNAMEMC":"Plainfield","CNTY":23,"FIPS6":23070.0},"geometry":{"type":"Polygon","coordinates":[[[-72.33687,44.24621],[-72.36888,44.20389],[-72.42713,44.22342],[-72.48022,44.23386],[-72.4403,44.28632],[-72.39937,44.27068],[-72.33687,44.24621]]]}},{"type":"Feature","properties":{"TOWNNAMEMC":"Plymouth","CNTY":27,"FIPS6":27060.0},"geometry":{"type":"Polygon","coordinates":[[[-72.65893,43.47219],[-72.66034,43.46139],[-72.6608,43.4536],[-72.72417,43.46829],[-72.77141,43.47857],[-72.76914,43.49151],[-72.78993,43.49455],[-72.78188,43.54393],[-72.77349,43.57982],[-72.7715,43.59109],[-72.75795,43.58742],[-72.71457,43.57703],[-72.66384,43.56429],[-72.64488,43.5599],[-72.65022,43.5313],[-72.65564,43.49215],[-72.65893,43.47219]]]}},{"type":"Feature","properties":{"TOWNNAMEMC":"Pomfret","CNTY":27,"FIPS6":27065.0},"geometry":{"type":"Polygon","coordinates":[[[-72.4277,43.72238],[-72.42639,43.72206],[-72.42814,43.719],[-72.45452,43.67674],[-72.47859,43.63919],[-72.48309,43.63865],[-72.48643,43.63982],[-72.4874,43.63988],[-72.55953,43.65941],[-72.56535,43.66126],[-72.56828,43.65709],[-72.57683,43.65915],[-72.58816,43.66248],[-72.57388,43.68628],[-72.57658,43.68695],[-72.5593,43.71245],[-72.54266,43.74125],[-72.5384,43.75009],[-72.53389,43.75815],[-72.50451,43.74954],[-72.45832,43.73673],[-72.4353,43.72927],[-72.43466,43.72778],[-72.43188,43.72404],[-72.43024,43.72303],[-72.4277,43.72238]]]}},{"type":"Feature","properties":{"TOWNNAMEMC":"Poultney","CNTY":21,"FIPS6":21085.0},"geometry":{"type":"Polygon","coordinates":[[[-73.12254,43.58488],[-73.12002,43.58485],[-73.11708,43.58522],[-73.11644,43.58365],[-73.12015,43.54352],[-73.11978,43.53865],[-73.12012,43.53343],[-73.13527,43.53361],[-73.13345,43.52533],[-73.16841,43.49598],[-73.17849,43.49623],[-73.17952,43.46586],[-73.1813,43.4652],[-73.24889,43.46185],[-73.24788,43.48359],[-73.24712,43.51361],[-73.24678,43.51558],[-73.2481,43.51595],[-73.24693,43.51757],[-73.24676,43.51862],[-73.24751,43.51944],[-73.24738,43.52042],[-73.24671,43.52127],[-73.24755,43.52307],[-73.24685,43.52482],[-73.24688,43.52576],[-73.24227,43.52886],[-73.24247,43.52975],[-73.2433,43.53043],[-73.24186,43.53193],[-73.24149,43.5328],[-73.24236,43.53354],[-73.24255,43.53461],[-73.24347,43.53557],[-73.24477,43.53923],[-73.24651,43.54005],[-73.24573,43.54169],[-73.24505,43.55083],[-73.24332,43.5876],[-73.20146,43.58676],[-73.14491,43.58512],[-73.12254,43.58488]]]}},{"type":"Feature","properties":{"TOWNNAMEMC":"Pownal","CNTY":3,"FIPS6":3035.0},"geometry":{"type":"Polygon","coordinates":[[[-73.24682,42.83929],[-73.18721,42.8372],[-73.15231,42.83662],[-73.13711,42.83559],[-73.14267,42.74354],[-73.27619,42.74598],[-73.29089,42.80196],[-73.28631,42.80808],[-73.28656,42.80926],[-73.28352,42.81405],[-73.2857,42.81664],[-73.28697,42.82024],[-73.28531,42.83406],[-73.2842,42.83493],[-73.27868,42.83347],[-73.27836,42.83741],[-73.24938,42.83702],[-73.24849,42.83933],[-73.24682,42.83929]]]}},{"type":"Feature","properties":{"TOWNNAMEMC":"Proctor","CNTY":21,"FIPS6":21090.0},"geometry":{"type":"Polygon","coordinates":[[[-73.03801,43.67536],[-73.03598,43.67539],[-73.03409,43.67606],[-73.03326,43.67515],[-73.03285,43.67373],[-73.03189,43.67309],[-73.03056,43.67321],[-73.02999,43.67354],[-73.03012,43.67489],[-73.0284,43.67445],[-73.02761,43.6739],[-73.02861,43.6725],[-73.0315,43.67139],[-73.03281,43.67026],[-73.03466,43.66575],[-73.01361,43.66641],[-73.01224,43.66359],[-73.01411,43.6612],[-73.01895,43.66425],[-73.01882,43.65891],[-73.00864,43.65879],[-73.00828,43.6566],[-73.00895,43.65662],[-73.00792,43.64954],[-73.01116,43.64938],[-73.01121,43.64698],[-73.0167,43.64674],[-73.01656,43.64227],[-73.01521,43.64227],[-73.01509,43.63774],[-73.02318,43.63768],[-73.02343,43.63247],[-73.02443,43.63249],[-73.02435,43.62547],[-73.03173,43.62551],[-73.03213,43.62453],[-73.03234,43.62332],[-73.03049,43.62168],[-73.03033,43.621],[-73.03084,43.62005],[-73.03027,43.61965],[-73.02902,43.62004],[-73.02927,43.62143],[-73.02862,43.62206],[-73.02634,43.62269],[-73.02535,43.62234],[-73.02553,43.62149],[-73.02792,43.61952],[-73.02861,43.6183],[-73.02864,43.61653],[-73.02751,43.61521],[-73.02686,43.61495],[-73.02612,43.61521],[-73.02405,43.61803],[-73.02332,43.61852],[-73.0224,43.6184],[-73.0215,43.61764],[-73.02019,43.6141],[-73.02445,43.61088],[-73.03731,43.6107],[-73.038,43.61266],[-73.04085,43.61255],[-73.04099,43.61431],[-73.04318,43.61422],[-73.04324,43.61506],[-73.04742,43.61465],[-73.04789,43.62076],[-73.04357,43.62086],[-73.044,43.6272],[-73.04854,43.62703],[-73.04863,43.63014],[-73.04966,43.63017],[-73.05017,43.63894],[-73.04718,43.63907],[-73.04758,43.64341],[-73.05159,43.64321],[-73.05172,43.64693],[-73.04948,43.64703],[-73.05053,43.65753],[-73.05104,43.65974],[-73.05476,43.65962],[-73.05548,43.66855],[-73.05685,43.66852],[-73.06141,43.68672],[-73.05358,43.68913],[-73.04796,43.68977],[-73.04779,43.69223],[-73.03957,43.69243],[-73.03871,43.68138],[-73.03838,43.68029],[-73.03755,43.6801],[-73.03922,43.67713],[-73.03914,43.67647],[-73.03801,43.67536]]]}},{"type":"Feature","properties":{"TOWNNAMEMC":"Putney","CNTY":25,"FIPS6":25065.0},"geometry":{"type":"Polygon","coordinates":[[[-72.48643,43.02083],[-72.47144,43.02036],[-72.4594,43.02043],[-72.4584,43.01864],[-72.45744,43.01775],[-72.45137,43.01478],[-72.44378,43.00993],[-72.44321,43.00896],[-72.44408,43.00527],[-72.44642,43.00247],[-72.4479,43.00138],[-72.44997,43.00024],[-72.45131,43.00005],[-72.45591,43.00123],[-72.45879,43.00092],[-72.45972,43.00046],[-72.46305,42.99685],[-72.46468,42.99366],[-72.46555,42.98956],[-72.46453,42.98668],[-72.46201,42.98383],[-72.46201,42.98254],[-72.46585,42.97837],[-72.46964,42.97608],[-72.47297,42.97264],[-72.47443,42.97168],[-72.47618,42.97153],[-72.47931,42.97345],[-72.48189,42.97385],[-72.48329,42.97305],[-72.48723,42.97161],[-72.48814,42.97044],[-72.4908,42.96903],[-72.49241,42.96763],[-72.50277,42.96619],[-72.50498,42.96562],[-72.50663,42.96443],[-72.5173,42.96341],[-72.51849,42.9631],[-72.5205,42.96188],[-72.51975,42.96366],[-72.52177,42.96581],[-72.57054,42.96704],[-72.60804,42.96836],[-72.60729,42.9864],[-72.60587,42.99075],[-72.59942,42.99033],[-72.59447,43.00554],[-72.59321,43.00798],[-72.59198,43.00906],[-72.58834,43.02347],[-72.48643,43.02083]]]}},{"type":"Feature","properties":{"TOWNNAMEMC":"Randolph","CNTY":17,"FIPS6":17045.0},"geometry":{"type":"Polygon","coordinates":[[[-72.51028,43.96619],[-72.56097,43.89461],[-72.56756,43.88484],[-72.56927,43.8809],[-72.5736,43.87312],[-72.60407,43.88221],[-72.65388,43.89563],[-72.70284,43.9094],[-72.68121,43.94017],[-72.65451,43.97621],[-72.63729,44.00066],[-72.59157,43.98779],[-72.57957,43.98497],[-72.51028,43.96619]]]}},{"type":"Feature","properties":{"TOWNNAMEMC":"Reading","CNTY":27,"FIPS6":27070.0},"geometry":{"type":"Polygon","coordinates":[[[-72.53043,43.44537],[-72.5304,43.4436],[-72.60086,43.45126],[-72.66059,43.4571],[-72.65893,43.47219],[-72.65564,43.49215],[-72.65022,43.5313],[-72.64488,43.5599],[-72.63814,43.55802],[-72.63403,43.5573],[-72.53283,43.53387],[-72.53111,43.49722],[-72.53021,43.46768],[-72.53043,43.44537]]]}},{"type":"Feature","properties":{"TOWNNAMEMC":"Readsboro","CNTY":3,"FIPS6":3040.0},"geometry":{"type":"Polygon","coordinates":[[[-72.92709,42.83782],[-72.9274,42.82981],[-72.9266,42.82337],[-72.9301,42.73919],[-73.01865,42.74104],[-73.01517,42.83208],[-73.01355,42.83203],[-73.01207,42.85909],[-72.92627,42.85636],[-72.92709,42.83782]]]}},{"type":"Feature","properties":{"TOWNNAMEMC":"Richford","CNTY":11,"FIPS6":11060.0},"geometry":{"type":"Polygon","coordinates":[[[-72.56909,45.00968],[-72.5554,45.00802],[-72.55392,45.00813],[-72.55248,45.00299],[-72.5365,44.92611],[-72.67239,44.92154],[-72.67616,44.92844],[-72.70187,45.01568],[-72.63468,45.01469],[-72.6043,45.01311],[-72.58475,45.01157],[-72.56909,45.00968]]]}},{"type":"Feature","properties":{"TOWNNAMEMC":"Richmond","CNTY":7,"FIPS6":7055.0},"geometry":{"type":"Polygon","coordinates":[[[-72.91996,44.42469],[-72.92722,44.39919],[-72.93618,44.37529],[-72.95212,44.34543],[-73.03278,44.36245],[-73.03539,44.37496],[-73.08143,44.37029],[-73.05178,44.42481],[-73.0423,44.42204],[-73.03332,44.42646],[-73.02066,44.43361],[-72.94123,44.4299],[-72.91874,44.42907],[-72.91996,44.42469]]]}},{"type":"Feature","properties":{"TOWNNAMEMC":"Ripton","CNTY":1,"FIPS6":1080.0},"geometry":{"type":"Polygon","coordinates":[[[-73.00359,44.03577],[-72.95893,44.03398],[-72.95885,44.03669],[-72.90591,44.03651],[-72.9077,43.97179],[-72.91224,43.96562],[-72.94621,43.9742],[-72.98033,43.92197],[-73.03778,43.92284],[-73.04833,43.92215],[-73.04869,43.93246],[-73.04577,43.93974],[-73.04675,43.95733],[-73.04454,43.96439],[-73.05814,43.96286],[-73.06332,44.0422],[-73.03223,44.04501],[-73.03265,44.03656],[-73.00359,44.03577]]]}},{"type":"Feature","properties":{"TOWNNAMEMC":"Rochester","CNTY":27,"FIPS6":27075.0},"geometry":{"type":"Polygon","coordinates":[[[-72.77108,43.93906],[-72.77514,43.93366],[-72.76891,43.93162],[-72.7735,43.92454],[-72.71228,43.90796],[-72.72644,43.88519],[-72.76607,43.82331],[-72.77105,43.82461],[-72.78286,43.80401],[-72.78751,43.80571],[-72.7883,43.80644],[-72.7887,43.8073],[-72.78855,43.80821],[-72.78785,43.80896],[-72.78549,43.80956],[-72.78462,43.8102],[-72.7844,43.81383],[-72.78731,43.81575],[-72.78853,43.81605],[-72.7911,43.81595],[-72.79212,43.8165],[-72.79424,43.82031],[-72.79429,43.82124],[-72.79372,43.82205],[-72.79129,43.82259],[-72.79051,43.82329],[-72.79109,43.82413],[-72.79356,43.82439],[-72.79541,43.82563],[-72.79653,43.82734],[-72.79692,43.82916],[-72.82239,43.83645],[-72.83067,43.83912],[-72.83834,43.82925],[-72.86138,43.83623],[-72.87387,43.83963],[-72.8745,43.85806],[-72.91038,43.84455],[-72.92723,43.83872],[-72.92847,43.83795],[-72.95974,43.82608],[-72.97289,43.86677],[-72.98023,43.86397],[-72.98015,43.88292],[-72.97404,43.88144],[-72.96975,43.87967],[-72.95319,43.87486],[-72.92762,43.88432],[-72.90279,43.89282],[-72.87655,43.90276],[-72.87448,43.87237],[-72.87534,43.8677],[-72.87418,43.86406],[-72.86529,43.86165],[-72.81633,43.93781],[-72.81,43.93609],[-72.8035,43.94566],[-72.79104,43.96224],[-72.78705,43.96086],[-72.79178,43.95397],[-72.78522,43.95219],[-72.78996,43.94531],[-72.77108,43.93906]]]}},{"type":"Feature","properties":{"TOWNNAMEMC":"Rockingham","CNTY":25,"FIPS6":25070.0},"geometry":{"type":"Polygon","coordinates":[[[-72.45885,43.23376],[-72.43477,43.23326],[-72.43427,43.23173],[-72.43481,43.23004],[-72.43839,43.22422],[-72.43902,43.22379],[-72.44063,43.22021],[-72.44119,43.21726],[-72.44088,43.21455],[-72.44111,43.21391],[-72.43885,43.20839],[-72.43871,43.20359],[-72.43906,43.20101],[-72.44326,43.19796],[-72.4456,43.19569],[-72.44754,43.19443],[-72.44874,43.19421],[-72.45043,43.1929],[-72.45018,43.19099],[-72.449,43.18827],[-72.44421,43.18263],[-72.44398,43.17953],[-72.44437,43.17861],[-72.4452,43.17793],[-72.451,43.17484],[-72.45251,43.1734],[-72.45294,43.17193],[-72.45161,43.16212],[-72.45171,43.16127],[-72.45234,43.16045],[-72.45248,43.15859],[-72.45213,43.15341],[-72.4531,43.15199],[-72.45662,43.1494],[-72.45739,43.14747],[-72.45519,43.14297],[-72.45306,43.13947],[-72.45217,43.13858],[-72.45108,43.13798],[-72.4472,43.13691],[-72.44496,43.13716],[-72.44398,43.13762],[-72.44313,43.13756],[-72.44213,43.13688],[-72.44131,43.13684],[-72.44013,43.13619],[-72.44058,43.13565],[-72.44031,43.13429],[-72.44078,43.13282],[-72.44139,43.13264],[-72.44088,43.13185],[-72.44125,43.13169],[-72.44158,43.13235],[-72.44221,43.13194],[-72.44235,43.13108],[-72.4419,43.12981],[-72.4422,43.12923],[-72.44053,43.12717],[-72.43777,43.12503],[-72.45229,43.1256],[-72.50856,43.12626],[-72.51593,43.12667],[-72.52649,43.12618],[-72.54083,43.12633],[-72.54568,43.12714],[-72.54708,43.12694],[-72.55361,43.1277],[-72.55798,43.12776],[-72.55674,43.22023],[-72.55548,43.2353],[-72.54769,43.23588],[-72.48734,43.23465],[-72.45885,43.23376]]]}},{"type":"Feature","properties":{"TOWNNAMEMC":"Roxbury","CNTY":23,"FIPS6":23075.0},"geometry":{"type":"Polygon","coordinates":[[[-72.63448,44.08931],[-72.68287,44.01281],[-72.74224,44.02963],[-72.81894,44.05188],[-72.77047,44.1267],[-72.63448,44.08931]]]}},{"type":"Feature","properties":{"TOWNNAMEMC":"Royalton","CNTY":27,"FIPS6":27080.0},"geometry":{"type":"Polygon","coordinates":[[[-72.52525,43.76029],[-72.52834,43.75653],[-72.57017,43.76853],[-72.58355,43.77264],[-72.6237,43.78395],[-72.63968,43.78891],[-72.64469,43.79013],[-72.62226,43.81722],[-72.60816,43.83296],[-72.58515,43.86007],[-72.5736,43.87312],[-72.45952,43.83809],[-72.46156,43.83685],[-72.52525,43.76029]]]}},{"type":"Feature","properties":{"TOWNNAMEMC":"Rupert","CNTY":3,"FIPS6":3045.0},"geometry":{"type":"Polygon","coordinates":[[[-73.12266,43.30868],[-73.12277,43.27161],[-73.12455,43.23502],[-73.12783,43.21364],[-73.17896,43.21459],[-73.25213,43.21703],[-73.25911,43.21687],[-73.25827,43.23858],[-73.25656,43.2577],[-73.25461,43.3145],[-73.21943,43.31302],[-73.16817,43.31136],[-73.12266,43.30868]]]}},{"type":"Feature","properties":{"TOWNNAMEMC":"Rutland City","CNTY":21,"FIPS6":21095.0},"geometry":{"type":"Polygon","coordinates":[[[-72.97778,43.63092],[-72.97768,43.63054],[-72.97607,43.63057],[-72.97547,43.62704],[-72.95959,43.62776],[-72.95948,43.62712],[-72.96262,43.6262],[-72.96238,43.6244],[-72.95733,43.62545],[-72.95699,43.6211],[-72.95639,43.62143],[-72.95455,43.62007],[-72.95376,43.62156],[-72.94768,43.62184],[-72.94742,43.61796],[-72.94625,43.61798],[-72.94557,43.60836],[-72.94727,43.60826],[-72.9464,43.59396],[-72.99032,43.58674],[-72.99162,43.58673],[-72.99208,43.58747],[-73.00133,43.59539],[-73.00459,43.59615],[-73.00941,43.59833],[-73.01122,43.59978],[-73.00928,43.60244],[-73.00765,43.60254],[-73.00451,43.60101],[-73.00346,43.60136],[-73.00262,43.60213],[-73.00382,43.60278],[-73.00424,43.60407],[-73.00706,43.60411],[-73.00876,43.60453],[-73.00865,43.60531],[-73.00906,43.60532],[-73.00912,43.60592],[-73.01092,43.60565],[-73.01146,43.60728],[-73.00997,43.60764],[-73.00975,43.60694],[-73.00713,43.60807],[-73.00851,43.60985],[-73.00729,43.61036],[-73.00644,43.60834],[-73.00571,43.60865],[-73.00689,43.62972],[-72.99444,43.62998],[-72.98478,43.62986],[-72.97977,43.63112],[-72.97786,43.63127],[-72.97778,43.63092]]]}},{"type":"Feature","properties":{"TOWNNAMEMC":"Rutland Town","CNTY":21,"FIPS6":21100.0},"geometry":{"type":"Polygon","coordinates":[[[-72.93934,43.66208],[-72.93416,43.5748],[-72.95683,43.57371],[-73.01059,43.57173],[-73.01082,43.57393],[-73.00952,43.57397],[-73.00974,43.57647],[-73.01004,43.57647],[-73.01089,43.58064],[-73.01128,43.58675],[-73.0107,43.58679],[-73.01101,43.59201],[-73.01863,43.59158],[-73.02214,43.59676],[-73.02612,43.59967],[-73.02826,43.60028],[-73.0278,43.60441],[-73.03284,43.61072],[-73.02445,43.61088],[-73.02308,43.61217],[-73.02024,43.614],[-73.02016,43.61466],[-73.02144,43.61689],[-73.0215,43.61764],[-73.02279,43.61853],[-73.02405,43.61803],[-73.02612,43.61521],[-73.02686,43.61495],[-73.02769,43.61536],[-73.02864,43.61653],[-73.02848,43.61872],[-73.02553,43.62149],[-73.02535,43.62234],[-73.02634,43.62269],[-73.02862,43.62206],[-73.02927,43.62143],[-73.02902,43.62004],[-73.03027,43.61965],[-73.03084,43.62005],[-73.03033,43.621],[-73.03049,43.62168],[-73.03234,43.62332],[-73.03213,43.62453],[-73.03173,43.62551],[-73.02435,43.62547],[-73.02443,43.63249],[-73.02343,43.63247],[-73.02318,43.63768],[-73.01509,43.63774],[-73.01521,43.64227],[-73.01656,43.64227],[-73.0167,43.64674],[-73.01121,43.64698],[-73.01116,43.64938],[-73.00792,43.64954],[-73.00895,43.65662],[-73.00828,43.6566],[-73.00864,43.65879],[-73.01882,43.65891],[-73.01895,43.66425],[-73.01411,43.6612],[-73.01224,43.66359],[-73.01361,43.66641],[-72.9399,43.66948],[-72.93934,43.66208]],[[-72.98364,43.6301],[-72.98478,43.62986],[-72.99444,43.62998],[-73.00689,43.62972],[-73.00571,43.60865],[-73.00644,43.60834],[-73.00729,43.61036],[-73.00851,43.60985],[-73.00713,43.60807],[-73.00975,43.60694],[-73.00997,43.60764],[-73.01146,43.60728],[-73.01092,43.60565],[-73.00912,43.60592],[-73.00906,43.60532],[-73.00865,43.60531],[-73.00876,43.60453],[-73.00706,43.60411],[-73.00424,43.60407],[-73.00382,43.60278],[-73.00262,43.60213],[-73.00346,43.60136],[-73.00451,43.60101],[-73.00765,43.60254],[-73.00928,43.60244],[-73.01122,43.59978],[-73.00941,43.59833],[-73.00459,43.59615],[-73.00133,43.59539],[-72.99208,43.58747],[-72.99162,43.58673],[-72.99032,43.58674],[-72.9464,43.59396],[-72.94727,43.60826],[-72.94557,43.60836],[-72.94625,43.61798],[-72.94742,43.61796],[-72.94768,43.62184],[-72.95376,43.62156],[-72.95455,43.62007],[-72.95639,43.62143],[-72.95699,43.6211],[-72.95733,43.62545],[-72.96238,43.6244],[-72.96262,43.6262],[-72.95948,43.62712],[-72.95959,43.62776],[-72.97547,43.62704],[-72.97607,43.63057],[-72.97768,43.63054],[-72.97786,43.63127],[-72.98025,43.63103],[-72.98364,43.6301]]]}},{"type":"Feature","properties":{"TOWNNAMEMC":"Ryegate","CNTY":5,"FIPS6":5050.0},"geometry":{"type":"MultiPolygon","coordinates":[[[[-72.05349,44.24639],[-72.05267,44.24615],[-72.0502,44.24428],[-72.04801,44.23983],[-72.0479,44.23861],[-72.04853,44.23702],[-72.05001,44.23496],[-72.05392,44.22455],[-72.05391,44.22269],[-72.05244,44.2191],[-72.05279,44.21724],[-72.05536,44.21303],[-72.05676,44.21219],[-72.05874,44.21169],[-72.05948,44.21083],[-72.05988,44.20988],[-72.0583,44.20837],[-72.0588,44.2077],[-72.05801,44.2074],[-72.05776,44.20519],[-72.05998,44.20048],[-72.0609,44.19966],[-72.06357,44.19843],[-72.06445,44.19756],[-72.06439,44.19545],[-72.06618,44.19006],[-72.0656,44.18892],[-72.06071,44.1843],[-72.05868,44.18172],[-72.05764,44.17961],[-72.05651,44.17585],[-72.05465,44.17253],[-72.05332,44.16854],[-72.05241,44.16699],[-72.05158,44.16626],[-72.04949,44.1654],[-72.04857,44.16469],[-72.04809,44.16236],[-72.047,44.16149],[-72.04313,44.16179],[-72.04251,44.16213],[-72.04215,44.1614],[-72.04396,44.15847],[-72.04364,44.15709],[-72.16633,44.19078],[-72.18245,44.25554],[-72.18812,44.2766],[-72.15911,44.27235],[-72.0591,44.2558],[-72.05581,44.25055],[-72.05485,44.24798],[-72.05349,44.24639]]],[[[-72.03989,44.15706],[-72.03949,44.15688],[-72.03893,44.15707],[-72.03866,44.15645],[-72.0396,44.156],[-72.04203,44.15663],[-72.03989,44.15706]]]]}},{"type":"Feature","properties":{"TOWNNAMEMC":"Saint Albans City","CNTY":11,"FIPS6":11065.0},"geometry":{"type":"Polygon","coordinates":[[[-73.07626,44.82402],[-73.07527,44.82392],[-73.07563,44.82168],[-73.07526,44.82042],[-73.06903,44.81886],[-73.06821,44.81908],[-73.06849,44.81868],[-73.06821,44.81859],[-73.07109,44.81469],[-73.07004,44.81297],[-73.07081,44.80973],[-73.072,44.80635],[-73.0736,44.80406],[-73.07227,44.80358],[-73.07276,44.80289],[-73.07512,44.80367],[-73.07579,44.80263],[-73.07483,44.80231],[-73.07546,44.80117],[-73.07715,44.80149],[-73.07727,44.80129],[-73.07897,44.80143],[-73.07969,44.80072],[-73.0835,44.80198],[-73.08492,44.80009],[-73.08764,44.80099],[-73.08921,44.79904],[-73.08962,44.79921],[-73.09344,44.79449],[-73.09451,44.79479],[-73.09519,44.79503],[-73.0933,44.79739],[-73.09294,44.79726],[-73.09277,44.79748],[-73.09312,44.79761],[-73.09186,44.79917],[-73.09121,44.79888],[-73.09059,44.79965],[-73.09191,44.80001],[-73.0911,44.80094],[-73.0929,44.80139],[-73.09226,44.80224],[-73.09608,44.80362],[-73.09452,44.80584],[-73.10137,44.80836],[-73.10108,44.81167],[-73.09771,44.81939],[-73.09693,44.81911],[-73.09622,44.82011],[-73.09391,44.81895],[-73.09005,44.82424],[-73.08329,44.82174],[-73.08245,44.8231],[-73.08133,44.82296],[-73.08092,44.82507],[-73.07626,44.82402]]]}},{"type":"Feature","properties":{"TOWNNAMEMC":"Saint Albans Town","CNTY":11,"FIPS6":11070.0},"geometry":{"type":"Polygon","coordinates":[[[-73.12406,44.86147],[-73.00967,44.82107],[-72.9754,44.80785],[-72.99958,44.80039],[-73.08483,44.77299],[-73.12458,44.78719],[-73.14916,44.79634],[-73.16376,44.78281],[-73.16506,44.78122],[-73.16594,44.77837],[-73.16874,44.7757],[-73.17123,44.77407],[-73.178,44.77112],[-73.18291,44.76834],[-73.20419,44.7509],[-73.21159,44.74398],[-73.22886,44.72281],[-73.25013,44.75022],[-73.25601,44.75929],[-73.25797,44.76359],[-73.25884,44.76808],[-73.25871,44.77514],[-73.25709,44.78024],[-73.25725,44.78188],[-73.25518,44.78428],[-73.25269,44.78901],[-73.24575,44.79958],[-73.24291,44.80332],[-73.23703,44.80965],[-73.23006,44.81469],[-73.22527,44.81756],[-73.21687,44.82061],[-73.21082,44.82209],[-73.20796,44.8246],[-73.20705,44.82922],[-73.20322,44.83363],[-73.20259,44.83614],[-73.20361,44.83967],[-73.20677,44.84386],[-73.20755,44.8461],[-73.20705,44.85195],[-73.20534,44.85735],[-73.2037,44.86063],[-73.20333,44.86599],[-73.20199,44.86806],[-73.1983,44.87184],[-73.19685,44.87404],[-73.19643,44.87542],[-73.19593,44.88188],[-73.19389,44.88682],[-73.12406,44.86147]],[[-73.08092,44.82507],[-73.08133,44.82296],[-73.08245,44.8231],[-73.08329,44.82174],[-73.09005,44.82424],[-73.09391,44.81895],[-73.09622,44.82011],[-73.09693,44.81911],[-73.09771,44.81939],[-73.10075,44.81266],[-73.10137,44.80836],[-73.09452,44.80584],[-73.09608,44.80362],[-73.09226,44.80224],[-73.0929,44.80139],[-73.0911,44.80094],[-73.09191,44.80001],[-73.09059,44.79965],[-73.09121,44.79888],[-73.09186,44.79917],[-73.09312,44.79761],[-73.09277,44.79748],[-73.09294,44.79726],[-73.0933,44.79739],[-73.09519,44.79503],[-73.09344,44.79449],[-73.08962,44.79921],[-73.08921,44.79904],[-73.08764,44.80099],[-73.08492,44.80009],[-73.0835,44.80198],[-73.07969,44.80072],[-73.07897,44.80143],[-73.07727,44.80129],[-73.07715,44.80149],[-73.07546,44.80117],[-73.07483,44.80231],[-73.07579,44.80263],[-73.07512,44.80367],[-73.07276,44.80289],[-73.07227,44.80358],[-73.0736,44.80406],[-73.072,44.80635],[-73.07081,44.80973],[-73.07004,44.81297],[-73.07109,44.81469],[-73.06821,44.81859],[-73.06849,44.81868],[-73.06821,44.81908],[-73.06903,44.81886],[-73.07526,44.82042],[-73.07563,44.82168],[-73.07527,44.82392],[-73.08092,44.82507]]]}},{"type":"Feature","properties":{"TOWNNAMEMC":"Saint George","CNTY":7,"FIPS6":7060.0},"geometry":{"type":"Polygon","coordinates":[[[-73.08924,44.3695],[-73.13347,44.36464],[-73.14166,44.4017],[-73.11649,44.39508],[-73.08924,44.3695]]]}},{"type":"Feature","properties":{"TOWNNAMEMC":"Saint Johnsbury","CNTY":5,"FIPS6":5055.0},"geometry":{"type":"Polygon","coordinates":[[[-72.00176,44.40577],[-72.03526,44.38846],[-72.0451,44.399],[-72.04773,44.40477],[-72.07558,44.48881],[-72.08019,44.50002],[-72.08354,44.51037],[-71.99959,44.49785],[-71.95817,44.49135],[-71.93937,44.45431],[-71.93322,44.44114],[-72.00176,44.40577]]]}},{"type":"Feature","properties":{"TOWNNAMEMC":"Salisbury","CNTY":1,"FIPS6":1085.0},"geometry":{"type":"Polygon","coordinates":[[[-73.03778,43.92284],[-73.03971,43.90065],[-73.10708,43.89324],[-73.17475,43.87895],[-73.17384,43.88245],[-73.17537,43.88501],[-73.17951,43.88858],[-73.18058,43.88907],[-73.18438,43.88975],[-73.18674,43.89047],[-73.18759,43.89114],[-73.18873,43.89379],[-73.1888,43.89472],[-73.18782,43.89642],[-73.18593,43.89769],[-73.18467,43.89787],[-73.18361,43.8984],[-73.18297,43.89922],[-73.18285,43.9011],[-73.18069,43.90406],[-73.17899,43.90918],[-73.17781,43.91086],[-73.17556,43.9119],[-73.17477,43.91271],[-73.17452,43.91362],[-73.1748,43.91545],[-73.17357,43.92009],[-73.17376,43.92301],[-73.17279,43.92584],[-73.17318,43.9267],[-73.17492,43.92814],[-73.17516,43.92909],[-73.17487,43.93094],[-73.17243,43.93315],[-73.16908,43.93466],[-73.16788,43.93644],[-73.16686,43.94041],[-73.16685,43.94608],[-73.16573,43.94887],[-73.16431,43.95066],[-73.16393,43.95236],[-73.0528,43.96332],[-73.04454,43.96439],[-73.04675,43.95733],[-73.04577,43.93974],[-73.04869,43.93246],[-73.04833,43.92215],[-73.03778,43.92284]]]}},{"type":"Feature","properties":{"TOWNNAMEMC":"Sandgate","CNTY":3,"FIPS6":3050.0},"geometry":{"type":"Polygon","coordinates":[[[-73.13504,43.12053],[-73.22604,43.12146],[-73.26428,43.1224],[-73.26362,43.13042],[-73.26281,43.15283],[-73.25974,43.20013],[-73.25911,43.21687],[-73.25213,43.21703],[-73.17896,43.21459],[-73.13014,43.21368],[-73.13504,43.12053]]]}},{"type":"Feature","properties":{"TOWNNAMEMC":"Searsburg","CNTY":3,"FIPS6":3055.0},"geometry":{"type":"Polygon","coordinates":[[[-72.92379,42.92744],[-72.92333,42.91516],[-72.92406,42.89541],[-72.92627,42.85636],[-73.01207,42.85909],[-73.00853,42.92283],[-73.00671,42.93075],[-72.92379,42.92744]]]}},{"type":"Feature","properties":{"TOWNNAMEMC":"Shaftsbury","CNTY":3,"FIPS6":3060.0},"geometry":{"type":"Polygon","coordinates":[[[-73.14218,43.00005],[-73.146,42.93097],[-73.27463,42.93442],[-73.27007,43.03005],[-73.23273,43.02899],[-73.18839,43.02714],[-73.15205,43.02637],[-73.14059,43.02582],[-73.14218,43.00005]]]}},{"type":"Feature","properties":{"TOWNNAMEMC":"Sharon","CNTY":27,"FIPS6":27085.0},"geometry":{"type":"Polygon","coordinates":[[[-72.33934,43.81045],[-72.34279,43.80548],[-72.42642,43.72202],[-72.43024,43.72303],[-72.43139,43.72364],[-72.43314,43.7255],[-72.4353,43.72927],[-72.45832,43.73673],[-72.50451,43.74954],[-72.52834,43.75653],[-72.46156,43.83685],[-72.40507,43.82546],[-72.3461,43.8116],[-72.33934,43.81045]]]}},{"type":"Feature","properties":{"TOWNNAMEMC":"Sheffield","CNTY":5,"FIPS6":5060.0},"geometry":{"type":"Polygon","coordinates":[[[-72.08911,44.59182],[-72.09479,44.58462],[-72.12947,44.59745],[-72.15155,44.60517],[-72.1943,44.62067],[-72.20249,44.6241],[-72.19926,44.62828],[-72.18496,44.64925],[-72.14996,44.69786],[-72.14596,44.7045],[-72.0893,44.68508],[-72.07639,44.6516],[-72.06638,44.62349],[-72.07544,44.61043],[-72.08911,44.59182]]]}},{"type":"Feature","properties":{"TOWNNAMEMC":"Shelburne","CNTY":7,"FIPS6":7065.0},"geometry":{"type":"Polygon","coordinates":[[[-73.15461,44.40522],[-73.14166,44.4017],[-73.13347,44.36464],[-73.15803,44.362],[-73.1583,44.36308],[-73.23871,44.35346],[-73.32718,44.34335],[-73.33398,44.3545],[-73.33504,44.35712],[-73.33543,44.35994],[-73.33532,44.36572],[-73.33493,44.36946],[-73.33408,44.37274],[-73.33217,44.37479],[-73.32292,44.38212],[-73.32018,44.3848],[-73.31805,44.38768],[-73.31696,44.38962],[-73.31633,44.39452],[-73.31467,44.40063],[-73.31217,44.40593],[-73.30648,44.41526],[-73.29817,44.4252],[-73.296,44.42873],[-73.29417,44.43369],[-73.2945,44.43601],[-73.28575,44.43672],[-73.26942,44.44011],[-73.26248,44.44382],[-73.24963,44.44564],[-73.24241,44.44481],[-73.23714,44.43819],[-73.2356,44.42582],[-73.21823,44.42251],[-73.15461,44.40522]]]}},{"type":"Feature","properties":{"TOWNNAMEMC":"Sheldon","CNTY":11,"FIPS6":11075.0},"geometry":{"type":"Polygon","coordinates":[[[-72.83799,44.86043],[-72.83933,44.85641],[-72.88294,44.86426],[-72.95725,44.87503],[-73.00146,44.88225],[-73.03636,44.88707],[-73.05542,44.91065],[-72.99954,44.91972],[-72.89969,44.93471],[-72.81477,44.91909],[-72.8329,44.87498],[-72.83799,44.86043]]]}},{"type":"Feature","properties":{"TOWNNAMEMC":"Shoreham","CNTY":1,"FIPS6":1090.0},"geometry":{"type":"Polygon","coordinates":[[[-73.24172,43.90481],[-73.22267,43.85801],[-73.37371,43.84297],[-73.37259,43.84536],[-73.37284,43.84664],[-73.37363,43.84752],[-73.38025,43.85192],[-73.382,43.85412],[-73.38231,43.85606],[-73.38125,43.86002],[-73.38016,43.86199],[-73.37909,43.86519],[-73.37434,43.87431],[-73.37415,43.87623],[-73.37804,43.88291],[-73.38755,43.89699],[-73.39006,43.8994],[-73.39589,43.90298],[-73.39657,43.90393],[-73.40206,43.91924],[-73.40811,43.93044],[-73.39729,43.9311],[-73.32307,43.93955],[-73.26585,43.94565],[-73.25926,43.94722],[-73.24172,43.90481]]]}},{"type":"Feature","properties":{"TOWNNAMEMC":"Shrewsbury","CNTY":21,"FIPS6":21110.0},"geometry":{"type":"Polygon","coordinates":[[[-72.7702,43.48546],[-72.77141,43.47857],[-72.7943,43.48378],[-72.82848,43.48274],[-72.85443,43.48157],[-72.87076,43.47974],[-72.89312,43.47828],[-72.92875,43.4779],[-72.92883,43.48766],[-72.92989,43.50747],[-72.93416,43.5748],[-72.77349,43.57982],[-72.78188,43.54393],[-72.78993,43.49455],[-72.76914,43.49151],[-72.7702,43.48546]]]}},{"type":"Feature","properties":{"TOWNNAMEMC":"Somerset","CNTY":25,"FIPS6":25073.0},"geometry":{"type":"Polygon","coordinates":[[[-73.0006,43.02357],[-72.91793,43.0208],[-72.92016,42.99271],[-72.92379,42.92744],[-73.00671,42.93075],[-73.00813,42.93056],[-73.00312,43.02368],[-73.0006,43.02357]]]}},{"type":"Feature","properties":{"TOWNNAMEMC":"South Burlington","CNTY":7,"FIPS6":7070.0},"geometry":{"type":"Polygon","coordinates":[[[-73.27377,44.52841],[-73.27322,44.52824],[-73.27312,44.52669],[-73.27084,44.52428],[-73.26997,44.52272],[-73.26913,44.5198],[-73.2691,44.51717],[-73.26872,44.51619],[-73.2691,44.51512],[-73.26979,44.5147],[-73.27058,44.51466],[-73.27017,44.51323],[-73.27067,44.51309],[-73.27111,44.51235],[-73.27242,44.51191],[-73.27283,44.51214],[-73.27316,44.51199],[-73.27345,44.51161],[-73.27324,44.511],[-73.27439,44.50966],[-73.27431,44.50898],[-73.27484,44.50793],[-73.27703,44.50624],[-73.27639,44.5049],[-73.27493,44.50424],[-73.27532,44.50355],[-73.27508,44.50317],[-73.2724,44.50115],[-73.27289,44.49997],[-73.2736,44.49935],[-73.27388,44.49716],[-73.23146,44.44694],[-73.20925,44.44591],[-73.20838,44.45522],[-73.18998,44.45414],[-73.19376,44.474],[-73.19014,44.47238],[-73.17612,44.48467],[-73.17325,44.48608],[-73.17206,44.48814],[-73.16898,44.49032],[-73.16812,44.49006],[-73.1688,44.48696],[-73.1679,44.48647],[-73.16614,44.48705],[-73.16423,44.48829],[-73.16292,44.4897],[-73.16136,44.49017],[-73.16025,44.49013],[-73.15922,44.48934],[-73.1584,44.48976],[-73.1577,44.48964],[-73.15515,44.4882],[-73.15397,44.48794],[-73.1507,44.4889],[-73.14633,44.4893],[-73.14423,44.48985],[-73.14305,44.49089],[-73.14311,44.4918],[-73.14405,44.49232],[-73.14734,44.49281],[-73.14795,44.49382],[-73.14404,44.49648],[-73.14259,44.49889],[-73.1412,44.50025],[-73.13813,44.50111],[-73.13727,44.50073],[-73.1372,44.49971],[-73.13948,44.49811],[-73.14047,44.49685],[-73.14065,44.49543],[-73.13945,44.49189],[-73.13958,44.49069],[-73.14029,44.4897],[-73.14203,44.48886],[-73.14304,44.48783],[-73.14429,44.48443],[-73.14492,44.48077],[-73.14372,44.47957],[-73.14132,44.47827],[-73.13993,44.4781],[-73.13768,44.47841],[-73.13662,44.478],[-73.13593,44.475],[-73.13665,44.47479],[-73.13665,44.47446],[-73.13603,44.47341],[-73.13517,44.47318],[-73.13485,44.47254],[-73.13504,44.47224],[-73.13567,44.47227],[-73.13665,44.47141],[-73.13674,44.47104],[-73.13625,44.47086],[-73.1366,44.47052],[-73.13824,44.46997],[-73.13836,44.4692],[-73.13759,44.46855],[-73.13778,44.46788],[-73.13727,44.46755],[-73.13769,44.46724],[-73.13729,44.46696],[-73.13744,44.4659],[-73.1384,44.46567],[-73.13875,44.46515],[-73.13805,44.46448],[-73.13772,44.46486],[-73.13725,44.46472],[-73.13654,44.46496],[-73.13669,44.46345],[-73.13607,44.46321],[-73.13557,44.46189],[-73.13616,44.4609],[-73.13624,44.45962],[-73.13713,44.45884],[-73.1362,44.45853],[-73.13567,44.45766],[-73.13479,44.45722],[-73.13585,44.45696],[-73.13554,44.45622],[-73.13706,44.45565],[-73.13743,44.4549],[-73.13837,44.45423],[-73.13831,44.45344],[-73.139,44.45267],[-73.1382,44.45159],[-73.13934,44.45097],[-73.13849,44.45025],[-73.13993,44.44965],[-73.13983,44.44898],[-73.13906,44.44823],[-73.13904,44.44726],[-73.13586,44.44517],[-73.13572,44.44453],[-73.13634,44.44336],[-73.13527,44.44249],[-73.13559,44.44203],[-73.13616,44.44192],[-73.136,44.44147],[-73.13655,44.44141],[-73.13634,44.441],[-73.1369,44.44066],[-73.13613,44.43961],[-73.13675,44.43953],[-73.13663,44.43912],[-73.13746,44.43912],[-73.13685,44.43833],[-73.13765,44.43849],[-73.13827,44.43797],[-73.13824,44.43759],[-73.13744,44.43772],[-73.13765,44.43722],[-73.13712,44.43724],[-73.13733,44.43681],[-73.13814,44.43675],[-73.13761,44.43582],[-73.13883,44.43515],[-73.13889,44.4355],[-73.13951,44.43571],[-73.1398,44.4348],[-73.14062,44.4349],[-73.14071,44.43443],[-73.14119,44.43463],[-73.14197,44.43438],[-73.14161,44.43394],[-73.14264,44.43333],[-73.14234,44.43303],[-73.14265,44.4327],[-73.14214,44.43233],[-73.14305,44.4319],[-73.14323,44.43112],[-73.14408,44.43083],[-73.14329,44.43037],[-73.14425,44.43023],[-73.14435,44.42973],[-73.14539,44.42975],[-73.14556,44.4287],[-73.14619,44.42827],[-73.14619,44.42738],[-73.14534,44.4268],[-73.14471,44.42532],[-73.14496,44.42492],[-73.14557,44.42495],[-73.14586,44.42435],[-73.14521,44.42381],[-73.1454,44.42344],[-73.14587,44.42363],[-73.14599,44.42298],[-73.14512,44.42197],[-73.1456,44.42184],[-73.1455,44.42094],[-73.14634,44.42056],[-73.14568,44.42056],[-73.14565,44.42025],[-73.14658,44.41979],[-73.14605,44.41943],[-73.14648,44.4188],[-73.14598,44.4188],[-73.14485,44.41701],[-73.14519,44.41639],[-73.14464,44.41596],[-73.14522,44.41598],[-73.14529,44.41455],[-73.14456,44.41209],[-73.1455,44.41125],[-73.14614,44.41201],[-73.14806,44.41238],[-73.14853,44.41164],[-73.14954,44.41174],[-73.15099,44.41066],[-73.15163,44.41073],[-73.15155,44.41039],[-73.15231,44.41001],[-73.15232,44.40929],[-73.15304,44.40882],[-73.15362,44.40739],[-73.15476,44.40638],[-73.15461,44.40522],[-73.21823,44.42251],[-73.2356,44.42582],[-73.23714,44.43819],[-73.24241,44.44481],[-73.24963,44.44564],[-73.26248,44.44382],[-73.26942,44.44011],[-73.28575,44.43672],[-73.2945,44.43601],[-73.2934,44.4375],[-73.2933,44.44053],[-73.29401,44.44381],[-73.29635,44.44871],[-73.29937,44.45365],[-73.29959,44.45468],[-73.2997,44.45781],[-73.29863,44.46206],[-73.29822,44.46561],[-73.29838,44.46939],[-73.29963,44.47745],[-73.30346,44.48445],[-73.30475,44.49156],[-73.3079,44.49966],[-73.31129,44.50503],[-73.31849,44.51219],[-73.31997,44.51526],[-73.2756,44.52948],[-73.27377,44.52841]]]}},{"type":"Feature","properties":{"TOWNNAMEMC":"South Hero","CNTY":13,"FIPS6":13025.0},"geometry":{"type":"Polygon","coordinates":[[[-73.2545,44.61068],[-73.25513,44.60682],[-73.25597,44.60488],[-73.25734,44.60269],[-73.26194,44.59753],[-73.2637,44.5962],[-73.26985,44.59289],[-73.2775,44.58937],[-73.28927,44.58463],[-73.30313,44.57974],[-73.32766,44.5728],[-73.33877,44.57034],[-73.36204,44.56445],[-73.37457,44.57568],[-73.37519,44.57772],[-73.37522,44.58063],[-73.37593,44.58268],[-73.37785,44.58538],[-73.38171,44.5896],[-73.38082,44.59155],[-73.37812,44.59365],[-73.37673,44.59548],[-73.37631,44.59754],[-73.37678,44.59954],[-73.38022,44.60424],[-73.38182,44.60837],[-73.38226,44.61129],[-73.38287,44.61219],[-73.3893,44.61677],[-73.39019,44.61893],[-73.38933,44.62102],[-73.38732,44.62373],[-73.38648,44.62687],[-73.38594,44.6309],[-73.38705,44.6359],[-73.38554,44.63739],[-73.37885,44.64126],[-73.38003,44.643],[-73.38438,44.64676],[-73.38396,44.64772],[-73.38066,44.64957],[-73.37843,44.65204],[-73.37803,44.65302],[-73.37908,44.65587],[-73.37891,44.65703],[-73.37691,44.65841],[-73.37603,44.66027],[-73.3744,44.66222],[-73.37316,44.66275],[-73.37033,44.66277],[-73.36977,44.66376],[-73.36996,44.66569],[-73.37235,44.66809],[-73.37277,44.66904],[-73.37112,44.67293],[-73.37183,44.67522],[-73.24953,44.68598],[-73.22841,44.68826],[-73.22891,44.68562],[-73.23273,44.67511],[-73.23356,44.67159],[-73.23308,44.64988],[-73.23384,44.64838],[-73.23545,44.64706],[-73.23771,44.64589],[-73.24275,44.64401],[-73.24951,44.6424],[-73.25111,44.64151],[-73.25319,44.63847],[-73.25539,44.63361],[-73.25628,44.62968],[-73.2545,44.61068]]]}},{"type":"Feature","properties":{"TOWNNAMEMC":"Springfield","CNTY":27,"FIPS6":27090.0},"geometry":{"type":"Polygon","coordinates":[[[-72.43577,43.23403],[-72.43477,43.23326],[-72.54915,43.2359],[-72.54801,43.29228],[-72.54663,43.31132],[-72.54649,43.33484],[-72.54544,43.34527],[-72.50155,43.34282],[-72.46859,43.34117],[-72.44399,43.34028],[-72.40617,43.33821],[-72.4102,43.33247],[-72.4105,43.3307],[-72.40774,43.32625],[-72.4042,43.32258],[-72.40242,43.32007],[-72.4015,43.31934],[-72.39882,43.31823],[-72.39733,43.31695],[-72.3956,43.31418],[-72.39545,43.31293],[-72.39627,43.31148],[-72.39789,43.30996],[-72.39841,43.30856],[-72.39915,43.30815],[-72.39977,43.30601],[-72.4029,43.3024],[-72.40268,43.30098],[-72.40476,43.29433],[-72.40495,43.29231],[-72.40624,43.28972],[-72.40804,43.28412],[-72.4093,43.28134],[-72.41237,43.27707],[-72.41362,43.27427],[-72.41505,43.27255],[-72.4162,43.27024],[-72.42044,43.26626],[-72.42121,43.26385],[-72.42183,43.26326],[-72.42497,43.26175],[-72.43363,43.259],[-72.43571,43.25772],[-72.437,43.25605],[-72.43752,43.25421],[-72.43891,43.25188],[-72.43841,43.24926],[-72.43958,43.24491],[-72.43794,43.23846],[-72.43577,43.23403]]]}},{"type":"Feature","properties":{"TOWNNAMEMC":"Stamford","CNTY":3,"FIPS6":3065.0},"geometry":{"type":"Polygon","coordinates":[[[-73.01517,42.83208],[-73.01865,42.74104],[-73.14267,42.74354],[-73.13711,42.83559],[-73.01517,42.83208]]]}},{"type":"Feature","properties":{"TOWNNAMEMC":"Stannard","CNTY":5,"FIPS6":5065.0},"geometry":{"type":"Polygon","coordinates":[[[-72.1465,44.50654],[-72.15126,44.50009],[-72.19076,44.51534],[-72.26289,44.54249],[-72.23734,44.57658],[-72.13776,44.51858],[-72.1465,44.50654]]]}},{"type":"Feature","properties":{"TOWNNAMEMC":"Starksboro","CNTY":1,"FIPS6":1095.0},"geometry":{"type":"Polygon","coordinates":[[[-72.96545,44.23139],[-72.9522,44.16141],[-72.95462,44.16083],[-73.00912,44.15518],[-73.01638,44.15515],[-73.01701,44.15757],[-73.01676,44.15908],[-73.02306,44.19212],[-73.04967,44.18955],[-73.04912,44.18653],[-73.07104,44.18432],[-73.08493,44.25454],[-73.07549,44.25558],[-73.08034,44.28232],[-73.07059,44.28386],[-73.07001,44.27993],[-73.01652,44.28536],[-73.02037,44.30374],[-72.97588,44.29504],[-72.96545,44.23139]]]}},{"type":"Feature","properties":{"TOWNNAMEMC":"Stockbridge","CNTY":27,"FIPS6":27095.0},"geometry":{"type":"Polygon","coordinates":[[[-72.76607,43.82331],[-72.65945,43.79436],[-72.71599,43.70022],[-72.69391,43.69325],[-72.69848,43.68422],[-72.81998,43.7167],[-72.80393,43.74097],[-72.81926,43.74631],[-72.79697,43.78075],[-72.78286,43.80401],[-72.77105,43.82461],[-72.76607,43.82331]]]}},{"type":"Feature","properties":{"TOWNNAMEMC":"Stowe","CNTY":15,"FIPS6":15040.0},"geometry":{"type":"Polygon","coordinates":[[[-72.59728,44.47938],[-72.59889,44.47726],[-72.60025,44.47402],[-72.65434,44.3983],[-72.71621,44.42363],[-72.76556,44.44281],[-72.8383,44.45929],[-72.80363,44.50628],[-72.8308,44.51643],[-72.80996,44.54671],[-72.78439,44.54105],[-72.76967,44.5634],[-72.75324,44.55719],[-72.75191,44.55888],[-72.73241,44.55254],[-72.69236,44.54501],[-72.70764,44.52355],[-72.68523,44.51493],[-72.59728,44.47938]]]}},{"type":"Feature","properties":{"TOWNNAMEMC":"Strafford","CNTY":17,"FIPS6":17050.0},"geometry":{"type":"Polygon","coordinates":[[[-72.28449,43.90359],[-72.27155,43.89982],[-72.32401,43.83217],[-72.33934,43.81045],[-72.3461,43.8116],[-72.40507,43.82546],[-72.46156,43.83685],[-72.45952,43.83809],[-72.40493,43.91451],[-72.3942,43.92897],[-72.3878,43.92662],[-72.28473,43.90322],[-72.28449,43.90359]]]}},{"type":"Feature","properties":{"TOWNNAMEMC":"Stratton","CNTY":25,"FIPS6":25075.0},"geometry":{"type":"Polygon","coordinates":[[[-72.86824,43.11393],[-72.87397,43.02978],[-72.87529,43.01746],[-72.87772,43.01754],[-72.87945,42.99095],[-72.92016,42.99271],[-72.91793,43.0208],[-73.0006,43.02357],[-73.00061,43.03912],[-73.00178,43.07512],[-72.99832,43.0966],[-72.9987,43.09749],[-72.99714,43.11746],[-72.99597,43.1187],[-72.94842,43.11748],[-72.89828,43.11465],[-72.86824,43.11393]]]}},{"type":"Feature","properties":{"TOWNNAMEMC":"Sudbury","CNTY":21,"FIPS6":21115.0},"geometry":{"type":"Polygon","coordinates":[[[-73.2192,43.7492],[-73.23197,43.74887],[-73.23077,43.76453],[-73.20632,43.76677],[-73.21896,43.83729],[-73.15558,43.83967],[-73.13148,43.75226],[-73.17897,43.75029],[-73.2192,43.7492]]]}},{"type":"Feature","properties":{"TOWNNAMEMC":"Sunderland","CNTY":3,"FIPS6":3070.0},"geometry":{"type":"Polygon","coordinates":[[[-73.00748,43.11664],[-73.0062,43.11586],[-72.99732,43.11545],[-72.9987,43.09749],[-72.99832,43.0966],[-73.00178,43.07512],[-73.00061,43.03912],[-73.0006,43.02357],[-73.00312,43.02368],[-73.00323,43.02146],[-73.14059,43.02582],[-73.13705,43.0804],[-73.13504,43.12053],[-73.00748,43.11664]]]}},{"type":"Feature","properties":{"TOWNNAMEMC":"Sutton","CNTY":5,"FIPS6":5070.0},"geometry":{"type":"Polygon","coordinates":[[[-72.01145,44.69883],[-71.99955,44.69309],[-71.97325,44.67955],[-71.97493,44.67294],[-71.99035,44.62306],[-71.99982,44.59017],[-72.05769,44.59842],[-72.07639,44.6516],[-72.11436,44.74981],[-72.01145,44.69883]]]}},{"type":"Feature","properties":{"TOWNNAMEMC":"Swanton","CNTY":11,"FIPS6":11080.0},"geometry":{"type":"Polygon","coordinates":[[[-72.99274,44.82078],[-72.99683,44.816],[-73.00967,44.82107],[-73.12406,44.86147],[-73.19389,44.88682],[-73.19199,44.89252],[-73.19145,44.89807],[-73.19132,44.9056],[-73.19231,44.90829],[-73.19302,44.90918],[-73.19535,44.91058],[-73.2057,44.9111],[-73.20861,44.91186],[-73.21594,44.91525],[-73.22378,44.91784],[-73.22491,44.91848],[-73.22612,44.9196],[-73.22773,44.92215],[-73.23244,44.93065],[-73.23425,44.93701],[-73.23795,44.94064],[-73.23949,44.9428],[-73.24041,44.94527],[-73.24094,44.94889],[-73.24038,44.95129],[-73.23913,44.95321],[-73.23817,44.95415],[-73.23365,44.95665],[-73.22987,44.95918],[-73.22473,44.9649],[-73.21944,44.97368],[-73.20699,44.9896],[-73.20106,44.99826],[-73.19636,45.00576],[-73.19231,45.01347],[-73.17042,45.01387],[-73.16995,45.01161],[-73.1673,45.00756],[-73.16476,45.00635],[-73.15842,45.00449],[-73.15625,45.00358],[-73.15373,45.00154],[-73.15237,44.99873],[-73.15021,44.99622],[-73.14999,44.99353],[-73.15128,44.99],[-73.15154,44.98782],[-73.15453,44.98142],[-73.1573,44.97875],[-73.16141,44.97724],[-73.16451,44.97403],[-73.16822,44.97172],[-73.16847,44.97068],[-73.16632,44.96756],[-73.1659,44.96621],[-73.16617,44.95873],[-73.16532,44.95622],[-73.16264,44.95204],[-73.15779,44.948],[-73.15531,44.94667],[-73.14532,44.94366],[-73.1402,44.94061],[-73.05542,44.91065],[-73.03636,44.88707],[-73.00146,44.88225],[-73.00841,44.8515],[-72.98914,44.82498],[-72.99274,44.82078]]]}},{"type":"Feature","properties":{"TOWNNAMEMC":"Thetford","CNTY":17,"FIPS6":17055.0},"geometry":{"type":"Polygon","coordinates":[[[-72.17569,43.86644],[-72.18144,43.86602],[-72.18415,43.86496],[-72.18505,43.86381],[-72.1859,43.85976],[-72.18819,43.85579],[-72.18793,43.8538],[-72.18392,43.84642],[-72.18292,43.84367],[-72.18333,43.84082],[-72.18254,43.83498],[-72.18271,43.83299],[-72.1838,43.83046],[-72.18617,43.82711],[-72.1889,43.8223],[-72.18873,43.82018],[-72.18718,43.81681],[-72.18348,43.81161],[-72.1833,43.80977],[-72.18375,43.80763],[-72.18519,43.80447],[-72.18963,43.80169],[-72.19125,43.80027],[-72.19431,43.79353],[-72.1968,43.79038],[-72.19902,43.78882],[-72.20298,43.7872],[-72.20481,43.7859],[-72.20552,43.78497],[-72.20585,43.78179],[-72.20406,43.77957],[-72.20545,43.77677],[-72.2054,43.77132],[-72.33934,43.81046],[-72.32401,43.83217],[-72.27155,43.89982],[-72.16919,43.87171],[-72.1682,43.86977],[-72.16837,43.86887],[-72.17569,43.86644]]]}},{"type":"Feature","properties":{"TOWNNAMEMC":"Tinmouth","CNTY":21,"FIPS6":21120.0},"geometry":{"type":"Polygon","coordinates":[[[-73.05077,43.49417],[-73.00531,43.49267],[-73.00714,43.4481],[-73.01441,43.44514],[-73.02173,43.39929],[-73.03465,43.40019],[-73.05208,43.40095],[-73.12087,43.40301],[-73.11906,43.4358],[-73.10766,43.43543],[-73.07874,43.47943],[-73.08553,43.49518],[-73.05077,43.49417]]]}},{"type":"Feature","properties":{"TOWNNAMEMC":"Topsham","CNTY":17,"FIPS6":17060.0},"geometry":{"type":"Polygon","coordinates":[[[-72.17069,44.19197],[-72.18072,44.15548],[-72.20757,44.06601],[-72.22477,44.07079],[-72.33137,44.09241],[-72.30998,44.16516],[-72.3052,44.18309],[-72.17436,44.19266],[-72.17069,44.19197]]]}},{"type":"Feature","properties":{"TOWNNAMEMC":"Townshend","CNTY":25,"FIPS6":25080.0},"geometry":{"type":"Polygon","coordinates":[[[-72.63959,43.12641],[-72.64196,43.10649],[-72.59618,43.10457],[-72.62092,43.0184],[-72.70074,43.02069],[-72.74329,43.0222],[-72.70848,43.12577],[-72.69207,43.12185],[-72.69092,43.13173],[-72.63831,43.13644],[-72.63959,43.12641]]]}},{"type":"Feature","properties":{"TOWNNAMEMC":"Troy","CNTY":19,"FIPS6":19085.0},"geometry":{"type":"Polygon","coordinates":[[[-72.4063,45.00694],[-72.388,45.00626],[-72.36863,45.00622],[-72.3292,45.00494],[-72.34577,44.94101],[-72.36344,44.87504],[-72.37132,44.84158],[-72.4045,44.84114],[-72.40716,44.86225],[-72.41257,44.92633],[-72.43334,45.00804],[-72.4063,45.00694]]]}},{"type":"Feature","properties":{"TOWNNAMEMC":"Tunbridge","CNTY":17,"FIPS6":17065.0},"geometry":{"type":"Polygon","coordinates":[[[-72.3942,43.92897],[-72.40493,43.91451],[-72.45952,43.83809],[-72.5736,43.87312],[-72.56927,43.8809],[-72.56756,43.88484],[-72.56097,43.89461],[-72.51028,43.96619],[-72.3942,43.92897]]]}},{"type":"Feature","properties":{"TOWNNAMEMC":"Underhill","CNTY":7,"FIPS6":7075.0},"geometry":{"type":"Polygon","coordinates":[[[-72.8372,44.46075],[-72.8383,44.45929],[-72.8882,44.47032],[-72.97137,44.5504],[-72.90996,44.6312],[-72.85847,44.57978],[-72.82704,44.55069],[-72.80996,44.54671],[-72.8308,44.51643],[-72.80363,44.50628],[-72.8372,44.46075]]]}},{"type":"Feature","properties":{"TOWNNAMEMC":"Vergennes","CNTY":1,"FIPS6":1100.0},"geometry":{"type":"Polygon","coordinates":[[[-73.24027,44.16409],[-73.23883,44.1566],[-73.23939,44.15522],[-73.2683,44.15295],[-73.2727,44.17699],[-73.24343,44.18026],[-73.24027,44.16409]]]}},{"type":"Feature","properties":{"TOWNNAMEMC":"Vernon","CNTY":25,"FIPS6":25085.0},"geometry":{"type":"Polygon","coordinates":[[[-72.55765,42.8241],[-72.54619,42.82415],[-72.54446,42.81955],[-72.54235,42.81589],[-72.54263,42.81172],[-72.54172,42.80746],[-72.51529,42.78715],[-72.51036,42.78216],[-72.50854,42.77895],[-72.50854,42.77699],[-72.50879,42.7762],[-72.51033,42.77459],[-72.51418,42.773],[-72.51477,42.77198],[-72.51449,42.77139],[-72.51624,42.76997],[-72.51653,42.76841],[-72.51495,42.76513],[-72.51391,42.76449],[-72.51071,42.76381],[-72.50921,42.76456],[-72.50766,42.76456],[-72.5068,42.76552],[-72.50574,42.76601],[-72.50423,42.76604],[-72.50186,42.76695],[-72.49939,42.76899],[-72.49869,42.77181],[-72.49674,42.77355],[-72.49293,42.77307],[-72.49042,42.77235],[-72.48697,42.76871],[-72.48512,42.76594],[-72.48334,42.76471],[-72.47935,42.76317],[-72.47685,42.76045],[-72.47511,42.75619],[-72.47467,42.7513],[-72.47361,42.74668],[-72.47125,42.74401],[-72.47002,42.74367],[-72.46816,42.74218],[-72.46671,42.73942],[-72.46317,42.73638],[-72.46247,42.73452],[-72.46189,42.73411],[-72.45906,42.72985],[-72.45845,42.72696],[-72.56535,42.72996],[-72.56351,42.7896],[-72.562,42.80296],[-72.56145,42.82418],[-72.55765,42.8241]]]}},{"type":"Feature","properties":{"TOWNNAMEMC":"Vershire","CNTY":17,"FIPS6":17070.0},"geometry":{"type":"Polygon","coordinates":[[[-72.24141,43.97938],[-72.28473,43.90322],[-72.3878,43.92662],[-72.3942,43.92897],[-72.39176,43.93939],[-72.38183,44.00829],[-72.24141,43.97938]]]}},{"type":"Feature","properties":{"TOWNNAMEMC":"Victory","CNTY":9,"FIPS6":9085.0},"geometry":{"type":"Polygon","coordinates":[[[-71.80867,44.49926],[-71.83333,44.4878],[-71.85387,44.49888],[-71.85669,44.49627],[-71.87459,44.5146],[-71.90894,44.54792],[-71.90068,44.55547],[-71.89081,44.56543],[-71.84237,44.61087],[-71.80851,44.59448],[-71.79208,44.58486],[-71.7495,44.5621],[-71.70712,44.53883],[-71.74947,44.52321],[-71.77966,44.51149],[-71.79588,44.50511],[-71.80867,44.49926]]]}},{"type":"Feature","properties":{"TOWNNAMEMC":"Waitsfield","CNTY":23,"FIPS6":23080.0},"geometry":{"type":"Polygon","coordinates":[[[-72.73779,44.21304],[-72.74039,44.21061],[-72.74838,44.20119],[-72.74077,44.19705],[-72.75469,44.18038],[-72.75115,44.17773],[-72.74927,44.17674],[-72.77099,44.15377],[-72.7639,44.14982],[-72.78306,44.13026],[-72.85445,44.15052],[-72.86871,44.15483],[-72.83127,44.19376],[-72.78947,44.23957],[-72.78054,44.23524],[-72.73779,44.21304]]]}},{"type":"Feature","properties":{"TOWNNAMEMC":"Walden","CNTY":5,"FIPS6":5075.0},"geometry":{"type":"Polygon","coordinates":[[[-72.20201,44.43128],[-72.21056,44.4197],[-72.26316,44.44031],[-72.31743,44.46109],[-72.32139,44.46317],[-72.29365,44.50005],[-72.26289,44.54249],[-72.19076,44.51534],[-72.15126,44.50009],[-72.20201,44.43128]]]}},{"type":"Feature","properties":{"TOWNNAMEMC":"Wallingford","CNTY":21,"FIPS6":21125.0},"geometry":{"type":"Polygon","coordinates":[[[-72.95874,43.49324],[-72.95928,43.49026],[-72.95532,43.48987],[-72.95575,43.48376],[-72.92877,43.48168],[-72.92875,43.4779],[-72.89312,43.47828],[-72.87076,43.47974],[-72.87406,43.41921],[-72.87513,43.41454],[-72.87549,43.41093],[-72.87612,43.39435],[-72.95585,43.39697],[-72.99823,43.39771],[-73.02173,43.39929],[-73.01441,43.44514],[-73.00714,43.4481],[-73.00531,43.49267],[-72.98761,43.49157],[-72.98719,43.49608],[-72.96332,43.49505],[-72.96336,43.49334],[-72.95874,43.49324]]]}},{"type":"Feature","properties":{"TOWNNAMEMC":"Waltham","CNTY":1,"FIPS6":1105.0},"geometry":{"type":"Polygon","coordinates":[[[-73.21276,44.15976],[-73.20476,44.10981],[-73.24098,44.10693],[-73.24115,44.11081],[-73.24176,44.11397],[-73.24685,44.11186],[-73.24959,44.08823],[-73.25297,44.08965],[-73.25341,44.09053],[-73.25209,44.09413],[-73.25272,44.09589],[-73.25385,44.09646],[-73.25636,44.09686],[-73.25756,44.09736],[-73.25798,44.09826],[-73.25776,44.09929],[-73.25489,44.10363],[-73.25608,44.10828],[-73.25742,44.10985],[-73.26111,44.11114],[-73.26184,44.11195],[-73.26214,44.11299],[-73.26144,44.11665],[-73.25993,44.11939],[-73.25998,44.12037],[-73.26159,44.12378],[-73.25965,44.12543],[-73.25955,44.12635],[-73.2633,44.13163],[-73.26344,44.13263],[-73.2625,44.13445],[-73.26253,44.13545],[-73.26451,44.13799],[-73.2643,44.13895],[-73.26207,44.14045],[-73.26149,44.14137],[-73.26303,44.14425],[-73.2626,44.14516],[-73.25287,44.14877],[-73.25005,44.1532],[-73.24998,44.15443],[-73.23939,44.15522],[-73.23883,44.1566],[-73.24027,44.16409],[-73.21276,44.15976]]]}},{"type":"Feature","properties":{"TOWNNAMEMC":"Wardsboro","CNTY":25,"FIPS6":25090.0},"geometry":{"type":"Polygon","coordinates":[[[-72.73392,43.05042],[-72.74948,43.00393],[-72.75423,42.98665],[-72.87945,42.99095],[-72.87772,43.01754],[-72.87529,43.01746],[-72.87397,43.02978],[-72.87231,43.05364],[-72.73392,43.05042]]]}},{"type":"Feature","properties":{"TOWNNAMEMC":"Warner's Grant","CNTY":9,"FIPS6":9090.0},"geometry":{"type":"Polygon","coordinates":[[[-71.90277,44.89221],[-71.92015,44.90153],[-71.91193,44.9446],[-71.89166,44.94501],[-71.90277,44.89221]]]}},{"type":"Feature","properties":{"TOWNNAMEMC":"Warren","CNTY":23,"FIPS6":23085.0},"geometry":{"type":"Polygon","coordinates":[[[-72.80384,44.07505],[-72.81894,44.05188],[-72.84865,44.06048],[-72.8969,44.07366],[-72.91678,44.07188],[-72.92176,44.09471],[-72.9255,44.11953],[-72.93215,44.1555],[-72.93408,44.16282],[-72.90465,44.16479],[-72.89328,44.16508],[-72.89185,44.16096],[-72.87165,44.15571],[-72.85445,44.15052],[-72.77047,44.1267],[-72.80384,44.07505]]]}},{"type":"Feature","properties":{"TOWNNAMEMC":"Warren's Gore","CNTY":9,"FIPS6":9095.0},"geometry":{"type":"Polygon","coordinates":[[[-71.85796,44.86803],[-71.90277,44.89221],[-71.89166,44.94501],[-71.84609,44.94603],[-71.85809,44.87506],[-71.85796,44.86803]]]}},{"type":"Feature","properties":{"TOWNNAMEMC":"Washington","CNTY":17,"FIPS6":17075.0},"geometry":{"type":"Polygon","coordinates":[[[-72.44338,44.1288],[-72.34878,44.09626],[-72.34904,44.09339],[-72.35593,44.07417],[-72.37147,44.03395],[-72.38189,44.00816],[-72.47462,44.04088],[-72.50242,44.05036],[-72.47581,44.09804],[-72.45554,44.13334],[-72.44338,44.1288]]]}},{"type":"Feature","properties":{"TOWNNAMEMC":"Waterbury","CNTY":23,"FIPS6":23090.0},"geometry":{"type":"Polygon","coordinates":[[[-72.66134,44.36205],[-72.67174,44.34744],[-72.67824,44.34965],[-72.68829,44.33547],[-72.69537,44.32446],[-72.70518,44.32837],[-72.71674,44.31293],[-72.71833,44.31345],[-72.7191,44.31422],[-72.72031,44.31466],[-72.72343,44.31465],[-72.72481,44.31504],[-72.72533,44.31692],[-72.72677,44.31853],[-72.73344,44.32242],[-72.73499,44.32273],[-72.73812,44.32266],[-72.74054,44.32346],[-72.74213,44.32635],[-72.74411,44.32768],[-72.74775,44.32877],[-72.75284,44.32836],[-72.75412,44.32854],[-72.75645,44.32942],[-72.75739,44.33004],[-72.75825,44.33177],[-72.75912,44.33252],[-72.76295,44.33357],[-72.76344,44.33444],[-72.76395,44.33783],[-72.76192,44.34229],[-72.76193,44.34328],[-72.76302,44.34375],[-72.76682,44.3442],[-72.76852,44.34412],[-72.77152,44.34325],[-72.77271,44.3436],[-72.77362,44.34766],[-72.77541,44.35044],[-72.77757,44.3517],[-72.78023,44.35215],[-72.78408,44.35195],[-72.78647,44.35233],[-72.79415,44.35476],[-72.7985,44.35543],[-72.80023,44.3569],[-72.80119,44.35875],[-72.80302,44.3601],[-72.80623,44.35947],[-72.80869,44.35845],[-72.81006,44.3583],[-72.81117,44.35888],[-72.81194,44.35982],[-72.81332,44.3603],[-72.81467,44.36017],[-72.81622,44.35992],[-72.81864,44.35772],[-72.82025,44.35739],[-72.82293,44.35745],[-72.82575,44.35864],[-72.82596,44.35903],[-72.80238,44.38858],[-72.83983,44.40345],[-72.80321,44.45152],[-72.76556,44.44281],[-72.71621,44.42363],[-72.65434,44.3983],[-72.67115,44.37587],[-72.66323,44.37279],[-72.66856,44.36622],[-72.66026,44.36357],[-72.66134,44.36205]]]}},{"type":"Feature","properties":{"TOWNNAMEMC":"Waterford","CNTY":5,"FIPS6":5080.0},"geometry":{"type":"Polygon","coordinates":[[[-71.8379,44.34797],[-71.8421,44.34518],[-71.84875,44.34262],[-71.85105,44.34126],[-71.85287,44.34084],[-71.86216,44.34016],[-71.86432,44.33958],[-71.86914,44.33735],[-71.87128,44.33669],[-71.87541,44.3377],[-71.88133,44.3401],[-71.88452,44.34194],[-71.88864,44.34307],[-71.8921,44.34346],[-71.89941,44.34691],[-71.90484,44.34817],[-71.9064,44.34823],[-71.91468,44.34736],[-71.91718,44.34672],[-71.92059,44.34439],[-71.92466,44.34229],[-71.9287,44.33802],[-71.93118,44.33686],[-71.93539,44.33578],[-71.93925,44.33591],[-71.94547,44.33776],[-71.95793,44.3375],[-71.96333,44.33654],[-71.9726,44.33674],[-71.97741,44.33749],[-71.98071,44.33747],[-71.98237,44.33717],[-71.98464,44.33615],[-72.03526,44.38846],[-71.93322,44.44114],[-71.8379,44.34797]]]}},{"type":"Feature","properties":{"TOWNNAMEMC":"Waterville","CNTY":15,"FIPS6":15045.0},"geometry":{"type":"Polygon","coordinates":[[[-72.74579,44.7759],[-72.7434,44.73241],[-72.70689,44.71847],[-72.74001,44.67117],[-72.79322,44.69067],[-72.79233,44.69429],[-72.79239,44.69611],[-72.79167,44.697],[-72.78882,44.70914],[-72.77939,44.74383],[-72.77439,44.74317],[-72.76859,44.76499],[-72.75855,44.76364],[-72.75505,44.77703],[-72.74579,44.7759]]]}},{"type":"Feature","properties":{"TOWNNAMEMC":"Weathersfield","CNTY":27,"FIPS6":27100.0},"geometry":{"type":"Polygon","coordinates":[[[-72.40036,43.35736],[-72.39214,43.35788],[-72.3905,43.35706],[-72.38995,43.35604],[-72.39473,43.35067],[-72.39829,43.34848],[-72.40001,43.34687],[-72.40617,43.33821],[-72.44399,43.34028],[-72.46859,43.34117],[-72.50155,43.34282],[-72.54548,43.34527],[-72.54331,43.35914],[-72.53915,43.37406],[-72.53792,43.39362],[-72.53028,43.44354],[-72.5003,43.43868],[-72.45489,43.43519],[-72.45031,43.43452],[-72.40573,43.43015],[-72.39608,43.42863],[-72.39715,43.42415],[-72.39776,43.4231],[-72.39988,43.41582],[-72.39987,43.41106],[-72.40027,43.40837],[-72.40218,43.39911],[-72.40357,43.3963],[-72.4038,43.39206],[-72.40494,43.39037],[-72.41005,43.38692],[-72.41363,43.38332],[-72.4148,43.38141],[-72.41617,43.37678],[-72.41472,43.37063],[-72.41456,43.36917],[-72.41506,43.36583],[-72.4146,43.36426],[-72.4125,43.36235],[-72.40884,43.36115],[-72.40569,43.35937],[-72.40379,43.35789],[-72.40036,43.35736]]]}},{"type":"Feature","properties":{"TOWNNAMEMC":"Wells","CNTY":21,"FIPS6":21130.0},"geometry":{"type":"Polygon","coordinates":[[[-73.17952,43.46586],[-73.11906,43.4358],[-73.12083,43.40404],[-73.17543,43.40591],[-73.19584,43.4069],[-73.25078,43.4086],[-73.24889,43.46185],[-73.1813,43.4652],[-73.17952,43.46586]]]}},{"type":"Feature","properties":{"TOWNNAMEMC":"West Fairlee","CNTY":17,"FIPS6":17080.0},"geometry":{"type":"Polygon","coordinates":[[[-72.23283,43.9925],[-72.16782,43.97466],[-72.21455,43.89979],[-72.21207,43.89804],[-72.21312,43.89621],[-72.2165,43.89189],[-72.22245,43.88634],[-72.28449,43.90359],[-72.23378,43.99276],[-72.23283,43.9925]]]}},{"type":"Feature","properties":{"TOWNNAMEMC":"West Haven","CNTY":21,"FIPS6":21135.0},"geometry":{"type":"Polygon","coordinates":[[[-73.29174,43.64759],[-73.29771,43.62593],[-73.29906,43.626],[-73.3002,43.62563],[-73.30183,43.62436],[-73.30265,43.62576],[-73.30482,43.6275],[-73.30608,43.62808],[-73.30748,43.62787],[-73.31067,43.624],[-73.31218,43.62437],[-73.31376,43.62589],[-73.31669,43.62673],[-73.31785,43.6275],[-73.31815,43.62853],[-73.3205,43.62733],[-73.32375,43.62775],[-73.32645,43.6263],[-73.32939,43.62577],[-73.33096,43.62593],[-73.3319,43.62698],[-73.33308,43.62762],[-73.33437,43.62741],[-73.33513,43.62663],[-73.33681,43.62659],[-73.33796,43.62595],[-73.33843,43.62503],[-73.34138,43.62458],[-73.34328,43.6265],[-73.34488,43.62609],[-73.34668,43.62466],[-73.34783,43.62239],[-73.34927,43.62152],[-73.35082,43.62178],[-73.35187,43.62276],[-73.35384,43.62596],[-73.35742,43.62574],[-73.35855,43.62533],[-73.35928,43.62461],[-73.36613,43.62336],[-73.36744,43.62379],[-73.36918,43.6249],[-73.37189,43.62457],[-73.37236,43.62369],[-73.37249,43.62203],[-73.37008,43.61927],[-73.37464,43.61499],[-73.37648,43.61256],[-73.37487,43.61063],[-73.37537,43.60965],[-73.37677,43.60933],[-73.376,43.60855],[-73.37463,43.60817],[-73.37383,43.60744],[-73.37305,43.60625],[-73.37283,43.60488],[-73.37469,43.60261],[-73.3778,43.60039],[-73.37784,43.59947],[-73.37727,43.59856],[-73.37914,43.598],[-73.38228,43.59825],[-73.38332,43.59754],[-73.38393,43.59647],[-73.38315,43.59576],[-73.38166,43.59253],[-73.38227,43.59158],[-73.38346,43.59124],[-73.38465,43.59153],[-73.38629,43.59139],[-73.38722,43.59075],[-73.38741,43.5898],[-73.38684,43.58861],[-73.38462,43.5873],[-73.38315,43.58706],[-73.38239,43.58617],[-73.38558,43.58317],[-73.38503,43.5821],[-73.38324,43.58031],[-73.38292,43.57901],[-73.38397,43.57552],[-73.38507,43.57493],[-73.38923,43.57477],[-73.39099,43.57402],[-73.39186,43.57291],[-73.39125,43.57083],[-73.39182,43.56996],[-73.39571,43.56913],[-73.3962,43.56788],[-73.39764,43.56766],[-73.39931,43.56819],[-73.4067,43.5715],[-73.40961,43.57363],[-73.41653,43.57736],[-73.42094,43.58172],[-73.4228,43.58236],[-73.42688,43.58301],[-73.42948,43.58471],[-73.43081,43.58642],[-73.43133,43.58792],[-73.43099,43.58944],[-73.42765,43.59398],[-73.42524,43.59827],[-73.42199,43.60285],[-73.42169,43.60442],[-73.42191,43.60589],[-73.42419,43.61125],[-73.42383,43.61249],[-73.41931,43.61841],[-73.41787,43.6209],[-73.41787,43.62214],[-73.4191,43.62421],[-73.42747,43.63409],[-73.42851,43.63653],[-73.42832,43.63743],[-73.4273,43.63952],[-73.42676,43.64206],[-73.42502,43.64481],[-73.42277,43.64617],[-73.4192,43.64765],[-73.41603,43.65159],[-73.41544,43.65272],[-73.41516,43.65616],[-73.41437,43.6587],[-73.41167,43.66256],[-73.40854,43.66877],[-73.40776,43.6725],[-73.40686,43.67462],[-73.28126,43.6689],[-73.29174,43.64759]]]}},{"type":"Feature","properties":{"TOWNNAMEMC":"West Rutland","CNTY":21,"FIPS6":21140.0},"geometry":{"type":"Polygon","coordinates":[[[-73.05522,43.6651],[-73.05476,43.65962],[-73.05104,43.65974],[-73.05017,43.65582],[-73.04948,43.64703],[-73.05172,43.64693],[-73.05159,43.64321],[-73.04758,43.64341],[-73.04718,43.63907],[-73.05017,43.63894],[-73.04966,43.63017],[-73.04863,43.63014],[-73.04854,43.62703],[-73.044,43.6272],[-73.04357,43.62086],[-73.04789,43.62076],[-73.04742,43.61465],[-73.04324,43.61506],[-73.04318,43.61422],[-73.04099,43.61431],[-73.04085,43.61255],[-73.038,43.61266],[-73.03731,43.6107],[-73.03284,43.61072],[-73.0278,43.60441],[-73.02826,43.60028],[-73.02612,43.59967],[-73.02214,43.59676],[-73.01863,43.59158],[-73.01101,43.59201],[-73.0107,43.58679],[-73.01128,43.58675],[-73.01089,43.58064],[-73.01004,43.57647],[-73.00974,43.57647],[-73.00952,43.57397],[-73.01082,43.57393],[-73.01059,43.57173],[-73.03841,43.57063],[-73.07773,43.57019],[-73.10142,43.65375],[-73.10454,43.66337],[-73.05522,43.6651]]]}},{"type":"Feature","properties":{"TOWNNAMEMC":"West Windsor","CNTY":27,"FIPS6":27110.0},"geometry":{"type":"Polygon","coordinates":[[[-72.45353,43.45261],[-72.45489,43.43519],[-72.5003,43.43868],[-72.50993,43.44006],[-72.5304,43.4436],[-72.53021,43.46768],[-72.53111,43.49722],[-72.53283,43.53387],[-72.52927,43.53299],[-72.49161,43.52944],[-72.45031,43.52501],[-72.45161,43.50097],[-72.45311,43.45546],[-72.45353,43.45261]]]}},{"type":"Feature","properties":{"TOWNNAMEMC":"Westfield","CNTY":19,"FIPS6":19090.0},"geometry":{"type":"Polygon","coordinates":[[[-72.41257,44.92633],[-72.40716,44.86225],[-72.40382,44.83513],[-72.53328,44.83408],[-72.54138,44.92598],[-72.41257,44.92633]]]}},{"type":"Feature","properties":{"TOWNNAMEMC":"Westford","CNTY":7,"FIPS6":7080.0},"geometry":{"type":"Polygon","coordinates":[[[-72.96645,44.63987],[-72.90996,44.6312],[-72.97137,44.5504],[-73.01015,44.55632],[-73.09792,44.57051],[-73.03784,44.65128],[-73.00929,44.6465],[-72.96645,44.63987]]]}},{"type":"Feature","properties":{"TOWNNAMEMC":"Westminster","CNTY":25,"FIPS6":25095.0},"geometry":{"type":"Polygon","coordinates":[[[-72.55361,43.1277],[-72.54708,43.12694],[-72.54568,43.12714],[-72.54083,43.12633],[-72.52649,43.12618],[-72.51593,43.12667],[-72.50856,43.12626],[-72.45229,43.1256],[-72.43777,43.12503],[-72.43707,43.12468],[-72.43639,43.1235],[-72.43385,43.12119],[-72.43284,43.11941],[-72.43249,43.11546],[-72.43362,43.11103],[-72.43543,43.10909],[-72.43684,43.10826],[-72.43998,43.10714],[-72.44181,43.10584],[-72.44311,43.10379],[-72.44352,43.10224],[-72.44242,43.09871],[-72.44011,43.09656],[-72.43898,43.09481],[-72.43906,43.09175],[-72.43821,43.08995],[-72.43366,43.08576],[-72.43427,43.08391],[-72.43523,43.08276],[-72.43617,43.08035],[-72.43844,43.07831],[-72.4396,43.0765],[-72.44438,43.07182],[-72.44614,43.07051],[-72.4504,43.06853],[-72.45149,43.06771],[-72.45549,43.06262],[-72.45723,43.0613],[-72.46337,43.05796],[-72.46573,43.05578],[-72.4679,43.05274],[-72.4674,43.0494],[-72.46643,43.04733],[-72.46536,43.04607],[-72.46253,43.04425],[-72.46082,43.04184],[-72.46126,43.03484],[-72.46324,43.02758],[-72.46285,43.02576],[-72.4594,43.02043],[-72.47144,43.02036],[-72.52389,43.02197],[-72.58564,43.02324],[-72.57671,43.07103],[-72.57286,43.07088],[-72.55675,43.12777],[-72.55361,43.1277]]]}},{"type":"Feature","properties":{"TOWNNAMEMC":"Westmore","CNTY":19,"FIPS6":19095.0},"geometry":{"type":"Polygon","coordinates":[[[-71.97483,44.78723],[-71.93929,44.76944],[-71.99124,44.71882],[-71.99954,44.71108],[-72.01145,44.69883],[-72.11436,44.74981],[-72.10121,44.76329],[-72.0413,44.82202],[-72.00253,44.80204],[-71.97483,44.78723]]]}},{"type":"Feature","properties":{"TOWNNAMEMC":"Weston","CNTY":27,"FIPS6":27105.0},"geometry":{"type":"Polygon","coordinates":[[[-72.82196,43.37846],[-72.75963,43.35377],[-72.76376,43.2983],[-72.76428,43.29519],[-72.7652,43.27268],[-72.75513,43.27065],[-72.75683,43.23969],[-72.81962,43.25601],[-72.8199,43.29937],[-72.86865,43.30053],[-72.86663,43.32768],[-72.86575,43.34753],[-72.85493,43.34722],[-72.85406,43.37428],[-72.82286,43.37421],[-72.82276,43.37878],[-72.82196,43.37846]]]}},{"type":"Feature","properties":{"TOWNNAMEMC":"Weybridge","CNTY":1,"FIPS6":1110.0},"geometry":{"type":"Polygon","coordinates":[[[-73.18037,44.04634],[-73.1814,44.04357],[-73.18108,44.04169],[-73.18161,44.03693],[-73.18148,44.03603],[-73.17867,44.03184],[-73.17977,44.02997],[-73.17943,44.02807],[-73.17848,44.02625],[-73.1776,44.02554],[-73.17677,44.0227],[-73.17709,44.01987],[-73.19054,44.01889],[-73.25671,44.01204],[-73.25599,44.03526],[-73.26328,44.03442],[-73.26465,44.03788],[-73.27057,44.04187],[-73.27235,44.05348],[-73.27619,44.05306],[-73.27968,44.07055],[-73.2742,44.07125],[-73.27449,44.07311],[-73.26219,44.07534],[-73.26252,44.07906],[-73.2505,44.07968],[-73.24959,44.08823],[-73.24678,44.08646],[-73.24616,44.0856],[-73.24549,44.08271],[-73.24426,44.08109],[-73.23909,44.07814],[-73.21612,44.06935],[-73.21216,44.06915],[-73.20958,44.06964],[-73.20425,44.06994],[-73.20244,44.06952],[-73.20049,44.06817],[-73.19914,44.06811],[-73.19727,44.07056],[-73.19346,44.07114],[-73.19281,44.07037],[-73.19276,44.06941],[-73.19219,44.06852],[-73.18729,44.06718],[-73.18442,44.06517],[-73.18331,44.06574],[-73.18224,44.06477],[-73.18179,44.06385],[-73.17974,44.06267],[-73.17989,44.06073],[-73.17914,44.0599],[-73.17807,44.05937],[-73.17576,44.05608],[-73.17626,44.05308],[-73.17989,44.04899],[-73.18031,44.04806],[-73.18037,44.04634]]]}},{"type":"Feature","properties":{"TOWNNAMEMC":"Wheelock","CNTY":5,"FIPS6":5085.0},"geometry":{"type":"Polygon","coordinates":[[[-72.10321,44.58756],[-72.09479,44.58462],[-72.08823,44.59296],[-72.07544,44.61043],[-72.06638,44.62349],[-72.05769,44.59842],[-72.08354,44.51037],[-72.13776,44.51858],[-72.23734,44.57658],[-72.20712,44.61673],[-72.20249,44.6241],[-72.1943,44.62067],[-72.15155,44.60517],[-72.12947,44.59745],[-72.10321,44.58756]]]}},{"type":"Feature","properties":{"TOWNNAMEMC":"Whiting","CNTY":1,"FIPS6":1115.0},"geometry":{"type":"Polygon","coordinates":[[[-73.16822,43.86243],[-73.16537,43.86233],[-73.1613,43.86423],[-73.15558,43.83967],[-73.21896,43.83729],[-73.22267,43.85801],[-73.24172,43.90481],[-73.19858,43.90897],[-73.17948,43.90828],[-73.18069,43.90406],[-73.18285,43.9011],[-73.18297,43.89922],[-73.18361,43.8984],[-73.18467,43.89787],[-73.18593,43.89769],[-73.18782,43.89642],[-73.1888,43.89472],[-73.18873,43.89379],[-73.18759,43.89114],[-73.18674,43.89047],[-73.18438,43.88975],[-73.18058,43.88907],[-73.17951,43.88858],[-73.17686,43.88652],[-73.17476,43.88419],[-73.17384,43.88245],[-73.17598,43.87523],[-73.17611,43.87224],[-73.1768,43.87046],[-73.17697,43.86839],[-73.17628,43.8676],[-73.17306,43.86595],[-73.17269,43.86408],[-73.17196,43.86325],[-73.16822,43.86243]]]}},{"type":"Feature","properties":{"TOWNNAMEMC":"Whitingham","CNTY":25,"FIPS6":25100.0},"geometry":{"type":"Polygon","coordinates":[[[-72.80651,42.75175],[-72.80697,42.73642],[-72.9301,42.73919],[-72.9266,42.82337],[-72.9274,42.82981],[-72.80305,42.82665],[-72.80651,42.75175]]]}},{"type":"Feature","properties":{"TOWNNAMEMC":"Williamstown","CNTY":17,"FIPS6":17085.0},"geometry":{"type":"Polygon","coordinates":[[[-72.53198,44.155],[-72.45554,44.13334],[-72.47581,44.09804],[-72.50242,44.05036],[-72.53821,44.06248],[-72.62911,44.08783],[-72.58656,44.16026],[-72.56398,44.15478],[-72.55971,44.16291],[-72.53198,44.155]]]}},{"type":"Feature","properties":{"TOWNNAMEMC":"Williston","CNTY":7,"FIPS6":7085.0},"geometry":{"type":"Polygon","coordinates":[[[-73.1029,44.47666],[-73.10178,44.47244],[-73.10088,44.47192],[-73.09944,44.472],[-73.0983,44.47246],[-73.0965,44.47402],[-73.09513,44.47607],[-73.09404,44.47916],[-73.09194,44.48093],[-73.09086,44.4811],[-73.08896,44.48061],[-73.08855,44.48021],[-73.08868,44.47963],[-73.0878,44.47896],[-73.08683,44.47867],[-73.08504,44.47867],[-73.08312,44.47924],[-73.08094,44.4816],[-73.07565,44.48263],[-73.074,44.48257],[-73.07308,44.48224],[-73.07076,44.48026],[-73.06764,44.47831],[-73.06652,44.47819],[-73.06346,44.47915],[-73.06173,44.47875],[-73.0602,44.47716],[-73.05897,44.4749],[-73.05719,44.47336],[-73.05598,44.47366],[-73.05453,44.47491],[-73.05294,44.47569],[-73.05134,44.47623],[-73.05047,44.47616],[-73.04932,44.47506],[-73.04936,44.47209],[-73.04795,44.47104],[-73.04568,44.47078],[-73.04093,44.47154],[-73.03747,44.47127],[-73.03553,44.47065],[-73.03195,44.46836],[-73.02741,44.46757],[-73.02662,44.46653],[-73.0263,44.46318],[-73.02573,44.46194],[-73.02432,44.46107],[-73.02267,44.46081],[-73.02139,44.46014],[-73.02127,44.45908],[-73.02175,44.45812],[-73.02416,44.45684],[-73.02484,44.45579],[-73.02458,44.45469],[-73.0236,44.45406],[-73.02073,44.45387],[-73.01907,44.4521],[-73.01964,44.44715],[-73.01962,44.44312],[-73.02035,44.44221],[-73.02175,44.442],[-73.02509,44.44278],[-73.02693,44.44265],[-73.02836,44.44225],[-73.03233,44.44027],[-73.03316,44.43918],[-73.03255,44.43808],[-73.03114,44.43743],[-73.02758,44.43667],[-73.02384,44.43527],[-73.02153,44.43317],[-73.03332,44.42646],[-73.0423,44.42204],[-73.05178,44.42481],[-73.08143,44.37029],[-73.08924,44.3695],[-73.11649,44.39508],[-73.15461,44.40522],[-73.15476,44.40638],[-73.15362,44.40739],[-73.15304,44.40882],[-73.15232,44.40929],[-73.15231,44.41001],[-73.15155,44.41039],[-73.15163,44.41073],[-73.15099,44.41066],[-73.14954,44.41174],[-73.14853,44.41164],[-73.14806,44.41238],[-73.14614,44.41201],[-73.1455,44.41125],[-73.14456,44.41209],[-73.14529,44.41455],[-73.14522,44.41598],[-73.14464,44.41596],[-73.14519,44.41639],[-73.14485,44.41701],[-73.14598,44.4188],[-73.14648,44.4188],[-73.14605,44.41943],[-73.14658,44.41979],[-73.14565,44.42025],[-73.14568,44.42056],[-73.14634,44.42056],[-73.1455,44.42094],[-73.1456,44.42184],[-73.14512,44.42197],[-73.14599,44.42298],[-73.14587,44.42363],[-73.1454,44.42344],[-73.14521,44.42381],[-73.14586,44.42435],[-73.14557,44.42495],[-73.14496,44.42492],[-73.14471,44.42532],[-73.14534,44.4268],[-73.14619,44.42738],[-73.14619,44.42827],[-73.14556,44.4287],[-73.14539,44.42975],[-73.14435,44.42973],[-73.14425,44.43023],[-73.14329,44.43037],[-73.14408,44.43083],[-73.14323,44.43112],[-73.14305,44.4319],[-73.14214,44.43233],[-73.14265,44.4327],[-73.14234,44.43303],[-73.14264,44.43333],[-73.14161,44.43394],[-73.14197,44.43438],[-73.14119,44.43463],[-73.14071,44.43443],[-73.14062,44.4349],[-73.1398,44.4348],[-73.13951,44.43571],[-73.13889,44.4355],[-73.13883,44.43515],[-73.13761,44.43582],[-73.13814,44.43675],[-73.13733,44.43681],[-73.13712,44.43724],[-73.13765,44.43722],[-73.13744,44.43772],[-73.13824,44.43759],[-73.13827,44.43797],[-73.13765,44.43849],[-73.13685,44.43833],[-73.13746,44.43912],[-73.13663,44.43912],[-73.13675,44.43953],[-73.13613,44.43961],[-73.1369,44.44066],[-73.13634,44.441],[-73.13655,44.44141],[-73.136,44.44147],[-73.13616,44.44192],[-73.13559,44.44203],[-73.13527,44.44249],[-73.13634,44.44336],[-73.13572,44.44453],[-73.13586,44.44517],[-73.13904,44.44726],[-73.13906,44.44823],[-73.13983,44.44898],[-73.13993,44.44965],[-73.13849,44.45025],[-73.13934,44.45097],[-73.1382,44.45159],[-73.139,44.45267],[-73.13831,44.45344],[-73.13837,44.45423],[-73.13743,44.4549],[-73.13706,44.45565],[-73.13554,44.45622],[-73.13585,44.45696],[-73.13479,44.45722],[-73.13567,44.45766],[-73.1362,44.45853],[-73.13713,44.45884],[-73.13624,44.45962],[-73.13616,44.4609],[-73.13557,44.46189],[-73.13607,44.46321],[-73.13669,44.46345],[-73.13654,44.46496],[-73.13725,44.46472],[-73.13772,44.46486],[-73.13805,44.46448],[-73.13875,44.46509],[-73.13843,44.46565],[-73.13744,44.4659],[-73.13729,44.46696],[-73.13769,44.46724],[-73.13727,44.46755],[-73.13778,44.46788],[-73.13759,44.46855],[-73.13836,44.4692],[-73.13824,44.46997],[-73.1366,44.47052],[-73.13625,44.47086],[-73.13674,44.47104],[-73.13661,44.47146],[-73.13567,44.47227],[-73.13515,44.4722],[-73.13485,44.47249],[-73.13517,44.47318],[-73.13613,44.47352],[-73.13669,44.47476],[-73.13593,44.475],[-73.13491,44.47445],[-73.13348,44.47445],[-73.12838,44.47665],[-73.12431,44.4766],[-73.11908,44.47965],[-73.11619,44.48072],[-73.11392,44.48282],[-73.11254,44.48323],[-73.11177,44.48294],[-73.10875,44.47997],[-73.10396,44.47761],[-73.1029,44.47666]]]}},{"type":"Feature","properties":{"TOWNNAMEMC":"Wilmington","CNTY":25,"FIPS6":25105.0},"geometry":{"type":"Polygon","coordinates":[[[-72.79773,42.92228],[-72.80305,42.82665],[-72.9274,42.82981],[-72.92406,42.89541],[-72.92333,42.91516],[-72.92379,42.92744],[-72.89643,42.92686],[-72.81481,42.92334],[-72.79773,42.92228]]]}},{"type":"Feature","properties":{"TOWNNAMEMC":"Windham","CNTY":25,"FIPS6":25110.0},"geometry":{"type":"Polygon","coordinates":[[[-72.68544,43.22258],[-72.67632,43.22266],[-72.68069,43.14808],[-72.68189,43.13253],[-72.69092,43.13173],[-72.69207,43.12185],[-72.72915,43.13071],[-72.77142,43.14171],[-72.77337,43.1523],[-72.77335,43.1539],[-72.77256,43.15479],[-72.7716,43.1569],[-72.77027,43.16555],[-72.76744,43.16781],[-72.76693,43.16906],[-72.76536,43.16963],[-72.76533,43.17162],[-72.76703,43.17342],[-72.76702,43.17447],[-72.76398,43.17545],[-72.76427,43.17836],[-72.76538,43.18092],[-72.76401,43.18283],[-72.76136,43.18368],[-72.75993,43.18676],[-72.7569,43.18866],[-72.75435,43.18943],[-72.74214,43.20255],[-72.74076,43.20329],[-72.74051,43.20522],[-72.73949,43.20642],[-72.73834,43.20683],[-72.73602,43.20861],[-72.73694,43.21028],[-72.7385,43.21174],[-72.73795,43.21256],[-72.73825,43.21533],[-72.73791,43.21622],[-72.73723,43.21699],[-72.73614,43.21755],[-72.73485,43.22254],[-72.73429,43.22336],[-72.73198,43.22406],[-72.72865,43.22566],[-72.72781,43.22641],[-72.72876,43.22701],[-72.72916,43.22787],[-72.72848,43.23118],[-72.72943,43.23176],[-72.73021,43.23329],[-72.68544,43.22258]]]}},{"type":"Feature","properties":{"TOWNNAMEMC":"Windsor","CNTY":27,"FIPS6":27115.0},"geometry":{"type":"Polygon","coordinates":[[[-72.39608,43.42867],[-72.40573,43.43015],[-72.45031,43.43452],[-72.45489,43.43519],[-72.45311,43.45546],[-72.45161,43.50097],[-72.45031,43.52501],[-72.39635,43.51963],[-72.3991,43.51251],[-72.39895,43.51147],[-72.39773,43.50928],[-72.39691,43.50844],[-72.39532,43.50774],[-72.39149,43.50495],[-72.38633,43.50187],[-72.38503,43.50067],[-72.38384,43.49879],[-72.38314,43.49656],[-72.38106,43.49364],[-72.38022,43.49171],[-72.38203,43.47863],[-72.38296,43.47575],[-72.38511,43.47334],[-72.38685,43.47257],[-72.38833,43.47085],[-72.3904,43.46952],[-72.39286,43.46685],[-72.39232,43.46304],[-72.39183,43.46248],[-72.39156,43.45673],[-72.39034,43.45183],[-72.3913,43.44859],[-72.39354,43.44508],[-72.39596,43.43758],[-72.39608,43.42867]]]}},{"type":"Feature","properties":{"TOWNNAMEMC":"Winhall","CNTY":3,"FIPS6":3075.0},"geometry":{"type":"Polygon","coordinates":[[[-72.97959,43.20964],[-72.94354,43.20807],[-72.86214,43.20522],[-72.86732,43.13185],[-72.86824,43.11393],[-72.89828,43.11465],[-72.94842,43.11748],[-72.99597,43.1187],[-72.99714,43.11746],[-72.99732,43.11545],[-73.0062,43.11586],[-73.00748,43.11664],[-73.0017,43.21089],[-72.9967,43.21027],[-72.97959,43.20964]]]}},{"type":"Feature","properties":{"TOWNNAMEMC":"Winooski","CNTY":7,"FIPS6":7090.0},"geometry":{"type":"Polygon","coordinates":[[[-73.17211,44.48808],[-73.17357,44.48584],[-73.17691,44.48438],[-73.17896,44.48411],[-73.18068,44.48463],[-73.18135,44.48515],[-73.18185,44.48642],[-73.18188,44.48826],[-73.18272,44.48903],[-73.18678,44.48911],[-73.18861,44.48731],[-73.1892,44.48856],[-73.19093,44.48916],[-73.19167,44.4898],[-73.19634,44.48911],[-73.19943,44.48953],[-73.20112,44.49017],[-73.20237,44.49237],[-73.19646,44.50023],[-73.19458,44.50011],[-73.19327,44.50159],[-73.19489,44.50232],[-73.19209,44.50603],[-73.1726,44.49882],[-73.17057,44.50134],[-73.16749,44.50017],[-73.16775,44.49983],[-73.16606,44.49918],[-73.16738,44.49746],[-73.16792,44.49756],[-73.17115,44.49329],[-73.17211,44.48808]]]}},{"type":"Feature","properties":{"TOWNNAMEMC":"Wolcott","CNTY":15,"FIPS6":15050.0},"geometry":{"type":"Polygon","coordinates":[[[-72.36838,44.59285],[-72.37176,44.58823],[-72.37386,44.58416],[-72.42848,44.51256],[-72.42981,44.51202],[-72.45277,44.52114],[-72.49012,44.53448],[-72.52731,44.54816],[-72.53772,44.55211],[-72.5398,44.55341],[-72.52563,44.57261],[-72.48279,44.6341],[-72.37112,44.59334],[-72.36838,44.59285]]]}},{"type":"Feature","properties":{"TOWNNAMEMC":"Woodbury","CNTY":23,"FIPS6":23095.0},"geometry":{"type":"Polygon","coordinates":[[[-72.32139,44.46317],[-72.3799,44.38435],[-72.38855,44.38632],[-72.44717,44.40874],[-72.49324,44.42583],[-72.48509,44.43677],[-72.48474,44.43914],[-72.47593,44.45001],[-72.4586,44.4726],[-72.43468,44.50524],[-72.42625,44.50298],[-72.32591,44.4645],[-72.32139,44.46317]]]}},{"type":"Feature","properties":{"TOWNNAMEMC":"Woodford","CNTY":3,"FIPS6":3080.0},"geometry":{"type":"Polygon","coordinates":[[[-73.00813,42.93056],[-73.00671,42.93075],[-73.00853,42.92283],[-73.01355,42.83203],[-73.13711,42.83559],[-73.15231,42.83662],[-73.14979,42.88377],[-73.15006,42.88737],[-73.14786,42.91523],[-73.146,42.93097],[-73.12444,42.93249],[-73.10807,42.93266],[-73.02014,42.93044],[-73.01042,42.93025],[-73.00813,42.93056]]]}},{"type":"Feature","properties":{"TOWNNAMEMC":"Woodstock","CNTY":27,"FIPS6":27120.0},"geometry":{"type":"Polygon","coordinates":[[[-72.5524,43.6575],[-72.4874,43.63988],[-72.48643,43.63982],[-72.48309,43.63865],[-72.48133,43.6387],[-72.47924,43.63917],[-72.47387,43.63912],[-72.47145,43.63803],[-72.47011,43.63508],[-72.46999,43.63364],[-72.46897,43.6319],[-72.46624,43.63106],[-72.47207,43.62647],[-72.47913,43.6163],[-72.52927,43.53299],[-72.63403,43.5573],[-72.63814,43.55802],[-72.57683,43.65915],[-72.56828,43.65709],[-72.56535,43.66126],[-72.5524,43.6575]]]}},{"type":"Feature","properties":{"TOWNNAMEMC":"Worcester","CNTY":23,"FIPS6":23100.0},"geometry":{"type":"Polygon","coordinates":[[[-72.49356,44.42398],[-72.55078,44.34542],[-72.65434,44.3983],[-72.60025,44.47402],[-72.59889,44.47726],[-72.59728,44.47938],[-72.49356,44.42398]]]}}]}