{"type":"FeatureCollection","features":[{"type":"Feature","properties":{"PWSID":"VT0005001","PWS_Name":"TRI TOWN WATER DISTRICT","Pop_Cat_5":"3,301-10,000","Population_Served_Count":3800,"Service_Connections_Count":1800,"Service_Area_Type":"Residential Area","Model_Method":"","boundary_source":"Authoritative (VT/local)","is_community":true,"Area_SqKM":299.02144949592287,"Detailed_Facility_Report":"https://echo.epa.gov/detailed-facility-report?fid=VT0005001&sys=SDWIS"},"geometry":{"type":"MultiPolygon","coordinates":[[[[-73.24819,43.88779],[-73.24923,43.88801],[-73.24992,43.88861],[-73.25249,43.89526],[-73.25322,43.89655],[-73.2532,43.89716],[-73.25281,43.89771],[-73.25223,43.89803],[-73.25108,43.89835],[-73.25222,43.90235],[-73.25276,43.90305],[-73.25285,43.90479],[-73.25237,43.9054],[-73.25142,43.90578],[-73.24674,43.90622],[-73.24597,43.90614],[-73.24149,43.90641],[-73.24074,43.90613],[-73.24029,43.90571],[-73.23941,43.90357],[-73.23965,43.9028],[-73.24096,43.90173],[-73.2393,43.90167],[-73.23869,43.90138],[-73.23828,43.90095],[-73.23584,43.89505],[-73.23601,43.89428],[-73.23668,43.89372],[-73.23563,43.8935],[-73.23493,43.8929],[-73.23328,43.88889],[-73.23327,43.88819],[-73.23383,43.88752],[-73.23488,43.88717],[-73.23501,43.88654],[-73.23559,43.88599],[-73.23833,43.88523],[-73.23991,43.88539],[-73.24191,43.88587],[-73.2424,43.88627],[-73.24264,43.88676],[-73.24231,43.88818],[-73.24415,43.88797],[-73.24497,43.88811],[-73.24577,43.88864],[-73.24615,43.88947],[-73.24679,43.88825],[-73.24737,43.88793],[-73.24819,43.88779]]],[[[-73.30932,43.96403],[-73.31026,43.9642],[-73.31095,43.96469],[-73.31137,43.96636],[-73.31114,43.96686],[-73.31057,43.96732],[-73.3099,43.96752],[-73.30864,43.96762],[-73.30784,43.96741],[-73.30726,43.96696],[-73.30685,43.96529],[-73.30714,43.96471],[-73.30765,43.96434],[-73.30932,43.96403]]],[[[-73.2829,44.03898],[-73.28585,44.03876],[-73.28705,44.03915],[-73.28754,44.03975],[-73.28772,44.04096],[-73.28758,44.04148],[-73.28718,44.04192],[-73.28623,44.04229],[-73.28334,44.04249],[-73.28261,44.04242],[-73.28189,44.04211],[-73.28137,44.04142],[-73.28129,44.03998],[-73.28185,44.03931],[-73.2829,44.03898]]],[[[-73.3682,43.84771],[-73.36928,43.84794],[-73.37008,43.84862],[-73.37036,43.84956],[-73.3701,43.85046],[-73.37094,43.84975],[-73.37177,43.84945],[-73.37285,43.84949],[-73.37391,43.84992],[-73.37508,43.85173],[-73.37719,43.85306],[-73.37781,43.85421],[-73.3786,43.85471],[-73.37894,43.85542],[-73.37881,43.85602],[-73.37801,43.85718],[-73.37707,43.85773],[-73.37603,43.85808],[-73.37549,43.85896],[-73.37624,43.86021],[-73.37601,43.86123],[-73.37518,43.86192],[-73.37381,43.8623],[-73.37345,43.86258],[-73.37341,43.8627],[-73.37421,43.86319],[-73.3745,43.86364],[-73.37455,43.86416],[-73.37432,43.86467],[-73.37355,43.86526],[-73.37154,43.86587],[-73.36862,43.86727],[-73.36807,43.86842],[-73.36846,43.87],[-73.36818,43.87071],[-73.36783,43.87342],[-73.36934,43.87455],[-73.36989,43.87568],[-73.3697,43.87672],[-73.36887,43.87733],[-73.36911,43.87783],[-73.36907,43.87861],[-73.37014,43.87998],[-73.37176,43.88104],[-73.37289,43.88221],[-73.3734,43.88363],[-73.37309,43.88448],[-73.37406,43.8843],[-73.37529,43.88446],[-73.37606,43.88488],[-73.37644,43.88552],[-73.3764,43.88617],[-73.37588,43.88702],[-73.37621,43.88811],[-73.3764,43.89008],[-73.37619,43.89119],[-73.37563,43.8918],[-73.37626,43.89221],[-73.37657,43.89278],[-73.37653,43.89331],[-73.37597,43.89424],[-73.37576,43.89504],[-73.37633,43.89562],[-73.37648,43.89623],[-73.37619,43.897],[-73.37543,43.89802],[-73.37522,43.89874],[-73.37628,43.90025],[-73.37662,43.90192],[-73.37999,43.90255],[-73.38111,43.90331],[-73.38206,43.90373],[-73.38311,43.90466],[-73.38491,43.90545],[-73.38986,43.90494],[-73.39091,43.9042],[-73.39289,43.9038],[-73.394,43.90392],[-73.3948,43.90445],[-73.39505,43.90495],[-73.39506,43.90559],[-73.39357,43.90914],[-73.39422,43.9094],[-73.39471,43.90985],[-73.39566,43.91221],[-73.39542,43.91351],[-73.39549,43.91435],[-73.3951,43.91499],[-73.39452,43.9154],[-73.39472,43.91686],[-73.39451,43.91804],[-73.39495,43.91855],[-73.39506,43.91907],[-73.39469,43.92005],[-73.39413,43.92061],[-73.39418,43.92121],[-73.39374,43.92309],[-73.39376,43.9251],[-73.39405,43.92557],[-73.39698,43.92648],[-73.4012,43.92691],[-73.40241,43.9275],[-73.40286,43.92819],[-73.40299,43.92944],[-73.40437,43.93056],[-73.40475,43.93114],[-73.40478,43.93195],[-73.40419,43.93277],[-73.40423,43.93305],[-73.40512,43.93478],[-73.40534,43.9357],[-73.40591,43.9366],[-73.40582,43.93712],[-73.40545,43.9376],[-73.40388,43.93841],[-73.40217,43.93882],[-73.40139,43.93871],[-73.4008,43.93845],[-73.39932,43.93919],[-73.39884,43.93986],[-73.39851,43.94089],[-73.39884,43.94241],[-73.40018,43.94413],[-73.4014,43.94539],[-73.40212,43.94582],[-73.40356,43.9463],[-73.40424,43.94713],[-73.40397,43.95193],[-73.40504,43.95263],[-73.40541,43.95306],[-73.40702,43.95766],[-73.40685,43.95865],[-73.40641,43.95942],[-73.40687,43.96012],[-73.4069,43.96096],[-73.40644,43.96214],[-73.40575,43.96287],[-73.40562,43.96376],[-73.40604,43.96712],[-73.40641,43.96802],[-73.40631,43.96911],[-73.40731,43.97029],[-73.40805,43.9741],[-73.40878,43.97471],[-73.40889,43.97564],[-73.40765,43.97734],[-73.40567,43.97846],[-73.40467,43.97943],[-73.40312,43.97998],[-73.40177,43.97997],[-73.40107,43.97981],[-73.40076,43.98197],[-73.40026,43.98293],[-73.39971,43.9835],[-73.40044,43.98492],[-73.40025,43.98684],[-73.39959,43.98757],[-73.39832,43.98786],[-73.3979,43.98822],[-73.39982,43.98831],[-73.4006,43.98856],[-73.40119,43.98911],[-73.40159,43.99012],[-73.40435,43.99138],[-73.40504,43.99218],[-73.40495,43.99302],[-73.40412,43.99395],[-73.40455,43.99484],[-73.40431,43.99582],[-73.40184,43.99811],[-73.40192,43.99836],[-73.40265,43.99893],[-73.40286,43.99955],[-73.40256,44.00056],[-73.40191,44.00176],[-73.40113,44.00255],[-73.4,44.00322],[-73.39945,44.00422],[-73.39788,44.00603],[-73.397,44.0065],[-73.39628,44.00657],[-73.39557,44.00644],[-73.39259,44.00536],[-73.39186,44.00469],[-73.38536,44.0058],[-73.3853,44.00681],[-73.38642,44.00693],[-73.38721,44.00745],[-73.3965,44.00683],[-73.39744,44.007],[-73.39813,44.00749],[-73.39852,44.00866],[-73.39851,44.00993],[-73.39806,44.01048],[-73.39713,44.01114],[-73.39629,44.01281],[-73.39538,44.01389],[-73.39483,44.01424],[-73.39521,44.01491],[-73.39515,44.01682],[-73.39545,44.0178],[-73.39593,44.01847],[-73.397,44.01929],[-73.39726,44.01995],[-73.39796,44.02015],[-73.39862,44.02059],[-73.39895,44.02142],[-73.39876,44.02193],[-73.39823,44.02241],[-73.39842,44.02324],[-73.39824,44.02384],[-73.3977,44.02432],[-73.39693,44.02458],[-73.39483,44.02487],[-73.39379,44.02465],[-73.39222,44.02367],[-73.39183,44.02281],[-73.39122,44.02236],[-73.39082,44.02154],[-73.39047,44.02156],[-73.39053,44.02216],[-73.3903,44.02267],[-73.38941,44.02324],[-73.3838,44.02383],[-73.3848,44.02984],[-73.38535,44.03022],[-73.38566,44.03078],[-73.38659,44.03109],[-73.38714,44.03166],[-73.38746,44.03496],[-73.38721,44.03563],[-73.38654,44.03613],[-73.3835,44.03658],[-73.3838,44.03864],[-73.38528,44.03706],[-73.38591,44.03679],[-73.38663,44.03672],[-73.39326,44.03882],[-73.39473,44.03736],[-73.39626,44.03666],[-73.39639,44.03651],[-73.3957,44.03628],[-73.39378,44.035],[-73.39347,44.03443],[-73.39351,44.0339],[-73.39391,44.03336],[-73.3975,44.03042],[-73.39821,44.0282],[-73.39764,44.02785],[-73.39731,44.02738],[-73.39692,44.02597],[-73.39715,44.02521],[-73.39783,44.02471],[-73.39923,44.02432],[-73.39996,44.02428],[-73.40103,44.02444],[-73.40192,44.02489],[-73.40242,44.02567],[-73.40249,44.02679],[-73.40207,44.02754],[-73.40474,44.02885],[-73.40696,44.0292],[-73.4088,44.02983],[-73.40956,44.03042],[-73.41025,44.03136],[-73.41279,44.03243],[-73.41342,44.03294],[-73.41356,44.03388],[-73.4128,44.03486],[-73.41222,44.03518],[-73.41115,44.03549],[-73.4096,44.03533],[-73.40927,44.03557],[-73.40967,44.03598],[-73.4158,44.03552],[-73.41644,44.03484],[-73.41745,44.03456],[-73.41892,44.03487],[-73.42154,44.03479],[-73.42221,44.03498],[-73.42274,44.03535],[-73.42305,44.03627],[-73.42269,44.03698],[-73.42209,44.03954],[-73.42355,44.03996],[-73.42413,44.04028],[-73.42456,44.04085],[-73.42459,44.04147],[-73.42389,44.04254],[-73.42322,44.04302],[-73.42247,44.04322],[-73.42055,44.04331],[-73.42217,44.04429],[-73.42263,44.0448],[-73.42272,44.04541],[-73.42231,44.04679],[-73.42413,44.04714],[-73.42476,44.0474],[-73.42531,44.04798],[-73.42539,44.04867],[-73.42473,44.05016],[-73.42366,44.0512],[-73.42282,44.05159],[-73.42103,44.05357],[-73.41997,44.054],[-73.4188,44.05391],[-73.41866,44.05515],[-73.41935,44.05597],[-73.41951,44.05707],[-73.41929,44.05773],[-73.41846,44.05887],[-73.41709,44.05964],[-73.41687,44.06151],[-73.41706,44.06243],[-73.41689,44.06306],[-73.41644,44.06371],[-73.41579,44.06424],[-73.41391,44.06469],[-73.41418,44.06586],[-73.41407,44.06712],[-73.41464,44.06756],[-73.4149,44.06814],[-73.41477,44.06875],[-73.41426,44.06927],[-73.4153,44.06938],[-73.416,44.06973],[-73.41663,44.07035],[-73.41741,44.07152],[-73.41762,44.07214],[-73.4176,44.07283],[-73.41715,44.07412],[-73.41676,44.07485],[-73.41627,44.07526],[-73.41597,44.07812],[-73.4153,44.08063],[-73.41469,44.08111],[-73.41372,44.08136],[-73.41292,44.08133],[-73.41213,44.08106],[-73.41144,44.08108],[-73.41104,44.08246],[-73.41122,44.08367],[-73.41067,44.085],[-73.41006,44.08555],[-73.40879,44.08588],[-73.40639,44.08574],[-73.40593,44.08605],[-73.40534,44.08714],[-73.40474,44.08757],[-73.40386,44.08781],[-73.40205,44.08789],[-73.40085,44.08967],[-73.39968,44.0904],[-73.39895,44.09064],[-73.39845,44.09161],[-73.39762,44.09224],[-73.39488,44.09331],[-73.39417,44.09338],[-73.39319,44.09323],[-73.39066,44.09387],[-73.39014,44.09481],[-73.38901,44.09555],[-73.38906,44.09673],[-73.39016,44.09776],[-73.39074,44.09887],[-73.39065,44.09956],[-73.39023,44.1001],[-73.39114,44.10537],[-73.391,44.10588],[-73.39051,44.10646],[-73.39034,44.1077],[-73.38968,44.10883],[-73.38956,44.11082],[-73.38929,44.11127],[-73.38878,44.11164],[-73.38799,44.11186],[-73.3746,44.11317],[-73.37377,44.11304],[-73.37319,44.11273],[-73.37281,44.11227],[-73.3727,44.11161],[-73.36382,44.11242],[-73.3638,44.11348],[-73.36307,44.11418],[-73.3624,44.11438],[-73.35873,44.11475],[-73.35814,44.11532],[-73.35712,44.1156],[-73.35588,44.11557],[-73.35518,44.1154],[-73.35456,44.11499],[-73.35424,44.11435],[-73.34412,44.11521],[-73.34344,44.11502],[-73.34292,44.11465],[-73.34253,44.1136],[-73.34131,44.11346],[-73.34063,44.11396],[-73.34022,44.11485],[-73.33956,44.11534],[-73.33926,44.11617],[-73.33819,44.11673],[-73.32949,44.11757],[-73.32845,44.11735],[-73.32772,44.1167],[-73.32728,44.11745],[-73.32636,44.11787],[-73.3148,44.11897],[-73.31398,44.1188],[-73.31335,44.11838],[-73.31307,44.1179],[-73.31291,44.117],[-73.3093,44.11712],[-73.30828,44.11685],[-73.3076,44.11614],[-73.30739,44.11469],[-73.3039,44.11498],[-73.30319,44.11485],[-73.30261,44.11453],[-73.3022,44.11399],[-73.30205,44.11311],[-73.30094,44.1129],[-73.3002,44.11221],[-73.30001,44.11096],[-73.30023,44.10957],[-73.29987,44.10708],[-73.29918,44.10714],[-73.29906,44.10777],[-73.2987,44.10823],[-73.2979,44.10862],[-73.29678,44.10875],[-73.29663,44.10924],[-73.29793,44.1096],[-73.29856,44.11043],[-73.29822,44.11204],[-73.2978,44.1126],[-73.2977,44.11632],[-73.30018,44.1161],[-73.30088,44.11623],[-73.30147,44.11655],[-73.30191,44.11717],[-73.30211,44.11892],[-73.30181,44.11976],[-73.3013,44.12013],[-73.30063,44.12034],[-73.29396,44.12099],[-73.29304,44.1209],[-73.29227,44.12049],[-73.28693,44.12094],[-73.28596,44.12057],[-73.28542,44.11977],[-73.28448,44.11919],[-73.28424,44.1187],[-73.28422,44.11772],[-73.28451,44.11715],[-73.28523,44.11668],[-73.28798,44.11636],[-73.28757,44.11593],[-73.28743,44.11541],[-73.28788,44.11422],[-73.28415,44.11462],[-73.28258,44.11466],[-73.28188,44.11453],[-73.28129,44.11421],[-73.28092,44.11375],[-73.2805,44.11178],[-73.27799,44.11205],[-73.27823,44.11419],[-73.27789,44.11475],[-73.27723,44.11514],[-73.2698,44.11597],[-73.26893,44.11567],[-73.26843,44.11517],[-73.26806,44.11282],[-73.26408,44.11316],[-73.26274,44.11361],[-73.2619,44.11355],[-73.26101,44.1131],[-73.26003,44.11186],[-73.25721,44.11097],[-73.25564,44.10993],[-73.25504,44.10926],[-73.25449,44.10805],[-73.2541,44.10629],[-73.25359,44.10502],[-73.25345,44.10385],[-73.25393,44.10245],[-73.25648,44.09864],[-73.25639,44.09799],[-73.25324,44.09752],[-73.25197,44.09688],[-73.25129,44.09632],[-73.25078,44.09537],[-73.25063,44.09418],[-73.25094,44.09279],[-73.25159,44.09158],[-73.2518,44.09041],[-73.24841,44.08895],[-73.24791,44.08846],[-73.24776,44.08786],[-73.24817,44.08435],[-73.24844,44.08387],[-73.24906,44.08344],[-73.25011,44.0832],[-73.25342,44.08289],[-73.25543,44.08248],[-73.25883,44.08226],[-73.26299,44.08139],[-73.26236,44.07797],[-73.26165,44.07794],[-73.26099,44.07771],[-73.26029,44.0769],[-73.26014,44.07489],[-73.26049,44.07433],[-73.26114,44.07394],[-73.27394,44.07157],[-73.27467,44.0716],[-73.27532,44.07182],[-73.28454,44.07107],[-73.28542,44.07138],[-73.28596,44.07195],[-73.28639,44.0746],[-73.2862,44.0752],[-73.28567,44.07568],[-73.28502,44.07592],[-73.28369,44.07606],[-73.28419,44.07646],[-73.28444,44.077],[-73.28528,44.07592],[-73.28633,44.07553],[-73.28673,44.07477],[-73.28717,44.07435],[-73.2878,44.07408],[-73.28861,44.07402],[-73.28918,44.07357],[-73.28996,44.07335],[-73.29017,44.07305],[-73.28945,44.0727],[-73.28904,44.07216],[-73.28865,44.06988],[-73.28886,44.06924],[-73.28897,44.06734],[-73.28974,44.06655],[-73.28943,44.06465],[-73.2897,44.06416],[-73.29028,44.06375],[-73.29008,44.06235],[-73.28434,44.06285],[-73.28318,44.06264],[-73.28244,44.06195],[-73.28109,44.05794],[-73.28146,44.0572],[-73.28223,44.05677],[-73.2863,44.05643],[-73.28627,44.05571],[-73.28662,44.05515],[-73.28749,44.05469],[-73.28881,44.05455],[-73.28873,44.05392],[-73.28896,44.05342],[-73.28944,44.05302],[-73.29019,44.05277],[-73.29005,44.05],[-73.29056,44.04627],[-73.28937,44.04606],[-73.28859,44.04529],[-73.28844,44.04424],[-73.28802,44.0434],[-73.28795,44.04026],[-73.28826,44.0394],[-73.28757,44.03868],[-73.28725,44.03691],[-73.28755,44.03624],[-73.28827,44.03578],[-73.2915,44.03545],[-73.29205,44.03537],[-73.29206,44.03527],[-73.29107,44.03514],[-73.29033,44.03469],[-73.29001,44.03403],[-73.29009,44.03306],[-73.2889,44.03307],[-73.28795,44.03264],[-73.28718,44.03273],[-73.28672,44.03318],[-73.28609,44.03345],[-73.28344,44.03369],[-73.28266,44.03344],[-73.28008,44.03177],[-73.27826,44.03262],[-73.2767,44.03389],[-73.27556,44.03436],[-73.27113,44.03484],[-73.2703,44.03471],[-73.26964,44.03432],[-73.26926,44.03368],[-73.26884,44.03073],[-73.26813,44.03028],[-73.26782,44.02971],[-73.26637,44.01963],[-73.26518,44.01922],[-73.26462,44.01836],[-73.26469,44.01596],[-73.26547,44.01414],[-73.26713,44.0112],[-73.26669,44.00775],[-73.26578,44.00761],[-73.26505,44.00716],[-73.26474,44.00659],[-73.26473,44.00553],[-73.25928,44.00547],[-73.2585,44.00522],[-73.25795,44.00474],[-73.25671,44.00486],[-73.25562,44.00449],[-73.25513,44.00388],[-73.25507,44.0027],[-73.25393,43.99965],[-73.25307,43.99807],[-73.25211,43.9979],[-73.25138,43.99735],[-73.2516,43.99844],[-73.25138,43.99909],[-73.25201,43.99934],[-73.25246,43.99976],[-73.25331,44.00142],[-73.25336,44.00195],[-73.25284,44.00273],[-73.25173,44.00317],[-73.25212,44.00549],[-73.25182,44.00624],[-73.25087,44.00677],[-73.24897,44.00697],[-73.24922,44.00811],[-73.24932,44.01056],[-73.24879,44.01143],[-73.24784,44.01181],[-73.23951,44.01261],[-73.23974,44.01415],[-73.23922,44.01493],[-73.23838,44.01529],[-73.23559,44.01558],[-73.23465,44.0154],[-73.23396,44.01491],[-73.23371,44.01437],[-73.23227,44.01278],[-73.23216,44.01166],[-73.23277,44.01075],[-73.23281,44.00985],[-73.23343,44.00887],[-73.23435,44.00835],[-73.23552,44.00824],[-73.23497,44.00743],[-73.23502,44.00682],[-73.23533,44.00633],[-73.23465,44.00552],[-73.23474,44.00429],[-73.2353,44.00322],[-73.23655,44.00246],[-73.23702,44.00198],[-73.23698,44.00097],[-73.23739,44.00021],[-73.23683,43.99935],[-73.23694,43.99818],[-73.23758,43.9975],[-73.23863,43.99712],[-73.23904,43.99624],[-73.23957,43.99576],[-73.24046,43.99549],[-73.24639,43.99507],[-73.24705,43.99487],[-73.24846,43.99477],[-73.25084,43.99308],[-73.25073,43.99128],[-73.25103,43.99061],[-73.25171,43.99016],[-73.25254,43.98997],[-73.25414,43.99016],[-73.25495,43.99054],[-73.25542,43.99134],[-73.25511,43.99305],[-73.25562,43.99338],[-73.25603,43.99392],[-73.2574,43.99384],[-73.2583,43.9941],[-73.2589,43.99465],[-73.25905,43.99527],[-73.26276,43.99509],[-73.26709,43.99445],[-73.2677,43.99415],[-73.2692,43.99297],[-73.26892,43.99218],[-73.26901,43.99165],[-73.26945,43.99113],[-73.27018,43.99076],[-73.26931,43.98585],[-73.26949,43.98517],[-73.27003,43.98469],[-73.2708,43.98443],[-73.27664,43.98393],[-73.27642,43.98325],[-73.27647,43.98071],[-73.27677,43.97955],[-73.2773,43.97896],[-73.27853,43.97862],[-73.27984,43.97896],[-73.28052,43.97968],[-73.28079,43.98117],[-73.28405,43.98244],[-73.28479,43.98311],[-73.28713,43.98286],[-73.29323,43.98279],[-73.29225,43.9779],[-73.29237,43.97721],[-73.29326,43.9765],[-73.29542,43.97617],[-73.29551,43.97414],[-73.29582,43.97367],[-73.29637,43.97332],[-73.29767,43.97315],[-73.29937,43.97366],[-73.30068,43.97339],[-73.30006,43.97007],[-73.3002,43.96955],[-73.3006,43.96911],[-73.30155,43.96873],[-73.3099,43.96755],[-73.31211,43.96796],[-73.31285,43.96829],[-73.3166,43.96809],[-73.31573,43.96336],[-73.31603,43.96252],[-73.31709,43.96196],[-73.32062,43.96157],[-73.32209,43.96011],[-73.32369,43.95973],[-73.32352,43.95901],[-73.3214,43.95916],[-73.32064,43.95888],[-73.32012,43.95834],[-73.31007,43.95936],[-73.3092,43.96007],[-73.30902,43.96071],[-73.30839,43.96124],[-73.30735,43.96147],[-73.30611,43.96128],[-73.30569,43.96334],[-73.30486,43.96408],[-73.29746,43.96502],[-73.2948,43.96425],[-73.29405,43.96369],[-73.29385,43.96318],[-73.29394,43.96265],[-73.29507,43.96152],[-73.29252,43.96175],[-73.29148,43.96153],[-73.28967,43.96058],[-73.28897,43.95878],[-73.2796,43.95961],[-73.27846,43.95934],[-73.27779,43.95862],[-73.27655,43.94986],[-73.27664,43.94934],[-73.27708,43.94881],[-73.27803,43.94844],[-73.2796,43.94847],[-73.28049,43.94892],[-73.28098,43.94982],[-73.28679,43.94932],[-73.28667,43.94784],[-73.28699,43.94737],[-73.28764,43.94697],[-73.29572,43.94601],[-73.29542,43.94438],[-73.29024,43.94442],[-73.27839,43.94569],[-73.27755,43.94559],[-73.27694,43.9453],[-73.27635,43.94443],[-73.27595,43.94173],[-73.27632,43.9409],[-73.27734,43.94041],[-73.27687,43.93815],[-73.27695,43.93763],[-73.27731,43.93717],[-73.27789,43.93684],[-73.28112,43.93646],[-73.28137,43.93608],[-73.27819,43.93649],[-73.27736,43.93636],[-73.27678,43.93604],[-73.27634,43.93542],[-73.27564,43.93154],[-73.27609,43.93064],[-73.27716,43.9302],[-73.27672,43.92778],[-73.27725,43.92691],[-73.27709,43.92549],[-73.27759,43.9248],[-73.27854,43.92442],[-73.28246,43.92408],[-73.28249,43.92298],[-73.28289,43.92254],[-73.28349,43.92225],[-73.28906,43.92163],[-73.28995,43.92126],[-73.28931,43.91925],[-73.28825,43.91336],[-73.2835,43.91383],[-73.28226,43.91351],[-73.28165,43.91276],[-73.28076,43.90872],[-73.28105,43.90814],[-73.28177,43.90768],[-73.28555,43.90689],[-73.2869,43.90523],[-73.28766,43.9048],[-73.29356,43.90406],[-73.29691,43.90387],[-73.29692,43.90256],[-73.2975,43.90195],[-73.29785,43.90108],[-73.29875,43.90021],[-73.2981,43.8989],[-73.29828,43.8981],[-73.29764,43.895],[-73.29467,43.89541],[-73.29397,43.89528],[-73.29331,43.89489],[-73.29295,43.89434],[-73.29218,43.89027],[-73.29242,43.8896],[-73.2931,43.8891],[-73.29627,43.88869],[-73.29689,43.88817],[-73.29788,43.88793],[-73.29783,43.88763],[-73.29723,43.88727],[-73.2969,43.8868],[-73.29689,43.88522],[-73.29335,43.88511],[-73.29236,43.88479],[-73.29173,43.88396],[-73.29181,43.88233],[-73.29109,43.88201],[-73.29063,43.88149],[-73.28988,43.88148],[-73.28932,43.88213],[-73.28846,43.88245],[-73.28172,43.88299],[-73.28077,43.88286],[-73.27866,43.88187],[-73.27809,43.8814],[-73.27773,43.88041],[-73.27814,43.87906],[-73.27726,43.8787],[-73.27669,43.87805],[-73.27538,43.87861],[-73.27437,43.87866],[-73.27573,43.88007],[-73.27599,43.88059],[-73.27582,43.88136],[-73.27509,43.88194],[-73.2716,43.88246],[-73.2711,43.88282],[-73.27043,43.88303],[-73.26281,43.88352],[-73.26265,43.88358],[-73.26259,43.88463],[-73.26181,43.88529],[-73.26105,43.88547],[-73.2584,43.88565],[-73.25768,43.88559],[-73.25696,43.88527],[-73.25647,43.88467],[-73.25632,43.88223],[-73.25559,43.88149],[-73.2554,43.87988],[-73.25259,43.87988],[-73.25191,43.87968],[-73.25063,43.87899],[-73.24981,43.87902],[-73.24882,43.87955],[-73.24765,43.87971],[-73.24723,43.88019],[-73.24663,43.88049],[-73.24489,43.88066],[-73.24409,43.88045],[-73.24345,43.87993],[-73.24301,43.87774],[-73.24134,43.87774],[-73.24071,43.87748],[-73.24027,43.87707],[-73.23138,43.8778],[-73.23066,43.87774],[-73.23003,43.87748],[-73.22958,43.87707],[-73.22939,43.87656],[-73.22954,43.87387],[-73.2303,43.87309],[-73.2315,43.87284],[-73.23092,43.86803],[-73.23134,43.8674],[-73.23214,43.867],[-73.23577,43.86672],[-73.2367,43.86689],[-73.23874,43.86791],[-73.23865,43.86707],[-73.23889,43.86647],[-73.23843,43.86582],[-73.23807,43.86351],[-73.23699,43.86356],[-73.2363,43.86339],[-73.23567,43.86298],[-73.23539,43.86249],[-73.23467,43.85831],[-73.2348,43.85779],[-73.2352,43.85735],[-73.23602,43.85694],[-73.23683,43.85677],[-73.23781,43.85687],[-73.23857,43.85728],[-73.24137,43.85705],[-73.24343,43.85724],[-73.24503,43.85703],[-73.24622,43.85736],[-73.24687,43.85784],[-73.24808,43.858],[-73.24882,43.85839],[-73.24912,43.85839],[-73.24965,43.85786],[-73.25036,43.85755],[-73.25113,43.85747],[-73.25185,43.85759],[-73.2534,43.85828],[-73.25385,43.8587],[-73.25404,43.85917],[-73.25468,43.85936],[-73.25519,43.85973],[-73.2555,43.86031],[-73.25549,43.8613],[-73.25522,43.86179],[-73.25464,43.8622],[-73.25527,43.86262],[-73.25567,43.86326],[-73.25666,43.86376],[-73.25701,43.86432],[-73.25703,43.86515],[-73.25672,43.86607],[-73.25636,43.86653],[-73.25577,43.86686],[-73.25628,43.86852],[-73.25698,43.86922],[-73.25732,43.86927],[-73.25783,43.86846],[-73.25855,43.86799],[-73.26165,43.86737],[-73.26238,43.86737],[-73.26316,43.86761],[-73.2637,43.86809],[-73.26447,43.87046],[-73.26629,43.87045],[-73.26784,43.87067],[-73.26666,43.86799],[-73.26521,43.86618],[-73.26499,43.86452],[-73.26526,43.86351],[-73.26516,43.8623],[-73.26441,43.86053],[-73.26448,43.85991],[-73.26407,43.85888],[-73.26417,43.85814],[-73.26287,43.85785],[-73.26218,43.85736],[-73.26188,43.85643],[-73.26218,43.85567],[-73.26309,43.85515],[-73.26736,43.85424],[-73.26843,43.85357],[-73.26977,43.85228],[-73.2706,43.85192],[-73.28686,43.85039],[-73.28782,43.85076],[-73.28834,43.85144],[-73.28921,43.85673],[-73.28971,43.85747],[-73.29056,43.86256],[-73.29048,43.86314],[-73.29012,43.8636],[-73.28875,43.86417],[-73.28918,43.86743],[-73.29034,43.8673],[-73.29106,43.86736],[-73.29179,43.86768],[-73.2922,43.86811],[-73.29235,43.86863],[-73.29209,43.86983],[-73.29224,43.87244],[-73.29354,43.87475],[-73.29345,43.87566],[-73.2945,43.87593],[-73.2952,43.87665],[-73.2957,43.87899],[-73.29607,43.87904],[-73.29582,43.87763],[-73.29643,43.87679],[-73.29717,43.8765],[-73.29995,43.8761],[-73.3009,43.87623],[-73.30163,43.87669],[-73.30192,43.87717],[-73.30224,43.87869],[-73.30795,43.8783],[-73.30785,43.87498],[-73.3068,43.8749],[-73.30592,43.87438],[-73.30059,43.87486],[-73.29976,43.87473],[-73.2991,43.87434],[-73.29872,43.8737],[-73.29814,43.86901],[-73.29845,43.86826],[-73.29939,43.86772],[-73.30603,43.86705],[-73.30591,43.86612],[-73.30614,43.86553],[-73.30682,43.86503],[-73.30786,43.86484],[-73.30777,43.86162],[-73.30147,43.86216],[-73.30086,43.86235],[-73.29862,43.86257],[-73.29779,43.86248],[-73.29709,43.86213],[-73.29658,43.8612],[-73.296,43.85735],[-73.29503,43.85742],[-73.29433,43.85728],[-73.29367,43.8569],[-73.29331,43.85634],[-73.29266,43.85095],[-73.29284,43.85035],[-73.29347,43.84982],[-73.29426,43.8496],[-73.31325,43.84779],[-73.31412,43.8481],[-73.31467,43.84867],[-73.31501,43.85059],[-73.3155,43.85118],[-73.31572,43.85251],[-73.31835,43.85229],[-73.3182,43.85098],[-73.31872,43.8502],[-73.3241,43.84791],[-73.32492,43.84777],[-73.3268,43.84798],[-73.32947,43.84784],[-73.33031,43.84818],[-73.3308,43.84878],[-73.33195,43.85425],[-73.33297,43.85423],[-73.3339,43.85464],[-73.3343,43.85518],[-73.33468,43.85648],[-73.33823,43.85604],[-73.33713,43.85158],[-73.33755,43.85095],[-73.33824,43.85059],[-73.34103,43.85031],[-73.34037,43.84612],[-73.34074,43.84539],[-73.34162,43.84492],[-73.36666,43.84248],[-73.36849,43.84303],[-73.36919,43.84383],[-73.36921,43.8446],[-73.36892,43.84517],[-73.36824,43.84562],[-73.36771,43.84648],[-73.36655,43.84688],[-73.3672,43.8479],[-73.3682,43.84771]]]]}},{"type":"Feature","properties":{"PWSID":"VT0005163","PWS_Name":"STOWE WATER DEPT","Pop_Cat_5":"3,301-10,000","Population_Served_Count":3600,"Service_Connections_Count":1370,"Service_Area_Type":"Residential Area","Model_Method":"","boundary_source":"Authoritative (VT/local)","is_community":true,"Area_SqKM":82.49707066113108,"Detailed_Facility_Report":"https://echo.epa.gov/detailed-facility-report?fid=VT0005163&sys=SDWIS"},"geometry":{"type":"MultiPolygon","coordinates":[[[[-72.64147,44.48607],[-72.6423,44.48621],[-72.64289,44.48653],[-72.64408,44.48829],[-72.64408,44.48881],[-72.6438,44.4893],[-72.64328,44.48967],[-72.6426,44.48988],[-72.64035,44.4898],[-72.63958,44.48937],[-72.63922,44.48881],[-72.63896,44.48746],[-72.63921,44.48678],[-72.64017,44.48619],[-72.64147,44.48607]]],[[[-72.65255,44.48355],[-72.65338,44.48369],[-72.65452,44.48426],[-72.65497,44.48468],[-72.65517,44.48519],[-72.65507,44.48571],[-72.65455,44.48655],[-72.65372,44.48708],[-72.6529,44.48726],[-72.65206,44.48716],[-72.65144,44.48687],[-72.65049,44.4861],[-72.65018,44.48544],[-72.65037,44.48475],[-72.65113,44.48401],[-72.65172,44.48369],[-72.65255,44.48355]]],[[[-72.6551,44.43687],[-72.65658,44.43726],[-72.65814,44.43827],[-72.65857,44.4389],[-72.65851,44.4396],[-72.65814,44.44005],[-72.65745,44.44041],[-72.65428,44.44123],[-72.65306,44.44121],[-72.65235,44.44092],[-72.6519,44.4405],[-72.65167,44.43993],[-72.65176,44.4394],[-72.65377,44.43727],[-72.65438,44.43697],[-72.6551,44.43687]]],[[[-72.75739,44.50826],[-72.75811,44.50836],[-72.7593,44.50879],[-72.75842,44.5079],[-72.75742,44.50806],[-72.75639,44.50778],[-72.75451,44.50577],[-72.75315,44.5053],[-72.75232,44.50509],[-72.75099,44.50525],[-72.75002,44.50492],[-72.74931,44.50523],[-72.74846,44.50529],[-72.74631,44.50458],[-72.74582,44.50418],[-72.74558,44.50369],[-72.74591,44.50233],[-72.74378,44.50148],[-72.74332,44.50096],[-72.74324,44.50033],[-72.74228,44.50033],[-72.74153,44.50004],[-72.74051,44.49928],[-72.7402,44.49866],[-72.73872,44.49948],[-72.73756,44.50105],[-72.73819,44.50162],[-72.7384,44.50256],[-72.73881,44.50324],[-72.73874,44.50415],[-72.7383,44.50499],[-72.73874,44.50569],[-72.73861,44.50638],[-72.73666,44.50843],[-72.73575,44.5087],[-72.73479,44.50861],[-72.73364,44.50819],[-72.73272,44.50754],[-72.73239,44.50707],[-72.73252,44.50612],[-72.73371,44.5052],[-72.7334,44.50495],[-72.73265,44.5051],[-72.7308,44.50506],[-72.72995,44.50479],[-72.72941,44.50431],[-72.72881,44.50262],[-72.72916,44.50188],[-72.72993,44.50136],[-72.72962,44.50077],[-72.72822,44.50094],[-72.72392,44.50327],[-72.72271,44.50332],[-72.72178,44.50291],[-72.72138,44.50237],[-72.72135,44.50176],[-72.72255,44.49988],[-72.72256,44.49933],[-72.72294,44.4985],[-72.72217,44.49862],[-72.72145,44.49852],[-72.71754,44.49697],[-72.71713,44.49653],[-72.71698,44.49602],[-72.71756,44.4949],[-72.70938,44.49178],[-72.70696,44.49508],[-72.70615,44.49547],[-72.70506,44.4955],[-72.70076,44.49401],[-72.69886,44.49299],[-72.69853,44.49252],[-72.6985,44.49191],[-72.6995,44.49022],[-72.69925,44.49012],[-72.69802,44.49056],[-72.69704,44.49047],[-72.69625,44.49111],[-72.69506,44.49128],[-72.69373,44.49097],[-72.69302,44.49014],[-72.69135,44.48995],[-72.69054,44.48957],[-72.69007,44.48877],[-72.69039,44.48696],[-72.68966,44.48567],[-72.68955,44.48479],[-72.68994,44.48398],[-72.69064,44.48353],[-72.69063,44.48281],[-72.69126,44.4816],[-72.69218,44.48069],[-72.69135,44.48],[-72.69127,44.47913],[-72.69185,44.47829],[-72.69252,44.4779],[-72.69372,44.47779],[-72.69542,44.47838],[-72.69565,44.47806],[-72.69525,44.47767],[-72.6941,44.47738],[-72.69314,44.47692],[-72.69165,44.47762],[-72.69092,44.47765],[-72.69022,44.47749],[-72.68953,44.47699],[-72.68928,44.47632],[-72.68846,44.47615],[-72.68783,44.47573],[-72.68755,44.47524],[-72.68751,44.47466],[-72.68685,44.47396],[-72.68567,44.474],[-72.68354,44.47327],[-72.68299,44.47293],[-72.68262,44.47232],[-72.68197,44.47184],[-72.68175,44.4719],[-72.68184,44.4725],[-72.6816,44.473],[-72.68008,44.47411],[-72.6793,44.47436],[-72.67847,44.47435],[-72.67805,44.47492],[-72.67724,44.47531],[-72.67541,44.47528],[-72.67477,44.47502],[-72.67432,44.4746],[-72.6741,44.47354],[-72.67207,44.47223],[-72.67161,44.47152],[-72.67166,44.47099],[-72.67206,44.47045],[-72.67719,44.46766],[-72.67809,44.4662],[-72.67922,44.46531],[-72.67831,44.46476],[-72.67801,44.46381],[-72.67702,44.46325],[-72.67659,44.46262],[-72.67661,44.46201],[-72.677,44.46148],[-72.67693,44.46089],[-72.67734,44.45928],[-72.67762,44.45879],[-72.67814,44.45842],[-72.67882,44.45821],[-72.68076,44.45839],[-72.68246,44.45727],[-72.68381,44.45712],[-72.68486,44.45627],[-72.68486,44.45555],[-72.6843,44.4551],[-72.68367,44.455],[-72.68306,44.45471],[-72.68251,44.45384],[-72.6826,44.45332],[-72.68304,44.45268],[-72.68299,44.45172],[-72.68429,44.45016],[-72.68553,44.44982],[-72.68674,44.45014],[-72.68776,44.44985],[-72.68849,44.44984],[-72.69021,44.45043],[-72.69094,44.45016],[-72.69167,44.45012],[-72.69344,44.45053],[-72.69423,44.45097],[-72.69558,44.45137],[-72.69605,44.45071],[-72.69759,44.44972],[-72.69825,44.44949],[-72.69898,44.44945],[-72.69968,44.44962],[-72.70293,44.4511],[-72.70367,44.45179],[-72.70373,44.45249],[-72.7033,44.45311],[-72.70106,44.45444],[-72.70024,44.45466],[-72.69935,44.45551],[-72.69873,44.45657],[-72.69775,44.45768],[-72.69853,44.458],[-72.69897,44.45842],[-72.69917,44.45902],[-72.69898,44.45961],[-72.69766,44.46119],[-72.69694,44.46165],[-72.6946,44.46422],[-72.6946,44.46471],[-72.69432,44.46519],[-72.69217,44.46696],[-72.69163,44.46769],[-72.69225,44.46795],[-72.6938,44.46761],[-72.69453,44.46761],[-72.69532,44.46786],[-72.6958,44.46826],[-72.69605,44.46884],[-72.69591,44.46945],[-72.69502,44.47063],[-72.69404,44.47117],[-72.69474,44.47207],[-72.69504,44.4721],[-72.69608,44.47098],[-72.69695,44.47052],[-72.69761,44.46962],[-72.69824,44.4692],[-72.69955,44.46904],[-72.70147,44.46961],[-72.70201,44.4687],[-72.70259,44.46825],[-72.70351,44.46802],[-72.70444,44.46815],[-72.70502,44.4677],[-72.70582,44.46748],[-72.70701,44.46765],[-72.70831,44.46847],[-72.70856,44.46923],[-72.70813,44.47013],[-72.71044,44.47061],[-72.71202,44.46845],[-72.71275,44.46798],[-72.71407,44.46789],[-72.71505,44.46817],[-72.71569,44.4686],[-72.71684,44.46815],[-72.71705,44.46764],[-72.71701,44.46621],[-72.71824,44.46448],[-72.71936,44.46398],[-72.7201,44.46398],[-72.72076,44.46416],[-72.72201,44.46254],[-72.72301,44.46205],[-72.72422,44.46211],[-72.73184,44.46471],[-72.73727,44.45676],[-72.73759,44.45311],[-72.74034,44.44942],[-72.74092,44.4491],[-72.74163,44.44896],[-72.743,44.44925],[-72.74405,44.44787],[-72.74521,44.44742],[-72.7464,44.44759],[-72.74865,44.44874],[-72.74854,44.4481],[-72.7492,44.44663],[-72.7492,44.44579],[-72.7501,44.44472],[-72.7516,44.44378],[-72.75529,44.44203],[-72.75849,44.44159],[-72.76064,44.4415],[-72.76193,44.44173],[-72.76273,44.44226],[-72.76298,44.44306],[-72.7642,44.44166],[-72.76497,44.44141],[-72.76583,44.44143],[-72.83914,44.45786],[-72.83999,44.45825],[-72.84045,44.45896],[-72.84024,44.45978],[-72.82431,44.48142],[-72.80615,44.50556],[-72.81816,44.51011],[-72.81886,44.5106],[-72.81911,44.51119],[-72.81902,44.51171],[-72.81798,44.51362],[-72.81726,44.51655],[-72.81721,44.51728],[-72.81767,44.51921],[-72.81765,44.52023],[-72.81514,44.5247],[-72.81486,44.52548],[-72.81527,44.52926],[-72.81647,44.53439],[-72.81711,44.53623],[-72.81714,44.53702],[-72.81678,44.53849],[-72.8158,44.54067],[-72.81448,44.54271],[-72.81325,44.54386],[-72.81009,44.54593],[-72.80884,44.54788],[-72.80839,44.5483],[-72.80752,44.54861],[-72.80654,44.54857],[-72.79091,44.54447],[-72.78525,44.54332],[-72.77572,44.55604],[-72.7751,44.55646],[-72.77428,44.55664],[-72.77343,44.55654],[-72.77274,44.55618],[-72.74963,44.5308],[-72.74936,44.53033],[-72.74957,44.52939],[-72.75377,44.52438],[-72.75691,44.52025],[-72.75775,44.5199],[-72.75873,44.5199],[-72.76319,44.52148],[-72.76329,44.52087],[-72.7637,44.52028],[-72.76447,44.51972],[-72.76527,44.51944],[-72.76601,44.51803],[-72.76696,44.5175],[-72.76587,44.51695],[-72.76556,44.51603],[-72.76363,44.51517],[-72.76194,44.51747],[-72.7611,44.51782],[-72.76012,44.51782],[-72.7574,44.51696],[-72.75127,44.51462],[-72.75072,44.51427],[-72.75033,44.51352],[-72.74967,44.51293],[-72.74956,44.51215],[-72.75225,44.50826],[-72.75291,44.50787],[-72.75374,44.50773],[-72.75618,44.50785],[-72.75739,44.50826]]],[[[-72.69031,44.43847],[-72.69146,44.43875],[-72.69444,44.44075],[-72.69468,44.44124],[-72.69463,44.44177],[-72.69431,44.44224],[-72.69376,44.44259],[-72.69269,44.44277],[-72.69111,44.44253],[-72.6904,44.44284],[-72.68967,44.44291],[-72.68875,44.44268],[-72.68816,44.44224],[-72.68782,44.44109],[-72.68739,44.44037],[-72.6875,44.43959],[-72.68829,44.43894],[-72.69031,44.43847]]],[[[-72.82181,44.51167],[-72.82264,44.51181],[-72.8318,44.51524],[-72.83245,44.51576],[-72.83265,44.51645],[-72.83246,44.51696],[-72.82107,44.53374],[-72.82028,44.53428],[-72.81932,44.53442],[-72.81861,44.53428],[-72.81802,44.53396],[-72.81736,44.53285],[-72.81612,44.52748],[-72.816,44.5262],[-72.81637,44.52505],[-72.81895,44.52039],[-72.819,44.51965],[-72.81854,44.5167],[-72.81927,44.51402],[-72.82032,44.5122],[-72.82098,44.51181],[-72.82181,44.51167]]]]}},{"type":"Feature","properties":{"PWSID":"VT0005004","PWS_Name":"MIDDLEBURY WATER DEPT","Pop_Cat_5":"3,301-10,000","Population_Served_Count":9379,"Service_Connections_Count":2368,"Service_Area_Type":"Residential Area","Model_Method":"","boundary_source":"Authoritative (VT/local)","is_community":true,"Area_SqKM":49.33187956655824,"Detailed_Facility_Report":"https://echo.epa.gov/detailed-facility-report?fid=VT0005004&sys=SDWIS"},"geometry":{"type":"Polygon","coordinates":[[[-73.10706,43.98269],[-73.10821,43.98296],[-73.10888,43.98368],[-73.10892,43.98475],[-73.10863,43.98657],[-73.10944,43.98694],[-73.11069,43.98715],[-73.11143,43.98784],[-73.11176,43.98909],[-73.11149,43.98989],[-73.11188,43.99154],[-73.11175,43.99215],[-73.11329,43.99191],[-73.11369,43.99147],[-73.11425,43.99119],[-73.11356,43.99069],[-73.1133,43.99002],[-73.11344,43.98847],[-73.1142,43.9877],[-73.11511,43.98747],[-73.12343,43.98699],[-73.12286,43.98603],[-73.1155,43.9864],[-73.11446,43.98618],[-73.11387,43.98573],[-73.11362,43.98515],[-73.11373,43.98342],[-73.11424,43.98273],[-73.11531,43.98234],[-73.12221,43.98199],[-73.12144,43.98064],[-73.12146,43.97986],[-73.12219,43.97913],[-73.12384,43.97834],[-73.13222,43.97755],[-73.13322,43.97764],[-73.13383,43.97793],[-73.13434,43.9786],[-73.13512,43.97905],[-73.13637,43.97904],[-73.13733,43.97956],[-73.13773,43.98072],[-73.13766,43.98231],[-73.13966,43.98287],[-73.14188,43.98294],[-73.14252,43.9832],[-73.14297,43.98362],[-73.14316,43.98413],[-73.14328,43.98703],[-73.14252,43.9878],[-73.14132,43.98803],[-73.1423,43.99071],[-73.14406,43.9904],[-73.14436,43.98693],[-73.14484,43.98632],[-73.14567,43.98596],[-73.15836,43.98637],[-73.15906,43.9865],[-73.15965,43.98682],[-73.16008,43.98744],[-73.16096,43.99126],[-73.16077,43.99186],[-73.16024,43.99233],[-73.15947,43.99259],[-73.15863,43.99261],[-73.15922,43.99451],[-73.15898,43.9951],[-73.15838,43.99556],[-73.15925,43.99623],[-73.1594,43.99675],[-73.15922,43.99757],[-73.15951,43.99767],[-73.15995,43.99725],[-73.1605,43.997],[-73.1621,43.99512],[-73.16315,43.99423],[-73.16323,43.99325],[-73.16347,43.9928],[-73.16306,43.98905],[-73.16324,43.98854],[-73.16377,43.98807],[-73.16466,43.98779],[-73.17407,43.98704],[-73.17388,43.98531],[-73.17425,43.98457],[-73.17537,43.98406],[-73.17939,43.98375],[-73.17919,43.98231],[-73.17946,43.98182],[-73.18007,43.9814],[-73.18076,43.98122],[-73.18541,43.98083],[-73.18624,43.98097],[-73.1869,43.98135],[-73.18729,43.98203],[-73.18827,43.98848],[-73.18819,43.98905],[-73.18775,43.98957],[-73.18703,43.9899],[-73.18274,43.99056],[-73.1843,43.99034],[-73.18585,43.99031],[-73.18681,43.99067],[-73.1873,43.99127],[-73.18711,43.99923],[-73.18693,43.99974],[-73.18641,44.00022],[-73.18667,44.00073],[-73.18699,44.00276],[-73.19003,44.0028],[-73.19075,44.00312],[-73.19124,44.00372],[-73.19082,44.00922],[-73.19162,44.01399],[-73.19132,44.01466],[-73.19048,44.01516],[-73.18576,44.01568],[-73.18549,44.01761],[-73.18559,44.01792],[-73.19319,44.0173],[-73.19414,44.01743],[-73.19488,44.01789],[-73.19563,44.01892],[-73.19678,44.01894],[-73.19774,44.01946],[-73.19802,44.01995],[-73.19836,44.02205],[-73.19799,44.02279],[-73.19711,44.02326],[-73.19688,44.02463],[-73.1964,44.02524],[-73.19424,44.02623],[-73.19339,44.02626],[-73.1927,44.02606],[-73.193,44.02702],[-73.19337,44.03016],[-73.193,44.03108],[-73.19234,44.03147],[-73.19158,44.03162],[-73.19134,44.0324],[-73.19055,44.03294],[-73.18701,44.03335],[-73.18585,44.03319],[-73.18493,44.03255],[-73.18435,44.03082],[-73.18396,44.02887],[-73.18413,44.02809],[-73.18486,44.02752],[-73.18462,44.025],[-73.18501,44.02445],[-73.18563,44.02411],[-73.18509,44.02237],[-73.18469,44.02281],[-73.18408,44.02311],[-73.18162,44.02337],[-73.18158,44.02384],[-73.18188,44.0243],[-73.18223,44.02566],[-73.18161,44.0265],[-73.18034,44.02687],[-73.18104,44.02873],[-73.18135,44.03027],[-73.18097,44.03125],[-73.18029,44.03188],[-73.18115,44.03339],[-73.18275,44.03511],[-73.18326,44.0362],[-73.18332,44.03731],[-73.18311,44.03861],[-73.18323,44.0405],[-73.18271,44.04188],[-73.18313,44.04254],[-73.18321,44.04328],[-73.18244,44.04602],[-73.18193,44.04681],[-73.18128,44.0473],[-73.18051,44.04756],[-73.17551,44.04804],[-73.17445,44.04792],[-73.17371,44.04747],[-73.17341,44.04689],[-73.17376,44.04459],[-73.17295,44.04433],[-73.1724,44.04386],[-73.17218,44.04246],[-73.17122,44.04232],[-73.16968,44.04138],[-73.16847,44.04111],[-73.16793,44.04064],[-73.16772,44.03999],[-73.16492,44.04011],[-73.16411,44.03998],[-73.16334,44.04019],[-73.16174,44.04025],[-73.16104,44.04009],[-73.16044,44.0397],[-73.15908,44.03961],[-73.15828,44.03908],[-73.15803,44.03841],[-73.15808,44.03692],[-73.15831,44.03642],[-73.1591,44.03588],[-73.16046,44.03565],[-73.16135,44.0346],[-73.16261,44.03365],[-73.16326,44.03342],[-73.16416,44.03333],[-73.1653,44.0336],[-73.16616,44.03315],[-73.1689,44.03277],[-73.16879,44.03154],[-73.1679,44.03127],[-73.16718,44.03062],[-73.16545,44.02989],[-73.16481,44.02926],[-73.16481,44.02783],[-73.16517,44.02737],[-73.16584,44.02702],[-73.16563,44.02574],[-73.16479,44.02439],[-73.1645,44.02403],[-73.16372,44.02405],[-73.16295,44.0238],[-73.16228,44.02313],[-73.16143,44.02263],[-73.16109,44.02191],[-73.16057,44.02198],[-73.16012,44.02275],[-73.15911,44.02319],[-73.15875,44.02353],[-73.15853,44.02409],[-73.15772,44.02496],[-73.15758,44.02546],[-73.15662,44.02693],[-73.15618,44.02735],[-73.15495,44.02769],[-73.15235,44.0273],[-73.15172,44.02752],[-73.15099,44.02756],[-73.15073,44.02791],[-73.15154,44.02894],[-73.15235,44.02916],[-73.15346,44.02875],[-73.15521,44.02861],[-73.15615,44.02879],[-73.15695,44.02944],[-73.15718,44.03058],[-73.1568,44.03132],[-73.15626,44.03167],[-73.15557,44.03184],[-73.15533,44.03252],[-73.15461,44.03305],[-73.15487,44.03372],[-73.15456,44.03448],[-73.14958,44.03909],[-73.14835,44.03943],[-73.14763,44.03933],[-73.14702,44.03904],[-73.1465,44.03835],[-73.14616,44.0364],[-73.14474,44.03631],[-73.14397,44.03606],[-73.14337,44.03551],[-73.14322,44.0348],[-73.14214,44.03497],[-73.14169,44.03577],[-73.14065,44.03621],[-73.13707,44.03654],[-73.13636,44.03641],[-73.13575,44.03607],[-73.13555,44.03745],[-73.13501,44.03793],[-73.13425,44.03818],[-73.1344,44.04186],[-73.1341,44.04261],[-73.13303,44.04317],[-73.12853,44.0437],[-73.12924,44.04444],[-73.12924,44.04557],[-73.13253,44.04531],[-73.13331,44.04556],[-73.1339,44.04611],[-73.13405,44.04663],[-73.1339,44.05091],[-73.13337,44.05178],[-73.13229,44.05217],[-73.1199,44.05334],[-73.11974,44.05383],[-73.12014,44.05425],[-73.12032,44.05486],[-73.12674,44.05422],[-73.12747,44.05429],[-73.12819,44.05461],[-73.12871,44.05529],[-73.12954,44.05876],[-73.1294,44.05937],[-73.12891,44.05987],[-73.12817,44.06016],[-73.1259,44.06036],[-73.1251,44.06058],[-73.11671,44.06128],[-73.11599,44.06121],[-73.11539,44.06098],[-73.11489,44.06129],[-73.1142,44.06146],[-73.09852,44.06276],[-73.09761,44.06267],[-73.09683,44.06225],[-73.09645,44.06154],[-73.09623,44.05979],[-73.09636,44.05927],[-73.09676,44.05883],[-73.09737,44.05853],[-73.1001,44.05823],[-73.09983,44.05625],[-73.10006,44.05575],[-73.10054,44.05535],[-73.10143,44.05508],[-73.11124,44.05414],[-73.11121,44.05239],[-73.11036,44.05237],[-73.10971,44.05214],[-73.10922,44.05175],[-73.10898,44.05125],[-73.10943,44.04334],[-73.1083,44.04341],[-73.10744,44.04316],[-73.10649,44.04361],[-73.10402,44.04386],[-73.1029,44.04352],[-73.10232,44.04286],[-73.10258,44.03974],[-73.10331,44.03905],[-73.10461,44.03877],[-73.10491,44.03726],[-73.10531,44.03672],[-73.10634,44.03628],[-73.11001,44.03591],[-73.1104,44.03312],[-73.11094,44.03254],[-73.11186,44.03221],[-73.1141,44.03194],[-73.11493,44.03204],[-73.11609,44.0326],[-73.11696,44.03351],[-73.1172,44.03425],[-73.11791,44.03449],[-73.11842,44.03492],[-73.12085,44.03463],[-73.1207,44.03325],[-73.12097,44.03276],[-73.12148,44.03239],[-73.12216,44.03218],[-73.12766,44.03155],[-73.12756,44.02988],[-73.12825,44.02907],[-73.12902,44.02881],[-73.13164,44.02854],[-73.1326,44.02787],[-73.13517,44.0274],[-73.13504,44.02566],[-73.13531,44.02517],[-73.13582,44.0248],[-73.13976,44.02389],[-73.1418,44.02387],[-73.1423,44.02252],[-73.14277,44.02213],[-73.14343,44.02189],[-73.14415,44.02185],[-73.14763,44.02223],[-73.14738,44.02069],[-73.14269,44.02059],[-73.14243,44.02217],[-73.1419,44.02265],[-73.14113,44.0229],[-73.13351,44.02226],[-73.12373,44.02357],[-73.12245,44.02336],[-73.1218,44.02284],[-73.1216,44.02224],[-73.12186,44.01808],[-73.12219,44.01623],[-73.12241,44.01099],[-73.11829,44.01154],[-73.11817,44.01265],[-73.11783,44.01321],[-73.11825,44.01389],[-73.11814,44.01471],[-73.11692,44.01623],[-73.11632,44.01652],[-73.11539,44.01666],[-73.11518,44.01889],[-73.11467,44.01959],[-73.11359,44.02005],[-73.1123,44.02012],[-73.11189,44.02102],[-73.11065,44.0217],[-73.1093,44.02204],[-73.10743,44.02226],[-73.10794,44.02301],[-73.10798,44.02557],[-73.10724,44.02779],[-73.10722,44.02898],[-73.10646,44.02976],[-73.1048,44.0301],[-73.10474,44.03125],[-73.10408,44.03198],[-73.10319,44.03225],[-73.10105,44.03245],[-73.10021,44.03235],[-73.0996,44.03206],[-73.09919,44.03163],[-73.09905,44.03046],[-73.09759,44.03047],[-73.09663,44.02995],[-73.09631,44.0292],[-73.09656,44.0285],[-73.09331,44.02881],[-73.0926,44.02868],[-73.09194,44.02829],[-73.09158,44.02773],[-73.0911,44.02559],[-73.09147,44.02468],[-73.09246,44.02419],[-73.09539,44.02381],[-73.09563,44.02323],[-73.09611,44.02283],[-73.09688,44.02257],[-73.09884,44.02237],[-73.09891,44.0219],[-73.09754,44.02187],[-73.09657,44.02122],[-73.09638,44.02072],[-73.09635,44.01816],[-73.08684,44.01945],[-73.086,44.01935],[-73.08523,44.01893],[-73.08484,44.0182],[-73.08485,44.01494],[-73.08352,44.01465],[-73.08304,44.01425],[-73.0828,44.01376],[-73.0826,44.00744],[-73.08336,44.00666],[-73.08454,44.00643],[-73.08472,44.00552],[-73.08551,44.00486],[-73.08644,44.00468],[-73.09033,44.0049],[-73.09043,44.00428],[-73.09079,44.00383],[-73.09136,44.0035],[-73.09215,44.00336],[-73.091,44.00292],[-73.09053,44.00203],[-73.09079,43.9998],[-73.09108,43.99923],[-73.09192,43.99873],[-73.09367,43.99838],[-73.09374,43.99759],[-73.09283,43.99723],[-73.09231,43.99654],[-73.0922,43.99342],[-73.09146,43.9912],[-73.09182,43.98198],[-73.09206,43.9814],[-73.09284,43.98086],[-73.09293,43.98063],[-73.09258,43.97978],[-73.09263,43.97903],[-73.09297,43.97847],[-73.09397,43.97798],[-73.09676,43.97762],[-73.0976,43.97772],[-73.0983,43.97807],[-73.09873,43.97869],[-73.0987,43.97981],[-73.09921,43.98122],[-73.09927,43.98396],[-73.10032,43.98473],[-73.10143,43.98458],[-73.10238,43.98364],[-73.10306,43.98328],[-73.10706,43.98269]]]}},{"type":"Feature","properties":{"PWSID":"VT0005087","PWS_Name":"SHELBURNE WATER DEPT","Pop_Cat_5":"3,301-10,000","Population_Served_Count":5764,"Service_Connections_Count":2600,"Service_Area_Type":"Residential Area","Model_Method":"","boundary_source":"Authoritative (VT/local)","is_community":true,"Area_SqKM":38.22167251416345,"Detailed_Facility_Report":"https://echo.epa.gov/detailed-facility-report?fid=VT0005087&sys=SDWIS"},"geometry":{"type":"MultiPolygon","coordinates":[[[[-73.2071,44.37046],[-73.20804,44.37064],[-73.2088,44.3712],[-73.20925,44.37261],[-73.20907,44.3733],[-73.20833,44.37388],[-73.20619,44.37451],[-73.20524,44.37464],[-73.2044,44.37451],[-73.20381,44.37419],[-73.20344,44.37373],[-73.20304,44.37258],[-73.20322,44.37189],[-73.20407,44.37128],[-73.2071,44.37046]]],[[[-73.21007,44.3775],[-73.21079,44.3776],[-73.2114,44.37789],[-73.2119,44.37849],[-73.21194,44.37913],[-73.21288,44.3794],[-73.21367,44.38007],[-73.21382,44.38059],[-73.21373,44.38137],[-73.21337,44.38182],[-73.21268,44.38219],[-73.21062,44.38228],[-73.20983,44.38203],[-73.20927,44.38154],[-73.20847,44.38166],[-73.20764,44.38153],[-73.2069,44.38107],[-73.20621,44.37997],[-73.20612,44.37911],[-73.20669,44.37844],[-73.21007,44.3775]]],[[[-73.24824,44.40318],[-73.24948,44.40351],[-73.24993,44.40392],[-73.25013,44.40443],[-73.24902,44.40853],[-73.24896,44.40968],[-73.24837,44.41024],[-73.24748,44.41051],[-73.24411,44.41013],[-73.24326,44.40964],[-73.24293,44.40889],[-73.2431,44.40714],[-73.24384,44.40509],[-73.24463,44.40443],[-73.24579,44.40425],[-73.2473,44.40337],[-73.24824,44.40318]]],[[[-73.2769,44.34774],[-73.27805,44.34801],[-73.27869,44.34864],[-73.27884,44.35021],[-73.2786,44.35114],[-73.27807,44.35162],[-73.27693,44.3519],[-73.27604,44.35255],[-73.2744,44.35277],[-73.27296,44.35386],[-73.27162,44.35575],[-73.27222,44.35625],[-73.27258,44.35744],[-73.27293,44.35765],[-73.27396,44.35746],[-73.2748,44.3575],[-73.27546,44.35773],[-73.27615,44.35825],[-73.27674,44.35933],[-73.27649,44.36065],[-73.27581,44.36132],[-73.2748,44.36163],[-73.27356,44.36152],[-73.27242,44.36098],[-73.27127,44.36115],[-73.26982,44.3617],[-73.2688,44.36176],[-73.26805,44.36251],[-73.26819,44.36362],[-73.26888,44.36386],[-73.26936,44.36424],[-73.27057,44.36366],[-73.27166,44.36358],[-73.27348,44.36402],[-73.27402,44.36437],[-73.27435,44.36484],[-73.27442,44.36549],[-73.27406,44.36629],[-73.27331,44.36695],[-73.27214,44.36737],[-73.27228,44.36841],[-73.27214,44.36983],[-73.27139,44.37062],[-73.27103,44.37147],[-73.27032,44.37197],[-73.27122,44.37264],[-73.27158,44.37361],[-73.27173,44.37539],[-73.271,44.3768],[-73.27192,44.37734],[-73.27316,44.37749],[-73.27424,44.37802],[-73.27581,44.37975],[-73.27738,44.3802],[-73.27806,44.38108],[-73.27812,44.38174],[-73.27777,44.3823],[-73.27537,44.38351],[-73.27552,44.38442],[-73.27647,44.38557],[-73.27693,44.38705],[-73.27712,44.38729],[-73.27799,44.38738],[-73.27869,44.38773],[-73.27988,44.38937],[-73.27996,44.39011],[-73.27966,44.39175],[-73.27925,44.39262],[-73.27868,44.39316],[-73.27948,44.39321],[-73.28019,44.39346],[-73.28102,44.39441],[-73.28105,44.39502],[-73.28063,44.39574],[-73.28067,44.39696],[-73.2801,44.39775],[-73.27832,44.39861],[-73.27651,44.39866],[-73.27597,44.39907],[-73.27439,44.39962],[-73.27292,44.40036],[-73.26921,44.40056],[-73.26936,44.40342],[-73.26906,44.40409],[-73.26833,44.40455],[-73.26725,44.40472],[-73.26624,44.40615],[-73.26604,44.40699],[-73.2655,44.40751],[-73.26322,44.40853],[-73.26202,44.4095],[-73.26132,44.40968],[-73.26047,44.40962],[-73.25672,44.40815],[-73.2562,44.40778],[-73.2559,44.40728],[-73.25298,44.40617],[-73.25257,44.40573],[-73.25242,44.40525],[-73.25148,44.40516],[-73.25078,44.40481],[-73.25031,44.40401],[-73.25016,44.40063],[-73.24935,44.40102],[-73.24789,44.40124],[-73.24716,44.40117],[-73.24643,44.40085],[-73.2459,44.40017],[-73.24529,44.39734],[-73.239,44.39915],[-73.23803,44.39915],[-73.23718,44.39881],[-73.23664,44.39803],[-73.23655,44.39717],[-73.23679,44.39658],[-73.24148,44.39329],[-73.24108,44.39285],[-73.23952,44.39204],[-73.23901,44.39154],[-73.23887,44.39103],[-73.23891,44.38923],[-73.23842,44.38959],[-73.23774,44.3898],[-73.23475,44.39008],[-73.23391,44.38999],[-73.23329,44.3897],[-73.23283,44.38918],[-73.23219,44.38636],[-73.22815,44.38611],[-73.22775,44.38636],[-73.22795,44.38705],[-73.22743,44.38934],[-73.22798,44.39296],[-73.22745,44.39374],[-73.2264,44.39413],[-73.22684,44.3958],[-73.22751,44.39545],[-73.22864,44.39518],[-73.23237,44.39558],[-73.23359,44.39633],[-73.23399,44.39719],[-73.23498,44.39732],[-73.23576,44.39774],[-73.23612,44.3983],[-73.23612,44.39883],[-73.23546,44.39962],[-73.2351,44.40051],[-73.23431,44.40105],[-73.23336,44.4012],[-73.23224,44.40096],[-73.22737,44.40164],[-73.2262,44.40201],[-73.22549,44.40251],[-73.22466,44.4053],[-73.22514,44.40691],[-73.22477,44.40877],[-73.2244,44.40945],[-73.22473,44.41044],[-73.22469,44.41096],[-73.22385,44.41276],[-73.22313,44.41335],[-73.22237,44.41434],[-73.22188,44.41475],[-73.2204,44.41546],[-73.22003,44.41917],[-73.22038,44.42056],[-73.22004,44.42173],[-73.22017,44.42276],[-73.21974,44.42339],[-73.21894,44.42379],[-73.21809,44.42385],[-73.21412,44.42282],[-73.21328,44.42297],[-73.21164,44.4228],[-73.21082,44.42242],[-73.21039,44.42181],[-73.20182,44.41947],[-73.20097,44.41874],[-73.20061,44.41716],[-73.20083,44.41631],[-73.20176,44.41573],[-73.20114,44.41552],[-73.20032,44.41623],[-73.19985,44.41736],[-73.19873,44.41787],[-73.19644,44.41782],[-73.19578,44.4176],[-73.1953,44.41721],[-73.19381,44.41722],[-73.19293,44.41691],[-73.19202,44.4157],[-73.19206,44.4144],[-73.19235,44.41374],[-73.19166,44.4133],[-73.19134,44.41264],[-73.19155,44.41111],[-73.19284,44.40965],[-73.1924,44.40896],[-73.19197,44.40598],[-73.1924,44.40535],[-73.1932,44.40495],[-73.19666,44.4047],[-73.19689,44.40359],[-73.19806,44.40043],[-73.19409,44.4008],[-73.19291,44.40127],[-73.18708,44.40165],[-73.18612,44.40152],[-73.18545,44.40113],[-73.1851,44.40058],[-73.18452,44.39584],[-73.185,44.39523],[-73.18584,44.39488],[-73.19463,44.39384],[-73.19392,44.39037],[-73.19399,44.38976],[-73.19435,44.3893],[-73.19493,44.38898],[-73.19684,44.38875],[-73.19665,44.38837],[-73.19554,44.3883],[-73.19469,44.38781],[-73.19438,44.38724],[-73.19427,44.38604],[-73.19455,44.38555],[-73.19506,44.38517],[-73.19672,44.38487],[-73.19743,44.37986],[-73.19783,44.37931],[-73.19864,44.37892],[-73.19961,44.37887],[-73.20205,44.37938],[-73.20266,44.37967],[-73.20341,44.38038],[-73.20366,44.38097],[-73.20368,44.38283],[-73.2033,44.3853],[-73.20404,44.38579],[-73.20468,44.38541],[-73.20539,44.38527],[-73.20612,44.38533],[-73.20682,44.38563],[-73.20828,44.38544],[-73.20922,44.38561],[-73.21003,44.38626],[-73.21014,44.38723],[-73.21103,44.38851],[-73.21183,44.38884],[-73.21229,44.38839],[-73.21292,44.38812],[-73.21452,44.38787],[-73.2153,44.38795],[-73.215,44.38661],[-73.21464,44.386],[-73.21391,44.38234],[-73.21414,44.38148],[-73.21557,44.38059],[-73.21637,44.38037],[-73.21722,44.38042],[-73.21892,44.38095],[-73.21922,44.38027],[-73.2199,44.37977],[-73.22285,44.37937],[-73.22323,44.37795],[-73.2236,44.37742],[-73.22353,44.37629],[-73.22397,44.37577],[-73.2247,44.37544],[-73.22386,44.37531],[-73.22319,44.37492],[-73.22286,44.37445],[-73.22263,44.37353],[-73.22086,44.37369],[-73.2201,44.37405],[-73.21897,44.37418],[-73.21961,44.37523],[-73.22004,44.37671],[-73.22002,44.37775],[-73.21979,44.37825],[-73.21931,44.37864],[-73.21866,44.37888],[-73.21528,44.37921],[-73.21445,44.37907],[-73.21371,44.37862],[-73.21302,44.3777],[-73.21266,44.37663],[-73.2105,44.37653],[-73.20986,44.37627],[-73.20935,44.37578],[-73.20924,44.375],[-73.21005,44.37296],[-73.21063,44.37251],[-73.21221,44.37192],[-73.21159,44.3716],[-73.21119,44.37111],[-73.21104,44.37059],[-73.21117,44.37007],[-73.21219,44.36896],[-73.21312,44.36852],[-73.21353,44.368],[-73.21348,44.36718],[-73.21236,44.36696],[-73.21156,44.36632],[-73.21132,44.36583],[-73.21136,44.3653],[-73.21203,44.36458],[-73.2131,44.36429],[-73.21389,44.36364],[-73.215,44.36337],[-73.21495,44.36166],[-73.21539,44.36094],[-73.21643,44.3605],[-73.22238,44.35981],[-73.22308,44.35997],[-73.22371,44.36039],[-73.22419,44.36161],[-73.22584,44.3615],[-73.22696,44.36191],[-73.22655,44.36019],[-73.227,44.3593],[-73.22779,44.35891],[-73.23129,44.35811],[-73.23201,44.35821],[-73.23263,44.3585],[-73.23327,44.35945],[-73.23384,44.35907],[-73.23466,44.35889],[-73.23538,44.35896],[-73.23705,44.35952],[-73.23773,44.35917],[-73.23913,44.35886],[-73.24184,44.35892],[-73.24273,44.35937],[-73.24313,44.36019],[-73.24479,44.36043],[-73.24595,44.36137],[-73.24844,44.36124],[-73.24981,44.36085],[-73.25064,44.35933],[-73.25125,44.35763],[-73.25195,44.35271],[-73.25218,44.35221],[-73.25276,44.35176],[-73.25356,44.35154],[-73.25958,44.35132],[-73.25918,44.34954],[-73.25929,44.34898],[-73.25895,44.34851],[-73.25866,44.34722],[-73.25878,44.34652],[-73.25918,44.34608],[-73.25979,44.34579],[-73.26206,44.3455],[-73.26158,44.34338],[-73.26182,44.34261],[-73.2623,44.34221],[-73.26296,44.34198],[-73.26511,44.34188],[-73.2652,44.34041],[-73.26569,44.33991],[-73.26644,44.33962],[-73.26921,44.33931],[-73.26993,44.33941],[-73.2705,44.33967],[-73.27201,44.33959],[-73.27297,44.33995],[-73.2735,44.34064],[-73.27419,44.34413],[-73.27385,44.34491],[-73.27381,44.34595],[-73.2734,44.34639],[-73.27146,44.34756],[-73.27051,44.34771],[-73.2696,44.34749],[-73.26906,44.34865],[-73.2769,44.34774]]],[[[-73.25123,44.41302],[-73.25572,44.41317],[-73.25654,44.41335],[-73.25709,44.41369],[-73.25745,44.41424],[-73.25741,44.41596],[-73.25871,44.4161],[-73.25997,44.41676],[-73.26034,44.41737],[-73.26034,44.41821],[-73.25994,44.41913],[-73.25993,44.41996],[-73.25955,44.4206],[-73.25996,44.42145],[-73.26031,44.42307],[-73.25971,44.42491],[-73.25909,44.42544],[-73.25788,44.42599],[-73.25799,44.4269],[-73.25906,44.42769],[-73.25949,44.42841],[-73.25936,44.42941],[-73.25849,44.43023],[-73.25779,44.43063],[-73.25704,44.43149],[-73.25496,44.43242],[-73.25369,44.43342],[-73.25289,44.43373],[-73.25266,44.43408],[-73.25415,44.43502],[-73.25483,44.43576],[-73.25511,44.43656],[-73.25467,44.43735],[-73.25553,44.43779],[-73.25603,44.43863],[-73.25605,44.43935],[-73.2551,44.44133],[-73.25501,44.44201],[-73.25418,44.44275],[-73.25314,44.44297],[-73.25117,44.44389],[-73.25034,44.44403],[-73.24921,44.4438],[-73.24833,44.44313],[-73.24728,44.44291],[-73.24631,44.44235],[-73.24569,44.44135],[-73.24544,44.44006],[-73.24477,44.43968],[-73.24422,44.4391],[-73.24384,44.43793],[-73.24394,44.43677],[-73.24471,44.43566],[-73.24475,44.43515],[-73.24509,44.43456],[-73.24599,44.43401],[-73.24725,44.43395],[-73.2471,44.4335],[-73.24674,44.43322],[-73.24539,44.43291],[-73.24468,44.43241],[-73.2443,44.43169],[-73.24435,44.43089],[-73.24478,44.43033],[-73.24587,44.4297],[-73.24732,44.4278],[-73.2486,44.42669],[-73.24903,44.42589],[-73.24982,44.42498],[-73.25036,44.42291],[-73.24991,44.4224],[-73.24983,44.42176],[-73.24923,44.4214],[-73.24883,44.42089],[-73.24871,44.42026],[-73.24884,44.41974],[-73.24849,44.41967],[-73.24789,44.42043],[-73.24727,44.42083],[-73.24654,44.42105],[-73.24545,44.42098],[-73.24458,44.42047],[-73.24425,44.41952],[-73.24373,44.41874],[-73.24304,44.41635],[-73.24303,44.41583],[-73.24331,44.41534],[-73.24299,44.4146],[-73.24355,44.41323],[-73.24414,44.41267],[-73.24826,44.41164],[-73.24911,44.41161],[-73.2498,44.41181],[-73.25039,44.41225],[-73.25079,44.41307],[-73.25123,44.41302]]]]}},{"type":"Feature","properties":{"PWSID":"VT0020562","PWS_Name":"NORTH HERO WATER SYSTEM","Pop_Cat_5":"501-3,300","Population_Served_Count":2750,"Service_Connections_Count":577,"Service_Area_Type":"Residential Area","Model_Method":"","boundary_source":"Authoritative (VT/local)","is_community":true,"Area_SqKM":37.587598148331494,"Detailed_Facility_Report":"https://echo.epa.gov/detailed-facility-report?fid=VT0020562&sys=SDWIS"},"geometry":{"type":"MultiPolygon","coordinates":[[[[-73.30531,44.82282],[-73.3061,44.82292],[-73.3064,44.82207],[-73.30681,44.82163],[-73.30753,44.8213],[-73.30839,44.82124],[-73.31249,44.82229],[-73.31314,44.82281],[-73.31334,44.82349],[-73.31241,44.82576],[-73.31104,44.82686],[-73.30918,44.8294],[-73.30855,44.83128],[-73.30847,44.83216],[-73.30741,44.83439],[-73.30629,44.83569],[-73.30529,44.83617],[-73.30444,44.83628],[-73.30325,44.83608],[-73.30255,44.83573],[-73.3021,44.8351],[-73.30211,44.8342],[-73.30109,44.83405],[-73.30045,44.83379],[-73.29994,44.83329],[-73.29979,44.83269],[-73.30003,44.83152],[-73.30158,44.82883],[-73.30248,44.82777],[-73.30355,44.82542],[-73.30376,44.82492],[-73.30344,44.82427],[-73.30357,44.82366],[-73.30426,44.82305],[-73.30531,44.82282]]],[[[-73.31014,44.76257],[-73.31139,44.76286],[-73.31226,44.76265],[-73.31374,44.76273],[-73.31456,44.76311],[-73.31503,44.76382],[-73.31457,44.77127],[-73.31417,44.77182],[-73.31359,44.77214],[-73.312,44.77227],[-73.31181,44.77284],[-73.31184,44.77346],[-73.31255,44.77386],[-73.31291,44.77441],[-73.31314,44.77594],[-73.31279,44.77695],[-73.31349,44.77726],[-73.31395,44.77778],[-73.31398,44.77939],[-73.31505,44.77942],[-73.31584,44.77967],[-73.31639,44.78014],[-73.31659,44.78071],[-73.31811,44.78075],[-73.31779,44.78001],[-73.31789,44.77828],[-73.31816,44.77773],[-73.31751,44.77726],[-73.31725,44.77659],[-73.31743,44.77491],[-73.31782,44.77373],[-73.31735,44.7732],[-73.31602,44.77008],[-73.3162,44.76957],[-73.31664,44.76915],[-73.31851,44.76857],[-73.31777,44.7679],[-73.31752,44.76634],[-73.31813,44.76538],[-73.3193,44.76474],[-73.32069,44.76467],[-73.3225,44.76536],[-73.32461,44.76685],[-73.32524,44.76763],[-73.32542,44.76826],[-73.32528,44.76927],[-73.325,44.76976],[-73.32448,44.77014],[-73.3238,44.77034],[-73.32234,44.77045],[-73.32155,44.77021],[-73.32095,44.76974],[-73.32139,44.77063],[-73.32278,44.7707],[-73.32375,44.77122],[-73.32404,44.77171],[-73.32407,44.77227],[-73.32492,44.77262],[-73.32539,44.77313],[-73.32596,44.77529],[-73.32579,44.77879],[-73.32514,44.78012],[-73.32311,44.78247],[-73.32135,44.78388],[-73.32115,44.78424],[-73.32108,44.78533],[-73.32066,44.78599],[-73.31853,44.78727],[-73.31749,44.78831],[-73.31683,44.78872],[-73.31641,44.79031],[-73.31513,44.79218],[-73.31494,44.79286],[-73.31511,44.79395],[-73.31492,44.79525],[-73.31389,44.79841],[-73.31399,44.79928],[-73.31488,44.80094],[-73.31489,44.80191],[-73.31545,44.80368],[-73.31444,44.80571],[-73.31354,44.80684],[-73.31432,44.80822],[-73.31466,44.80971],[-73.31449,44.81037],[-73.31366,44.81172],[-73.31343,44.81292],[-73.31259,44.81366],[-73.3114,44.81384],[-73.30927,44.8135],[-73.30863,44.81308],[-73.30834,44.81257],[-73.30523,44.81887],[-73.30471,44.81925],[-73.30403,44.81945],[-73.30236,44.81937],[-73.30258,44.81999],[-73.30231,44.82116],[-73.30154,44.82246],[-73.30024,44.82388],[-73.29971,44.82539],[-73.30047,44.82568],[-73.30093,44.82609],[-73.30113,44.82669],[-73.30095,44.82729],[-73.30049,44.82777],[-73.29867,44.8289],[-73.29795,44.8299],[-73.29548,44.83258],[-73.29454,44.83412],[-73.29271,44.83554],[-73.29154,44.83577],[-73.29037,44.83544],[-73.28986,44.83494],[-73.28925,44.83355],[-73.2883,44.8332],[-73.28775,44.83265],[-73.28675,44.83318],[-73.28548,44.83317],[-73.28466,44.83279],[-73.2842,44.83211],[-73.28352,44.83192],[-73.28288,44.8315],[-73.28221,44.83192],[-73.28147,44.83211],[-73.27988,44.83197],[-73.27889,44.8322],[-73.27788,44.83212],[-73.27712,44.8318],[-73.27654,44.83125],[-73.27639,44.83073],[-73.2765,44.8298],[-73.27559,44.83051],[-73.27424,44.83069],[-73.27449,44.831],[-73.27525,44.83137],[-73.27563,44.83183],[-73.2757,44.83252],[-73.27496,44.83401],[-73.27578,44.83432],[-73.27646,44.8349],[-73.27686,44.83575],[-73.2769,44.83664],[-73.27617,44.83819],[-73.27447,44.83994],[-73.27452,44.84045],[-73.27429,44.84095],[-73.27326,44.84157],[-73.2723,44.84258],[-73.2722,44.84384],[-73.27235,44.84411],[-73.27373,44.84486],[-73.27542,44.8452],[-73.27617,44.84589],[-73.27701,44.84454],[-73.27771,44.84418],[-73.27844,44.84407],[-73.27959,44.84435],[-73.28015,44.8448],[-73.28099,44.84516],[-73.28153,44.84585],[-73.28225,44.84621],[-73.28242,44.84566],[-73.28285,44.84519],[-73.28466,44.84426],[-73.28536,44.84409],[-73.2861,44.84412],[-73.28733,44.84448],[-73.28794,44.84503],[-73.28809,44.84563],[-73.28716,44.84857],[-73.28583,44.85019],[-73.28486,44.85278],[-73.28496,44.85366],[-73.28465,44.85425],[-73.2847,44.85497],[-73.28425,44.85603],[-73.28367,44.86024],[-73.28203,44.86209],[-73.28127,44.86355],[-73.28075,44.86392],[-73.28012,44.86413],[-73.2788,44.86408],[-73.27813,44.86377],[-73.27734,44.86304],[-73.27557,44.863],[-73.27478,44.86275],[-73.27418,44.8622],[-73.27402,44.86138],[-73.27301,44.86118],[-73.27282,44.86307],[-73.27245,44.86372],[-73.27303,44.86429],[-73.27357,44.86531],[-73.27372,44.86592],[-73.2736,44.86714],[-73.27411,44.86801],[-73.2748,44.86861],[-73.27563,44.87086],[-73.27547,44.87185],[-73.27466,44.87347],[-73.27437,44.87454],[-73.27355,44.87541],[-73.27382,44.87643],[-73.27377,44.87731],[-73.27416,44.87803],[-73.27385,44.87973],[-73.27417,44.88062],[-73.27407,44.88218],[-73.27439,44.88316],[-73.27416,44.88371],[-73.27365,44.88417],[-73.27366,44.88563],[-73.2732,44.88688],[-73.27261,44.88781],[-73.27215,44.88819],[-73.27158,44.89154],[-73.27111,44.89219],[-73.27018,44.89292],[-73.26983,44.89444],[-73.26997,44.89523],[-73.26971,44.89581],[-73.26851,44.89733],[-73.26777,44.8979],[-73.26672,44.89828],[-73.26573,44.89828],[-73.2649,44.89797],[-73.26427,44.89739],[-73.2635,44.89751],[-73.26267,44.8974],[-73.26112,44.89653],[-73.26082,44.89735],[-73.26037,44.89793],[-73.25948,44.90071],[-73.25882,44.90136],[-73.25889,44.90191],[-73.2584,44.90364],[-73.25745,44.90491],[-73.25656,44.90562],[-73.25618,44.90633],[-73.25543,44.90697],[-73.25477,44.90866],[-73.25289,44.91136],[-73.25275,44.91194],[-73.25297,44.91282],[-73.25253,44.91385],[-73.25175,44.91446],[-73.25063,44.91464],[-73.24954,44.91636],[-73.2486,44.91694],[-73.24715,44.91859],[-73.24556,44.92114],[-73.24501,44.92149],[-73.24327,44.92212],[-73.24194,44.92198],[-73.2405,44.92203],[-73.23913,44.9223],[-73.23839,44.92224],[-73.23739,44.92169],[-73.23704,44.92089],[-73.23729,44.92022],[-73.23824,44.91933],[-73.23761,44.91874],[-73.23664,44.91819],[-73.23623,44.91768],[-73.23459,44.91696],[-73.23393,44.91641],[-73.2336,44.91578],[-73.23359,44.91422],[-73.23309,44.91344],[-73.23146,44.91212],[-73.23095,44.91103],[-73.23067,44.90949],[-73.23062,44.9039],[-73.23016,44.90332],[-73.22964,44.90116],[-73.23021,44.8996],[-73.23112,44.89902],[-73.23253,44.89867],[-73.23339,44.89868],[-73.23824,44.89992],[-73.2478,44.90281],[-73.24848,44.90319],[-73.24886,44.90383],[-73.24882,44.90436],[-73.24823,44.90558],[-73.24881,44.90505],[-73.24959,44.90479],[-73.25033,44.90478],[-73.25167,44.90504],[-73.25382,44.90309],[-73.25409,44.90248],[-73.2539,44.90224],[-73.24291,44.89938],[-73.24191,44.89865],[-73.24169,44.89764],[-73.23476,44.8959],[-73.23336,44.89605],[-73.2322,44.89593],[-73.23153,44.8957],[-73.23093,44.89515],[-73.23055,44.8942],[-73.23113,44.89209],[-73.23066,44.89129],[-73.23061,44.88973],[-73.23106,44.8892],[-73.23167,44.88891],[-73.23308,44.8887],[-73.23382,44.88873],[-73.23458,44.88901],[-73.23504,44.88942],[-73.23544,44.89094],[-73.23623,44.89081],[-73.23716,44.89096],[-73.2381,44.88843],[-73.24042,44.88328],[-73.24011,44.88271],[-73.24013,44.88157],[-73.24077,44.88093],[-73.24174,44.88065],[-73.24246,44.87946],[-73.24309,44.879],[-73.24326,44.87847],[-73.24305,44.87754],[-73.24337,44.87682],[-73.24422,44.87598],[-73.24491,44.87566],[-73.24653,44.8744],[-73.24951,44.87372],[-73.24956,44.87325],[-73.25012,44.87222],[-73.24928,44.87159],[-73.24889,44.87043],[-73.24827,44.86961],[-73.24837,44.86883],[-73.24904,44.86811],[-73.24799,44.86749],[-73.24757,44.86685],[-73.24795,44.86447],[-73.24831,44.86401],[-73.24979,44.86299],[-73.25122,44.86245],[-73.25217,44.86233],[-73.25289,44.8617],[-73.25356,44.86076],[-73.25539,44.85922],[-73.25613,44.85827],[-73.25723,44.85648],[-73.2567,44.85523],[-73.25669,44.85472],[-73.25692,44.85422],[-73.25735,44.85385],[-73.25816,44.85209],[-73.25777,44.85143],[-73.25771,44.8509],[-73.25796,44.85023],[-73.25836,44.84979],[-73.25816,44.84935],[-73.2582,44.84883],[-73.25887,44.84785],[-73.26005,44.84701],[-73.26098,44.84678],[-73.26171,44.84684],[-73.2642,44.8475],[-73.26434,44.84641],[-73.2632,44.846],[-73.26261,44.84534],[-73.26257,44.84469],[-73.26289,44.84387],[-73.26396,44.84253],[-73.26496,44.84163],[-73.26559,44.84133],[-73.2656,44.84068],[-73.26619,44.83964],[-73.26693,44.83917],[-73.268,44.83903],[-73.26859,44.83799],[-73.2696,44.8375],[-73.26992,44.83674],[-73.2682,44.83627],[-73.26744,44.8357],[-73.26724,44.83502],[-73.26772,44.8334],[-73.2705,44.83026],[-73.27147,44.82988],[-73.27257,44.82995],[-73.27225,44.82938],[-73.27227,44.82876],[-73.27326,44.8267],[-73.2742,44.82571],[-73.27336,44.82494],[-73.27338,44.8239],[-73.27425,44.82293],[-73.27505,44.82262],[-73.2759,44.82259],[-73.27635,44.82196],[-73.27593,44.82144],[-73.27495,44.82105],[-73.2741,44.82024],[-73.27388,44.81951],[-73.27416,44.81882],[-73.2749,44.81814],[-73.27583,44.81766],[-73.27688,44.8175],[-73.27778,44.81769],[-73.27947,44.8166],[-73.28022,44.81641],[-73.28095,44.81644],[-73.28198,44.81692],[-73.28297,44.81818],[-73.28312,44.81916],[-73.28289,44.82077],[-73.2842,44.82068],[-73.28615,44.82011],[-73.28689,44.8189],[-73.28662,44.8183],[-73.28675,44.81766],[-73.2872,44.81716],[-73.28787,44.81685],[-73.28807,44.81645],[-73.28815,44.81594],[-73.28678,44.81548],[-73.28541,44.81444],[-73.28536,44.81349],[-73.28613,44.81273],[-73.28539,44.81227],[-73.28506,44.81161],[-73.28511,44.8093],[-73.28554,44.80796],[-73.28531,44.80723],[-73.28549,44.80601],[-73.28509,44.8055],[-73.28496,44.80495],[-73.28533,44.8037],[-73.2853,44.80234],[-73.28621,44.79971],[-73.28622,44.79845],[-73.28656,44.79784],[-73.28656,44.79706],[-73.2873,44.79529],[-73.28754,44.79417],[-73.28698,44.79349],[-73.28615,44.79323],[-73.2856,44.79285],[-73.285,44.79187],[-73.28507,44.79098],[-73.28572,44.79],[-73.28581,44.78876],[-73.2862,44.78791],[-73.2862,44.78631],[-73.28582,44.78524],[-73.28604,44.78435],[-73.28587,44.78381],[-73.28585,44.78061],[-73.28643,44.77948],[-73.28732,44.77869],[-73.28805,44.77836],[-73.289,44.77829],[-73.28877,44.77765],[-73.28895,44.77705],[-73.28974,44.77633],[-73.29134,44.77545],[-73.29195,44.77405],[-73.29146,44.77109],[-73.29099,44.77057],[-73.2905,44.76893],[-73.28829,44.76695],[-73.28814,44.76629],[-73.28834,44.76574],[-73.28879,44.76532],[-73.28958,44.76497],[-73.29042,44.76488],[-73.29124,44.76506],[-73.29416,44.76726],[-73.29482,44.76842],[-73.29548,44.76818],[-73.29706,44.76646],[-73.29799,44.76592],[-73.29937,44.76588],[-73.30096,44.76668],[-73.30174,44.76754],[-73.30229,44.76993],[-73.30299,44.77127],[-73.30313,44.77254],[-73.30389,44.77346],[-73.30396,44.77448],[-73.30508,44.77648],[-73.30572,44.77579],[-73.30619,44.77466],[-73.30667,44.77413],[-73.30672,44.7734],[-73.30657,44.77276],[-73.30677,44.77111],[-73.30575,44.77039],[-73.30516,44.76942],[-73.30514,44.76882],[-73.3056,44.76714],[-73.3064,44.76576],[-73.30852,44.76318],[-73.30924,44.76274],[-73.31014,44.76257]]],[[[-73.30946,44.81958],[-73.30976,44.81888],[-73.31021,44.81846],[-73.31096,44.81817],[-73.3117,44.81813],[-73.3141,44.81879],[-73.31465,44.81937],[-73.31474,44.81998],[-73.31395,44.82124],[-73.31322,44.82157],[-73.31237,44.82164],[-73.31057,44.8212],[-73.30995,44.82091],[-73.30945,44.82031],[-73.30946,44.81958]]],[[[-73.31432,44.81386],[-73.31549,44.81403],[-73.3162,44.81431],[-73.31669,44.81477],[-73.31689,44.81536],[-73.3166,44.81623],[-73.31597,44.81704],[-73.31516,44.81744],[-73.31433,44.81759],[-73.3136,44.81749],[-73.31289,44.81714],[-73.31213,44.81577],[-73.31248,44.81481],[-73.3129,44.81433],[-73.31348,44.81401],[-73.31432,44.81386]]]]}},{"type":"Feature","properties":{"PWSID":"VT0005229","PWS_Name":"RUTLAND CITY WATER DEPT","Pop_Cat_5":"10,001-100,000","Population_Served_Count":18500,"Service_Connections_Count":6121,"Service_Area_Type":"Residential Area","Model_Method":"Random Forest","boundary_source":"EPA-modeled","is_community":true,"Area_SqKM":33.19734661027622,"Detailed_Facility_Report":"https://echo.epa.gov/detailed-facility-report?fid=VT0005229&sys=SDWIS"},"geometry":{"type":"Polygon","coordinates":[[[-72.94622,43.59574],[-72.9269,43.56363],[-72.96684,43.56314],[-72.996,43.58671],[-73.00262,43.60214],[-73.00292,43.60229],[-73.00302,43.60221],[-73.00571,43.60866],[-73.00689,43.62973],[-72.99444,43.62999],[-72.98848,43.62986],[-72.98903,43.63319],[-72.99022,43.63578],[-72.98174,43.6372],[-72.97914,43.63598],[-72.97696,43.63455],[-72.97658,43.63455],[-72.97695,43.63376],[-72.97754,43.63363],[-72.9769,43.63313],[-72.97638,43.63297],[-72.97632,43.63069],[-72.97568,43.62704],[-72.96903,43.62732],[-72.9683,43.62758],[-72.96766,43.62812],[-72.96613,43.62854],[-72.96521,43.62916],[-72.96436,43.62913],[-72.96339,43.6294],[-72.96243,43.62939],[-72.96213,43.62956],[-72.96143,43.62952],[-72.96105,43.6298],[-72.95998,43.62991],[-72.95922,43.62934],[-72.95806,43.63013],[-72.95486,43.6291],[-72.9368,43.62132],[-72.93664,43.61911],[-72.93935,43.62019],[-72.94097,43.62038],[-72.94204,43.61944],[-72.94309,43.61897],[-72.9434,43.61822],[-72.94412,43.61768],[-72.94526,43.61731],[-72.94601,43.61745],[-72.94523,43.60848],[-72.94498,43.60137],[-72.94569,43.59738],[-72.94542,43.59574],[-72.94622,43.59574]],[[-72.94703,43.59822],[-72.94776,43.59829],[-72.94654,43.59628],[-72.94665,43.59795],[-72.94703,43.59822]],[[-72.94654,43.59628],[-72.94651,43.59573],[-72.94622,43.59574],[-72.94654,43.59628]]]}},{"type":"Feature","properties":{"PWSID":"VT0005098","PWS_Name":"WILLISTON WATER DEPT","Pop_Cat_5":"3,301-10,000","Population_Served_Count":7259,"Service_Connections_Count":3226,"Service_Area_Type":"Residential Area","Model_Method":"","boundary_source":"Authoritative (VT/local)","is_community":true,"Area_SqKM":30.940935149728677,"Detailed_Facility_Report":"https://echo.epa.gov/detailed-facility-report?fid=VT0005098&sys=SDWIS"},"geometry":{"type":"MultiPolygon","coordinates":[[[[-73.07923,44.45216],[-73.08006,44.4523],[-73.08198,44.45318],[-73.08245,44.45407],[-73.08207,44.45504],[-73.08332,44.45558],[-73.08409,44.45419],[-73.08382,44.45346],[-73.08128,44.45269],[-73.08079,44.4523],[-73.08055,44.4518],[-73.08059,44.45127],[-73.08138,44.44977],[-73.08199,44.44921],[-73.08112,44.44887],[-73.08063,44.4484],[-73.07956,44.44838],[-73.07809,44.4478],[-73.07741,44.44891],[-73.0759,44.45009],[-73.07631,44.45063],[-73.07634,44.45124],[-73.07511,44.45356],[-73.0758,44.45416],[-73.07594,44.45486],[-73.07469,44.45719],[-73.07385,44.45769],[-73.07285,44.45779],[-73.0722,44.4589],[-73.07136,44.4594],[-73.07039,44.4595],[-73.0687,44.45913],[-73.06744,44.46143],[-73.06671,44.46189],[-73.06585,44.46203],[-73.06591,44.46291],[-73.06753,44.46479],[-73.06873,44.46548],[-73.06986,44.46539],[-73.07102,44.46577],[-73.07634,44.46793],[-73.07708,44.46862],[-73.07709,44.46948],[-73.07406,44.47518],[-73.07321,44.4758],[-73.07201,44.47592],[-73.06822,44.47439],[-73.06072,44.46896],[-73.06036,44.46841],[-73.06038,44.46779],[-73.0607,44.46732],[-73.06151,44.46672],[-73.05986,44.46547],[-73.05927,44.46481],[-73.05907,44.46429],[-73.05668,44.46372],[-73.054,44.46261],[-73.05339,44.4622],[-73.0531,44.46171],[-73.05329,44.46078],[-73.05374,44.46036],[-73.05472,44.4599],[-73.0549,44.45902],[-73.05482,44.45857],[-73.05347,44.45763],[-73.05299,44.45693],[-73.05295,44.456],[-73.05355,44.45509],[-73.05424,44.45452],[-73.05529,44.45429],[-73.05623,44.45447],[-73.05703,44.455],[-73.05848,44.45481],[-73.05956,44.45505],[-73.06037,44.4535],[-73.05998,44.45334],[-73.05922,44.45338],[-73.05852,44.45321],[-73.05757,44.45276],[-73.05711,44.45224],[-73.05561,44.45181],[-73.05492,44.45132],[-73.05468,44.45047],[-73.05495,44.44938],[-73.05579,44.44791],[-73.05577,44.44738],[-73.05447,44.44699],[-73.05391,44.44665],[-73.05353,44.446],[-73.05361,44.44539],[-73.05543,44.44198],[-73.05602,44.44143],[-73.0568,44.44117],[-73.05753,44.44117],[-73.06247,44.44242],[-73.06223,44.44172],[-73.06247,44.44071],[-73.06052,44.44012],[-73.0598,44.43947],[-73.05884,44.43942],[-73.05418,44.43816],[-73.0533,44.43807],[-73.05263,44.43827],[-73.0519,44.43827],[-73.04736,44.43736],[-73.04657,44.43789],[-73.04502,44.43825],[-73.04457,44.43902],[-73.04278,44.44001],[-73.04059,44.4403],[-73.03935,44.44027],[-73.0383,44.44051],[-73.03551,44.44014],[-73.03493,44.43982],[-73.03449,44.4392],[-73.03387,44.43883],[-73.03349,44.43818],[-73.03353,44.43766],[-73.03422,44.43632],[-73.03404,44.43524],[-73.0344,44.43421],[-73.03092,44.43214],[-73.03059,44.43139],[-73.03091,44.43064],[-73.03474,44.42844],[-73.03603,44.42821],[-73.03673,44.42838],[-73.03728,44.42873],[-73.03832,44.43021],[-73.04208,44.43172],[-73.04425,44.43226],[-73.04798,44.43231],[-73.04701,44.43166],[-73.04682,44.43116],[-73.04692,44.43061],[-73.04599,44.42998],[-73.04582,44.42912],[-73.04855,44.4237],[-73.0493,44.42312],[-73.05036,44.42294],[-73.05277,44.42357],[-73.05344,44.42395],[-73.05383,44.42477],[-73.05347,44.4257],[-73.06495,44.42906],[-73.06563,44.42978],[-73.06552,44.43072],[-73.0666,44.43107],[-73.06725,44.4317],[-73.06734,44.43231],[-73.06701,44.433],[-73.06824,44.43314],[-73.07005,44.43375],[-73.07071,44.43362],[-73.07232,44.43364],[-73.07335,44.43388],[-73.07394,44.43432],[-73.0742,44.43491],[-73.07364,44.43626],[-73.07393,44.43627],[-73.07461,44.43556],[-73.07539,44.4353],[-73.07636,44.43534],[-73.07906,44.43615],[-73.08008,44.43534],[-73.08127,44.43516],[-73.09462,44.43666],[-73.09641,44.43719],[-73.09779,44.43822],[-73.0991,44.43757],[-73.1009,44.43719],[-73.10333,44.43738],[-73.10506,44.43422],[-73.1055,44.4338],[-73.10614,44.43354],[-73.10735,44.43353],[-73.11406,44.43547],[-73.11456,44.43457],[-73.11515,44.43411],[-73.11573,44.43314],[-73.11621,44.43274],[-73.11735,44.43246],[-73.11877,44.43278],[-73.12045,44.43409],[-73.12067,44.43503],[-73.11971,44.43649],[-73.11902,44.43685],[-73.11826,44.43695],[-73.11712,44.43887],[-73.11879,44.43889],[-73.12928,44.43978],[-73.13105,44.44027],[-73.13182,44.44019],[-73.13254,44.44032],[-73.13491,44.4412],[-73.13774,44.44254],[-73.13822,44.44342],[-73.13776,44.44465],[-73.13914,44.44572],[-73.1403,44.44621],[-73.14085,44.44684],[-73.14103,44.4478],[-73.14172,44.44881],[-73.1418,44.44993],[-73.14123,44.45076],[-73.14107,44.45156],[-73.14069,44.452],[-73.14082,44.45302],[-73.1403,44.45381],[-73.14003,44.45473],[-73.13959,44.45528],[-73.13889,44.45569],[-73.13834,44.45638],[-73.13772,44.45682],[-73.13757,44.45741],[-73.13859,44.45794],[-73.13895,44.45876],[-73.13799,44.46061],[-73.138,44.46136],[-73.13772,44.46203],[-73.13785,44.46237],[-73.13855,44.46322],[-73.13928,44.46343],[-73.14009,44.46399],[-73.14056,44.46489],[-73.14032,44.46586],[-73.13947,44.4668],[-73.13965,44.4681],[-73.14025,44.46901],[-73.14016,44.46991],[-73.13975,44.47071],[-73.1386,44.47143],[-73.13831,44.47206],[-73.13761,44.47266],[-73.13857,44.47443],[-73.13827,44.47545],[-73.13757,44.47597],[-73.13663,44.47616],[-73.13568,44.47598],[-73.13463,44.47536],[-73.13315,44.47551],[-73.13054,44.47716],[-73.12962,44.47751],[-73.12776,44.47786],[-73.12665,44.4778],[-73.12509,44.47742],[-73.12109,44.47969],[-73.11818,44.47989],[-73.11531,44.48065],[-73.11457,44.48069],[-73.11348,44.48031],[-73.11237,44.47911],[-73.11159,44.47955],[-73.11022,44.47974],[-73.10948,44.47971],[-73.10873,44.47943],[-73.10536,44.47593],[-73.10462,44.47547],[-73.10295,44.47353],[-73.10186,44.47346],[-73.10108,44.47304],[-73.10026,44.47129],[-73.09945,44.47164],[-73.09696,44.47437],[-73.09476,44.47859],[-73.09298,44.47951],[-73.09205,44.48037],[-73.09128,44.48063],[-73.08965,44.48071],[-73.0888,44.48037],[-73.0875,44.47924],[-73.08599,44.47918],[-73.08358,44.47987],[-73.08229,44.48181],[-73.0817,44.48226],[-73.07944,44.48298],[-73.07813,44.48283],[-73.07732,44.48219],[-73.07724,44.48132],[-73.0834,44.46979],[-73.08424,44.46858],[-73.08689,44.46656],[-73.08977,44.46156],[-73.08914,44.46146],[-73.08852,44.46117],[-73.08811,44.46074],[-73.08796,44.46023],[-73.08732,44.46055],[-73.0866,44.46065],[-73.08585,44.46056],[-73.08505,44.46026],[-73.08429,44.46087],[-73.0831,44.46105],[-73.08126,44.46042],[-73.07953,44.45959],[-73.07914,44.45886],[-73.07944,44.45795],[-73.07671,44.45682],[-73.07625,44.45641],[-73.07605,44.45581],[-73.07619,44.45529],[-73.07767,44.45277],[-73.0784,44.45231],[-73.07923,44.45216]]],[[[-73.07826,44.42491],[-73.0792,44.42508],[-73.0799,44.42557],[-73.08015,44.42625],[-73.07988,44.42748],[-73.08041,44.42794],[-73.0806,44.42849],[-73.08147,44.42886],[-73.08196,44.42946],[-73.08197,44.43016],[-73.08111,44.43178],[-73.08053,44.43223],[-73.0796,44.43246],[-73.07725,44.43195],[-73.07653,44.4325],[-73.07559,44.43269],[-73.07266,44.43197],[-73.07203,44.43155],[-73.07172,44.43098],[-73.0718,44.43037],[-73.07229,44.42964],[-73.07135,44.42926],[-73.07083,44.42857],[-73.07085,44.42796],[-73.07141,44.42712],[-73.07189,44.42672],[-73.07255,44.42649],[-73.07391,44.42658],[-73.07471,44.4264],[-73.0754,44.42555],[-73.07609,44.42519],[-73.07826,44.42491]]]]}},{"type":"Feature","properties":{"PWSID":"VT0005060","PWS_Name":"COLCHESTER FIRE DISTRICT 3","Pop_Cat_5":"3,301-10,000","Population_Served_Count":7733,"Service_Connections_Count":1885,"Service_Area_Type":"Residential Area","Model_Method":"","boundary_source":"Authoritative (VT/local)","is_community":true,"Area_SqKM":30.448045205851848,"Detailed_Facility_Report":"https://echo.epa.gov/detailed-facility-report?fid=VT0005060&sys=SDWIS"},"geometry":{"type":"MultiPolygon","coordinates":[[[[-73.20728,44.53247],[-73.20822,44.53264],[-73.20898,44.53321],[-73.20927,44.53415],[-73.20911,44.53541],[-73.21003,44.5364],[-73.21002,44.5373],[-73.21277,44.54005],[-73.21274,44.541],[-73.21174,44.54182],[-73.21237,44.54219],[-73.2127,44.54266],[-73.21395,44.54259],[-73.21494,44.54305],[-73.21583,44.54414],[-73.21603,44.54486],[-73.21594,44.54538],[-73.2152,44.5463],[-73.21427,44.54672],[-73.21267,44.54675],[-73.21183,44.54657],[-73.2112,44.54683],[-73.20878,44.54738],[-73.20663,44.54732],[-73.20578,44.54783],[-73.20528,44.54834],[-73.20441,44.54875],[-73.20117,44.55],[-73.19993,44.55019],[-73.19881,44.55091],[-73.19835,44.55156],[-73.19609,44.5531],[-73.19393,44.55499],[-73.19505,44.55577],[-73.19544,44.5565],[-73.19491,44.5582],[-73.19421,44.55884],[-73.19335,44.55919],[-73.19241,44.55926],[-73.19084,44.55891],[-73.18998,44.55838],[-73.18791,44.55894],[-73.18693,44.5589],[-73.18604,44.55845],[-73.18453,44.55676],[-73.18364,44.55767],[-73.1836,44.55841],[-73.18172,44.56149],[-73.18093,44.56203],[-73.17997,44.56217],[-73.17904,44.56195],[-73.17839,44.56143],[-73.17803,44.55926],[-73.17683,44.55879],[-73.17587,44.55924],[-73.17466,44.55919],[-73.16871,44.55647],[-73.1671,44.55862],[-73.16645,44.55901],[-73.16574,44.55915],[-73.16489,44.55905],[-73.16194,44.55796],[-73.16112,44.55737],[-73.16027,44.55732],[-73.15907,44.55688],[-73.15825,44.55789],[-73.1572,44.55833],[-73.15623,44.55829],[-73.15411,44.55755],[-73.15432,44.55828],[-73.15423,44.5588],[-73.15574,44.5595],[-73.15607,44.55997],[-73.15611,44.56058],[-73.16017,44.56213],[-73.16066,44.56253],[-73.16091,44.56302],[-73.16074,44.5638],[-73.15861,44.56662],[-73.15768,44.56703],[-73.15638,44.56701],[-73.15736,44.56746],[-73.15802,44.5681],[-73.15822,44.5686],[-73.15804,44.56929],[-73.15686,44.57063],[-73.15772,44.57093],[-73.15854,44.57173],[-73.15942,44.57351],[-73.15924,44.57419],[-73.15766,44.57632],[-73.15891,44.57603],[-73.15988,44.57612],[-73.16066,44.57654],[-73.16109,44.57724],[-73.16335,44.57573],[-73.16418,44.57558],[-73.16502,44.57572],[-73.16712,44.57726],[-73.16732,44.57777],[-73.1672,44.57835],[-73.16787,44.57978],[-73.16774,44.58039],[-73.16715,44.58094],[-73.16625,44.58122],[-73.16534,44.58115],[-73.16472,44.58159],[-73.16592,44.58257],[-73.16632,44.58324],[-73.16615,44.58401],[-73.16541,44.58459],[-73.16316,44.58526],[-73.16243,44.58533],[-73.16161,44.58516],[-73.16076,44.58457],[-73.15995,44.58431],[-73.15858,44.5844],[-73.15765,44.58418],[-73.1569,44.58349],[-73.15681,44.58217],[-73.15617,44.58133],[-73.15638,44.58046],[-73.15537,44.57901],[-73.15537,44.57849],[-73.15577,44.57752],[-73.15445,44.57798],[-73.15347,44.57803],[-73.15102,44.57697],[-73.14982,44.57675],[-73.14883,44.57614],[-73.14846,44.5757],[-73.14754,44.57537],[-73.14701,44.575],[-73.14669,44.57434],[-73.14677,44.57317],[-73.14519,44.57233],[-73.1448,44.5714],[-73.14289,44.57103],[-73.14173,44.57033],[-73.13614,44.56845],[-73.13551,44.56804],[-73.13522,44.56755],[-73.13538,44.56667],[-73.14225,44.5575],[-73.14293,44.557],[-73.14389,44.55681],[-73.14359,44.55617],[-73.14372,44.55557],[-73.14657,44.55144],[-73.14706,44.55104],[-73.1441,44.54989],[-73.14347,44.54939],[-73.14258,44.54898],[-73.14217,44.54844],[-73.1422,44.54766],[-73.14172,44.54718],[-73.14157,44.54659],[-73.14126,44.54661],[-73.14095,44.54822],[-73.14035,44.54884],[-73.13999,44.5496],[-73.13926,44.55007],[-73.1383,44.55021],[-73.13759,44.55008],[-73.13289,44.54822],[-73.13229,44.54899],[-73.13118,44.54932],[-73.13033,44.54923],[-73.1281,44.54845],[-73.12727,44.54862],[-73.12643,44.54853],[-73.12433,44.54758],[-73.124,44.54711],[-73.12377,44.54598],[-73.1239,44.54537],[-73.12431,44.54493],[-73.12668,44.54329],[-73.12792,44.5427],[-73.12855,44.54256],[-73.12852,44.54197],[-73.12878,44.5415],[-73.12942,44.54088],[-73.1305,44.54045],[-73.13189,44.53871],[-73.13258,44.53835],[-73.13345,44.53825],[-73.1325,44.53694],[-73.13078,44.53571],[-73.12983,44.53395],[-73.12981,44.53324],[-73.12819,44.53254],[-73.12772,44.53165],[-73.1279,44.53105],[-73.12854,44.53041],[-73.12866,44.52969],[-73.12943,44.52886],[-73.12866,44.52861],[-73.12817,44.52822],[-73.12791,44.52763],[-73.128,44.52711],[-73.13288,44.52067],[-73.13388,44.52018],[-73.13498,44.5202],[-73.1367,44.52071],[-73.14236,44.52306],[-73.14305,44.52206],[-73.14425,44.52166],[-73.1451,44.52175],[-73.14821,44.52271],[-73.14846,44.52153],[-73.14885,44.521],[-73.14848,44.52063],[-73.14799,44.52119],[-73.14741,44.52151],[-73.1467,44.52165],[-73.14589,44.52157],[-73.14376,44.52097],[-73.13801,44.51854],[-73.13642,44.51736],[-73.13616,44.51677],[-73.1363,44.51617],[-73.13959,44.51182],[-73.14055,44.51129],[-73.14176,44.51128],[-73.1464,44.5137],[-73.14728,44.51344],[-73.14833,44.51349],[-73.15347,44.51525],[-73.15427,44.51484],[-73.15633,44.51194],[-73.15032,44.50956],[-73.14958,44.50888],[-73.14961,44.50793],[-73.1516,44.50543],[-73.15217,44.50499],[-73.15297,44.50477],[-73.15313,44.50453],[-73.15096,44.50377],[-73.15031,44.50325],[-73.15011,44.50265],[-73.15033,44.50202],[-73.14976,44.5011],[-73.15013,44.50019],[-73.15535,44.49755],[-73.15649,44.49733],[-73.15742,44.4975],[-73.17497,44.50429],[-73.17557,44.50484],[-73.17564,44.50577],[-73.17625,44.50623],[-73.17651,44.50681],[-73.17576,44.50986],[-73.17688,44.50965],[-73.17998,44.51008],[-73.18063,44.5105],[-73.18098,44.51103],[-73.18158,44.51118],[-73.18214,44.51153],[-73.18301,44.51271],[-73.1855,44.51352],[-73.18524,44.51289],[-73.18517,44.51116],[-73.18544,44.51068],[-73.18601,44.51028],[-73.18681,44.50883],[-73.18729,44.50843],[-73.18807,44.50817],[-73.18893,44.50819],[-73.18959,44.50842],[-73.19084,44.50966],[-73.19193,44.51136],[-73.19275,44.51373],[-73.19294,44.51525],[-73.19255,44.5158],[-73.19186,44.51616],[-73.19113,44.51627],[-73.18979,44.51619],[-73.18961,44.51671],[-73.18677,44.52036],[-73.18607,44.52087],[-73.18442,44.52298],[-73.18321,44.52338],[-73.18236,44.52328],[-73.18086,44.52275],[-73.17937,44.52325],[-73.17742,44.52322],[-73.17546,44.5229],[-73.17371,44.5221],[-73.17335,44.52154],[-73.17323,44.52062],[-73.17257,44.51973],[-73.17267,44.51895],[-73.17467,44.51703],[-73.17671,44.51631],[-73.17735,44.51592],[-73.1775,44.51564],[-73.17643,44.51546],[-73.17558,44.51508],[-73.17516,44.51464],[-73.1747,44.51366],[-73.17405,44.51565],[-73.17337,44.51615],[-73.17243,44.51634],[-73.1693,44.52033],[-73.16977,44.52085],[-73.16986,44.52146],[-73.16963,44.52196],[-73.16883,44.52272],[-73.17112,44.52333],[-73.17186,44.52379],[-73.17217,44.52471],[-73.1716,44.52574],[-73.17283,44.52533],[-73.17726,44.52553],[-73.17813,44.52576],[-73.17913,44.52549],[-73.18241,44.52551],[-73.18537,44.5253],[-73.18667,44.52502],[-73.18894,44.52497],[-73.19027,44.52526],[-73.19224,44.52614],[-73.19242,44.52546],[-73.19296,44.52498],[-73.19386,44.52471],[-73.19471,44.52476],[-73.20217,44.52762],[-73.20613,44.52937],[-73.20659,44.52978],[-73.20678,44.53029],[-73.20628,44.53182],[-73.20637,44.53255],[-73.20728,44.53247]]],[[[-73.16704,44.58857],[-73.16811,44.58868],[-73.16881,44.58903],[-73.16951,44.58984],[-73.16955,44.59101],[-73.17062,44.59134],[-73.17193,44.59216],[-73.17231,44.59262],[-73.17303,44.59502],[-73.17364,44.59618],[-73.17403,44.59792],[-73.17368,44.59883],[-73.17272,44.59936],[-73.17139,44.59934],[-73.16536,44.59711],[-73.16465,44.5963],[-73.1646,44.59524],[-73.16483,44.59466],[-73.16449,44.59401],[-73.16361,44.59422],[-73.16277,44.59412],[-73.16127,44.59351],[-73.16072,44.59293],[-73.16071,44.59206],[-73.16262,44.58908],[-73.16323,44.58878],[-73.16395,44.58867],[-73.16555,44.5891],[-73.1662,44.58871],[-73.16704,44.58857]]],[[[-73.18079,44.50066],[-73.18162,44.5008],[-73.1829,44.50135],[-73.18382,44.50273],[-73.18387,44.50325],[-73.18354,44.50408],[-73.183,44.50455],[-73.18235,44.50479],[-73.18137,44.5048],[-73.18017,44.50436],[-73.17953,44.50367],[-73.17891,44.50247],[-73.17887,44.50185],[-73.1793,44.5012],[-73.17995,44.50081],[-73.18079,44.50066]]]]}},{"type":"Feature","properties":{"PWSID":"VT0020614","PWS_Name":"GRAND ISLE CONSOLIDATED WATER DISTRICT","Pop_Cat_5":"501-3,300","Population_Served_Count":1600,"Service_Connections_Count":730,"Service_Area_Type":"Residential Area","Model_Method":"","boundary_source":"Authoritative (VT/local)","is_community":true,"Area_SqKM":30.261507743275903,"Detailed_Facility_Report":"https://echo.epa.gov/detailed-facility-report?fid=VT0020614&sys=SDWIS"},"geometry":{"type":"Polygon","coordinates":[[[-73.31118,44.68547],[-73.31223,44.68569],[-73.31289,44.68622],[-73.31577,44.68595],[-73.317,44.68634],[-73.31803,44.68582],[-73.32004,44.68567],[-73.31944,44.68126],[-73.31988,44.68054],[-73.32081,44.68012],[-73.32391,44.67998],[-73.32494,44.68025],[-73.32544,44.68064],[-73.32569,44.68122],[-73.32584,44.68315],[-73.32542,44.68392],[-73.32548,44.68424],[-73.32721,44.684],[-73.32822,44.68415],[-73.32921,44.68128],[-73.32961,44.68084],[-73.33022,44.68054],[-73.33131,44.68046],[-73.33235,44.68087],[-73.3348,44.68061],[-73.33531,44.68017],[-73.33609,44.67991],[-73.34533,44.67904],[-73.3451,44.67761],[-73.344,44.67705],[-73.3436,44.67615],[-73.34299,44.67579],[-73.34208,44.67475],[-73.34193,44.67334],[-73.34101,44.67307],[-73.34036,44.67244],[-73.33969,44.66864],[-73.33623,44.66941],[-73.33517,44.66919],[-73.33447,44.66859],[-73.33335,44.66098],[-73.33353,44.66038],[-73.33407,44.6599],[-73.33499,44.65962],[-73.34015,44.65916],[-73.34089,44.65923],[-73.34162,44.65955],[-73.34204,44.65998],[-73.3424,44.66185],[-73.34682,44.6615],[-73.34755,44.66156],[-73.34845,44.66201],[-73.34885,44.66281],[-73.35042,44.66367],[-73.35082,44.66448],[-73.3505,44.6654],[-73.34986,44.66591],[-73.34867,44.66625],[-73.3477,44.66711],[-73.34902,44.66778],[-73.34963,44.66837],[-73.35036,44.66947],[-73.35156,44.67239],[-73.35152,44.67297],[-73.35117,44.67361],[-73.35121,44.67528],[-73.35097,44.67727],[-73.34974,44.68136],[-73.34981,44.68206],[-73.35066,44.68408],[-73.35051,44.68509],[-73.35124,44.68631],[-73.3518,44.68801],[-73.35135,44.68912],[-73.35049,44.68968],[-73.35202,44.69086],[-73.35244,44.69136],[-73.35259,44.69187],[-73.35245,44.69239],[-73.35205,44.69283],[-73.34986,44.69377],[-73.35004,44.69824],[-73.34947,44.70098],[-73.34993,44.70149],[-73.35003,44.70201],[-73.34936,44.7034],[-73.34872,44.70393],[-73.3478,44.70416],[-73.34523,44.70362],[-73.34509,44.70408],[-73.34469,44.70452],[-73.34353,44.70492],[-73.33529,44.70551],[-73.33426,44.70524],[-73.33364,44.70466],[-73.33232,44.7047],[-73.33204,44.7061],[-73.33288,44.70608],[-73.33357,44.70628],[-73.3341,44.70665],[-73.33439,44.70713],[-73.33498,44.70975],[-73.3348,44.71034],[-73.33435,44.71076],[-73.3334,44.71109],[-73.31992,44.71268],[-73.31903,44.71238],[-73.31845,44.71172],[-73.31763,44.70808],[-73.31793,44.70724],[-73.31845,44.70687],[-73.31913,44.70666],[-73.32576,44.70594],[-73.32553,44.7049],[-73.32353,44.70487],[-73.32282,44.70452],[-73.32241,44.70398],[-73.32258,44.70224],[-73.32192,44.70154],[-73.32157,44.69931],[-73.32209,44.69853],[-73.32329,44.69813],[-73.32351,44.69749],[-73.32252,44.69685],[-73.32213,44.69539],[-73.31826,44.69583],[-73.3173,44.6957],[-73.31638,44.69501],[-73.316,44.69343],[-73.31312,44.69404],[-73.31266,44.69441],[-73.312,44.69465],[-73.30722,44.69524],[-73.3065,44.69521],[-73.30585,44.6954],[-73.30267,44.69576],[-73.30184,44.69649],[-73.30064,44.69667],[-73.301,44.69753],[-73.30053,44.69881],[-73.30081,44.6996],[-73.30024,44.7019],[-73.29949,44.70248],[-73.29822,44.70265],[-73.2973,44.70306],[-73.29541,44.70297],[-73.29517,44.7038],[-73.29444,44.70443],[-73.29416,44.70543],[-73.29379,44.70599],[-73.29453,44.7064],[-73.29492,44.70697],[-73.29502,44.70769],[-73.29478,44.70859],[-73.29436,44.70922],[-73.29374,44.70965],[-73.29275,44.70986],[-73.29201,44.70984],[-73.29285,44.71096],[-73.29274,44.71224],[-73.29329,44.71174],[-73.29407,44.71149],[-73.29505,44.71152],[-73.29625,44.71202],[-73.29787,44.71127],[-73.29896,44.71119],[-73.30368,44.71233],[-73.30424,44.71267],[-73.30455,44.7131],[-73.30532,44.71317],[-73.30596,44.71342],[-73.3066,44.71424],[-73.30696,44.71617],[-73.30673,44.71667],[-73.30624,44.71707],[-73.30534,44.71734],[-73.29955,44.71786],[-73.29905,44.71874],[-73.30166,44.71844],[-73.30282,44.71871],[-73.3035,44.71943],[-73.30397,44.72145],[-73.30389,44.72206],[-73.30344,44.72258],[-73.30272,44.72291],[-73.30176,44.72303],[-73.3022,44.72581],[-73.30169,44.72651],[-73.30074,44.72688],[-73.30151,44.73055],[-73.30138,44.73115],[-73.30088,44.73166],[-73.30013,44.73195],[-73.29456,44.73253],[-73.29426,44.73422],[-73.29473,44.7359],[-73.29789,44.73564],[-73.29868,44.73589],[-73.29928,44.73644],[-73.30154,44.74678],[-73.3015,44.7473],[-73.30073,44.74808],[-73.29956,44.74831],[-73.29803,44.74793],[-73.29723,44.74741],[-73.29591,44.74706],[-73.29511,44.74709],[-73.29439,44.74692],[-73.29373,44.74743],[-73.29266,44.74774],[-73.29243,44.74824],[-73.29083,44.74991],[-73.29114,44.75187],[-73.29177,44.75239],[-73.29197,44.75298],[-73.29178,44.75377],[-73.29171,44.75672],[-73.29093,44.76014],[-73.29095,44.76242],[-73.29074,44.76381],[-73.2897,44.76568],[-73.28908,44.7661],[-73.28836,44.76628],[-73.288,44.76669],[-73.28801,44.76739],[-73.28748,44.76805],[-73.28616,44.76862],[-73.28568,44.76943],[-73.28488,44.76987],[-73.28361,44.77003],[-73.28184,44.76967],[-73.28051,44.77011],[-73.27841,44.7712],[-73.27749,44.77145],[-73.27622,44.77145],[-73.2748,44.77095],[-73.2725,44.77067],[-73.27186,44.77042],[-73.27133,44.76996],[-73.27097,44.76864],[-73.27174,44.76685],[-73.2728,44.76553],[-73.27379,44.76239],[-73.27208,44.7618],[-73.27088,44.76105],[-73.27038,44.76043],[-73.27016,44.75903],[-73.27068,44.75655],[-73.27064,44.75593],[-73.2681,44.75416],[-73.26745,44.75425],[-73.26616,44.75413],[-73.26443,44.75366],[-73.2634,44.75301],[-73.26315,44.7522],[-73.2621,44.75208],[-73.26062,44.75128],[-73.26016,44.75074],[-73.26003,44.75017],[-73.26018,44.74758],[-73.26054,44.7459],[-73.26027,44.74508],[-73.25831,44.7445],[-73.25722,44.74436],[-73.25654,44.74462],[-73.25581,44.74469],[-73.25469,44.74439],[-73.25393,44.7436],[-73.25352,44.74158],[-73.25168,44.7409],[-73.25092,44.7402],[-73.25083,44.73948],[-73.25112,44.7389],[-73.25191,44.73816],[-73.25382,44.73692],[-73.256,44.73446],[-73.2542,44.73399],[-73.25296,44.73325],[-73.25241,44.73247],[-73.25246,44.73177],[-73.25329,44.73057],[-73.25508,44.72956],[-73.25735,44.72899],[-73.2588,44.72909],[-73.2598,44.72984],[-73.25993,44.73111],[-73.2594,44.73198],[-73.25924,44.73303],[-73.25836,44.73385],[-73.25941,44.73398],[-73.26023,44.73451],[-73.26063,44.73371],[-73.26174,44.73311],[-73.26102,44.73209],[-73.26132,44.73116],[-73.26203,44.7307],[-73.26243,44.73013],[-73.26302,44.72981],[-73.26385,44.72967],[-73.26505,44.72977],[-73.26583,44.72879],[-73.26574,44.72806],[-73.26616,44.72682],[-73.26694,44.7256],[-73.26682,44.72495],[-73.26721,44.72385],[-73.26775,44.72294],[-73.26836,44.72247],[-73.26951,44.72218],[-73.27161,44.7224],[-73.27385,44.7215],[-73.27464,44.72139],[-73.27546,44.72148],[-73.27621,44.72178],[-73.27674,44.72225],[-73.27698,44.72282],[-73.27705,44.72424],[-73.27765,44.72451],[-73.27834,44.72415],[-73.28008,44.72377],[-73.28095,44.72277],[-73.28184,44.72235],[-73.28291,44.72098],[-73.28339,44.71925],[-73.28261,44.7185],[-73.28158,44.71787],[-73.28125,44.71728],[-73.28111,44.71634],[-73.28008,44.71587],[-73.27909,44.7151],[-73.27883,44.71463],[-73.27881,44.71403],[-73.27959,44.7128],[-73.28069,44.71229],[-73.28168,44.71223],[-73.28242,44.7113],[-73.28384,44.71032],[-73.28447,44.70959],[-73.28325,44.70957],[-73.28202,44.70921],[-73.28136,44.70883],[-73.28095,44.70836],[-73.28062,44.7075],[-73.28059,44.70653],[-73.28147,44.70539],[-73.285,44.70188],[-73.28612,44.69953],[-73.28709,44.69838],[-73.28694,44.69767],[-73.28726,44.69704],[-73.28805,44.69631],[-73.28964,44.69541],[-73.28989,44.69469],[-73.28946,44.69399],[-73.28949,44.6924],[-73.2884,44.69166],[-73.28714,44.69109],[-73.28641,44.69036],[-73.28623,44.68966],[-73.28661,44.68815],[-73.28712,44.68729],[-73.28844,44.68595],[-73.29256,44.68241],[-73.29459,44.68033],[-73.29557,44.67975],[-73.29575,44.67943],[-73.29564,44.67867],[-73.29606,44.67804],[-73.29699,44.67762],[-73.29817,44.6776],[-73.29908,44.67786],[-73.29963,44.67833],[-73.29983,44.67893],[-73.2997,44.68023],[-73.30091,44.68045],[-73.30169,44.68122],[-73.30174,44.68188],[-73.30141,44.68242],[-73.30155,44.68377],[-73.30116,44.68445],[-73.30207,44.68466],[-73.30272,44.68518],[-73.30308,44.68721],[-73.30583,44.68696],[-73.30625,44.68631],[-73.30718,44.68589],[-73.31118,44.68547]]]}},{"type":"Feature","properties":{"PWSID":"VT0005077","PWS_Name":"VILLAGE OF JERICHO WATER SYSTEM","Pop_Cat_5":"501-3,300","Population_Served_Count":1410,"Service_Connections_Count":575,"Service_Area_Type":"Residential Area","Model_Method":"","boundary_source":"Authoritative (VT/local)","is_community":true,"Area_SqKM":30.108619496209513,"Detailed_Facility_Report":"https://echo.epa.gov/detailed-facility-report?fid=VT0005077&sys=SDWIS"},"geometry":{"type":"Polygon","coordinates":[[[-72.90523,44.44753],[-72.90618,44.44771],[-72.9069,44.44819],[-72.90933,44.4492],[-72.91532,44.44987],[-72.91915,44.4494],[-72.92581,44.44936],[-72.92719,44.4497],[-72.92847,44.44969],[-72.92967,44.45026],[-72.93021,44.45034],[-72.93126,44.45006],[-72.93205,44.45007],[-72.93691,44.45093],[-72.93765,44.45162],[-72.93763,44.45255],[-72.93785,44.45251],[-72.93874,44.45139],[-72.93985,44.45105],[-72.9407,44.45115],[-72.94273,44.45193],[-72.94671,44.45245],[-72.94721,44.45235],[-72.94941,44.45127],[-72.95027,44.45124],[-72.95115,44.45155],[-72.95521,44.45664],[-72.95514,44.45751],[-72.95402,44.45868],[-72.95724,44.46065],[-72.96156,44.46279],[-72.96219,44.46363],[-72.96214,44.46415],[-72.96184,44.46461],[-72.95178,44.47427],[-72.95651,44.4765],[-72.957,44.47689],[-72.95725,44.47746],[-72.95956,44.47842],[-72.96016,44.47898],[-72.96021,44.47993],[-72.95981,44.48058],[-72.95929,44.48096],[-72.95849,44.48118],[-72.95771,44.48114],[-72.95683,44.48139],[-72.95485,44.4815],[-72.95581,44.48179],[-72.95734,44.48272],[-72.9576,44.48348],[-72.95719,44.48424],[-72.95786,44.48406],[-72.95891,44.4833],[-72.95969,44.48304],[-72.96066,44.48308],[-72.96162,44.48353],[-72.96203,44.48397],[-72.96218,44.48449],[-72.96161,44.48589],[-72.96244,44.48583],[-72.96324,44.48604],[-72.96399,44.48651],[-72.96436,44.48712],[-72.96507,44.48768],[-72.96789,44.48869],[-72.96926,44.48955],[-72.9695,44.4904],[-72.96889,44.49127],[-72.96946,44.49168],[-72.96995,44.49243],[-72.97068,44.49264],[-72.9726,44.49371],[-72.97301,44.49425],[-72.97302,44.49491],[-72.97371,44.49529],[-72.97413,44.49573],[-72.97421,44.49659],[-72.97354,44.4974],[-72.97394,44.49797],[-72.97427,44.49812],[-72.97544,44.49752],[-72.97627,44.49738],[-72.97722,44.49755],[-72.97785,44.49797],[-72.97833,44.49892],[-72.97827,44.49955],[-72.97795,44.50002],[-72.97729,44.50041],[-72.97638,44.50056],[-72.97566,44.50132],[-72.97508,44.50164],[-72.97437,44.50178],[-72.97343,44.50165],[-72.97322,44.50175],[-72.97359,44.50195],[-72.97483,44.50194],[-72.97592,44.50245],[-72.9773,44.50075],[-72.97869,44.5001],[-72.98022,44.49903],[-72.98116,44.49871],[-72.98216,44.49873],[-72.98318,44.49824],[-72.98402,44.49821],[-72.9847,44.49762],[-72.98562,44.49739],[-72.98616,44.49706],[-72.98555,44.49617],[-72.98578,44.49531],[-72.9869,44.49458],[-72.98784,44.4944],[-72.98878,44.49457],[-72.98948,44.49507],[-72.99027,44.49464],[-72.99111,44.49454],[-72.99182,44.49467],[-72.99287,44.49519],[-72.99336,44.49559],[-72.99382,44.49664],[-72.99444,44.4972],[-72.99456,44.49825],[-72.99741,44.49889],[-72.99856,44.49885],[-72.99981,44.49925],[-73.00076,44.49904],[-73.00173,44.49914],[-73.00258,44.49963],[-73.00301,44.50055],[-73.00423,44.50077],[-73.00501,44.50152],[-73.00677,44.50146],[-73.00767,44.50172],[-73.00832,44.50236],[-73.00836,44.50314],[-73.00545,44.50708],[-73.00805,44.50877],[-73.00848,44.50939],[-73.00789,44.51252],[-73.00747,44.51315],[-73.0063,44.51361],[-73.00511,44.51344],[-73.00107,44.51048],[-73.00002,44.51049],[-72.99942,44.51107],[-72.9984,44.51135],[-72.99733,44.51117],[-72.99656,44.51063],[-72.99606,44.51135],[-72.99527,44.51179],[-72.9953,44.51279],[-72.99507,44.51329],[-72.99416,44.51387],[-72.98873,44.51402],[-72.98811,44.51444],[-72.98729,44.51462],[-72.98581,44.51431],[-72.98484,44.51463],[-72.98376,44.5145],[-72.98309,44.51412],[-72.98236,44.51314],[-72.98082,44.51232],[-72.97987,44.5124],[-72.97905,44.51222],[-72.97821,44.51152],[-72.97706,44.51189],[-72.97687,44.51251],[-72.97623,44.51303],[-72.97382,44.51354],[-72.97297,44.51345],[-72.97187,44.51296],[-72.97118,44.51239],[-72.97082,44.51183],[-72.96937,44.51224],[-72.9681,44.51197],[-72.96755,44.5115],[-72.967,44.51048],[-72.96695,44.5097],[-72.96728,44.50923],[-72.96792,44.50884],[-72.96964,44.50712],[-72.96891,44.50636],[-72.96792,44.50618],[-72.96644,44.50539],[-72.96603,44.50496],[-72.96588,44.50448],[-72.96561,44.50493],[-72.96483,44.50563],[-72.96405,44.50588],[-72.96331,44.50588],[-72.96263,44.50569],[-72.96073,44.50471],[-72.96027,44.50419],[-72.96019,44.50358],[-72.96042,44.50308],[-72.96122,44.50233],[-72.96197,44.50204],[-72.96271,44.502],[-72.96351,44.50222],[-72.96537,44.50323],[-72.96578,44.50367],[-72.96592,44.50414],[-72.96614,44.50375],[-72.96597,44.50288],[-72.96641,44.50219],[-72.96733,44.50152],[-72.96848,44.50127],[-72.96885,44.50048],[-72.96967,44.49999],[-72.96993,44.49918],[-72.96939,44.4988],[-72.96907,44.49802],[-72.96844,44.49752],[-72.96464,44.49543],[-72.96409,44.49496],[-72.9639,44.49445],[-72.96403,44.49384],[-72.96539,44.49249],[-72.96459,44.49208],[-72.96353,44.49249],[-72.96256,44.49254],[-72.96101,44.49192],[-72.96049,44.49123],[-72.96064,44.49037],[-72.95976,44.49032],[-72.9584,44.48981],[-72.95782,44.48914],[-72.95785,44.48836],[-72.95686,44.48814],[-72.95514,44.48716],[-72.95482,44.48632],[-72.95525,44.48554],[-72.95457,44.48556],[-72.95137,44.48855],[-72.95075,44.48892],[-72.95004,44.48905],[-72.94931,44.48899],[-72.94774,44.48823],[-72.94386,44.49208],[-72.94287,44.49241],[-72.94175,44.49227],[-72.93871,44.49591],[-72.93809,44.49633],[-72.92684,44.49814],[-72.9259,44.49796],[-72.92346,44.4968],[-72.92269,44.49605],[-72.92072,44.5009],[-72.9202,44.50128],[-72.9194,44.50149],[-72.91866,44.50146],[-72.91791,44.50118],[-72.88681,44.47131],[-72.88645,44.47068],[-72.88666,44.46987],[-72.90272,44.44832],[-72.90363,44.44774],[-72.90523,44.44753]]]}},{"type":"Feature","properties":{"PWSID":"VT0005290","PWS_Name":"BRATTLEBORO WATER DEPT","Pop_Cat_5":"10,001-100,000","Population_Served_Count":12200,"Service_Connections_Count":3600,"Service_Area_Type":"Residential Area","Model_Method":"","boundary_source":"Authoritative (VT/local)","is_community":true,"Area_SqKM":28.99415075672933,"Detailed_Facility_Report":"https://echo.epa.gov/detailed-facility-report?fid=VT0005290&sys=SDWIS"},"geometry":{"type":"MultiPolygon","coordinates":[[[[-72.57038,42.81329],[-72.57165,42.81363],[-72.57237,42.81432],[-72.5724,42.8151],[-72.57179,42.81614],[-72.57257,42.81587],[-72.57531,42.81569],[-72.57638,42.81601],[-72.57703,42.81642],[-72.57738,42.81687],[-72.57748,42.81739],[-72.57712,42.81811],[-72.57693,42.81947],[-72.57634,42.82016],[-72.57507,42.8206],[-72.57304,42.82044],[-72.5719,42.81999],[-72.57121,42.81899],[-72.5711,42.81711],[-72.57143,42.81642],[-72.57065,42.81669],[-72.57105,42.82015],[-72.57049,42.82245],[-72.56992,42.82313],[-72.57103,42.82339],[-72.57108,42.82286],[-72.57139,42.82239],[-72.57249,42.82189],[-72.57523,42.82205],[-72.57591,42.82222],[-72.57658,42.82271],[-72.57682,42.82339],[-72.57637,42.82505],[-72.57581,42.82565],[-72.57825,42.82465],[-72.57896,42.82458],[-72.57965,42.82472],[-72.58054,42.82541],[-72.58151,42.82787],[-72.58113,42.8286],[-72.58038,42.82903],[-72.57818,42.82929],[-72.57739,42.82921],[-72.57652,42.82879],[-72.57513,42.8274],[-72.57508,42.82641],[-72.57568,42.82573],[-72.57476,42.82596],[-72.57292,42.82591],[-72.57216,42.82566],[-72.57163,42.82518],[-72.57097,42.82737],[-72.57051,42.82797],[-72.57134,42.82955],[-72.57142,42.83008],[-72.57252,42.83108],[-72.57263,42.83186],[-72.57213,42.83255],[-72.57091,42.83312],[-72.57007,42.83385],[-72.56945,42.83411],[-72.56827,42.83411],[-72.56657,42.83339],[-72.56703,42.83449],[-72.56798,42.83559],[-72.56796,42.83656],[-72.56821,42.8371],[-72.57037,42.83862],[-72.57161,42.84034],[-72.57183,42.84033],[-72.57269,42.83434],[-72.5733,42.8335],[-72.57451,42.83316],[-72.58121,42.83344],[-72.58211,42.83366],[-72.58268,42.83411],[-72.58292,42.8347],[-72.58249,42.83814],[-72.58368,42.83762],[-72.58486,42.83768],[-72.58715,42.83899],[-72.58839,42.84009],[-72.58885,42.84075],[-72.58963,42.84058],[-72.59243,42.84062],[-72.59321,42.84084],[-72.59378,42.84129],[-72.59403,42.84196],[-72.5937,42.848],[-72.5953,42.84849],[-72.59656,42.84825],[-72.59638,42.84766],[-72.59653,42.84698],[-72.59702,42.84648],[-72.59775,42.84619],[-72.6014,42.8463],[-72.60234,42.84695],[-72.6025,42.84807],[-72.60351,42.84814],[-72.60415,42.84837],[-72.60463,42.84876],[-72.60488,42.84934],[-72.60711,42.84946],[-72.60805,42.84983],[-72.60855,42.85052],[-72.60855,42.85182],[-72.61018,42.85198],[-72.61106,42.85266],[-72.61257,42.85307],[-72.61321,42.85346],[-72.61353,42.85393],[-72.61358,42.85445],[-72.61285,42.85568],[-72.61423,42.85633],[-72.61475,42.85711],[-72.61456,42.86104],[-72.61422,42.8616],[-72.61357,42.86199],[-72.61288,42.86212],[-72.61101,42.86208],[-72.61097,42.86243],[-72.61328,42.86262],[-72.61395,42.86297],[-72.61433,42.86348],[-72.61522,42.86277],[-72.6167,42.86265],[-72.61683,42.86093],[-72.61719,42.86047],[-72.61776,42.86015],[-72.61857,42.86001],[-72.62289,42.86014],[-72.62357,42.8605],[-72.62399,42.86112],[-72.62392,42.8634],[-72.62485,42.86377],[-72.62532,42.86437],[-72.62517,42.86701],[-72.62442,42.86772],[-72.62436,42.86871],[-72.62388,42.86932],[-72.62294,42.86969],[-72.62167,42.86959],[-72.62142,42.87179],[-72.62098,42.87232],[-72.62031,42.87263],[-72.61943,42.87409],[-72.61875,42.87445],[-72.61729,42.87474],[-72.61646,42.87525],[-72.61528,42.87531],[-72.61367,42.87475],[-72.61323,42.87433],[-72.61304,42.87384],[-72.6124,42.8738],[-72.61175,42.87357],[-72.6107,42.87279],[-72.61018,42.87218],[-72.60954,42.87075],[-72.60988,42.86893],[-72.60933,42.8681],[-72.60926,42.8671],[-72.6079,42.86641],[-72.60651,42.86466],[-72.60583,42.86429],[-72.60446,42.86422],[-72.60365,42.8638],[-72.60314,42.86301],[-72.60335,42.86218],[-72.60208,42.86244],[-72.6009,42.86205],[-72.60046,42.86153],[-72.60013,42.86035],[-72.59943,42.85992],[-72.59903,42.85937],[-72.59368,42.85925],[-72.59308,42.85896],[-72.59264,42.85844],[-72.59266,42.85689],[-72.59176,42.85717],[-72.59003,42.85708],[-72.58921,42.85674],[-72.58873,42.85613],[-72.58774,42.8561],[-72.58725,42.85661],[-72.5864,42.85692],[-72.58316,42.85688],[-72.58205,42.8571],[-72.58124,42.85701],[-72.58062,42.85675],[-72.58018,42.85633],[-72.58,42.85586],[-72.57916,42.85629],[-72.57725,42.85654],[-72.57522,42.85715],[-72.57449,42.85721],[-72.57431,42.85991],[-72.57353,42.86056],[-72.57231,42.86078],[-72.57295,42.86416],[-72.57348,42.86418],[-72.57381,42.86378],[-72.57437,42.86346],[-72.57543,42.86333],[-72.57855,42.86382],[-72.5794,42.86434],[-72.58043,42.86457],[-72.58094,42.86494],[-72.58124,42.86587],[-72.58036,42.86776],[-72.58208,42.86949],[-72.58232,42.87008],[-72.58209,42.87238],[-72.58181,42.87287],[-72.58138,42.8732],[-72.58184,42.87355],[-72.58325,42.8753],[-72.5835,42.87606],[-72.58331,42.87657],[-72.5804,42.88049],[-72.57969,42.88095],[-72.57887,42.88109],[-72.57796,42.88091],[-72.57728,42.88042],[-72.57569,42.87744],[-72.57265,42.87333],[-72.57273,42.8741],[-72.57223,42.87479],[-72.57077,42.87575],[-72.57008,42.87589],[-72.56934,42.87582],[-72.5705,42.87652],[-72.57079,42.87744],[-72.57025,42.87921],[-72.56852,42.88219],[-72.5684,42.88369],[-72.56796,42.88421],[-72.56716,42.88461],[-72.56763,42.88531],[-72.56789,42.88704],[-72.56772,42.88767],[-72.56717,42.88835],[-72.56687,42.88911],[-72.56763,42.88868],[-72.5687,42.8886],[-72.56964,42.88897],[-72.57014,42.88966],[-72.57014,42.89019],[-72.56958,42.89181],[-72.57018,42.89232],[-72.57037,42.893],[-72.56969,42.89472],[-72.56991,42.89698],[-72.5696,42.89773],[-72.56899,42.89815],[-72.56832,42.89832],[-72.56618,42.8983],[-72.56538,42.89812],[-72.56484,42.89778],[-72.56452,42.89731],[-72.56451,42.89519],[-72.56368,42.89349],[-72.56269,42.8935],[-72.56019,42.8926],[-72.55569,42.89178],[-72.55544,42.89208],[-72.55694,42.89223],[-72.55767,42.89252],[-72.55811,42.89294],[-72.5583,42.89345],[-72.55736,42.89722],[-72.55692,42.89774],[-72.55622,42.89807],[-72.5533,42.8981],[-72.54486,42.89768],[-72.5438,42.8973],[-72.54328,42.89655],[-72.54206,42.89735],[-72.54128,42.89757],[-72.5355,42.8973],[-72.53456,42.89677],[-72.53425,42.89593],[-72.53466,42.89462],[-72.53531,42.89348],[-72.53523,42.8926],[-72.53624,42.89094],[-72.53817,42.88965],[-72.5391,42.88862],[-72.54097,42.88765],[-72.54652,42.88553],[-72.54819,42.88532],[-72.54886,42.88552],[-72.54937,42.8859],[-72.55149,42.88478],[-72.55344,42.88307],[-72.55327,42.88231],[-72.55406,42.87953],[-72.55287,42.87877],[-72.55249,42.87803],[-72.55332,42.87549],[-72.55357,42.87415],[-72.55398,42.87359],[-72.55369,42.87303],[-72.55362,42.87146],[-72.55385,42.86767],[-72.55438,42.8663],[-72.55369,42.86569],[-72.55328,42.86447],[-72.55288,42.86221],[-72.55286,42.86039],[-72.55353,42.85845],[-72.55525,42.85562],[-72.5558,42.85424],[-72.55592,42.85324],[-72.55586,42.85305],[-72.55502,42.85278],[-72.55438,42.85222],[-72.5542,42.85171],[-72.55428,42.85121],[-72.55329,42.8497],[-72.55318,42.84892],[-72.55187,42.84716],[-72.54827,42.84398],[-72.5475,42.84312],[-72.547,42.84221],[-72.54678,42.84081],[-72.54541,42.83845],[-72.54541,42.83383],[-72.5457,42.83326],[-72.54641,42.8328],[-72.54421,42.82405],[-72.54427,42.82336],[-72.54499,42.82267],[-72.54601,42.82244],[-72.55118,42.8226],[-72.55194,42.82285],[-72.55247,42.82333],[-72.55442,42.82883],[-72.55447,42.82934],[-72.55394,42.83012],[-72.55289,42.8305],[-72.55094,42.83038],[-72.54986,42.82974],[-72.55041,42.83178],[-72.55048,42.83305],[-72.55179,42.83306],[-72.55278,42.83244],[-72.55358,42.83226],[-72.55451,42.83239],[-72.55526,42.83289],[-72.55752,42.83227],[-72.55837,42.83236],[-72.55926,42.83273],[-72.55848,42.83205],[-72.55841,42.83119],[-72.55919,42.8298],[-72.55993,42.8291],[-72.56009,42.82825],[-72.56122,42.82721],[-72.56113,42.8267],[-72.56132,42.82619],[-72.56204,42.8256],[-72.56098,42.82553],[-72.56034,42.8253],[-72.55981,42.82482],[-72.55963,42.82431],[-72.56005,42.80853],[-72.56042,42.80773],[-72.56152,42.80723],[-72.56446,42.80719],[-72.56737,42.80799],[-72.56803,42.80871],[-72.56959,42.81342],[-72.57038,42.81329]]],[[[-72.56535,42.7286],[-72.57023,42.72878],[-72.57109,42.72924],[-72.57147,42.73006],[-72.57061,42.73353],[-72.5702,42.73415],[-72.57028,42.73485],[-72.56775,42.7448],[-72.56748,42.74678],[-72.56762,42.74886],[-72.56977,42.74945],[-72.57034,42.7499],[-72.57057,42.7504],[-72.57046,42.75124],[-72.57011,42.75174],[-72.57026,42.75246],[-72.56968,42.75442],[-72.57,42.75727],[-72.5699,42.7584],[-72.57018,42.75931],[-72.56956,42.76029],[-72.56854,42.76096],[-72.56712,42.76139],[-72.56586,42.76145],[-72.56527,42.76175],[-72.56456,42.76185],[-72.56386,42.76175],[-72.56327,42.76146],[-72.56287,42.76102],[-72.56273,42.76047],[-72.56352,42.72987],[-72.5637,42.72936],[-72.56414,42.72894],[-72.56535,42.7286]]],[[[-72.61433,42.73524],[-72.61554,42.73557],[-72.6164,42.73621],[-72.61672,42.73668],[-72.61675,42.7373],[-72.61603,42.73963],[-72.61382,42.74232],[-72.6125,42.74493],[-72.61164,42.74582],[-72.61092,42.74756],[-72.61092,42.74865],[-72.61069,42.74915],[-72.60969,42.74975],[-72.60795,42.7498],[-72.60658,42.74927],[-72.606,42.74872],[-72.60586,42.7482],[-72.60605,42.74699],[-72.60575,42.74635],[-72.60583,42.74574],[-72.6063,42.74501],[-72.60712,42.74434],[-72.60742,42.7436],[-72.60797,42.74321],[-72.61001,42.73953],[-72.61098,42.73875],[-72.61176,42.73594],[-72.61276,42.73534],[-72.61433,42.73524]]],[[[-72.63742,42.74851],[-72.63834,42.74863],[-72.63918,42.74909],[-72.63962,42.74979],[-72.63987,42.75138],[-72.64077,42.75235],[-72.64146,42.75263],[-72.64194,42.75312],[-72.64223,42.7539],[-72.64189,42.75592],[-72.64101,42.75661],[-72.6367,42.75794],[-72.63629,42.75852],[-72.63561,42.75888],[-72.6339,42.75895],[-72.63286,42.75922],[-72.63171,42.75907],[-72.6303,42.75849],[-72.62976,42.75761],[-72.62916,42.75731],[-72.62872,42.75679],[-72.62842,42.75574],[-72.62862,42.75482],[-72.62847,42.7532],[-72.62818,42.75252],[-72.62831,42.75191],[-72.6288,42.75141],[-72.62953,42.75112],[-72.6323,42.75117],[-72.63247,42.7503],[-72.63314,42.7497],[-72.63494,42.74934],[-72.636,42.74883],[-72.63742,42.74851]]]]}},{"type":"Feature","properties":{"PWSID":"VT0005091","PWS_Name":"SOUTH BURLINGTON CITY WATER SYSTEM","Pop_Cat_5":"10,001-100,000","Population_Served_Count":19500,"Service_Connections_Count":8205,"Service_Area_Type":"Residential Area","Model_Method":"Random Forest","boundary_source":"EPA-modeled","is_community":true,"Area_SqKM":28.666217241118016,"Detailed_Facility_Report":"https://echo.epa.gov/detailed-facility-report?fid=VT0005091&sys=SDWIS"},"geometry":{"type":"MultiPolygon","coordinates":[[[[-73.16713,44.40864],[-73.17308,44.41024],[-73.17263,44.41147],[-73.17278,44.41209],[-73.17253,44.41275],[-73.17346,44.41473],[-73.1736,44.41587],[-73.17434,44.41691],[-73.17678,44.41126],[-73.18538,44.4136],[-73.18562,44.4149],[-73.18542,44.41663],[-73.1863,44.41842],[-73.18644,44.41936],[-73.18676,44.4196],[-73.18896,44.41952],[-73.19,44.41895],[-73.1914,44.41869],[-73.19187,44.41788],[-73.19241,44.41793],[-73.1921,44.41864],[-73.19207,44.41941],[-73.19238,44.4201],[-73.19447,44.42031],[-73.19515,44.42064],[-73.20183,44.42109],[-73.20517,44.42146],[-73.20498,44.42193],[-73.20514,44.42236],[-73.20685,44.42409],[-73.20957,44.42386],[-73.21185,44.42416],[-73.21219,44.42088],[-73.21823,44.42252],[-73.21834,44.423],[-73.21725,44.42544],[-73.21721,44.42629],[-73.21754,44.42668],[-73.21843,44.42697],[-73.21896,44.42738],[-73.21908,44.42893],[-73.21985,44.43072],[-73.21959,44.43228],[-73.21921,44.43297],[-73.21896,44.43308],[-73.21835,44.43289],[-73.21775,44.43293],[-73.21694,44.43327],[-73.2161,44.43338],[-73.21563,44.43374],[-73.21562,44.43557],[-73.21537,44.43587],[-73.21624,44.4396],[-73.21226,44.44531],[-73.21126,44.44489],[-73.21068,44.44545],[-73.20949,44.4455],[-73.20859,44.45524],[-73.19233,44.45429],[-73.19259,44.45327],[-73.19323,44.45275],[-73.19414,44.45255],[-73.19413,44.45184],[-73.19507,44.4511],[-73.19533,44.45042],[-73.20419,44.44845],[-73.2045,44.44564],[-73.19557,44.44518],[-73.19358,44.44477],[-73.18947,44.44357],[-73.18889,44.44325],[-73.18768,44.44599],[-73.18838,44.44996],[-73.18532,44.45005],[-73.18163,44.45045],[-73.18053,44.45033],[-73.17891,44.44987],[-73.18135,44.45122],[-73.18123,44.45143],[-73.18222,44.45237],[-73.18869,44.45179],[-73.18918,44.45448],[-73.19004,44.45445],[-73.19378,44.47411],[-73.18678,44.47092],[-73.18452,44.47004],[-73.18447,44.47015],[-73.1842,44.47007],[-73.18298,44.47193],[-73.17577,44.47971],[-73.17479,44.48108],[-73.17321,44.47969],[-73.17197,44.47963],[-73.17187,44.47875],[-73.1715,44.47842],[-73.16995,44.47817],[-73.1691,44.47786],[-73.1683,44.47804],[-73.16746,44.47752],[-73.16588,44.4764],[-73.16505,44.47502],[-73.16367,44.47466],[-73.16269,44.47467],[-73.16229,44.47446],[-73.16199,44.47448],[-73.16181,44.47492],[-73.16072,44.47472],[-73.16017,44.47372],[-73.15922,44.47401],[-73.15732,44.47009],[-73.1558,44.47026],[-73.15557,44.46964],[-73.15506,44.46917],[-73.15502,44.46856],[-73.15524,44.46822],[-73.15611,44.4677],[-73.15415,44.46369],[-73.15407,44.46296],[-73.15255,44.46225],[-73.15223,44.46263],[-73.15205,44.46254],[-73.15118,44.46332],[-73.15118,44.46309],[-73.15005,44.46312],[-73.14805,44.4627],[-73.1451,44.46283],[-73.14228,44.46092],[-73.14205,44.46108],[-73.13919,44.45949],[-73.13597,44.46225],[-73.13601,44.46241],[-73.13575,44.46224],[-73.1357,44.46196],[-73.13606,44.46042],[-73.13637,44.45953],[-73.13691,44.45889],[-73.1367,44.45868],[-73.13599,44.4585],[-73.13574,44.45796],[-73.13499,44.45731],[-73.13521,44.45706],[-73.1358,44.45683],[-73.13559,44.45623],[-73.13678,44.45574],[-73.13739,44.45488],[-73.13811,44.45432],[-73.13821,44.45345],[-73.13852,44.45315],[-73.14065,44.45362],[-73.14104,44.45166],[-73.14103,44.44999],[-73.14122,44.44915],[-73.14198,44.4483],[-73.14267,44.44806],[-73.14339,44.44805],[-73.1465,44.4485],[-73.14721,44.4491],[-73.14724,44.4496],[-73.1466,44.45152],[-73.14616,44.45432],[-73.14798,44.45467],[-73.14958,44.45544],[-73.15046,44.45621],[-73.15291,44.45909],[-73.15447,44.45999],[-73.15469,44.46008],[-73.15483,44.45991],[-73.15579,44.45487],[-73.15654,44.45204],[-73.15715,44.45022],[-73.15761,44.44989],[-73.15745,44.4492],[-73.15776,44.44787],[-73.14992,44.44582],[-73.14753,44.44542],[-73.14755,44.44498],[-73.14815,44.44298],[-73.14836,44.44156],[-73.15115,44.44127],[-73.15169,44.44106],[-73.15265,44.43968],[-73.15434,44.43891],[-73.15474,44.4382],[-73.15547,44.4378],[-73.15564,44.43712],[-73.15706,44.43623],[-73.15702,44.436],[-73.15538,44.43617],[-73.15541,44.43667],[-73.14363,44.43766],[-73.14317,44.43547],[-73.13943,44.43565],[-73.1397,44.43504],[-73.14056,44.43489],[-73.14145,44.43454],[-73.14147,44.43428],[-73.141,44.43407],[-73.14096,44.43378],[-73.14166,44.43338],[-73.14218,44.43337],[-73.14253,44.43302],[-73.14265,44.43262],[-73.14223,44.43228],[-73.14284,44.43209],[-73.14312,44.43143],[-73.14394,44.43078],[-73.14344,44.43038],[-73.14345,44.43016],[-73.14413,44.43032],[-73.14434,44.4302],[-73.14444,44.42974],[-73.14507,44.42987],[-73.14567,44.42909],[-73.14563,44.42873],[-73.14595,44.42861],[-73.14621,44.42809],[-73.14791,44.4279],[-73.148,44.42735],[-73.15009,44.42589],[-73.15052,44.42583],[-73.15104,44.426],[-73.15134,44.4267],[-73.15109,44.42695],[-73.14986,44.42735],[-73.14974,44.42771],[-73.1552,44.42714],[-73.15424,44.42358],[-73.15463,44.41624],[-73.1536,44.41351],[-73.16231,44.40963],[-73.16476,44.40926],[-73.16713,44.40864]]],[[[-73.17986,44.48131],[-73.17812,44.48284],[-73.17722,44.48257],[-73.17653,44.48192],[-73.17503,44.48122],[-73.17694,44.47882],[-73.18028,44.48094],[-73.17986,44.48131]]]]}},{"type":"Feature","properties":{"PWSID":"VT0005065","PWS_Name":"ESSEX TOWN WATER SYSTEM","Pop_Cat_5":"3,301-10,000","Population_Served_Count":9734,"Service_Connections_Count":3325,"Service_Area_Type":"Residential Area","Model_Method":"Random Forest","boundary_source":"EPA-modeled","is_community":true,"Area_SqKM":28.577660482237647,"Detailed_Facility_Report":"https://echo.epa.gov/detailed-facility-report?fid=VT0005065&sys=SDWIS"},"geometry":{"type":"MultiPolygon","coordinates":[[[[-73.1353,44.50272],[-73.13776,44.50354],[-73.13731,44.50415],[-73.13232,44.50233],[-73.13012,44.50095],[-73.12917,44.49987],[-73.12238,44.49543],[-73.11339,44.4911],[-73.11361,44.4903],[-73.11222,44.48962],[-73.10949,44.48417],[-73.11,44.48296],[-73.11191,44.48084],[-73.11373,44.48095],[-73.11605,44.48024],[-73.11867,44.47994],[-73.1223,44.47863],[-73.12482,44.47792],[-73.12623,44.47843],[-73.12885,44.47782],[-73.13218,44.47832],[-73.13591,44.48185],[-73.13581,44.49496],[-73.1353,44.50272]]],[[[-73.07013,44.48312],[-73.07095,44.48297],[-73.07164,44.48244],[-73.07255,44.48294],[-73.07355,44.48321],[-73.07878,44.48349],[-73.08276,44.48331],[-73.08173,44.48254],[-73.0815,44.48216],[-73.0815,44.48196],[-73.08244,44.4813],[-73.08133,44.48109],[-73.08547,44.47836],[-73.08769,44.47882],[-73.08921,44.48078],[-73.09044,44.48096],[-73.09167,44.48083],[-73.09232,44.48059],[-73.09347,44.47974],[-73.09432,44.47823],[-73.09536,44.47563],[-73.09604,44.47443],[-73.09715,44.47308],[-73.09895,44.47212],[-73.09978,44.47189],[-73.10055,44.47186],[-73.10118,44.4722],[-73.10166,44.47282],[-73.1024,44.47608],[-73.10297,44.47693],[-73.10485,44.47824],[-73.10789,44.47993],[-73.11016,44.48156],[-73.10947,44.48213],[-73.10826,44.48106],[-73.1078,44.48106],[-73.1074,44.48087],[-73.10703,44.48109],[-73.10856,44.48204],[-73.11207,44.49006],[-73.11342,44.49047],[-73.11297,44.49104],[-73.12187,44.49525],[-73.12923,44.50009],[-73.13004,44.5012],[-73.13152,44.50214],[-73.13684,44.5042],[-73.13736,44.50425],[-73.13817,44.5039],[-73.13993,44.50417],[-73.14178,44.5042],[-73.14202,44.50464],[-73.14243,44.50484],[-73.14382,44.50488],[-73.14536,44.50531],[-73.14654,44.50539],[-73.13718,44.51772],[-73.13724,44.51627],[-73.13703,44.51588],[-73.13427,44.51469],[-73.13326,44.51289],[-73.13333,44.51234],[-73.13491,44.51044],[-73.13272,44.50967],[-73.1321,44.50958],[-73.13137,44.50968],[-73.12836,44.51198],[-73.12726,44.51345],[-73.12643,44.51284],[-73.12514,44.51261],[-73.12454,44.51208],[-73.1241,44.51209],[-73.1238,44.5123],[-73.12367,44.51203],[-73.1232,44.51217],[-73.12287,44.51174],[-73.12301,44.51154],[-73.12287,44.51139],[-73.12185,44.51124],[-73.12168,44.51046],[-73.12112,44.50994],[-73.121,44.50942],[-73.12038,44.50924],[-73.11922,44.50811],[-73.11841,44.50773],[-73.11792,44.50699],[-73.11707,44.50723],[-73.11813,44.50936],[-73.12248,44.5154],[-73.12158,44.51583],[-73.12108,44.51665],[-73.11809,44.51013],[-73.11762,44.51022],[-73.11704,44.50998],[-73.11618,44.50847],[-73.11481,44.50677],[-73.1127,44.50751],[-73.09668,44.50093],[-73.09086,44.50582],[-73.08726,44.50771],[-73.08427,44.50992],[-73.08349,44.51017],[-73.08346,44.51125],[-73.07724,44.52893],[-73.07263,44.5273],[-73.07189,44.52688],[-73.07156,44.52641],[-73.06957,44.52082],[-73.06915,44.52005],[-73.06452,44.51559],[-73.06214,44.51386],[-73.06061,44.5156],[-73.06137,44.51575],[-73.06173,44.51662],[-73.06091,44.51701],[-73.06119,44.51884],[-73.06075,44.5198],[-73.06003,44.51971],[-73.05687,44.52002],[-73.05694,44.51933],[-73.05731,44.51895],[-73.05926,44.51868],[-73.05918,44.51826],[-73.05838,44.51833],[-73.05819,44.51718],[-73.05879,44.5172],[-73.05908,44.51619],[-73.05807,44.51584],[-73.05793,44.51548],[-73.05807,44.51463],[-73.05649,44.51417],[-73.05749,44.51236],[-73.0525,44.51292],[-73.05243,44.51363],[-73.0531,44.51389],[-73.05254,44.51418],[-73.05288,44.51448],[-73.05209,44.51472],[-73.05159,44.5151],[-73.05155,44.51523],[-73.05201,44.51536],[-73.05204,44.51551],[-73.05162,44.51557],[-73.05136,44.51592],[-73.05093,44.51606],[-73.05107,44.51629],[-73.05071,44.51653],[-73.05078,44.51704],[-73.04932,44.51803],[-73.04903,44.51835],[-73.04908,44.51859],[-73.04857,44.51863],[-73.04855,44.51921],[-73.04816,44.51958],[-73.04845,44.52019],[-73.04809,44.52051],[-73.04822,44.52088],[-73.04794,44.52116],[-73.04792,44.5216],[-73.04727,44.52169],[-73.04696,44.52245],[-73.04638,44.5228],[-73.04598,44.52332],[-73.04482,44.52371],[-73.04461,44.52399],[-73.04443,44.52467],[-73.04504,44.52538],[-73.04524,44.52645],[-73.04415,44.52805],[-73.04171,44.53342],[-73.04178,44.53501],[-73.04097,44.53595],[-73.04152,44.53635],[-73.04167,44.53668],[-73.04116,44.53774],[-73.04112,44.53842],[-73.03881,44.54307],[-73.03791,44.54633],[-73.0376,44.5468],[-73.03691,44.54714],[-73.03698,44.54762],[-73.03651,44.54769],[-73.03556,44.54829],[-73.03445,44.54681],[-73.03359,44.54624],[-73.03341,44.54594],[-73.03381,44.54585],[-73.03418,44.54613],[-73.03453,44.54599],[-73.03455,44.54553],[-73.03411,44.54531],[-73.034,44.54507],[-73.03436,44.54386],[-73.03392,44.5435],[-73.03391,44.54327],[-73.03436,44.54285],[-73.03516,44.54266],[-73.03556,44.5418],[-73.03538,44.54157],[-73.03457,44.54146],[-73.03426,44.54124],[-73.03433,44.54081],[-73.03543,44.54001],[-73.03554,44.53922],[-73.0358,44.53888],[-73.03522,44.53811],[-73.03455,44.53788],[-73.03441,44.5376],[-73.03493,44.53731],[-73.03598,44.53735],[-73.03632,44.53708],[-73.03626,44.53678],[-73.03604,44.53667],[-73.03488,44.53662],[-73.03527,44.536],[-73.03468,44.53552],[-73.03512,44.53521],[-73.03516,44.53477],[-73.03631,44.535],[-73.03666,44.53459],[-73.03715,44.53451],[-73.03733,44.53401],[-73.03854,44.53393],[-73.0385,44.53334],[-73.03888,44.53312],[-73.03895,44.53279],[-73.03832,44.53232],[-73.03741,44.5322],[-73.0372,44.53203],[-73.03712,44.53116],[-73.03746,44.52984],[-73.03696,44.52916],[-73.03709,44.52858],[-73.03695,44.52793],[-73.03676,44.52779],[-73.03614,44.52757],[-73.03152,44.52733],[-73.03106,44.52767],[-73.03058,44.52769],[-73.03064,44.52697],[-73.03584,44.51638],[-73.03635,44.51617],[-73.03734,44.51614],[-73.03951,44.51646],[-73.04098,44.51647],[-73.04496,44.51601],[-73.04652,44.51567],[-73.04712,44.51303],[-73.04716,44.51126],[-73.04839,44.51048],[-73.04875,44.50991],[-73.04998,44.51037],[-73.05112,44.51046],[-73.05146,44.50943],[-73.04984,44.50901],[-73.05047,44.50776],[-73.0385,44.50457],[-73.03888,44.50396],[-73.04267,44.50003],[-73.04502,44.49829],[-73.04685,44.49603],[-73.04907,44.49491],[-73.04977,44.49398],[-73.05022,44.4892],[-73.04946,44.48777],[-73.04932,44.48708],[-73.05019,44.48402],[-73.0503,44.48293],[-73.05011,44.48187],[-73.04931,44.47985],[-73.04926,44.47897],[-73.05888,44.47911],[-73.06682,44.47992],[-73.06708,44.48062],[-73.06641,44.48131],[-73.07013,44.48312]]]]}},{"type":"Feature","properties":{"PWSID":"VT0005225","PWS_Name":"PITTSFORD FLORENCE WATER DEPT","Pop_Cat_5":"501-3,300","Population_Served_Count":1923,"Service_Connections_Count":613,"Service_Area_Type":"Industrial/Agricultural","Model_Method":"","boundary_source":"Authoritative (VT/local)","is_community":false,"Area_SqKM":27.969821915274228,"Detailed_Facility_Report":"https://echo.epa.gov/detailed-facility-report?fid=VT0005225&sys=SDWIS"},"geometry":{"type":"Polygon","coordinates":[[[-73.03235,43.70172],[-73.0334,43.70183],[-73.03412,43.70215],[-73.03525,43.70382],[-73.03521,43.70478],[-73.03638,43.70647],[-73.03693,43.70759],[-73.03704,43.70888],[-73.03647,43.70962],[-73.03773,43.71037],[-73.03871,43.71023],[-73.03965,43.71041],[-73.04164,43.71191],[-73.0425,43.71106],[-73.04272,43.71019],[-73.04329,43.70974],[-73.05246,43.70698],[-73.05203,43.70605],[-73.05248,43.70516],[-73.05352,43.70472],[-73.05533,43.70469],[-73.05383,43.69982],[-73.05412,43.69925],[-73.05473,43.69882],[-73.05542,43.69865],[-73.05686,43.69861],[-73.05703,43.69545],[-73.05449,43.69401],[-73.0518,43.69178],[-73.05069,43.68963],[-73.05077,43.68901],[-73.0513,43.68843],[-73.05198,43.68814],[-73.05269,43.68803],[-73.05351,43.68817],[-73.05409,43.68848],[-73.05531,43.69048],[-73.05723,43.69198],[-73.06023,43.6938],[-73.06087,43.69486],[-73.0609,43.69638],[-73.06178,43.69643],[-73.06251,43.69675],[-73.06291,43.69718],[-73.0632,43.698],[-73.06356,43.69797],[-73.06349,43.69715],[-73.06391,43.69652],[-73.0664,43.6952],[-73.06755,43.69497],[-73.06866,43.6953],[-73.06924,43.69596],[-73.06965,43.69806],[-73.07044,43.6984],[-73.07093,43.699],[-73.07259,43.70468],[-73.07245,43.70529],[-73.07203,43.70575],[-73.07203,43.7066],[-73.07138,43.70725],[-73.07232,43.70925],[-73.07235,43.70987],[-73.07193,43.7105],[-73.07093,43.71099],[-73.07056,43.71213],[-73.07437,43.71572],[-73.0754,43.71649],[-73.07578,43.71722],[-73.07555,43.71799],[-73.07476,43.71853],[-73.07361,43.71872],[-73.07255,43.71842],[-73.07298,43.72116],[-73.07274,43.72175],[-73.07224,43.72216],[-73.07308,43.72289],[-73.07336,43.72449],[-73.07502,43.72415],[-73.07557,43.72353],[-73.077,43.72282],[-73.07705,43.72193],[-73.07794,43.72123],[-73.08127,43.72035],[-73.08222,43.72048],[-73.08295,43.72094],[-73.08372,43.72211],[-73.08704,43.72908],[-73.08759,43.72986],[-73.08742,43.73064],[-73.08559,43.73302],[-73.08506,43.7334],[-73.08678,43.73632],[-73.08676,43.73693],[-73.08637,43.73747],[-73.0858,43.7378],[-73.08477,43.73808],[-73.0837,43.73806],[-73.08232,43.73895],[-73.08038,43.73942],[-73.07958,43.73975],[-73.0777,43.73995],[-73.07587,43.74084],[-73.07488,43.74109],[-73.07401,43.74103],[-73.07169,43.74193],[-73.07194,43.74328],[-73.07175,43.74388],[-73.07102,43.74445],[-73.06965,43.74479],[-73.06815,43.74461],[-73.06652,43.74393],[-73.06444,43.74351],[-73.06336,43.74296],[-73.06303,43.74249],[-73.06298,43.74197],[-73.06417,43.73993],[-73.06403,43.73975],[-73.06336,43.73981],[-73.06219,43.73964],[-73.06189,43.74033],[-73.06117,43.74079],[-73.05826,43.74155],[-73.05707,43.74144],[-73.05634,43.74098],[-73.05604,43.74041],[-73.05563,43.73739],[-73.0555,43.73452],[-73.05298,43.73447],[-73.05117,43.73328],[-73.04806,43.7324],[-73.0459,43.73105],[-73.04516,43.72999],[-73.04512,43.72926],[-73.04546,43.72865],[-73.0462,43.72816],[-73.04706,43.72795],[-73.04865,43.72813],[-73.05026,43.72907],[-73.05172,43.72959],[-73.05286,43.72975],[-73.05393,43.72924],[-73.05177,43.72547],[-73.04562,43.72679],[-73.04433,43.72664],[-73.04358,43.72607],[-73.04324,43.72517],[-73.04039,43.72117],[-73.03932,43.72105],[-73.03863,43.72069],[-73.03822,43.72016],[-73.03819,43.71944],[-73.03517,43.71878],[-73.03529,43.72015],[-73.03477,43.72093],[-73.03324,43.72163],[-73.03079,43.72182],[-73.03042,43.72254],[-73.02955,43.723],[-73.02602,43.72356],[-73.02541,43.72386],[-73.02376,43.72422],[-73.02099,43.72378],[-73.0203,43.72385],[-73.01954,43.72422],[-73.01876,43.72432],[-73.01797,43.72499],[-73.01705,43.72517],[-73.01601,43.72495],[-73.01434,43.72384],[-73.01295,43.72381],[-73.01204,43.72333],[-73.01135,43.72414],[-73.01065,43.7246],[-73.01064,43.72623],[-73.00995,43.72704],[-73.00906,43.72732],[-73.00616,43.72746],[-73.00493,43.72713],[-73.00433,43.72638],[-73.00424,43.72482],[-73.00261,43.72478],[-73.00183,43.72453],[-73.00124,43.72398],[-73.0011,43.72337],[-73.00036,43.723],[-72.99993,43.72238],[-72.99981,43.72163],[-73.00002,43.7209],[-73.00056,43.72042],[-73.00129,43.72017],[-73.00084,43.71665],[-73.00124,43.71397],[-73.0019,43.71324],[-73.00308,43.71294],[-73.00345,43.71157],[-73.00434,43.71087],[-73.01127,43.71017],[-73.01085,43.70835],[-73.01104,43.70765],[-73.01091,43.70729],[-73.01032,43.70692],[-73.00999,43.70645],[-73.00999,43.70487],[-73.00899,43.70532],[-73.00791,43.7053],[-73.00661,43.70475],[-73.00608,43.70398],[-73.00514,43.70413],[-73.00475,43.70496],[-73.00403,43.70543],[-73.0017,43.70576],[-73.00098,43.70573],[-73.00023,43.70544],[-72.99973,43.70495],[-72.9994,43.70293],[-72.99922,43.70298],[-72.99831,43.70471],[-72.99736,43.70524],[-72.99311,43.70575],[-72.99219,43.70553],[-72.99155,43.70501],[-72.99032,43.70042],[-72.99077,43.69962],[-72.99145,43.69926],[-72.99231,43.69913],[-72.9923,43.69878],[-72.99063,43.69885],[-72.98951,43.69835],[-72.98914,43.69771],[-72.98884,43.696],[-72.98894,43.69548],[-72.98956,43.69484],[-72.99045,43.69457],[-72.9948,43.69441],[-72.99572,43.69482],[-72.99618,43.69559],[-72.99669,43.69482],[-72.99632,43.69376],[-72.99637,43.69321],[-72.99159,43.69352],[-72.99088,43.69339],[-72.99031,43.69307],[-72.98984,43.69227],[-72.99002,43.68956],[-72.99041,43.68901],[-72.99099,43.68869],[-72.99181,43.68855],[-72.99319,43.68873],[-72.99445,43.68773],[-72.99513,43.68756],[-72.99585,43.68759],[-72.9963,43.68703],[-72.99684,43.68668],[-72.99752,43.68651],[-72.99879,43.68648],[-72.99833,43.68583],[-72.9971,43.68556],[-72.99636,43.68481],[-72.99526,43.68474],[-72.99443,43.68424],[-72.99378,43.68227],[-72.99415,43.68136],[-72.99469,43.68101],[-72.99537,43.68084],[-73.00193,43.68016],[-73.00845,43.67969],[-73.0094,43.67938],[-73.013,43.67934],[-73.01515,43.67913],[-73.01638,43.67946],[-73.02063,43.67977],[-73.02123,43.68006],[-73.02165,43.68052],[-73.02344,43.68086],[-73.02418,43.68156],[-73.02503,43.68092],[-73.02585,43.68078],[-73.02667,43.68091],[-73.02739,43.68024],[-73.02842,43.68],[-73.02935,43.68018],[-73.03102,43.68106],[-73.03541,43.68143],[-73.0366,43.68173],[-73.03724,43.68236],[-73.03728,43.68314],[-73.03395,43.68658],[-73.03499,43.68712],[-73.03531,43.68795],[-73.03481,43.68882],[-73.03395,43.68935],[-73.03378,43.68992],[-73.03441,43.69012],[-73.03493,43.69049],[-73.03563,43.69232],[-73.03682,43.69304],[-73.03772,43.69413],[-73.03814,43.6962],[-73.03786,43.69718],[-73.03736,43.69777],[-73.03784,43.6984],[-73.03793,43.69906],[-73.03767,43.6996],[-73.03688,43.70034],[-73.0357,43.70085],[-73.03435,43.7011],[-73.03362,43.70107],[-73.03287,43.70078],[-73.03235,43.70028],[-73.03111,43.70079],[-73.02959,43.7008],[-73.02981,43.70174],[-73.03019,43.70196],[-73.03235,43.70172]]]}},{"type":"Feature","properties":{"PWSID":"VT0005079","PWS_Name":"MILTON WATER DEPT","Pop_Cat_5":"3,301-10,000","Population_Served_Count":8000,"Service_Connections_Count":2500,"Service_Area_Type":"Residential Area","Model_Method":"","boundary_source":"Authoritative (VT/local)","is_community":true,"Area_SqKM":27.303405959911302,"Detailed_Facility_Report":"https://echo.epa.gov/detailed-facility-report?fid=VT0005079&sys=SDWIS"},"geometry":{"type":"MultiPolygon","coordinates":[[[[-73.15281,44.59678],[-73.15432,44.59704],[-73.1556,44.59761],[-73.15607,44.59841],[-73.1558,44.59922],[-73.15696,44.59973],[-73.15752,44.60042],[-73.15846,44.60011],[-73.15772,44.59742],[-73.15519,44.59646],[-73.15474,44.59605],[-73.15454,44.59545],[-73.15473,44.59485],[-73.15664,44.59226],[-73.15726,44.59183],[-73.1582,44.59165],[-73.15904,44.59178],[-73.17273,44.59683],[-73.17329,44.59717],[-73.17362,44.59765],[-73.17381,44.59996],[-73.17336,44.6015],[-73.17287,44.6019],[-73.1721,44.60216],[-73.17225,44.60357],[-73.17165,44.60489],[-73.16704,44.61037],[-73.16648,44.61079],[-73.16568,44.61101],[-73.16483,44.61096],[-73.1593,44.60896],[-73.15913,44.60986],[-73.15831,44.61113],[-73.15738,44.61155],[-73.15627,44.61153],[-73.15569,44.61234],[-73.15479,44.61276],[-73.15487,44.61322],[-73.15468,44.61375],[-73.15536,44.61423],[-73.15654,44.6145],[-73.15889,44.61611],[-73.15933,44.61673],[-73.15931,44.61735],[-73.15731,44.62008],[-73.15635,44.62062],[-73.15502,44.62059],[-73.15201,44.6193],[-73.15092,44.61951],[-73.15033,44.62111],[-73.14952,44.62171],[-73.14975,44.62218],[-73.14971,44.62271],[-73.14797,44.62634],[-73.1475,44.62777],[-73.14896,44.6281],[-73.14967,44.6289],[-73.14947,44.62993],[-73.14834,44.63085],[-73.1477,44.63111],[-73.14697,44.63119],[-73.14563,44.63076],[-73.14548,44.63161],[-73.14515,44.63208],[-73.1446,44.63244],[-73.14378,44.63262],[-73.14282,44.63249],[-73.14212,44.63206],[-73.13963,44.63272],[-73.13817,44.63255],[-73.1373,44.63203],[-73.13656,44.63238],[-73.1357,44.63244],[-73.13241,44.63142],[-73.13176,44.6309],[-73.13158,44.63012],[-73.13291,44.62771],[-73.13492,44.62883],[-73.13714,44.62703],[-73.13807,44.62593],[-73.13421,44.62439],[-73.13262,44.62718],[-73.13198,44.62686],[-73.13154,44.62637],[-73.12956,44.63038],[-73.1289,44.63077],[-73.12814,44.63091],[-73.12773,44.63136],[-73.1266,44.632],[-73.12946,44.63204],[-73.13026,44.63225],[-73.13105,44.63302],[-73.13108,44.63415],[-73.13687,44.63454],[-73.13793,44.63396],[-73.13975,44.63361],[-73.14099,44.63377],[-73.14181,44.63432],[-73.14285,44.63417],[-73.14359,44.63423],[-73.1455,44.63499],[-73.14675,44.63352],[-73.14724,44.63239],[-73.14842,44.6309],[-73.14921,44.63036],[-73.15005,44.63022],[-73.15089,44.63035],[-73.15405,44.63194],[-73.15504,44.63138],[-73.15625,44.63137],[-73.15757,44.63207],[-73.15789,44.633],[-73.15686,44.63461],[-73.15603,44.63516],[-73.15576,44.6356],[-73.15469,44.63864],[-73.15539,44.63846],[-73.15642,44.63844],[-73.15676,44.63649],[-73.15835,44.6344],[-73.15893,44.63395],[-73.15998,44.63372],[-73.1617,44.63405],[-73.16347,44.63383],[-73.16726,44.63424],[-73.16837,44.63345],[-73.1681,44.63267],[-73.16848,44.63193],[-73.16996,44.63066],[-73.17062,44.63042],[-73.17135,44.63038],[-73.17253,44.63078],[-73.17308,44.63155],[-73.173,44.63216],[-73.17248,44.63279],[-73.17307,44.63345],[-73.17317,44.63448],[-73.17261,44.636],[-73.16905,44.64074],[-73.16836,44.64123],[-73.16767,44.64141],[-73.16693,44.64138],[-73.1642,44.6405],[-73.16275,44.641],[-73.16191,44.64205],[-73.16224,44.64304],[-73.16199,44.64371],[-73.1613,44.64421],[-73.16024,44.6444],[-73.15743,44.6442],[-73.15655,44.64389],[-73.156,44.64331],[-73.15592,44.64264],[-73.15469,44.64169],[-73.15398,44.64067],[-73.15356,44.64143],[-73.15184,44.64269],[-73.14841,44.64442],[-73.14868,44.64502],[-73.1485,44.6457],[-73.14759,44.64682],[-73.14654,44.64726],[-73.14581,44.64726],[-73.14512,44.64706],[-73.14459,44.64669],[-73.13922,44.64418],[-73.13867,44.64371],[-73.13848,44.6432],[-73.13859,44.64227],[-73.13912,44.64149],[-73.13973,44.64119],[-73.14045,44.64109],[-73.14175,44.64142],[-73.14167,44.64089],[-73.14092,44.64034],[-73.1402,44.63899],[-73.14024,44.63785],[-73.13841,44.63814],[-73.13666,44.63818],[-73.13486,44.63801],[-73.13287,44.63755],[-73.13384,44.63809],[-73.13422,44.63873],[-73.1339,44.64007],[-73.1335,44.64061],[-73.13208,44.64128],[-73.13136,44.64142],[-73.12993,44.64133],[-73.12909,44.64093],[-73.12878,44.64159],[-73.12784,44.64216],[-73.12738,44.64271],[-73.12543,44.64353],[-73.12421,44.64354],[-73.12325,44.64307],[-73.1224,44.64335],[-73.12154,44.64334],[-73.11958,44.64257],[-73.11784,44.64381],[-73.11542,44.64409],[-73.1143,44.64376],[-73.11331,44.64269],[-73.11215,44.64287],[-73.11123,44.64519],[-73.11069,44.64567],[-73.10999,44.64591],[-73.10912,44.64863],[-73.10815,44.64928],[-73.10694,44.64934],[-73.10504,44.64877],[-73.10448,44.64836],[-73.1036,44.64716],[-73.10264,44.64761],[-73.10144,44.64759],[-73.10121,44.64773],[-73.10399,44.64934],[-73.10427,44.64983],[-73.10427,44.6504],[-73.10546,44.65092],[-73.10638,44.65064],[-73.10746,44.65076],[-73.10879,44.65134],[-73.10931,44.65203],[-73.10935,44.65292],[-73.10988,44.65485],[-73.10983,44.6557],[-73.11027,44.65853],[-73.10973,44.66153],[-73.10833,44.66471],[-73.10894,44.66791],[-73.10878,44.66988],[-73.1085,44.67066],[-73.10784,44.67122],[-73.10439,44.67248],[-73.09963,44.67208],[-73.09747,44.67174],[-73.09684,44.67132],[-73.09655,44.67084],[-73.09655,44.67031],[-73.09687,44.66975],[-73.09519,44.66906],[-73.09439,44.66939],[-73.09352,44.66943],[-73.09281,44.6693],[-73.09214,44.66891],[-73.09176,44.66827],[-73.09183,44.66752],[-73.09118,44.66651],[-73.09122,44.66598],[-73.0915,44.66555],[-73.09094,44.6651],[-73.09065,44.66462],[-73.09078,44.66379],[-73.08829,44.6631],[-73.08777,44.66273],[-73.08748,44.66224],[-73.08736,44.66044],[-73.08849,44.65784],[-73.0891,44.65578],[-73.09221,44.6515],[-73.08952,44.65036],[-73.08908,44.64973],[-73.08915,44.64902],[-73.07966,44.64514],[-73.07907,44.6447],[-73.07883,44.6442],[-73.07905,44.64335],[-73.081,44.64096],[-73.08163,44.64054],[-73.08245,44.64036],[-73.08318,44.64042],[-73.08741,44.642],[-73.08813,44.64047],[-73.08853,44.64003],[-73.08994,44.6395],[-73.09109,44.63948],[-73.09109,44.63936],[-73.09047,44.6392],[-73.0894,44.63922],[-73.08656,44.63857],[-73.08613,44.63904],[-73.08552,44.63934],[-73.08296,44.63958],[-73.08199,44.63922],[-73.08038,44.63773],[-73.0796,44.63837],[-73.07885,44.63866],[-73.07799,44.63869],[-73.07711,44.63838],[-73.07652,44.63772],[-73.07618,44.63676],[-73.07627,44.63612],[-73.07473,44.63251],[-73.07403,44.63196],[-73.07372,44.63139],[-73.0738,44.63078],[-73.07492,44.62906],[-73.07594,44.62846],[-73.07716,44.62845],[-73.08322,44.63088],[-73.08371,44.63128],[-73.08395,44.63177],[-73.08391,44.6323],[-73.08332,44.63356],[-73.08382,44.63377],[-73.08415,44.63338],[-73.08474,44.63306],[-73.08616,44.63295],[-73.08804,44.6322],[-73.08913,44.63227],[-73.08998,44.63274],[-73.09212,44.63272],[-73.09266,44.63232],[-73.09334,44.63211],[-73.09762,44.63203],[-73.09852,44.63248],[-73.0989,44.63312],[-73.09882,44.6341],[-73.09836,44.6351],[-73.09967,44.6352],[-73.0995,44.63307],[-73.09974,44.63239],[-73.10065,44.63182],[-73.10219,44.63168],[-73.10328,44.63071],[-73.10448,44.63051],[-73.10451,44.62976],[-73.10512,44.62835],[-73.10546,44.62661],[-73.10632,44.62578],[-73.107,44.62558],[-73.10768,44.62557],[-73.10798,44.62487],[-73.10845,44.62443],[-73.10852,44.6233],[-73.10974,44.62008],[-73.10972,44.61947],[-73.10792,44.61452],[-73.10823,44.61385],[-73.10901,44.61337],[-73.10867,44.61193],[-73.10978,44.61013],[-73.10966,44.60968],[-73.1098,44.60916],[-73.11057,44.60811],[-73.11103,44.60777],[-73.11122,44.60726],[-73.11259,44.60554],[-73.11367,44.60471],[-73.11435,44.60373],[-73.11512,44.6033],[-73.11654,44.60306],[-73.11761,44.60324],[-73.11873,44.60398],[-73.11925,44.60574],[-73.12111,44.60884],[-73.12115,44.60962],[-73.12026,44.61115],[-73.12069,44.61131],[-73.12119,44.6101],[-73.12222,44.6095],[-73.12348,44.6095],[-73.12493,44.60988],[-73.12619,44.6105],[-73.12696,44.60937],[-73.12757,44.60907],[-73.12842,44.60897],[-73.12922,44.60913],[-73.13575,44.6117],[-73.13619,44.61233],[-73.13613,44.61302],[-73.1335,44.61654],[-73.13418,44.61648],[-73.13489,44.61661],[-73.1388,44.61812],[-73.1395,44.61872],[-73.13955,44.61967],[-73.13745,44.62285],[-73.14056,44.62379],[-73.14121,44.62356],[-73.14194,44.62352],[-73.14378,44.62403],[-73.14419,44.62358],[-73.14525,44.62154],[-73.14604,44.621],[-73.14581,44.62027],[-73.14631,44.61882],[-73.14585,44.61844],[-73.1456,44.61794],[-73.14588,44.61679],[-73.14668,44.61613],[-73.14801,44.61597],[-73.1482,44.61582],[-73.14772,44.61516],[-73.14758,44.61386],[-73.14799,44.61209],[-73.14715,44.6117],[-73.14669,44.61099],[-73.147,44.60857],[-73.1479,44.60787],[-73.14924,44.60777],[-73.14983,44.60733],[-73.15109,44.60688],[-73.15318,44.60651],[-73.15359,44.6058],[-73.15381,44.60499],[-73.15364,44.60461],[-73.15153,44.60492],[-73.15068,44.60486],[-73.14928,44.60429],[-73.14886,44.60385],[-73.14872,44.6034],[-73.14875,44.60219],[-73.14912,44.60174],[-73.14972,44.6014],[-73.14982,44.60064],[-73.1504,44.59985],[-73.15017,44.59912],[-73.15047,44.59814],[-73.15127,44.59728],[-73.15208,44.59689],[-73.15281,44.59678]]],[[[-73.1792,44.63173],[-73.18004,44.63186],[-73.18408,44.63348],[-73.18468,44.63393],[-73.18492,44.63442],[-73.1848,44.63512],[-73.18193,44.63938],[-73.18134,44.63983],[-73.18054,44.64005],[-73.17946,44.63993],[-73.1755,44.63845],[-73.17487,44.63803],[-73.17456,44.63746],[-73.17468,44.63677],[-73.17547,44.63575],[-73.17488,44.63477],[-73.17488,44.63371],[-73.17511,44.63321],[-73.17605,44.63259],[-73.17718,44.63246],[-73.17837,44.63187],[-73.1792,44.63173]]],[[[-73.12671,44.64417],[-73.12744,44.64427],[-73.12987,44.64504],[-73.13059,44.64544],[-73.13095,44.646],[-73.13094,44.64658],[-73.13173,44.64756],[-73.13158,44.64842],[-73.12961,44.6498],[-73.12883,44.65006],[-73.12785,44.65002],[-73.12568,44.64924],[-73.12361,44.65243],[-73.12297,44.65296],[-73.12229,44.65316],[-73.12155,44.65317],[-73.12043,44.65268],[-73.11939,44.65244],[-73.11994,44.65337],[-73.11964,44.65421],[-73.12039,44.6552],[-73.12036,44.65647],[-73.12121,44.65649],[-73.12193,44.65675],[-73.13018,44.65818],[-73.13103,44.65853],[-73.13149,44.65904],[-73.13159,44.65957],[-73.13083,44.6617],[-73.13003,44.66224],[-73.12932,44.66238],[-73.12865,44.66233],[-73.12802,44.66277],[-73.12707,44.66295],[-73.1224,44.66256],[-73.12093,44.66204],[-73.11976,44.66255],[-73.11879,44.6626],[-73.11688,44.66197],[-73.11608,44.66129],[-73.11479,44.66174],[-73.1136,44.66158],[-73.1129,44.66109],[-73.11264,44.66042],[-73.11338,44.65742],[-73.11309,44.65671],[-73.11336,44.65599],[-73.11237,44.65501],[-73.11253,44.65375],[-73.11068,44.65312],[-73.1096,44.65221],[-73.10937,44.65143],[-73.10967,44.65071],[-73.11059,44.65002],[-73.11202,44.64969],[-73.11278,44.64969],[-73.11384,44.64933],[-73.11431,44.64827],[-73.11482,44.64614],[-73.11546,44.64561],[-73.11632,44.64539],[-73.11666,44.64498],[-73.11724,44.64466],[-73.11833,44.64453],[-73.12116,44.64496],[-73.12302,44.64581],[-73.12356,44.64657],[-73.12398,44.64638],[-73.12538,44.64457],[-73.12599,44.64427],[-73.12671,44.64417]]]]}},{"type":"Feature","properties":{"PWSID":"VT0005272","PWS_Name":"MONTPELIER WATER SYSTEM","Pop_Cat_5":"3,301-10,000","Population_Served_Count":8912,"Service_Connections_Count":2981,"Service_Area_Type":"Residential Area","Model_Method":"Random Forest","boundary_source":"EPA-modeled","is_community":true,"Area_SqKM":23.619373610486768,"Detailed_Facility_Report":"https://echo.epa.gov/detailed-facility-report?fid=VT0005272&sys=SDWIS"},"geometry":{"type":"MultiPolygon","coordinates":[[[[-72.54586,44.22075],[-72.54626,44.22128],[-72.54523,44.22065],[-72.54586,44.22075]]],[[[-72.54567,44.22023],[-72.54663,44.22076],[-72.54735,44.22149],[-72.54865,44.22213],[-72.54885,44.22242],[-72.54882,44.22285],[-72.54842,44.22211],[-72.54715,44.22154],[-72.5464,44.22084],[-72.54548,44.22038],[-72.54567,44.22023]]],[[[-72.59616,44.24576],[-72.59675,44.24608],[-72.59713,44.24597],[-72.5969,44.24617],[-72.59909,44.2479],[-72.60036,44.24842],[-72.60115,44.24942],[-72.60111,44.25032],[-72.60057,44.25039],[-72.60023,44.25091],[-72.59983,44.25118],[-72.59968,44.25115],[-72.60029,44.25014],[-72.60019,44.24951],[-72.59957,44.24912],[-72.59782,44.24872],[-72.59715,44.24833],[-72.59624,44.24651],[-72.59344,44.24451],[-72.59394,44.24404],[-72.59616,44.24576]]],[[[-72.52554,44.2372],[-72.52666,44.2374],[-72.52952,44.23832],[-72.53048,44.23883],[-72.53268,44.2404],[-72.53454,44.24114],[-72.53664,44.24143],[-72.54089,44.24133],[-72.54201,44.24156],[-72.54317,44.24199],[-72.54242,44.24232],[-72.54045,44.24243],[-72.53854,44.24173],[-72.5362,44.24163],[-72.53334,44.24121],[-72.53221,44.24065],[-72.53029,44.23898],[-72.52765,44.23834],[-72.52515,44.2381],[-72.52458,44.23755],[-72.52347,44.23802],[-72.52305,44.23845],[-72.52273,44.23913],[-72.52284,44.23977],[-72.52242,44.24053],[-72.52106,44.2409],[-72.51983,44.24099],[-72.52003,44.24059],[-72.52109,44.24017],[-72.52177,44.23971],[-72.52337,44.23776],[-72.52444,44.2373],[-72.52554,44.2372]]],[[[-72.54808,44.24267],[-72.54779,44.24476],[-72.54641,44.24341],[-72.54464,44.24257],[-72.54446,44.24282],[-72.54405,44.24297],[-72.53608,44.24258],[-72.53434,44.24278],[-72.5323,44.24374],[-72.52784,44.24547],[-72.53169,44.24033],[-72.53207,44.24069],[-72.53326,44.2413],[-72.53608,44.24172],[-72.53831,44.24185],[-72.54009,44.24245],[-72.54193,44.24253],[-72.54275,44.24241],[-72.54419,44.24158],[-72.54484,44.24144],[-72.54577,44.24151],[-72.54679,44.24198],[-72.54721,44.24191],[-72.54787,44.24138],[-72.54831,44.24048],[-72.5487,44.24017],[-72.54892,44.24023],[-72.54808,44.24267]]],[[[-72.5652,44.22662],[-72.5642,44.22855],[-72.5632,44.23211],[-72.56327,44.23397],[-72.56485,44.23582],[-72.56508,44.23634],[-72.56499,44.23711],[-72.56457,44.23759],[-72.59023,44.24375],[-72.58871,44.24693],[-72.58915,44.24717],[-72.5886,44.24714],[-72.58789,44.24862],[-72.59461,44.24997],[-72.59598,44.25012],[-72.59968,44.25115],[-72.59934,44.25192],[-72.59944,44.25247],[-72.60116,44.25469],[-72.6011,44.2552],[-72.6005,44.25565],[-72.6008,44.25589],[-72.60131,44.25607],[-72.60251,44.25605],[-72.60384,44.25545],[-72.6053,44.25532],[-72.60632,44.25575],[-72.60684,44.25616],[-72.60768,44.25707],[-72.60851,44.25835],[-72.60937,44.25914],[-72.61238,44.25963],[-72.61956,44.26167],[-72.62561,44.2643],[-72.62422,44.26611],[-72.62083,44.26448],[-72.61125,44.26034],[-72.59489,44.28336],[-72.57974,44.30526],[-72.5756,44.31093],[-72.5748,44.31078],[-72.57519,44.30965],[-72.57538,44.30964],[-72.57581,44.30901],[-72.57649,44.30753],[-72.57915,44.30477],[-72.57933,44.30419],[-72.5792,44.30351],[-72.5789,44.30309],[-72.57869,44.30312],[-72.57811,44.30183],[-72.57716,44.3008],[-72.57786,44.29948],[-72.57852,44.29926],[-72.57924,44.29859],[-72.5789,44.29685],[-72.57921,44.29572],[-72.57912,44.29499],[-72.57882,44.29456],[-72.578,44.294],[-72.57718,44.29288],[-72.57625,44.29222],[-72.57576,44.29232],[-72.57555,44.29208],[-72.57603,44.29038],[-72.57608,44.28878],[-72.57653,44.28854],[-72.57734,44.28888],[-72.57766,44.28878],[-72.57733,44.28665],[-72.57675,44.28625],[-72.5761,44.28631],[-72.57546,44.28655],[-72.57484,44.28724],[-72.5738,44.28754],[-72.57264,44.28712],[-72.57232,44.28682],[-72.57129,44.28717],[-72.57059,44.28782],[-72.56965,44.28905],[-72.56966,44.28948],[-72.5691,44.29086],[-72.56839,44.29129],[-72.56758,44.29226],[-72.56683,44.29411],[-72.56684,44.29504],[-72.56637,44.29637],[-72.56628,44.29753],[-72.56181,44.29584],[-72.56631,44.28955],[-72.5612,44.28758],[-72.56574,44.28087],[-72.55708,44.27776],[-72.55867,44.2755],[-72.55548,44.27429],[-72.55693,44.27254],[-72.55548,44.27189],[-72.55733,44.26931],[-72.54458,44.26459],[-72.54558,44.2627],[-72.5458,44.26063],[-72.5464,44.2593],[-72.54663,44.25822],[-72.54553,44.25822],[-72.54058,44.25622],[-72.5374,44.25576],[-72.53639,44.25535],[-72.53408,44.25399],[-72.52821,44.25239],[-72.52609,44.25244],[-72.52253,44.2533],[-72.52064,44.25397],[-72.51906,44.25505],[-72.51851,44.25424],[-72.5187,44.25254],[-72.51914,44.25173],[-72.51895,44.24964],[-72.52122,44.24864],[-72.52141,44.24864],[-72.52159,44.24974],[-72.52146,44.25143],[-72.52588,44.25003],[-72.52709,44.25004],[-72.5336,44.25133],[-72.54756,44.2538],[-72.54965,44.25405],[-72.55448,44.25081],[-72.55585,44.25115],[-72.55954,44.251],[-72.55949,44.25083],[-72.5575,44.25103],[-72.55633,44.25099],[-72.55182,44.25012],[-72.54931,44.24882],[-72.54844,44.24745],[-72.54822,44.24652],[-72.5485,44.2459],[-72.54863,44.24577],[-72.54877,44.24593],[-72.5494,44.24525],[-72.55068,44.24441],[-72.55104,44.24377],[-72.551,44.24297],[-72.55052,44.24182],[-72.55068,44.24092],[-72.5502,44.24046],[-72.54957,44.24016],[-72.55079,44.2393],[-72.55108,44.23845],[-72.55192,44.23784],[-72.55285,44.23681],[-72.55322,44.23611],[-72.55317,44.23531],[-72.55339,44.23483],[-72.55311,44.23442],[-72.5522,44.23382],[-72.55153,44.2325],[-72.55159,44.2321],[-72.55215,44.23158],[-72.55202,44.23099],[-72.55153,44.2302],[-72.55122,44.23001],[-72.54992,44.22977],[-72.54979,44.22962],[-72.55008,44.22829],[-72.55056,44.22814],[-72.55078,44.2279],[-72.55095,44.22531],[-72.5506,44.22445],[-72.54932,44.22405],[-72.54889,44.22364],[-72.54868,44.22313],[-72.54882,44.22285],[-72.55033,44.22377],[-72.55113,44.22459],[-72.55187,44.22669],[-72.55317,44.22943],[-72.55381,44.23268],[-72.55468,44.2326],[-72.55533,44.23228],[-72.55734,44.23172],[-72.55817,44.23194],[-72.55872,44.23183],[-72.55975,44.23058],[-72.56159,44.22991],[-72.56207,44.22994],[-72.5624,44.22979],[-72.56324,44.22839],[-72.56381,44.22626],[-72.56396,44.22617],[-72.5652,44.22662]]]]}},{"type":"Feature","properties":{"PWSID":"VT0005053","PWS_Name":"BURLINGTON DEPT PUBLIC WORKS WATER DIV","Pop_Cat_5":"10,001-100,000","Population_Served_Count":42000,"Service_Connections_Count":9900,"Service_Area_Type":"Residential Area","Model_Method":"","boundary_source":"Authoritative (VT/local)","is_community":true,"Area_SqKM":22.67361861997804,"Detailed_Facility_Report":"https://echo.epa.gov/detailed-facility-report?fid=VT0005053&sys=SDWIS"},"geometry":{"type":"MultiPolygon","coordinates":[[[[-73.20973,44.44595],[-73.21721,44.44644],[-73.21904,44.4465],[-73.2196,44.44645],[-73.2196,44.44635],[-73.2315,44.44701],[-73.23126,44.44822],[-73.23066,44.44894],[-73.23063,44.4493],[-73.23094,44.44941],[-73.23096,44.44958],[-73.23054,44.44998],[-73.23129,44.4505],[-73.23219,44.45023],[-73.23257,44.45078],[-73.23205,44.4518],[-73.23171,44.45198],[-73.23185,44.45245],[-73.23173,44.45297],[-73.23138,44.45317],[-73.23159,44.45332],[-73.23131,44.45399],[-73.23087,44.4542],[-73.2299,44.4541],[-73.22962,44.4547],[-73.22931,44.4543],[-73.22893,44.45426],[-73.22821,44.45532],[-73.22748,44.45592],[-73.22599,44.45653],[-73.22509,44.4565],[-73.22386,44.45782],[-73.224,44.45885],[-73.22314,44.45948],[-73.22224,44.45961],[-73.22076,44.46265],[-73.21918,44.46525],[-73.21904,44.46867],[-73.21873,44.46871],[-73.21905,44.46948],[-73.21969,44.46966],[-73.21987,44.47062],[-73.22113,44.47104],[-73.2205,44.47163],[-73.22055,44.47338],[-73.22145,44.47348],[-73.22154,44.47382],[-73.22113,44.47409],[-73.22101,44.47367],[-73.22007,44.4737],[-73.21997,44.47402],[-73.22006,44.47443],[-73.22091,44.4744],[-73.22094,44.47424],[-73.22167,44.47426],[-73.22162,44.47458],[-73.22107,44.47466],[-73.22115,44.47535],[-73.2217,44.47536],[-73.22177,44.47584],[-73.22146,44.47587],[-73.22144,44.47611],[-73.22115,44.47629],[-73.22139,44.47639],[-73.22143,44.47686],[-73.22239,44.47704],[-73.22244,44.47735],[-73.22201,44.47712],[-73.2215,44.47725],[-73.22173,44.47903],[-73.22242,44.47907],[-73.22267,44.48024],[-73.22425,44.4807],[-73.22432,44.48124],[-73.22484,44.48124],[-73.22484,44.48194],[-73.22458,44.48197],[-73.22457,44.48213],[-73.22488,44.48308],[-73.22409,44.48346],[-73.22753,44.48655],[-73.23097,44.48888],[-73.23619,44.49117],[-73.23729,44.49181],[-73.24247,44.4956],[-73.24725,44.49981],[-73.25394,44.50411],[-73.25647,44.50259],[-73.26128,44.50366],[-73.26648,44.50421],[-73.26915,44.50423],[-73.27096,44.50393],[-73.27175,44.50335],[-73.272,44.50293],[-73.27201,44.50217],[-73.27178,44.50184],[-73.27189,44.50167],[-73.27158,44.50052],[-73.27209,44.49992],[-73.27216,44.49928],[-73.27265,44.49845],[-73.27372,44.49728],[-73.27402,44.49721],[-73.2738,44.49862],[-73.27243,44.50109],[-73.2741,44.50257],[-73.27459,44.50265],[-73.27501,44.50299],[-73.27518,44.50359],[-73.2749,44.50419],[-73.2752,44.50455],[-73.2762,44.5048],[-73.27656,44.50508],[-73.27691,44.50585],[-73.27689,44.50635],[-73.27603,44.5068],[-73.27593,44.50709],[-73.275,44.50768],[-73.27434,44.509],[-73.27432,44.50981],[-73.27341,44.5109],[-73.27355,44.51153],[-73.27319,44.51197],[-73.27299,44.51209],[-73.27193,44.51207],[-73.27098,44.51264],[-73.2706,44.51368],[-73.27069,44.5145],[-73.26935,44.51503],[-73.26911,44.51537],[-73.26898,44.51623],[-73.26945,44.52007],[-73.27046,44.52277],[-73.2709,44.52333],[-73.27121,44.52416],[-73.27175,44.52437],[-73.27203,44.5248],[-73.27262,44.52457],[-73.27273,44.52406],[-73.27406,44.52483],[-73.27433,44.52525],[-73.27433,44.52583],[-73.27456,44.52604],[-73.27443,44.52665],[-73.27482,44.52725],[-73.27459,44.528],[-73.2734,44.52963],[-73.27323,44.53024],[-73.27276,44.53031],[-73.27278,44.53041],[-73.27298,44.53035],[-73.2732,44.53082],[-73.27103,44.53105],[-73.27024,44.53147],[-73.27009,44.5318],[-73.27012,44.53221],[-73.27067,44.53312],[-73.27329,44.53534],[-73.274,44.53656],[-73.27401,44.5378],[-73.27305,44.53882],[-73.27224,44.53932],[-73.26991,44.53985],[-73.26748,44.53994],[-73.26598,44.53973],[-73.26429,44.53683],[-73.2645,44.53592],[-73.26503,44.53488],[-73.26496,44.53374],[-73.26514,44.53304],[-73.26727,44.52939],[-73.26785,44.52758],[-73.26746,44.52709],[-73.26725,44.52603],[-73.26596,44.52458],[-73.26322,44.52343],[-73.26161,44.523],[-73.26022,44.52285],[-73.25734,44.5232],[-73.2568,44.52344],[-73.25624,44.52412],[-73.25548,44.52436],[-73.25537,44.52335],[-73.2551,44.52285],[-73.25451,44.52234],[-73.25362,44.52192],[-73.25249,44.52175],[-73.24918,44.52188],[-73.24679,44.52142],[-73.24475,44.5204],[-73.23988,44.51652],[-73.23622,44.51474],[-73.23548,44.5142],[-73.23494,44.51345],[-73.23335,44.50985],[-73.23341,44.50906],[-73.23413,44.50747],[-73.23412,44.50645],[-73.23341,44.50551],[-73.23151,44.50401],[-73.23115,44.50338],[-73.23088,44.50226],[-73.23234,44.50207],[-73.23239,44.50188],[-73.23202,44.50068],[-73.23152,44.4999],[-73.23151,44.49935],[-73.23129,44.49916],[-73.23086,44.49913],[-73.23015,44.49863],[-73.22969,44.49671],[-73.22933,44.49637],[-73.22768,44.4959],[-73.22705,44.49501],[-73.22618,44.4942],[-73.22609,44.49442],[-73.22661,44.49518],[-73.22662,44.49569],[-73.22735,44.49602],[-73.22727,44.49661],[-73.2238,44.49248],[-73.22287,44.49102],[-73.22102,44.49117],[-73.20725,44.49147],[-73.20274,44.49109],[-73.18529,44.48872],[-73.18479,44.48876],[-73.18419,44.48857],[-73.18354,44.48866],[-73.18261,44.48838],[-73.18235,44.48812],[-73.18232,44.48632],[-73.18182,44.48584],[-73.18197,44.48548],[-73.18171,44.4849],[-73.18004,44.48396],[-73.17934,44.48375],[-73.17875,44.48368],[-73.17684,44.48402],[-73.18246,44.47901],[-73.18366,44.47952],[-73.18462,44.48041],[-73.18497,44.48048],[-73.18551,44.48005],[-73.18642,44.47891],[-73.18687,44.47746],[-73.18654,44.47673],[-73.18732,44.47602],[-73.18782,44.47462],[-73.1877,44.47447],[-73.19001,44.47249],[-73.19378,44.47411],[-73.18998,44.45415],[-73.20859,44.45524],[-73.20944,44.44594],[-73.20973,44.44595]]],[[[-73.31143,44.55303],[-73.311,44.55303],[-73.3107,44.55341],[-73.31019,44.55321],[-73.30951,44.55326],[-73.30907,44.55364],[-73.30867,44.55374],[-73.30681,44.55333],[-73.305,44.55354],[-73.30173,44.55473],[-73.30129,44.55555],[-73.30176,44.55607],[-73.30585,44.55926],[-73.30824,44.56152],[-73.31073,44.5645],[-73.311,44.56489],[-73.3109,44.56497],[-73.30909,44.56265],[-73.30664,44.56016],[-73.29775,44.55282],[-73.29565,44.55127],[-73.2957,44.54801],[-73.2942,44.54621],[-73.28986,44.54551],[-73.28877,44.54503],[-73.28897,44.54471],[-73.28847,44.54439],[-73.28642,44.54359],[-73.28606,44.54408],[-73.28231,44.54249],[-73.28173,44.54251],[-73.27992,44.54308],[-73.28036,44.54133],[-73.28086,44.54076],[-73.27847,44.53894],[-73.2763,44.54007],[-73.27498,44.53899],[-73.27478,44.53936],[-73.27491,44.53991],[-73.27423,44.5404],[-73.27358,44.54122],[-73.2705,44.54071],[-73.26857,44.54063],[-73.26742,44.54085],[-73.2668,44.54155],[-73.2657,44.54012],[-73.2675,44.54037],[-73.27073,44.54023],[-73.27239,44.53997],[-73.27371,44.53915],[-73.27456,44.53776],[-73.27469,44.5369],[-73.27446,44.53628],[-73.27485,44.53651],[-73.27503,44.5362],[-73.27405,44.53576],[-73.27321,44.53452],[-73.2714,44.53342],[-73.27099,44.533],[-73.27098,44.53257],[-73.27136,44.53209],[-73.27092,44.53211],[-73.27084,44.53153],[-73.27157,44.53125],[-73.2717,44.53139],[-73.27219,44.53138],[-73.27288,44.5318],[-73.27323,44.5318],[-73.27369,44.53151],[-73.27453,44.53147],[-73.27518,44.53121],[-73.27814,44.53124],[-73.27877,44.53144],[-73.27998,44.53274],[-73.28018,44.53344],[-73.27991,44.53364],[-73.27984,44.534],[-73.27918,44.53436],[-73.2786,44.53422],[-73.27831,44.53443],[-73.27829,44.53414],[-73.27786,44.53443],[-73.27735,44.53431],[-73.27761,44.53465],[-73.27721,44.53483],[-73.27696,44.53562],[-73.27759,44.53706],[-73.27996,44.53914],[-73.28397,44.54157],[-73.28668,44.54287],[-73.29325,44.54514],[-73.29405,44.54527],[-73.29469,44.5449],[-73.29613,44.54759],[-73.29687,44.54821],[-73.29981,44.54905],[-73.30008,44.54923],[-73.30008,44.54961],[-73.30239,44.5503],[-73.30697,44.55104],[-73.30735,44.5507],[-73.30773,44.55065],[-73.30798,44.55085],[-73.30948,44.55131],[-73.31001,44.55189],[-73.31048,44.55208],[-73.31102,44.55203],[-73.31154,44.55285],[-73.31143,44.55303]]]]}},{"type":"Feature","properties":{"PWSID":"VT0005320","PWS_Name":"QUECHEE CENTRAL","Pop_Cat_5":"501-3,300","Population_Served_Count":2262,"Service_Connections_Count":863,"Service_Area_Type":"Residential Area","Model_Method":"","boundary_source":"Authoritative (VT/local)","is_community":true,"Area_SqKM":21.93880961802931,"Detailed_Facility_Report":"https://echo.epa.gov/detailed-facility-report?fid=VT0005320&sys=SDWIS"},"geometry":{"type":"MultiPolygon","coordinates":[[[[-72.42429,43.6601],[-72.42463,43.66012],[-72.42472,43.65999],[-72.42435,43.65923],[-72.42376,43.65981],[-72.42275,43.66008],[-72.42166,43.65995],[-72.42093,43.65948],[-72.41998,43.65966],[-72.41903,43.65953],[-72.41831,43.65907],[-72.41775,43.65807],[-72.4161,43.65713],[-72.41579,43.65647],[-72.41571,43.65512],[-72.4159,43.65461],[-72.4169,43.65393],[-72.41842,43.6537],[-72.41778,43.65322],[-72.41754,43.65264],[-72.417,43.65237],[-72.41607,43.65234],[-72.41527,43.6528],[-72.41391,43.65293],[-72.41366,43.65369],[-72.41283,43.65427],[-72.41366,43.65494],[-72.41414,43.65668],[-72.41395,43.65737],[-72.41321,43.65794],[-72.41014,43.65866],[-72.40915,43.65861],[-72.40796,43.65881],[-72.40725,43.65867],[-72.40651,43.65818],[-72.40575,43.65808],[-72.40506,43.65772],[-72.4046,43.65683],[-72.40513,43.65572],[-72.40391,43.65545],[-72.4033,43.65516],[-72.40282,43.65464],[-72.40252,43.65385],[-72.40261,43.65324],[-72.40327,43.65232],[-72.40272,43.6507],[-72.40305,43.64959],[-72.40283,43.64907],[-72.40279,43.64791],[-72.40339,43.64716],[-72.40443,43.64683],[-72.40447,43.64601],[-72.40407,43.64316],[-72.40359,43.64262],[-72.40349,43.64192],[-72.40258,43.64124],[-72.40246,43.6412],[-72.40252,43.64205],[-72.40193,43.6429],[-72.40165,43.64372],[-72.40161,43.64587],[-72.4012,43.64642],[-72.40056,43.64678],[-72.39955,43.64694],[-72.39801,43.6467],[-72.39674,43.64569],[-72.39588,43.64472],[-72.39521,43.64521],[-72.39428,43.64539],[-72.39335,43.6452],[-72.39267,43.64471],[-72.39134,43.64258],[-72.39121,43.64197],[-72.39327,43.63871],[-72.39399,43.63825],[-72.39493,43.63812],[-72.39822,43.63895],[-72.39784,43.63827],[-72.39723,43.63785],[-72.39695,43.63737],[-72.39698,43.63675],[-72.39748,43.63582],[-72.39658,43.63535],[-72.39616,43.63452],[-72.39629,43.63308],[-72.39666,43.63262],[-72.39727,43.63229],[-72.39622,43.63161],[-72.39585,43.63092],[-72.39425,43.63096],[-72.39326,43.63048],[-72.39058,43.62623],[-72.39066,43.62536],[-72.39226,43.62344],[-72.39306,43.62195],[-72.3921,43.61975],[-72.39044,43.61888],[-72.38984,43.61824],[-72.38984,43.61738],[-72.39067,43.61664],[-72.39196,43.61649],[-72.40118,43.61811],[-72.40198,43.6185],[-72.40241,43.61916],[-72.40739,43.62072],[-72.4084,43.62139],[-72.41012,43.62389],[-72.4107,43.62693],[-72.41067,43.62896],[-72.41139,43.62925],[-72.4119,43.62978],[-72.41203,43.63112],[-72.41232,43.6318],[-72.41218,43.63275],[-72.41106,43.63568],[-72.41082,43.63703],[-72.41105,43.63759],[-72.41089,43.63837],[-72.41174,43.63839],[-72.41257,43.63874],[-72.41301,43.63926],[-72.41334,43.64024],[-72.41426,43.64038],[-72.41536,43.64008],[-72.4156,43.6394],[-72.41613,43.63893],[-72.41591,43.6374],[-72.41605,43.63688],[-72.41664,43.63633],[-72.41753,43.63606],[-72.42088,43.63644],[-72.42169,43.63672],[-72.42499,43.6373],[-72.42585,43.63667],[-72.42715,43.63658],[-72.42864,43.63728],[-72.43104,43.6388],[-72.43068,43.63812],[-72.42966,43.63774],[-72.42915,43.63704],[-72.42939,43.63593],[-72.43016,43.63508],[-72.4299,43.63466],[-72.42871,43.63474],[-72.42772,43.63453],[-72.42613,43.63482],[-72.42512,43.63455],[-72.42443,43.63374],[-72.42431,43.63154],[-72.42477,43.63074],[-72.42598,43.63023],[-72.42727,43.63038],[-72.42828,43.63125],[-72.42899,43.63088],[-72.4305,43.63061],[-72.43147,43.62842],[-72.43191,43.628],[-72.43254,43.62774],[-72.4335,43.62769],[-72.43656,43.6283],[-72.4373,43.62772],[-72.43835,43.62754],[-72.44037,43.62789],[-72.441,43.62815],[-72.44153,43.62873],[-72.44161,43.62934],[-72.43996,43.63337],[-72.44112,43.63383],[-72.44163,43.63421],[-72.44194,43.63487],[-72.44179,43.6355],[-72.44327,43.63489],[-72.44423,43.63485],[-72.44518,43.63522],[-72.44593,43.63606],[-72.44766,43.63546],[-72.45119,43.63512],[-72.4536,43.63427],[-72.45484,43.63409],[-72.45557,43.63375],[-72.45581,43.63351],[-72.45567,43.63311],[-72.45467,43.63169],[-72.45433,43.63083],[-72.45435,43.62978],[-72.45466,43.62907],[-72.45563,43.62839],[-72.45679,43.6281],[-72.45837,43.62833],[-72.45926,43.6289],[-72.45948,43.62984],[-72.4592,43.63033],[-72.45872,43.63068],[-72.45955,43.63195],[-72.4599,43.63343],[-72.45971,43.6343],[-72.45891,43.63547],[-72.45725,43.63655],[-72.45379,43.63791],[-72.45263,43.63814],[-72.44856,43.63845],[-72.44439,43.64189],[-72.45073,43.64398],[-72.45109,43.64352],[-72.45264,43.64242],[-72.4535,43.64211],[-72.45423,43.64211],[-72.4549,43.64231],[-72.45541,43.64268],[-72.45569,43.64317],[-72.45581,43.64667],[-72.45527,43.64771],[-72.45545,43.64804],[-72.45711,43.64897],[-72.45739,43.64946],[-72.45736,43.65007],[-72.45669,43.65079],[-72.45568,43.65107],[-72.45191,43.65035],[-72.45263,43.65142],[-72.45256,43.65213],[-72.45299,43.65277],[-72.45292,43.65375],[-72.45335,43.65491],[-72.45335,43.65544],[-72.45275,43.65619],[-72.45163,43.65666],[-72.45098,43.65734],[-72.44991,43.65775],[-72.45043,43.65805],[-72.4508,43.65851],[-72.45075,43.65947],[-72.45233,43.66017],[-72.45293,43.66092],[-72.45293,43.66145],[-72.45249,43.66238],[-72.4525,43.66303],[-72.45316,43.66363],[-72.45329,43.66432],[-72.45212,43.66621],[-72.45158,43.66655],[-72.45089,43.66672],[-72.44774,43.66663],[-72.44674,43.66615],[-72.44636,43.66537],[-72.44452,43.66486],[-72.44299,43.6648],[-72.442,43.66438],[-72.44112,43.66335],[-72.44009,43.66286],[-72.43975,43.6623],[-72.43985,43.66152],[-72.44033,43.66085],[-72.44084,43.66052],[-72.44126,43.65962],[-72.44075,43.65903],[-72.43955,43.65909],[-72.43717,43.65865],[-72.43228,43.65869],[-72.43292,43.6594],[-72.43296,43.66018],[-72.43219,43.66133],[-72.43174,43.66171],[-72.43079,43.66331],[-72.42995,43.66386],[-72.42991,43.66485],[-72.42939,43.66575],[-72.42788,43.66704],[-72.42719,43.66744],[-72.42545,43.66778],[-72.42403,43.6677],[-72.4232,43.66735],[-72.42271,43.66674],[-72.42296,43.66405],[-72.42225,43.66285],[-72.42194,43.66166],[-72.42208,43.66115],[-72.42257,43.66065],[-72.42358,43.6602],[-72.42429,43.6601]]],[[[-72.42774,43.66946],[-72.42848,43.66955],[-72.42996,43.67003],[-72.43052,43.67064],[-72.43065,43.6714],[-72.43021,43.6727],[-72.42939,43.67348],[-72.42873,43.67454],[-72.42882,43.67528],[-72.42858,43.67599],[-72.4273,43.6782],[-72.4265,43.67874],[-72.42747,43.67903],[-72.42808,43.67945],[-72.42918,43.6797],[-72.43061,43.68051],[-72.4313,43.68108],[-72.43148,43.68186],[-72.43118,43.68243],[-72.4303,43.68305],[-72.42912,43.68322],[-72.42806,43.68286],[-72.42775,43.68298],[-72.42761,43.68359],[-72.42712,43.68409],[-72.42639,43.68438],[-72.42555,43.68444],[-72.42487,43.68427],[-72.42432,43.68392],[-72.424,43.68345],[-72.42379,43.68255],[-72.42285,43.68218],[-72.4223,43.68144],[-72.4223,43.68074],[-72.4231,43.67987],[-72.42321,43.6791],[-72.42407,43.67837],[-72.42368,43.67749],[-72.42304,43.67727],[-72.42256,43.67687],[-72.42233,43.67602],[-72.4226,43.67545],[-72.4231,43.67504],[-72.42288,43.6744],[-72.42308,43.67318],[-72.42332,43.67268],[-72.42389,43.67212],[-72.42366,43.67146],[-72.42396,43.67062],[-72.42486,43.67005],[-72.42625,43.66999],[-72.42691,43.6696],[-72.42774,43.66946]]],[[[-72.40471,43.6717],[-72.40585,43.67198],[-72.41112,43.67516],[-72.41143,43.67591],[-72.4111,43.67694],[-72.41751,43.68495],[-72.42767,43.68494],[-72.43091,43.68613],[-72.43168,43.6869],[-72.43174,43.68996],[-72.43031,43.69201],[-72.42903,43.69317],[-72.4281,43.69442],[-72.42722,43.69488],[-72.42626,43.69492],[-72.4225,43.69369],[-72.41741,43.70102],[-72.41693,43.70141],[-72.41628,43.70165],[-72.41508,43.70159],[-72.41387,43.70088],[-72.41139,43.70116],[-72.41061,43.70222],[-72.40999,43.70248],[-72.40914,43.70254],[-72.40707,43.70179],[-72.4055,43.70055],[-72.40346,43.69564],[-72.40393,43.69475],[-72.40473,43.69436],[-72.4058,43.69429],[-72.40575,43.69386],[-72.40516,43.6933],[-72.40225,43.68787],[-72.40207,43.68605],[-72.40131,43.6857],[-72.40087,43.68528],[-72.3984,43.68015],[-72.39592,43.67667],[-72.39591,43.67552],[-72.39657,43.6748],[-72.39722,43.67457],[-72.398,43.67454],[-72.39938,43.67474],[-72.40049,43.67524],[-72.40088,43.67428],[-72.40332,43.67216],[-72.40389,43.67184],[-72.40471,43.6717]]],[[[-72.4216,43.62917],[-72.42264,43.62934],[-72.42332,43.6297],[-72.42425,43.63137],[-72.42411,43.63248],[-72.42383,43.63296],[-72.42311,43.63342],[-72.42209,43.63359],[-72.41968,43.63322],[-72.41893,43.63268],[-72.41776,43.63229],[-72.41723,43.63144],[-72.41733,43.62988],[-72.418,43.62916],[-72.41876,43.62891],[-72.41994,43.62887],[-72.42116,43.62921],[-72.4216,43.62917]]]]}},{"type":"Feature","properties":{"PWSID":"VT0005333","PWS_Name":"SPRINGFIELD WATER DEPT","Pop_Cat_5":"3,301-10,000","Population_Served_Count":9800,"Service_Connections_Count":2500,"Service_Area_Type":"Residential Area","Model_Method":"Random Forest","boundary_source":"EPA-modeled","is_community":true,"Area_SqKM":21.525461496990143,"Detailed_Facility_Report":"https://echo.epa.gov/detailed-facility-report?fid=VT0005333&sys=SDWIS"},"geometry":{"type":"MultiPolygon","coordinates":[[[[-72.52165,43.29121],[-72.52265,43.29031],[-72.52358,43.2898],[-72.52823,43.2884],[-72.52926,43.28797],[-72.53037,43.28727],[-72.53143,43.28626],[-72.53241,43.28667],[-72.5321,43.28692],[-72.53191,43.28759],[-72.5313,43.2879],[-72.53062,43.28888],[-72.52873,43.28954],[-72.5275,43.28945],[-72.5272,43.28988],[-72.52633,43.29033],[-72.52626,43.29085],[-72.52573,43.29122],[-72.52372,43.29068],[-72.52251,43.29124],[-72.52109,43.29241],[-72.52044,43.29263],[-72.51898,43.29433],[-72.51918,43.29509],[-72.51905,43.29593],[-72.51786,43.29778],[-72.51823,43.30048],[-72.51849,43.30117],[-72.51886,43.30183],[-72.52058,43.30348],[-72.52149,43.30712],[-72.52188,43.30793],[-72.52325,43.30923],[-72.52583,43.31073],[-72.51315,43.30518],[-72.51281,43.30433],[-72.51194,43.3042],[-72.51175,43.30383],[-72.51143,43.30403],[-72.51125,43.30386],[-72.51121,43.30366],[-72.51148,43.30342],[-72.51116,43.30285],[-72.51144,43.30227],[-72.51131,43.30198],[-72.51085,43.30155],[-72.50974,43.30143],[-72.50917,43.30095],[-72.5106,43.30074],[-72.51018,43.29943],[-72.51034,43.29853],[-72.51121,43.29698],[-72.51153,43.29551],[-72.5131,43.29345],[-72.51284,43.29163],[-72.51335,43.29027],[-72.51369,43.28614],[-72.51606,43.28733],[-72.51743,43.28897],[-72.51837,43.29051],[-72.52165,43.29121]]],[[[-72.50926,43.3003],[-72.5076,43.30002],[-72.50768,43.2994],[-72.50904,43.29967],[-72.50978,43.30024],[-72.50926,43.3003]]],[[[-72.47562,43.26292],[-72.47536,43.26361],[-72.47413,43.26531],[-72.47389,43.26606],[-72.47432,43.26853],[-72.47392,43.27382],[-72.47545,43.27735],[-72.47627,43.27705],[-72.47774,43.27707],[-72.47833,43.27664],[-72.47891,43.27652],[-72.47955,43.27673],[-72.48024,43.27726],[-72.48307,43.2778],[-72.48344,43.27779],[-72.48423,43.27733],[-72.48459,43.27732],[-72.48516,43.27771],[-72.48566,43.27846],[-72.48694,43.27956],[-72.48834,43.27977],[-72.48978,43.27881],[-72.49039,43.27811],[-72.49014,43.28104],[-72.48965,43.28272],[-72.48907,43.2837],[-72.48685,43.28644],[-72.48682,43.28815],[-72.48728,43.29001],[-72.48653,43.292],[-72.48709,43.29276],[-72.48608,43.29315],[-72.48581,43.29381],[-72.48605,43.2945],[-72.48716,43.296],[-72.48797,43.29768],[-72.48978,43.2981],[-72.49006,43.29664],[-72.49094,43.29671],[-72.49107,43.29674],[-72.49085,43.29726],[-72.49174,43.29761],[-72.49138,43.29856],[-72.49224,43.29883],[-72.49287,43.29882],[-72.49408,43.2977],[-72.49656,43.29702],[-72.49881,43.29847],[-72.50035,43.29795],[-72.5029,43.2987],[-72.50389,43.29871],[-72.50454,43.29932],[-72.50506,43.29957],[-72.50512,43.30027],[-72.50547,43.30053],[-72.50662,43.30068],[-72.50712,43.30031],[-72.50832,43.30032],[-72.50917,43.30095],[-72.50676,43.30115],[-72.50591,43.30109],[-72.50487,43.30073],[-72.50343,43.29987],[-72.50067,43.29947],[-72.49958,43.29976],[-72.49802,43.30076],[-72.49664,43.30107],[-72.49618,43.3017],[-72.49771,43.30328],[-72.49809,43.30401],[-72.49933,43.30485],[-72.50001,43.30554],[-72.50132,43.30794],[-72.50158,43.31005],[-72.50244,43.31188],[-72.50708,43.31652],[-72.50757,43.31774],[-72.50718,43.31808],[-72.50587,43.31845],[-72.51059,43.32219],[-72.51106,43.3239],[-72.51897,43.32222],[-72.52129,43.3232],[-72.52669,43.32353],[-72.52765,43.32478],[-72.5276,43.32601],[-72.528,43.32576],[-72.52801,43.32594],[-72.54051,43.32592],[-72.54114,43.32689],[-72.54093,43.33209],[-72.54331,43.3313],[-72.54408,43.33129],[-72.54498,43.3317],[-72.5464,43.33158],[-72.54648,43.33496],[-72.54532,43.33531],[-72.54284,43.33647],[-72.54117,43.33688],[-72.53941,43.33687],[-72.53627,43.33624],[-72.53421,43.33632],[-72.53678,43.33891],[-72.53826,43.33963],[-72.5398,43.34063],[-72.54324,43.3433],[-72.54553,43.34447],[-72.54545,43.34528],[-72.53131,43.34456],[-72.53198,43.34362],[-72.53225,43.3428],[-72.5319,43.34283],[-72.53149,43.34329],[-72.53108,43.34302],[-72.52937,43.34297],[-72.52893,43.3428],[-72.52853,43.34217],[-72.52782,43.34207],[-72.52752,43.34139],[-72.52782,43.3411],[-72.5279,43.34073],[-72.52701,43.33992],[-72.52696,43.33968],[-72.5264,43.33951],[-72.52603,43.33958],[-72.52559,43.33907],[-72.52481,43.33919],[-72.52436,43.33969],[-72.52348,43.3396],[-72.52315,43.33918],[-72.52271,43.33737],[-72.52054,43.33648],[-72.51882,43.33529],[-72.51865,43.33659],[-72.51942,43.33763],[-72.51981,43.33853],[-72.51966,43.33864],[-72.5175,43.33852],[-72.51676,43.33903],[-72.5162,43.33915],[-72.51565,43.33902],[-72.5149,43.33836],[-72.51416,43.33804],[-72.50766,43.33756],[-72.5068,43.33764],[-72.50572,43.33736],[-72.50501,43.33876],[-72.50505,43.34003],[-72.50472,43.34084],[-72.50387,43.34173],[-72.50201,43.34288],[-72.49061,43.34228],[-72.4923,43.33997],[-72.50883,43.32784],[-72.50979,43.32496],[-72.50919,43.32424],[-72.50882,43.32439],[-72.508,43.32422],[-72.50707,43.3244],[-72.50517,43.32446],[-72.50507,43.32514],[-72.50569,43.32578],[-72.50518,43.32693],[-72.50502,43.32717],[-72.50383,43.32713],[-72.50365,43.32699],[-72.50365,43.32643],[-72.50262,43.32581],[-72.5024,43.32425],[-72.502,43.32433],[-72.50184,43.32415],[-72.50265,43.32335],[-72.50306,43.32168],[-72.50376,43.32051],[-72.50423,43.32025],[-72.50472,43.32019],[-72.50421,43.31934],[-72.50384,43.31926],[-72.50262,43.31941],[-72.50241,43.32019],[-72.50204,43.32043],[-72.5013,43.31962],[-72.50133,43.31925],[-72.49773,43.31888],[-72.49731,43.31873],[-72.4969,43.31781],[-72.49731,43.31756],[-72.49571,43.31753],[-72.49416,43.31697],[-72.49305,43.31714],[-72.49192,43.31764],[-72.49223,43.31517],[-72.49297,43.3148],[-72.4937,43.31411],[-72.49365,43.31306],[-72.49239,43.31101],[-72.4911,43.31027],[-72.48924,43.30817],[-72.48771,43.30828],[-72.4865,43.31138],[-72.48587,43.31143],[-72.48524,43.31448],[-72.484,43.31502],[-72.48266,43.31243],[-72.48101,43.31079],[-72.48089,43.31143],[-72.48134,43.31356],[-72.48136,43.31463],[-72.48081,43.31826],[-72.48032,43.31887],[-72.47931,43.31941],[-72.47806,43.32066],[-72.47717,43.32109],[-72.47694,43.32101],[-72.4771,43.32029],[-72.47705,43.31901],[-72.47637,43.31693],[-72.47629,43.31583],[-72.47346,43.31785],[-72.47181,43.31873],[-72.46972,43.31926],[-72.4686,43.31938],[-72.46599,43.32074],[-72.46329,43.32155],[-72.46235,43.32157],[-72.46053,43.3205],[-72.45968,43.32029],[-72.4552,43.31948],[-72.45099,43.32062],[-72.44788,43.3219],[-72.4472,43.32202],[-72.4451,43.32198],[-72.44542,43.32021],[-72.44454,43.31779],[-72.44443,43.31679],[-72.44523,43.31068],[-72.44556,43.3108],[-72.44823,43.31073],[-72.44993,43.31103],[-72.45188,43.31095],[-72.45303,43.31106],[-72.45499,43.31043],[-72.45552,43.31001],[-72.46104,43.30826],[-72.46161,43.3077],[-72.46194,43.30615],[-72.46288,43.30466],[-72.46366,43.30392],[-72.46683,43.302],[-72.46754,43.30133],[-72.46847,43.30092],[-72.4705,43.30046],[-72.47246,43.29951],[-72.47419,43.29911],[-72.47725,43.29936],[-72.47827,43.29835],[-72.47957,43.29759],[-72.47951,43.29717],[-72.47917,43.29693],[-72.47836,43.29653],[-72.47778,43.29644],[-72.47284,43.29755],[-72.47013,43.2971],[-72.46959,43.29688],[-72.46919,43.29649],[-72.46754,43.29362],[-72.46634,43.29259],[-72.46507,43.2918],[-72.46409,43.29164],[-72.4614,43.29223],[-72.45996,43.29211],[-72.45993,43.29088],[-72.45939,43.29018],[-72.45894,43.28988],[-72.45819,43.28864],[-72.45719,43.28795],[-72.45714,43.28754],[-72.45784,43.28617],[-72.45743,43.28409],[-72.45803,43.28362],[-72.4582,43.28316],[-72.45864,43.28282],[-72.45884,43.28109],[-72.45909,43.28091],[-72.45862,43.2797],[-72.45769,43.27813],[-72.45798,43.27557],[-72.45901,43.27371],[-72.45947,43.27363],[-72.46008,43.27319],[-72.45979,43.27277],[-72.45898,43.27221],[-72.45731,43.27171],[-72.45646,43.27166],[-72.4554,43.27127],[-72.45398,43.27111],[-72.45416,43.27102],[-72.45564,43.27116],[-72.45901,43.27207],[-72.4595,43.27235],[-72.46007,43.27284],[-72.46227,43.27588],[-72.467,43.27934],[-72.46752,43.27921],[-72.46728,43.279],[-72.46821,43.27801],[-72.46931,43.27746],[-72.46957,43.27685],[-72.46947,43.27651],[-72.46811,43.276],[-72.46758,43.2755],[-72.46659,43.27282],[-72.46678,43.2717],[-72.46719,43.27107],[-72.46796,43.27054],[-72.46882,43.26874],[-72.46931,43.26715],[-72.46932,43.2626],[-72.46962,43.26237],[-72.47056,43.26219],[-72.47238,43.26226],[-72.47311,43.26204],[-72.47391,43.26153],[-72.47481,43.26149],[-72.47552,43.26152],[-72.47562,43.26292]]]]}},{"type":"Feature","properties":{"PWSID":"VT0005130","PWS_Name":"ST ALBANS WATER DEPT","Pop_Cat_5":"10,001-100,000","Population_Served_Count":10200,"Service_Connections_Count":4000,"Service_Area_Type":"Residential Area","Model_Method":"Random Forest","boundary_source":"EPA-modeled","is_community":true,"Area_SqKM":20.361679847965558,"Detailed_Facility_Report":"https://echo.epa.gov/detailed-facility-report?fid=VT0005130&sys=SDWIS"},"geometry":{"type":"MultiPolygon","coordinates":[[[[-73.08483,44.773],[-73.10445,44.78003],[-73.10348,44.78658],[-73.10308,44.78788],[-73.09591,44.79772],[-73.09761,44.79843],[-73.09788,44.79885],[-73.09796,44.79959],[-73.09825,44.79996],[-73.10015,44.80063],[-73.09967,44.80288],[-73.09872,44.80406],[-73.09592,44.80395],[-73.09455,44.80582],[-73.10139,44.80837],[-73.10109,44.8116],[-73.1148,44.8123],[-73.11745,44.81177],[-73.11298,44.83375],[-73.11378,44.83985],[-73.11411,44.84506],[-73.11352,44.84548],[-73.11407,44.84564],[-73.11475,44.84623],[-73.11547,44.84659],[-73.11572,44.84655],[-73.11677,44.84706],[-73.11726,44.84775],[-73.11778,44.84787],[-73.11843,44.84731],[-73.11879,44.84671],[-73.1197,44.84655],[-73.11946,44.84715],[-73.11902,44.84741],[-73.11934,44.84765],[-73.11907,44.84773],[-73.11913,44.84793],[-73.11888,44.84815],[-73.11901,44.84828],[-73.11926,44.84803],[-73.11949,44.84843],[-73.11931,44.84907],[-73.11101,44.8461],[-73.10967,44.84528],[-73.10891,44.8442],[-73.10969,44.84353],[-73.10819,44.84224],[-73.10777,44.84207],[-73.10732,44.84119],[-73.10726,44.84061],[-73.1079,44.84002],[-73.10792,44.83948],[-73.10757,44.83917],[-73.1066,44.83876],[-73.10638,44.83718],[-73.10606,44.83693],[-73.10653,44.83636],[-73.10637,44.83508],[-73.10541,44.83486],[-73.10487,44.83498],[-73.10387,44.83483],[-73.1032,44.83464],[-73.10262,44.83425],[-73.10009,44.83782],[-73.09582,44.83288],[-73.0934,44.83091],[-73.08914,44.82402],[-73.08322,44.82168],[-73.08236,44.82315],[-73.08115,44.82299],[-73.07906,44.8342],[-73.08894,44.84928],[-73.07774,44.84534],[-73.07964,44.84381],[-73.06463,44.83755],[-73.06269,44.83601],[-73.06162,44.83425],[-73.06137,44.8333],[-73.06136,44.83182],[-73.06184,44.82795],[-73.06211,44.82792],[-73.06388,44.81337],[-73.06459,44.81266],[-73.06554,44.81021],[-73.06924,44.80433],[-73.0739,44.79491],[-73.07607,44.78609],[-73.079,44.78026],[-73.08053,44.7778],[-73.08179,44.77253],[-73.08483,44.773]]],[[[-73.10346,44.84049],[-73.10891,44.8442],[-73.10681,44.84609],[-73.10371,44.84943],[-73.09767,44.84795],[-73.09856,44.84609],[-73.10111,44.84277],[-73.10321,44.84032],[-73.10346,44.84049]]],[[[-73.08912,44.84577],[-73.0881,44.84612],[-73.0873,44.84636],[-73.08771,44.84588],[-73.08872,44.84521],[-73.0896,44.84562],[-73.08912,44.84577]]]]}},{"type":"Feature","properties":{"PWSID":"VT0005132","PWS_Name":"SWANTON VILLAGE WATER","Pop_Cat_5":"3,301-10,000","Population_Served_Count":4000,"Service_Connections_Count":1373,"Service_Area_Type":"Residential Area","Model_Method":"","boundary_source":"Authoritative (VT/local)","is_community":true,"Area_SqKM":20.05185113992763,"Detailed_Facility_Report":"https://echo.epa.gov/detailed-facility-report?fid=VT0005132&sys=SDWIS"},"geometry":{"type":"MultiPolygon","coordinates":[[[[-73.14009,44.91821],[-73.14586,44.9187],[-73.14679,44.91927],[-73.14705,44.92003],[-73.14612,44.92152],[-73.14543,44.92201],[-73.14081,44.92261],[-73.14036,44.92331],[-73.13911,44.92404],[-73.13815,44.92423],[-73.1371,44.92411],[-73.13546,44.92627],[-73.13487,44.92672],[-73.1337,44.92695],[-73.13218,44.92666],[-73.13298,44.92813],[-73.13402,44.9291],[-73.13925,44.93262],[-73.13971,44.93313],[-73.13978,44.93383],[-73.13943,44.93439],[-73.13709,44.93551],[-73.1378,44.93586],[-73.13833,44.93653],[-73.13837,44.93714],[-73.13802,44.9377],[-73.13746,44.93805],[-73.13654,44.93829],[-73.13521,44.93814],[-73.13429,44.93735],[-73.13432,44.9364],[-73.13313,44.93601],[-73.13154,44.93426],[-73.13047,44.93367],[-73.1296,44.93354],[-73.12809,44.93282],[-73.12613,44.933],[-73.12491,44.93286],[-73.12404,44.9326],[-73.12323,44.93204],[-73.12282,44.93221],[-73.12213,44.93328],[-73.12218,44.93379],[-73.12167,44.93508],[-73.12146,44.93671],[-73.12087,44.93727],[-73.12006,44.93753],[-73.13078,44.94119],[-73.13244,44.94194],[-73.13282,44.94258],[-73.1327,44.94328],[-73.13108,44.94554],[-73.13,44.9461],[-73.12878,44.94605],[-73.1237,44.94431],[-73.12289,44.94366],[-73.12281,44.9427],[-73.11784,44.94102],[-73.11689,44.94148],[-73.11604,44.94158],[-73.11487,44.94131],[-73.11424,44.9409],[-73.11393,44.94032],[-73.11366,44.93815],[-73.11386,44.93745],[-73.11338,44.93692],[-73.1119,44.93381],[-73.11194,44.93328],[-73.11226,44.93281],[-73.11282,44.93246],[-73.11346,44.93229],[-73.11112,44.92511],[-73.10949,44.92543],[-73.10815,44.92525],[-73.10728,44.92464],[-73.10707,44.92369],[-73.10436,44.92422],[-73.10351,44.92412],[-73.10287,44.92382],[-73.10333,44.92456],[-73.10316,44.92533],[-73.10262,44.92581],[-73.10089,44.92654],[-73.10015,44.92658],[-73.09944,44.92642],[-73.09833,44.92547],[-73.09818,44.92486],[-73.09843,44.92428],[-73.10005,44.92329],[-73.10135,44.92307],[-73.10206,44.92323],[-73.10257,44.92353],[-73.10163,44.92153],[-73.10032,44.9219],[-73.09946,44.92193],[-73.09857,44.92162],[-73.09795,44.921],[-73.09763,44.91957],[-73.09806,44.91877],[-73.09815,44.91782],[-73.09844,44.91731],[-73.09835,44.91658],[-73.09865,44.9156],[-73.09939,44.91491],[-73.1003,44.91465],[-73.10223,44.91373],[-73.10313,44.91356],[-73.10381,44.91272],[-73.10451,44.91229],[-73.10572,44.91217],[-73.10698,44.91265],[-73.10658,44.91108],[-73.10669,44.91],[-73.10711,44.90931],[-73.10732,44.90699],[-73.10783,44.90629],[-73.10879,44.90568],[-73.10973,44.9055],[-73.11046,44.9056],[-73.11111,44.90591],[-73.11189,44.90566],[-73.11263,44.90565],[-73.11578,44.90632],[-73.11645,44.90542],[-73.11609,44.90486],[-73.11611,44.90425],[-73.11706,44.90298],[-73.11765,44.90266],[-73.11848,44.90252],[-73.11921,44.90261],[-73.12019,44.90298],[-73.12147,44.90122],[-73.12243,44.90068],[-73.12354,44.90065],[-73.12499,44.90117],[-73.12655,44.9023],[-73.12745,44.90334],[-73.12756,44.90259],[-73.12826,44.90198],[-73.12956,44.90175],[-73.13141,44.90231],[-73.13253,44.90082],[-73.12986,44.89989],[-73.12922,44.89947],[-73.12887,44.8984],[-73.12904,44.89523],[-73.12727,44.8948],[-73.12652,44.89412],[-73.12623,44.88648],[-73.11997,44.88425],[-73.11953,44.88473],[-73.11884,44.88505],[-73.11795,44.88625],[-73.11674,44.88665],[-73.11589,44.88655],[-73.11173,44.8851],[-73.11093,44.88458],[-73.11067,44.88399],[-73.1108,44.88338],[-73.11366,44.87897],[-73.11458,44.87839],[-73.1153,44.87829],[-73.11614,44.87842],[-73.14658,44.88916],[-73.14743,44.88797],[-73.14844,44.88748],[-73.14966,44.88753],[-73.15352,44.8889],[-73.15465,44.88758],[-73.15541,44.88728],[-73.15615,44.88725],[-73.16394,44.89002],[-73.16472,44.89056],[-73.16564,44.89061],[-73.16683,44.89101],[-73.16659,44.8906],[-73.16528,44.89007],[-73.16484,44.88945],[-73.16498,44.88796],[-73.16466,44.88713],[-73.16526,44.88607],[-73.16627,44.88558],[-73.16713,44.88555],[-73.168,44.88581],[-73.16872,44.88536],[-73.16955,44.88522],[-73.17099,44.88553],[-73.1718,44.88618],[-73.17195,44.88669],[-73.17167,44.8875],[-73.1718,44.88838],[-73.17118,44.88957],[-73.17087,44.89079],[-73.17,44.89157],[-73.17032,44.89209],[-73.17033,44.89261],[-73.16949,44.89415],[-73.16926,44.8955],[-73.1688,44.89668],[-73.16905,44.90308],[-73.16887,44.90495],[-73.16831,44.90708],[-73.16752,44.908],[-73.16618,44.9104],[-73.16604,44.91213],[-73.16653,44.91288],[-73.16656,44.91349],[-73.16596,44.91498],[-73.16538,44.91543],[-73.16468,44.91564],[-73.16429,44.91654],[-73.16382,44.91925],[-73.16282,44.92102],[-73.16303,44.92195],[-73.16272,44.92261],[-73.16209,44.92303],[-73.16139,44.92321],[-73.15818,44.92314],[-73.15708,44.92277],[-73.15653,44.92199],[-73.15664,44.92063],[-73.15704,44.92009],[-73.15767,44.91975],[-73.16285,44.90526],[-73.15885,44.90388],[-73.15782,44.90501],[-73.15704,44.90527],[-73.1563,44.90527],[-73.1477,44.90238],[-73.14677,44.90366],[-73.14595,44.90416],[-73.14593,44.90477],[-73.14535,44.90563],[-73.1457,44.90617],[-73.14567,44.90678],[-73.14401,44.90966],[-73.14454,44.91042],[-73.14437,44.91119],[-73.142,44.91422],[-73.14075,44.91457],[-73.13938,44.91425],[-73.14008,44.91505],[-73.13995,44.91605],[-73.13954,44.91649],[-73.13893,44.91678],[-73.1382,44.91689],[-73.1373,44.91682],[-73.13539,44.91943],[-73.13561,44.92025],[-73.13517,44.92104],[-73.13547,44.92104],[-73.13632,44.92023],[-73.13662,44.91966],[-73.13715,44.91927],[-73.13925,44.91835],[-73.14009,44.91821]]],[[[-73.08144,44.91249],[-73.08666,44.91356],[-73.08765,44.91338],[-73.08867,44.91358],[-73.09022,44.91299],[-73.09212,44.91274],[-73.09297,44.91283],[-73.09359,44.91312],[-73.09415,44.91399],[-73.09402,44.9168],[-73.09326,44.91856],[-73.09212,44.91975],[-73.09065,44.92053],[-73.08882,44.92093],[-73.08577,44.92109],[-73.08075,44.92101],[-73.07188,44.91797],[-73.07115,44.91752],[-73.07084,44.91695],[-73.07096,44.91625],[-73.07318,44.91305],[-73.07377,44.9126],[-73.07482,44.91237],[-73.07635,44.91259],[-73.07711,44.91287],[-73.07764,44.91341],[-73.07857,44.91291],[-73.0793,44.91284],[-73.08001,44.91297],[-73.0806,44.91264],[-73.08144,44.91249]]]]}},{"type":"Feature","properties":{"PWSID":"VT0005045","PWS_Name":"ST JOHNSBURY WATER SYSTEM","Pop_Cat_5":"3,301-10,000","Population_Served_Count":5000,"Service_Connections_Count":1792,"Service_Area_Type":"Residential Area","Model_Method":"","boundary_source":"Authoritative (VT/local)","is_community":true,"Area_SqKM":19.870705922716102,"Detailed_Facility_Report":"https://echo.epa.gov/detailed-facility-report?fid=VT0005045&sys=SDWIS"},"geometry":{"type":"MultiPolygon","coordinates":[[[[-72.02798,44.40825],[-72.03078,44.40882],[-72.03504,44.41033],[-72.03564,44.41108],[-72.03562,44.41221],[-72.03637,44.41279],[-72.0365,44.41381],[-72.03715,44.41456],[-72.03898,44.41489],[-72.03977,44.41543],[-72.04001,44.41602],[-72.03987,44.41663],[-72.03888,44.41813],[-72.0379,44.41872],[-72.03707,44.41996],[-72.03743,44.42037],[-72.03769,44.42113],[-72.03825,44.42145],[-72.0394,44.42258],[-72.03953,44.42353],[-72.0392,44.424],[-72.03841,44.42452],[-72.03714,44.42479],[-72.03612,44.42451],[-72.03545,44.42379],[-72.03421,44.4239],[-72.03266,44.42331],[-72.03178,44.42259],[-72.03148,44.42201],[-72.03211,44.41996],[-72.0311,44.41917],[-72.03085,44.41984],[-72.03014,44.42039],[-72.0304,44.42099],[-72.03025,44.42159],[-72.02937,44.4223],[-72.03081,44.42622],[-72.03059,44.42716],[-72.02989,44.42765],[-72.02896,44.42783],[-72.02844,44.42926],[-72.02795,44.42966],[-72.02717,44.42991],[-72.02632,44.42989],[-72.02448,44.4294],[-72.02384,44.42888],[-72.02358,44.42808],[-72.02392,44.43046],[-72.02394,44.43306],[-72.02379,44.43355],[-72.02338,44.43399],[-72.02276,44.43428],[-72.02113,44.43436],[-72.02126,44.43541],[-72.02093,44.43588],[-72.02035,44.43623],[-72.02074,44.4367],[-72.021,44.43757],[-72.0206,44.43848],[-72.02005,44.43883],[-72.0192,44.43902],[-72.01846,44.43902],[-72.0178,44.43882],[-72.01693,44.4398],[-72.01581,44.44045],[-72.01676,44.44268],[-72.01774,44.44273],[-72.01865,44.4431],[-72.01931,44.44369],[-72.01955,44.44432],[-72.01935,44.44551],[-72.01812,44.44786],[-72.01793,44.44883],[-72.01737,44.44978],[-72.01801,44.45194],[-72.0177,44.45277],[-72.01815,44.45329],[-72.01826,44.45395],[-72.01734,44.45547],[-72.01686,44.4559],[-72.01684,44.45617],[-72.01731,44.45656],[-72.01754,44.45706],[-72.0171,44.45847],[-72.01789,44.46004],[-72.01784,44.46106],[-72.01708,44.46182],[-72.0164,44.46328],[-72.01567,44.46407],[-72.01553,44.46534],[-72.01509,44.46596],[-72.01451,44.46628],[-72.0138,44.46642],[-72.0119,44.46633],[-72.01093,44.46652],[-72.00883,44.46629],[-72.00869,44.46722],[-72.00916,44.4688],[-72.00896,44.46931],[-72.00836,44.46996],[-72.00816,44.47093],[-72.00771,44.47134],[-72.00707,44.47161],[-72.0052,44.47157],[-72.00427,44.47115],[-72.00382,44.47044],[-72.00366,44.46868],[-72.00426,44.46664],[-72.00421,44.46546],[-72.00467,44.46494],[-72.0054,44.46462],[-72.0075,44.46468],[-72.00755,44.46364],[-72.00803,44.4629],[-72.00881,44.46248],[-72.0102,44.46222],[-72.01016,44.45942],[-72.01084,44.45872],[-72.01104,44.45806],[-72.01142,44.45761],[-72.012,44.45729],[-72.01292,44.45708],[-72.01276,44.45697],[-72.0121,44.4572],[-72.01118,44.4572],[-72.0101,44.45744],[-72.00925,44.45737],[-72.00836,44.45691],[-72.00797,44.45615],[-72.00731,44.45588],[-72.0065,44.45603],[-72.00566,44.45593],[-72.00505,44.45563],[-72.0046,44.45511],[-72.00438,44.45371],[-72.00452,44.45301],[-72.00385,44.45241],[-72.0025,44.4492],[-72.00258,44.44733],[-72.00291,44.44686],[-72.00344,44.44653],[-72.00281,44.44615],[-72.00246,44.44559],[-72.00247,44.44328],[-72.00318,44.44247],[-72.00439,44.44218],[-72.00452,44.44155],[-72.00385,44.4411],[-72.00355,44.44053],[-72.0037,44.43956],[-72.00422,44.43887],[-72.00345,44.43809],[-72.00359,44.43695],[-72.00287,44.43649],[-72.00223,44.43546],[-72.00229,44.43476],[-72.00286,44.43407],[-72.00254,44.43293],[-72.00052,44.4326],[-71.99979,44.43227],[-71.99934,44.43175],[-71.99885,44.43038],[-71.99827,44.43105],[-71.99658,44.43184],[-71.99493,44.43182],[-71.99389,44.43139],[-71.99349,44.43084],[-71.99195,44.42614],[-71.99209,44.42532],[-71.99152,44.42472],[-71.99092,44.42272],[-71.98745,44.42267],[-71.98658,44.42254],[-71.98624,44.42265],[-71.98595,44.42316],[-71.98542,44.42353],[-71.98398,44.42382],[-71.98355,44.42427],[-71.98294,44.42456],[-71.98184,44.42464],[-71.98161,44.42634],[-71.98125,44.42719],[-71.9819,44.42742],[-71.98269,44.42798],[-71.98297,44.42847],[-71.98296,44.429],[-71.98107,44.43161],[-71.97999,44.43216],[-71.97913,44.43218],[-71.97335,44.43116],[-71.97295,44.43168],[-71.97225,44.43203],[-71.96965,44.43223],[-71.96897,44.43202],[-71.96846,44.43165],[-71.96788,44.43016],[-71.96627,44.43042],[-71.96472,44.43129],[-71.96323,44.43127],[-71.96163,44.43066],[-71.96011,44.42973],[-71.95971,44.42919],[-71.95972,44.42849],[-71.96013,44.42795],[-71.96082,44.4276],[-71.96179,44.42751],[-71.96317,44.42779],[-71.96424,44.42705],[-71.96546,44.42679],[-71.9665,44.4269],[-71.96885,44.42802],[-71.96924,44.42794],[-71.97029,44.42725],[-71.97127,44.42701],[-71.97177,44.42582],[-71.97259,44.42522],[-71.97398,44.42494],[-71.97555,44.42519],[-71.97714,44.42468],[-71.97855,44.42306],[-71.9795,44.42265],[-71.98148,44.42059],[-71.98243,44.42017],[-71.98174,44.4194],[-71.98129,44.42066],[-71.98053,44.42122],[-71.97922,44.42137],[-71.97809,44.42085],[-71.97741,44.42087],[-71.97657,44.42067],[-71.97582,44.42196],[-71.97523,44.42241],[-71.97377,44.42291],[-71.9726,44.4228],[-71.97182,44.42295],[-71.96798,44.42481],[-71.96701,44.4248],[-71.96617,44.42445],[-71.96538,44.4235],[-71.96528,44.42272],[-71.96589,44.42197],[-71.96841,44.42069],[-71.96984,44.41972],[-71.97083,44.41943],[-71.97161,44.41944],[-71.97258,44.41897],[-71.97395,44.4186],[-71.97468,44.41857],[-71.97541,44.41876],[-71.97555,44.41782],[-71.97641,44.41721],[-71.97802,44.41682],[-71.98012,44.41688],[-71.98099,44.41719],[-71.98154,44.41625],[-71.98246,44.41554],[-71.98417,44.41493],[-71.98491,44.41446],[-71.986,44.41432],[-71.98589,44.41323],[-71.98609,44.41264],[-71.98735,44.41143],[-71.98844,44.41088],[-71.98977,44.41079],[-71.99042,44.41102],[-71.9909,44.41142],[-71.99134,44.41285],[-71.99102,44.41422],[-71.99167,44.41485],[-71.99293,44.41495],[-71.99386,44.41537],[-71.99478,44.4153],[-71.99656,44.41561],[-71.99718,44.41511],[-71.99804,44.41489],[-71.99871,44.41259],[-71.99989,44.41115],[-72.00062,44.4107],[-72.0017,44.41057],[-72.00268,44.41089],[-72.00748,44.40994],[-72.01094,44.40897],[-72.01375,44.40945],[-72.01476,44.40854],[-72.01611,44.40818],[-72.01641,44.40762],[-72.01707,44.40719],[-72.01615,44.40667],[-72.01549,44.40563],[-72.01557,44.40436],[-72.01525,44.40315],[-72.01542,44.40237],[-72.01589,44.40164],[-72.017,44.40077],[-72.01817,44.40028],[-72.01953,44.40011],[-72.02055,44.4004],[-72.02122,44.40024],[-72.02331,44.40013],[-72.02359,44.39919],[-72.02337,44.39865],[-72.02218,44.39725],[-72.02192,44.39592],[-72.02212,44.39532],[-72.02277,44.3948],[-72.02377,44.39456],[-72.02411,44.39406],[-72.02477,44.39368],[-72.02554,44.39292],[-72.0282,44.39212],[-72.02893,44.39206],[-72.02985,44.39229],[-72.03104,44.39309],[-72.03284,44.39568],[-72.03289,44.39637],[-72.03213,44.39841],[-72.03108,44.39967],[-72.03038,44.40006],[-72.03018,44.40069],[-72.02834,44.40287],[-72.02759,44.40315],[-72.02685,44.40318],[-72.02616,44.40301],[-72.02539,44.40253],[-72.02508,44.40336],[-72.02425,44.40429],[-72.02316,44.40473],[-72.02212,44.40471],[-72.02255,44.40543],[-72.02274,44.40706],[-72.02447,44.40711],[-72.0252,44.40728],[-72.02575,44.40763],[-72.02662,44.40865],[-72.02725,44.40835],[-72.02798,44.40825]]],[[[-72.01412,44.46952],[-72.01517,44.46976],[-72.01588,44.47041],[-72.0171,44.47361],[-72.01704,44.47413],[-72.01659,44.47486],[-72.01701,44.47534],[-72.01775,44.47563],[-72.01825,44.47613],[-72.01869,44.47754],[-72.01866,44.47828],[-72.01836,44.47885],[-72.01762,44.47931],[-72.01679,44.47944],[-72.01589,44.47928],[-72.01663,44.47969],[-72.01703,44.48013],[-72.01717,44.48065],[-72.017,44.48124],[-72.01668,44.48168],[-72.01486,44.4831],[-72.01522,44.48399],[-72.01472,44.48486],[-72.01353,44.48582],[-72.01276,44.48613],[-72.01236,44.48661],[-72.01142,44.48725],[-72.01174,44.48748],[-72.01541,44.48798],[-72.01619,44.48824],[-72.01686,44.48896],[-72.01696,44.48984],[-72.01731,44.49047],[-72.01728,44.4915],[-72.01862,44.4916],[-72.01939,44.49211],[-72.02059,44.49239],[-72.02118,44.49295],[-72.02232,44.49682],[-72.02056,44.50112],[-72.01996,44.50167],[-72.01905,44.50193],[-72.01308,44.5011],[-72.01245,44.50083],[-72.01199,44.50038],[-72.0115,44.50026],[-72.01065,44.50032],[-72.00995,44.50015],[-72.00916,44.49949],[-72.00614,44.50005],[-72.00402,44.49973],[-72.00314,44.49927],[-72.00279,44.49871],[-72.00282,44.49799],[-72.00226,44.49755],[-72.00202,44.49697],[-72.00271,44.49442],[-72.00309,44.4939],[-72.00388,44.49117],[-72.00465,44.48963],[-72.00624,44.48778],[-72.00793,44.48674],[-72.00788,44.48618],[-72.00831,44.48461],[-72.00797,44.48451],[-72.00649,44.48523],[-72.00567,44.48541],[-72.00494,44.48533],[-72.00369,44.48492],[-72.00284,44.48431],[-72.00239,44.48467],[-72.00173,44.4849],[-71.99985,44.48493],[-71.99878,44.48437],[-71.99848,44.48348],[-71.99784,44.48263],[-71.99789,44.4821],[-71.99843,44.48124],[-71.99935,44.48061],[-71.9996,44.48004],[-72.0017,44.47786],[-72.00237,44.47748],[-72.00333,44.47734],[-72.00489,44.47758],[-72.00894,44.47929],[-72.00966,44.47857],[-72.0104,44.47822],[-72.01012,44.47751],[-72.01024,44.47667],[-72.01139,44.47512],[-72.01065,44.47269],[-72.01068,44.47208],[-72.01126,44.47142],[-72.01223,44.4711],[-72.01233,44.47043],[-72.01279,44.46991],[-72.0134,44.46962],[-72.01412,44.46952]]]]}},{"type":"Feature","properties":{"PWSID":"VT0005040","PWS_Name":"LYNDONVILLE WATER SYSTEM","Pop_Cat_5":"3,301-10,000","Population_Served_Count":4500,"Service_Connections_Count":1500,"Service_Area_Type":"Residential Area","Model_Method":"","boundary_source":"Authoritative (VT/local)","is_community":true,"Area_SqKM":19.559241267638836,"Detailed_Facility_Report":"https://echo.epa.gov/detailed-facility-report?fid=VT0005040&sys=SDWIS"},"geometry":{"type":"MultiPolygon","coordinates":[[[[-72.0318,44.52822],[-72.03646,44.52885],[-72.03739,44.52927],[-72.03779,44.52981],[-72.03783,44.53034],[-72.03663,44.53418],[-72.04105,44.53498],[-72.0418,44.53555],[-72.04197,44.53633],[-72.04156,44.5375],[-72.0407,44.53811],[-72.03488,44.53905],[-72.03366,44.53946],[-72.03436,44.54022],[-72.0345,44.54083],[-72.03531,44.54066],[-72.03638,44.54077],[-72.03704,44.54101],[-72.03758,44.54149],[-72.03813,44.54235],[-72.03823,44.54287],[-72.03787,44.54405],[-72.03727,44.5446],[-72.03624,44.54487],[-72.03508,44.54468],[-72.0346,44.54475],[-72.03411,44.54523],[-72.03251,44.54607],[-72.03141,44.5463],[-72.03121,44.54699],[-72.03064,44.54748],[-72.02854,44.54815],[-72.02751,44.54813],[-72.02676,44.54783],[-72.02443,44.5455],[-72.02427,44.54574],[-72.02547,44.54718],[-72.02567,44.54771],[-72.02557,44.54837],[-72.02514,44.54899],[-72.02547,44.54968],[-72.02521,44.55045],[-72.02597,44.55063],[-72.02807,44.55157],[-72.02851,44.55199],[-72.02883,44.55271],[-72.02852,44.55363],[-72.02595,44.55597],[-72.02486,44.55635],[-72.02359,44.5562],[-72.02301,44.55663],[-72.02221,44.55684],[-72.02034,44.55656],[-72.01955,44.55589],[-72.01694,44.55491],[-72.01632,44.55405],[-72.01544,44.55354],[-72.01491,44.55222],[-72.01498,44.55152],[-72.01363,44.5502],[-72.01347,44.54891],[-72.0101,44.54785],[-72.00956,44.54738],[-72.00937,44.54685],[-72.00868,44.54661],[-72.00787,44.54601],[-72.00708,44.54631],[-72.00572,44.54637],[-72.00518,44.54705],[-72.00436,44.54743],[-72.00363,44.5475],[-72.00255,44.54731],[-72.00194,44.54701],[-72.00153,44.54657],[-72.0015,44.54549],[-72.00075,44.54618],[-71.99965,44.5464],[-71.99987,44.54716],[-72.00262,44.54762],[-72.00334,44.54794],[-72.00375,44.54838],[-72.00416,44.5495],[-72.00483,44.54974],[-72.00537,44.55022],[-72.00549,44.55116],[-72.00381,44.55302],[-72.00174,44.55375],[-72.00073,44.55379],[-72.00007,44.55455],[-71.99993,44.55549],[-71.99692,44.55889],[-71.99647,44.55964],[-71.99577,44.562],[-71.99544,44.56247],[-71.99466,44.56289],[-71.99362,44.56297],[-71.99235,44.56269],[-71.99114,44.56201],[-71.99072,44.56155],[-71.98863,44.56118],[-71.98772,44.56151],[-71.98595,44.56161],[-71.98475,44.56121],[-71.98434,44.56077],[-71.9842,44.56026],[-71.98444,44.55961],[-71.98434,44.5588],[-71.98489,44.55803],[-71.98483,44.55783],[-71.98404,44.55732],[-71.98371,44.55681],[-71.98382,44.55518],[-71.98457,44.55402],[-71.98539,44.55353],[-71.98735,44.55322],[-71.98871,44.55357],[-71.98916,44.55267],[-71.98914,44.55221],[-71.98853,44.55137],[-71.98877,44.55043],[-71.98747,44.55088],[-71.98623,44.55103],[-71.9854,44.55094],[-71.9834,44.55038],[-71.98287,44.55073],[-71.98199,44.55102],[-71.98001,44.5511],[-71.97893,44.55071],[-71.97755,44.54942],[-71.97748,44.54881],[-71.97795,44.54803],[-71.97803,44.54708],[-71.97771,44.54645],[-71.97774,44.54584],[-71.97842,44.54512],[-71.98043,44.54448],[-71.97951,44.54307],[-71.97943,44.54246],[-71.98008,44.54128],[-71.98127,44.54076],[-71.98122,44.5404],[-71.98005,44.53991],[-71.97954,44.53922],[-71.97978,44.53801],[-71.97965,44.53731],[-71.98016,44.53558],[-71.97924,44.53521],[-71.97875,44.5346],[-71.97871,44.53408],[-71.97923,44.53207],[-71.97845,44.53177],[-71.97791,44.53119],[-71.97744,44.52837],[-71.97764,44.52778],[-71.97819,44.5273],[-71.97897,44.52705],[-71.97983,44.52708],[-71.98318,44.52824],[-71.98895,44.53054],[-71.98991,44.52837],[-71.99037,44.52785],[-71.99158,44.52747],[-71.99328,44.52766],[-71.99279,44.52726],[-71.99255,44.52671],[-71.99179,44.5263],[-71.99129,44.52572],[-71.99115,44.5252],[-71.99136,44.5243],[-71.99011,44.52406],[-71.98965,44.5246],[-71.98906,44.52492],[-71.98835,44.52506],[-71.98762,44.52498],[-71.98638,44.52442],[-71.98545,44.52334],[-71.98526,44.52283],[-71.98536,44.52231],[-71.98573,44.52186],[-71.98743,44.5211],[-71.98752,44.52021],[-71.98793,44.51977],[-71.98856,44.51944],[-71.98905,44.51851],[-71.98972,44.51812],[-71.99066,44.51799],[-71.99176,44.51679],[-71.99187,44.5152],[-71.99114,44.51479],[-71.99078,44.51417],[-71.98945,44.51412],[-71.98856,44.51356],[-71.98728,44.51364],[-71.98639,44.51338],[-71.98531,44.51485],[-71.98414,44.51529],[-71.98242,44.51512],[-71.98176,44.51473],[-71.98144,44.51425],[-71.9811,44.51281],[-71.98135,44.51231],[-71.98183,44.51192],[-71.98246,44.51169],[-71.98347,44.51157],[-71.98487,44.5116],[-71.98566,44.51181],[-71.98567,44.50788],[-71.98623,44.50701],[-71.98708,44.50667],[-71.98869,44.50657],[-71.989,44.50546],[-71.98993,44.50481],[-71.99105,44.50467],[-71.99209,44.5049],[-71.99249,44.50352],[-71.99314,44.5027],[-71.99409,44.50228],[-71.9959,44.5021],[-71.99687,44.50091],[-71.99863,44.49952],[-72.00259,44.49722],[-72.00374,44.49695],[-72.00509,44.49723],[-72.00582,44.49792],[-72.00581,44.49879],[-72.00535,44.49931],[-72.00347,44.5005],[-72.00557,44.50357],[-72.00544,44.50426],[-72.00414,44.50603],[-72.00416,44.50623],[-72.00508,44.50669],[-72.00543,44.50725],[-72.00542,44.50778],[-72.00472,44.50971],[-72.00589,44.51154],[-72.00603,44.51209],[-72.00723,44.51187],[-72.00818,44.51201],[-72.00958,44.51028],[-72.01132,44.50947],[-72.01246,44.5094],[-72.01462,44.50978],[-72.01546,44.51028],[-72.01578,44.51103],[-72.01542,44.51258],[-72.0164,44.51309],[-72.01806,44.51296],[-72.02081,44.51357],[-72.02154,44.51403],[-72.02185,44.5147],[-72.02177,44.51665],[-72.02127,44.51798],[-72.02075,44.51835],[-72.0198,44.51871],[-72.01876,44.51884],[-72.01808,44.51966],[-72.01711,44.52003],[-72.0136,44.51976],[-72.01292,44.51956],[-72.01236,44.51913],[-72.00943,44.51874],[-72.00859,44.51824],[-72.008,44.51728],[-72.00697,44.51694],[-72.00694,44.51762],[-72.00733,44.51849],[-72.00797,44.51883],[-72.00867,44.51955],[-72.00924,44.52048],[-72.01041,44.52048],[-72.01121,44.5207],[-72.01179,44.52115],[-72.01204,44.52183],[-72.01192,44.52266],[-72.01163,44.52315],[-72.01055,44.5237],[-72.01,44.52453],[-72.00916,44.52487],[-72.00964,44.52569],[-72.00924,44.5266],[-72.00811,44.5271],[-72.00651,44.52698],[-72.00718,44.52758],[-72.00751,44.5284],[-72.00746,44.52904],[-72.00701,44.52971],[-72.00733,44.52995],[-72.00827,44.53014],[-72.00921,44.53056],[-72.01107,44.53062],[-72.01195,44.53081],[-72.01277,44.5313],[-72.01383,44.53253],[-72.0145,44.5328],[-72.01539,44.53249],[-72.01648,44.53255],[-72.017,44.53184],[-72.01809,44.53146],[-72.01833,44.53065],[-72.01818,44.52744],[-72.01854,44.52688],[-72.01932,44.52646],[-72.02029,44.52637],[-72.02247,44.52681],[-72.02316,44.52742],[-72.02331,44.52832],[-72.02852,44.52876],[-72.02995,44.52927],[-72.03065,44.52849],[-72.0318,44.52822]]],[[[-72.032,44.55526],[-72.03294,44.55544],[-72.03369,44.55601],[-72.0345,44.55748],[-72.03445,44.55801],[-72.03417,44.55843],[-72.03544,44.55848],[-72.03697,44.5592],[-72.03838,44.56028],[-72.03861,44.56113],[-72.0397,44.56053],[-72.04052,44.56035],[-72.04159,44.56054],[-72.04228,44.56103],[-72.04295,44.56287],[-72.04347,44.56325],[-72.04389,44.56388],[-72.04441,44.56619],[-72.0454,44.56756],[-72.04531,44.56817],[-72.04469,44.56917],[-72.04394,44.56974],[-72.04257,44.57012],[-72.04143,44.56997],[-72.04087,44.57048],[-72.04011,44.57076],[-72.03937,44.57079],[-72.03868,44.57062],[-72.03544,44.56804],[-72.0353,44.56743],[-72.03575,44.56564],[-72.03487,44.56589],[-72.03402,44.56583],[-72.03063,44.56462],[-72.02995,44.56413],[-72.0297,44.56354],[-72.02989,44.56274],[-72.03073,44.56207],[-72.03152,44.56074],[-72.03243,44.56028],[-72.03317,44.55895],[-72.03062,44.55945],[-72.02953,44.55937],[-72.02883,44.55901],[-72.02826,44.55836],[-72.02803,44.5575],[-72.02833,44.55693],[-72.02954,44.55595],[-72.03128,44.55535],[-72.032,44.55526]]]]}},{"type":"Feature","properties":{"PWSID":"VT0005022","PWS_Name":"MANCHESTER WATER DEPT","Pop_Cat_5":"3,301-10,000","Population_Served_Count":4140,"Service_Connections_Count":1580,"Service_Area_Type":"Residential Area","Model_Method":"","boundary_source":"Authoritative (VT/local)","is_community":true,"Area_SqKM":19.097456019109185,"Detailed_Facility_Report":"https://echo.epa.gov/detailed-facility-report?fid=VT0005022&sys=SDWIS"},"geometry":{"type":"Polygon","coordinates":[[[-73.07915,43.13478],[-73.08317,43.13489],[-73.08397,43.13506],[-73.0848,43.1358],[-73.08488,43.13719],[-73.08996,43.13732],[-73.09087,43.13754],[-73.09145,43.13798],[-73.0917,43.13866],[-73.09156,43.13917],[-73.09093,43.14009],[-73.09154,43.14028],[-73.09205,43.14065],[-73.09235,43.14157],[-73.09186,43.1424],[-73.09084,43.14284],[-73.08477,43.14254],[-73.0837,43.14306],[-73.08218,43.14402],[-73.08206,43.14706],[-73.08176,43.1477],[-73.08071,43.14826],[-73.07881,43.14826],[-73.07874,43.14955],[-73.07928,43.15016],[-73.08061,43.14999],[-73.08164,43.14957],[-73.08248,43.14955],[-73.0841,43.15007],[-73.08466,43.15042],[-73.08623,43.15077],[-73.08681,43.15109],[-73.08727,43.15188],[-73.08707,43.15291],[-73.0864,43.15352],[-73.08532,43.15376],[-73.08784,43.15421],[-73.08864,43.15459],[-73.08908,43.15531],[-73.08896,43.15679],[-73.08873,43.15729],[-73.08816,43.15774],[-73.0875,43.15794],[-73.08665,43.15795],[-73.08689,43.15852],[-73.08684,43.15905],[-73.08624,43.15974],[-73.08611,43.16031],[-73.08571,43.16075],[-73.08465,43.16114],[-73.08297,43.16108],[-73.08326,43.16242],[-73.08325,43.16349],[-73.08307,43.164],[-73.08261,43.16444],[-73.08266,43.16686],[-73.08221,43.16767],[-73.08107,43.16812],[-73.07842,43.16806],[-73.07747,43.16769],[-73.07694,43.16692],[-73.07623,43.16795],[-73.07621,43.16826],[-73.07716,43.16884],[-73.07742,43.16952],[-73.07728,43.17101],[-73.07678,43.17217],[-73.07661,43.17497],[-73.07619,43.1756],[-73.07551,43.17596],[-73.07309,43.17602],[-73.07271,43.17921],[-73.07367,43.17943],[-73.07431,43.17995],[-73.0745,43.18055],[-73.07438,43.18175],[-73.07415,43.18228],[-73.07368,43.18268],[-73.07303,43.18292],[-73.0723,43.18296],[-73.07207,43.18647],[-73.07147,43.18731],[-73.07025,43.18765],[-73.06504,43.18749],[-73.06415,43.18723],[-73.06357,43.18668],[-73.06342,43.18604],[-73.06389,43.18119],[-73.06454,43.18047],[-73.06569,43.18018],[-73.06611,43.17874],[-73.06678,43.17813],[-73.06611,43.17782],[-73.06567,43.17732],[-73.06453,43.17803],[-73.06336,43.17816],[-73.06313,43.17903],[-73.06249,43.17957],[-73.06224,43.18191],[-73.06166,43.18247],[-73.06079,43.18274],[-73.06042,43.18322],[-73.05969,43.18371],[-73.05973,43.18552],[-73.05956,43.18628],[-73.05917,43.18682],[-73.05861,43.18714],[-73.05779,43.18729],[-73.05619,43.18721],[-73.05508,43.18671],[-73.05471,43.18607],[-73.05444,43.18325],[-73.05241,43.18312],[-73.05181,43.18283],[-73.05141,43.1824],[-73.0503,43.18283],[-73.04983,43.18372],[-73.04953,43.18518],[-73.04872,43.18637],[-73.04795,43.1868],[-73.04798,43.18695],[-73.04878,43.18655],[-73.04973,43.18647],[-73.05091,43.18675],[-73.05153,43.18717],[-73.05185,43.18792],[-73.05174,43.19029],[-73.05155,43.1908],[-73.05092,43.19151],[-73.05025,43.19187],[-73.04736,43.19198],[-73.04653,43.19184],[-73.04615,43.19264],[-73.04548,43.19313],[-73.04456,43.19332],[-73.04356,43.19315],[-73.04266,43.19246],[-73.04222,43.19136],[-73.04221,43.19082],[-73.04138,43.19038],[-73.04101,43.18973],[-73.04109,43.18912],[-73.0422,43.1869],[-73.04101,43.18682],[-73.04034,43.18663],[-73.03983,43.18626],[-73.03953,43.18568],[-73.0397,43.18491],[-73.04185,43.18232],[-73.03996,43.18231],[-73.03916,43.18279],[-73.03823,43.18289],[-73.03813,43.18344],[-73.0377,43.18396],[-73.03653,43.18436],[-73.03547,43.18492],[-73.03351,43.18488],[-73.0328,43.18456],[-73.0324,43.18412],[-73.0323,43.18211],[-73.03174,43.18144],[-73.03166,43.18083],[-73.03225,43.1799],[-73.03309,43.17926],[-73.03213,43.17879],[-73.03177,43.1782],[-73.03112,43.17772],[-73.03087,43.17714],[-73.0311,43.17637],[-73.03204,43.17552],[-73.03168,43.17474],[-73.03184,43.17409],[-73.02954,43.17536],[-73.02925,43.17644],[-73.02831,43.1771],[-73.027,43.17716],[-73.02592,43.17677],[-73.02386,43.17666],[-73.02362,43.17958],[-73.02323,43.18012],[-73.02255,43.18048],[-73.02185,43.18059],[-73.01858,43.18052],[-73.01759,43.18004],[-73.01703,43.17911],[-73.01637,43.17931],[-73.01565,43.17931],[-73.01498,43.17911],[-73.01449,43.17876],[-73.01457,43.17932],[-73.01533,43.17984],[-73.01558,43.18052],[-73.01534,43.18225],[-73.01459,43.18303],[-73.01356,43.18326],[-73.01144,43.18303],[-73.01051,43.18261],[-73.00891,43.18219],[-73.00834,43.18187],[-73.00794,43.18134],[-73.0079,43.18072],[-73.00825,43.18016],[-73.00942,43.17924],[-73.00912,43.17841],[-73.00953,43.17758],[-73.01061,43.17703],[-73.01187,43.1768],[-73.0128,43.17693],[-73.01347,43.17734],[-73.01323,43.17658],[-73.01353,43.17592],[-73.01501,43.17502],[-73.01583,43.17477],[-73.01464,43.174],[-73.01149,43.17391],[-73.01084,43.17368],[-73.01036,43.17328],[-73.01011,43.17252],[-73.01055,43.17173],[-73.01065,43.16962],[-73.01126,43.16877],[-73.01247,43.16843],[-73.01406,43.1685],[-73.01478,43.16868],[-73.01632,43.16856],[-73.0177,43.16866],[-73.01879,43.16905],[-73.01953,43.16876],[-73.02026,43.16872],[-73.02049,43.16716],[-73.02096,43.16632],[-73.02157,43.1659],[-73.02225,43.16573],[-73.02297,43.16576],[-73.02366,43.16517],[-73.02454,43.1649],[-73.02677,43.16508],[-73.02742,43.16527],[-73.02975,43.16518],[-73.0299,43.16453],[-73.03047,43.16398],[-73.03123,43.16372],[-73.03237,43.16382],[-73.03274,43.16366],[-73.03399,43.16243],[-73.035,43.16202],[-73.03572,43.16202],[-73.03649,43.16226],[-73.03784,43.16312],[-73.03815,43.164],[-73.03908,43.16424],[-73.03947,43.16346],[-73.03994,43.16307],[-73.04526,43.16092],[-73.04521,43.15985],[-73.04555,43.15923],[-73.04429,43.15916],[-73.04346,43.15882],[-73.0428,43.15802],[-73.04269,43.15714],[-73.04356,43.15555],[-73.04434,43.15501],[-73.04422,43.15446],[-73.0444,43.15395],[-73.04539,43.15324],[-73.04595,43.15254],[-73.04703,43.15214],[-73.04841,43.15229],[-73.04867,43.15165],[-73.04924,43.1512],[-73.0499,43.151],[-73.05102,43.15096],[-73.05103,43.15036],[-73.05136,43.14949],[-73.0518,43.14907],[-73.05253,43.14878],[-73.0569,43.14895],[-73.05785,43.14947],[-73.05816,43.15029],[-73.05973,43.14977],[-73.06048,43.14814],[-73.06023,43.14752],[-73.06036,43.14692],[-73.06249,43.14508],[-73.06331,43.14473],[-73.0654,43.14453],[-73.0662,43.14471],[-73.06731,43.14528],[-73.06768,43.1448],[-73.06848,43.14429],[-73.0701,43.14286],[-73.07357,43.13929],[-73.0769,43.1369],[-73.07777,43.13525],[-73.07844,43.13489],[-73.07915,43.13478]],[[-73.04592,43.17131],[-73.0451,43.17146],[-73.04446,43.17185],[-73.04413,43.17235],[-73.04401,43.17322],[-73.0442,43.17373],[-73.04473,43.1742],[-73.04538,43.17443],[-73.04622,43.1745],[-73.04692,43.17436],[-73.04756,43.17397],[-73.04788,43.1735],[-73.04807,43.17261],[-73.04788,43.1721],[-73.04744,43.17168],[-73.04682,43.17142],[-73.04592,43.17131]]]}},{"type":"Feature","properties":{"PWSID":"VT0005319","PWS_Name":"HARTFORD WATER DEPT","Pop_Cat_5":"3,301-10,000","Population_Served_Count":7600,"Service_Connections_Count":2100,"Service_Area_Type":"Residential Area","Model_Method":"","boundary_source":"Authoritative (VT/local)","is_community":true,"Area_SqKM":18.76595931442146,"Detailed_Facility_Report":"https://echo.epa.gov/detailed-facility-report?fid=VT0005319&sys=SDWIS"},"geometry":{"type":"MultiPolygon","coordinates":[[[[-71.99899,44.53331],[-71.99946,44.53281],[-72.00019,44.53249],[-72.00092,44.53243],[-72.00197,44.53261],[-72.00263,44.533],[-72.00295,44.53347],[-72.00299,44.534],[-72.00273,44.53465],[-72.00218,44.53512],[-72.00152,44.53535],[-72.00078,44.53538],[-71.99981,44.53516],[-71.99923,44.53483],[-71.99886,44.53437],[-71.99877,44.53385],[-71.99899,44.53331]]],[[[-72.34786,43.63235],[-72.34993,43.63284],[-72.35057,43.63314],[-72.35107,43.63384],[-72.35104,43.6348],[-72.35225,43.6351],[-72.35294,43.6357],[-72.353,43.63712],[-72.35333,43.63731],[-72.35462,43.63747],[-72.35563,43.63782],[-72.35616,43.63829],[-72.35635,43.63889],[-72.35575,43.6402],[-72.35496,43.64074],[-72.35377,43.64085],[-72.35109,43.64016],[-72.35057,43.64094],[-72.34873,43.64562],[-72.34991,43.64629],[-72.35019,43.64678],[-72.35019,43.6473],[-72.34949,43.64811],[-72.3478,43.64859],[-72.34761,43.65018],[-72.34781,43.65144],[-72.3475,43.65209],[-72.34764,43.65253],[-72.34806,43.65341],[-72.3488,43.65362],[-72.34971,43.65426],[-72.35107,43.65656],[-72.35101,43.65748],[-72.35004,43.65823],[-72.35248,43.65925],[-72.35553,43.66005],[-72.35639,43.66044],[-72.3569,43.66113],[-72.35696,43.66226],[-72.35771,43.66257],[-72.35819,43.66297],[-72.35842,43.66347],[-72.35837,43.66399],[-72.35695,43.6662],[-72.3563,43.66659],[-72.35535,43.66673],[-72.35406,43.66647],[-72.35287,43.666],[-72.34902,43.66371],[-72.34829,43.6644],[-72.34714,43.66462],[-72.34644,43.66448],[-72.34406,43.66352],[-72.34314,43.66411],[-72.34426,43.66442],[-72.34489,43.66495],[-72.34507,43.66572],[-72.34464,43.6665],[-72.34107,43.66877],[-72.33962,43.66895],[-72.33773,43.66954],[-72.3373,43.67075],[-72.33814,43.67093],[-72.33872,43.67125],[-72.33912,43.6718],[-72.33916,43.67232],[-72.33877,43.67341],[-72.33612,43.67813],[-72.33572,43.67857],[-72.335,43.67889],[-72.33416,43.67895],[-72.32497,43.67758],[-72.32473,43.67871],[-72.32424,43.67925],[-72.32444,43.67986],[-72.32417,43.6808],[-72.32343,43.68137],[-72.32238,43.68155],[-72.32262,43.68186],[-72.32773,43.68268],[-72.32852,43.68322],[-72.32877,43.6839],[-72.32833,43.68528],[-72.32801,43.68576],[-72.32579,43.68736],[-72.32461,43.68765],[-72.32454,43.68793],[-72.32514,43.68831],[-72.32558,43.68897],[-72.32535,43.69041],[-72.32598,43.69019],[-72.32679,43.69016],[-72.33032,43.69063],[-72.33131,43.69111],[-72.33169,43.69185],[-72.33143,43.69331],[-72.3325,43.69362],[-72.33316,43.69435],[-72.33321,43.69487],[-72.33281,43.69666],[-72.33356,43.69724],[-72.33374,43.69801],[-72.33294,43.70037],[-72.3323,43.70089],[-72.33151,43.70111],[-72.33067,43.70105],[-72.32514,43.69948],[-72.32442,43.69902],[-72.32402,43.6982],[-72.3236,43.69817],[-72.32303,43.69896],[-72.32242,43.69938],[-72.32173,43.69954],[-72.321,43.69951],[-72.31843,43.69873],[-72.31777,43.69802],[-72.3163,43.69735],[-72.31588,43.69674],[-72.31242,43.69567],[-72.31174,43.6949],[-72.31049,43.69432],[-72.31012,43.69339],[-72.3077,43.69272],[-72.30695,43.69347],[-72.30567,43.69368],[-72.3043,43.69329],[-72.30362,43.69268],[-72.30349,43.69199],[-72.30386,43.69105],[-72.30365,43.69032],[-72.30383,43.68853],[-72.30367,43.68673],[-72.30425,43.68381],[-72.30318,43.68222],[-72.30249,43.68192],[-72.30204,43.68152],[-72.30075,43.67942],[-72.30154,43.67655],[-72.30133,43.67559],[-72.30068,43.67482],[-72.30064,43.67407],[-72.301,43.6735],[-72.30237,43.67246],[-72.30292,43.67148],[-72.30283,43.67037],[-72.30194,43.66999],[-72.30138,43.66929],[-72.30157,43.66784],[-72.30194,43.66726],[-72.30264,43.66671],[-72.30325,43.66647],[-72.30404,43.6664],[-72.30465,43.66471],[-72.3056,43.66359],[-72.30734,43.66205],[-72.30946,43.65899],[-72.31117,43.65784],[-72.3118,43.65704],[-72.31269,43.6547],[-72.31274,43.65261],[-72.31343,43.64946],[-72.31393,43.64881],[-72.31478,43.64846],[-72.31345,43.64816],[-72.31284,43.64787],[-72.3124,43.64735],[-72.31227,43.64674],[-72.31228,43.64296],[-72.31306,43.64128],[-72.31389,43.64041],[-72.31621,43.63916],[-72.31819,43.6385],[-72.32068,43.63822],[-72.32136,43.63839],[-72.32194,43.63878],[-72.32623,43.63699],[-72.32927,43.63481],[-72.33043,43.63459],[-72.33166,43.63494],[-72.33347,43.63588],[-72.33593,43.63786],[-72.3368,43.63988],[-72.33763,43.6405],[-72.33877,43.64079],[-72.33947,43.64131],[-72.33964,43.64127],[-72.33948,43.64006],[-72.34008,43.63931],[-72.34131,43.63898],[-72.34368,43.63924],[-72.34388,43.63847],[-72.34468,43.63788],[-72.34397,43.63746],[-72.34302,43.63646],[-72.34288,43.63495],[-72.34319,43.63429],[-72.34403,43.63378],[-72.34525,43.63344],[-72.34604,43.63341],[-72.34673,43.63263],[-72.34786,43.63235]]],[[[-72.94968,43.6043],[-72.95061,43.60448],[-72.95122,43.6049],[-72.95153,43.60547],[-72.95153,43.60634],[-72.95119,43.6069],[-72.95064,43.60725],[-72.94996,43.60743],[-72.94889,43.60742],[-72.94811,43.60717],[-72.94758,43.6067],[-72.94739,43.60541],[-72.94767,43.60492],[-72.94818,43.60454],[-72.94884,43.60434],[-72.94968,43.6043]]],[[[-72.96826,43.59058],[-72.9691,43.59052],[-72.96981,43.59066],[-72.97038,43.59098],[-72.97075,43.59143],[-72.97087,43.592],[-72.97073,43.59252],[-72.97033,43.59296],[-72.96962,43.59329],[-72.96854,43.5934],[-72.96783,43.5933],[-72.96722,43.59301],[-72.96677,43.59249],[-72.96665,43.59184],[-72.96689,43.59125],[-72.96746,43.5908],[-72.96826,43.59058]]],[[[-73.05606,44.52007],[-73.05761,44.52014],[-73.05822,44.52043],[-73.05864,44.52086],[-73.05882,44.52159],[-73.05873,44.52211],[-73.05836,44.52257],[-73.05767,44.52293],[-73.0557,44.52306],[-73.05494,44.52278],[-73.05443,44.52228],[-73.05426,44.52142],[-73.05445,44.52083],[-73.05509,44.5203],[-73.05606,44.52007]]]]}},{"type":"Feature","properties":{"PWSID":"VT0005016","PWS_Name":"BENNINGTON WATER DEPT","Pop_Cat_5":"10,001-100,000","Population_Served_Count":13250,"Service_Connections_Count":6911,"Service_Area_Type":"Residential Area","Model_Method":"Random Forest","boundary_source":"EPA-modeled","is_community":true,"Area_SqKM":16.946480532735556,"Detailed_Facility_Report":"https://echo.epa.gov/detailed-facility-report?fid=VT0005016&sys=SDWIS"},"geometry":{"type":"MultiPolygon","coordinates":[[[[-73.2028,42.85007],[-73.204,42.85212],[-73.2042,42.85282],[-73.20442,42.85274],[-73.20545,42.85375],[-73.20623,42.85502],[-73.20604,42.86048],[-73.20619,42.86208],[-73.20734,42.86438],[-73.20923,42.86624],[-73.20947,42.86726],[-73.2091,42.86809],[-73.20921,42.86852],[-73.211,42.87054],[-73.21287,42.87345],[-73.21413,42.87613],[-73.21409,42.87716],[-73.21298,42.87848],[-73.21031,42.87694],[-73.20944,42.88335],[-73.21167,42.88457],[-73.2123,42.88457],[-73.21334,42.88424],[-73.21403,42.88624],[-73.2153,42.88858],[-73.21804,42.8882],[-73.21922,42.88926],[-73.21863,42.89085],[-73.21223,42.89073],[-73.21109,42.88964],[-73.2103,42.88845],[-73.20949,42.88894],[-73.20787,42.88933],[-73.20703,42.88989],[-73.20631,42.89089],[-73.20544,42.89312],[-73.20262,42.8927],[-73.20146,42.89173],[-73.20206,42.89324],[-73.20293,42.89348],[-73.20431,42.8943],[-73.20619,42.89451],[-73.20844,42.89552],[-73.20974,42.89563],[-73.21176,42.89527],[-73.21269,42.89525],[-73.21402,42.89557],[-73.2173,42.89587],[-73.2177,42.89629],[-73.21785,42.89729],[-73.21836,42.89775],[-73.21876,42.89798],[-73.21951,42.89768],[-73.22041,42.89793],[-73.22191,42.89885],[-73.22261,42.89953],[-73.22354,42.90014],[-73.22379,42.90072],[-73.22365,42.90174],[-73.22313,42.90212],[-73.22194,42.90224],[-73.22291,42.90301],[-73.22329,42.90358],[-73.22331,42.90409],[-73.22273,42.90459],[-73.2227,42.905],[-73.22328,42.90526],[-73.2243,42.90481],[-73.22475,42.90554],[-73.22477,42.90593],[-73.22422,42.90686],[-73.22403,42.90775],[-73.22313,42.9092],[-73.22291,42.9104],[-73.22337,42.91119],[-73.22413,42.91141],[-73.22436,42.91108],[-73.22463,42.90964],[-73.22498,42.90937],[-73.22545,42.90936],[-73.22482,42.91073],[-73.22487,42.91166],[-73.22516,42.91226],[-73.22339,42.91173],[-73.22279,42.9125],[-73.22335,42.91301],[-73.22317,42.91352],[-73.22459,42.9143],[-73.22313,42.91481],[-73.21853,42.91468],[-73.21279,42.90548],[-73.2117,42.90556],[-73.21174,42.90509],[-73.20802,42.90418],[-73.20568,42.90275],[-73.20306,42.90197],[-73.20246,42.90159],[-73.2022,42.90102],[-73.20243,42.90012],[-73.20297,42.89863],[-73.2038,42.89751],[-73.20167,42.89675],[-73.20003,42.89555],[-73.19998,42.89421],[-73.19325,42.89385],[-73.1933,42.89565],[-73.1928,42.89794],[-73.19129,42.90124],[-73.19084,42.9032],[-73.19299,42.90341],[-73.19418,42.90374],[-73.19517,42.90432],[-73.19649,42.90569],[-73.19595,42.90616],[-73.19522,42.90764],[-73.19431,42.90881],[-73.19256,42.91172],[-73.19127,42.91273],[-73.18776,42.91497],[-73.18392,42.92831],[-73.18359,42.93096],[-73.18318,42.93212],[-73.18048,42.93752],[-73.17768,42.93894],[-73.17475,42.93919],[-73.17461,42.93907],[-73.17474,42.93891],[-73.17622,42.93856],[-73.17792,42.93676],[-73.17846,42.93655],[-73.17863,42.93628],[-73.18068,42.9353],[-73.18123,42.93348],[-73.18163,42.93294],[-73.18158,42.93192],[-73.17894,42.93187],[-73.17846,42.93169],[-73.17961,42.91953],[-73.17949,42.91828],[-73.17983,42.91797],[-73.17948,42.9172],[-73.18048,42.9158],[-73.1815,42.91545],[-73.18265,42.91526],[-73.18331,42.91453],[-73.18458,42.91403],[-73.18521,42.91338],[-73.18481,42.91301],[-73.18489,42.91228],[-73.18404,42.91092],[-73.18394,42.90875],[-73.18314,42.90838],[-73.18326,42.90749],[-73.18285,42.90713],[-73.18367,42.90605],[-73.18347,42.90537],[-73.18356,42.90479],[-73.18265,42.90441],[-73.18255,42.90424],[-73.18333,42.90336],[-73.18313,42.90258],[-73.18322,42.90179],[-73.18152,42.90153],[-73.17996,42.90095],[-73.1805,42.8934],[-73.18066,42.8933],[-73.18286,42.8936],[-73.18442,42.89204],[-73.18068,42.8898],[-73.18056,42.88887],[-73.18084,42.88514],[-73.18114,42.88433],[-73.18193,42.88382],[-73.18035,42.88274],[-73.17749,42.88245],[-73.17536,42.8828],[-73.17349,42.88343],[-73.17232,42.88332],[-73.1717,42.88341],[-73.17077,42.88397],[-73.1682,42.88384],[-73.16758,42.88402],[-73.16405,42.88434],[-73.16132,42.88442],[-73.16086,42.88432],[-73.15923,42.88328],[-73.16007,42.8835],[-73.16329,42.88374],[-73.1641,42.8836],[-73.16474,42.88321],[-73.1653,42.8818],[-73.16545,42.88036],[-73.1653,42.87984],[-73.16472,42.87929],[-73.16338,42.87883],[-73.16301,42.87834],[-73.16243,42.87803],[-73.16137,42.87784],[-73.16035,42.87805],[-73.16027,42.87687],[-73.15893,42.87611],[-73.15398,42.87212],[-73.15366,42.87192],[-73.15288,42.87226],[-73.15232,42.87095],[-73.15151,42.8704],[-73.15071,42.87013],[-73.15089,42.86753],[-73.15262,42.86748],[-73.15379,42.86715],[-73.15434,42.87077],[-73.15621,42.87075],[-73.15635,42.86637],[-73.16296,42.8653],[-73.16549,42.86537],[-73.16871,42.86681],[-73.16904,42.86816],[-73.17097,42.86927],[-73.17437,42.87039],[-73.17718,42.87152],[-73.17457,42.86693],[-73.17596,42.86443],[-73.17583,42.86162],[-73.17526,42.85985],[-73.17554,42.85877],[-73.17604,42.85934],[-73.17587,42.86],[-73.17665,42.86172],[-73.17661,42.86245],[-73.17627,42.86301],[-73.17678,42.86422],[-73.17497,42.86671],[-73.17504,42.8671],[-73.17539,42.86754],[-73.17644,42.86784],[-73.17711,42.86839],[-73.17913,42.86877],[-73.18033,42.86949],[-73.18145,42.86979],[-73.18174,42.87034],[-73.1823,42.87057],[-73.18235,42.871],[-73.1833,42.87151],[-73.18336,42.87205],[-73.18304,42.87258],[-73.18264,42.87297],[-73.18181,42.87331],[-73.18175,42.87349],[-73.18235,42.87378],[-73.18265,42.87473],[-73.18299,42.87492],[-73.18357,42.87494],[-73.18515,42.87445],[-73.18509,42.87602],[-73.18549,42.87656],[-73.18615,42.8769],[-73.18606,42.87796],[-73.18536,42.87796],[-73.18609,42.87892],[-73.18656,42.87884],[-73.1867,42.877],[-73.18792,42.87745],[-73.18919,42.87745],[-73.19012,42.87692],[-73.19048,42.87599],[-73.19023,42.87464],[-73.18965,42.87398],[-73.1888,42.87368],[-73.18668,42.87357],[-73.18638,42.86919],[-73.18722,42.86795],[-73.18869,42.86388],[-73.18962,42.86254],[-73.19099,42.86241],[-73.19361,42.86175],[-73.19454,42.86121],[-73.19528,42.86036],[-73.19613,42.85993],[-73.19691,42.85982],[-73.19793,42.85838],[-73.19772,42.85783],[-73.198,42.85767],[-73.19888,42.85776],[-73.19903,42.85722],[-73.1989,42.85702],[-73.19933,42.8567],[-73.19939,42.8564],[-73.20029,42.85636],[-73.20022,42.85512],[-73.19963,42.85439],[-73.19965,42.85394],[-73.20002,42.85339],[-73.20035,42.85342],[-73.20156,42.85307],[-73.20214,42.85241],[-73.20237,42.84999],[-73.20274,42.84995],[-73.2028,42.85007]]],[[[-73.15876,42.88031],[-73.15883,42.88135],[-73.15837,42.88136],[-73.15792,42.88101],[-73.15786,42.88037],[-73.15876,42.88031]]],[[[-73.217,42.88211],[-73.21299,42.88327],[-73.2125,42.88127],[-73.2126,42.87927],[-73.21289,42.8786],[-73.21697,42.87958],[-73.217,42.88211]]]]}},{"type":"Feature","properties":{"PWSID":"VT0005127","PWS_Name":"SHELDON WATER SYSTEM","Pop_Cat_5":"<=500","Population_Served_Count":480,"Service_Connections_Count":179,"Service_Area_Type":"Residential Area","Model_Method":"","boundary_source":"Authoritative (VT/local)","is_community":true,"Area_SqKM":16.64801871261608,"Detailed_Facility_Report":"https://echo.epa.gov/detailed-facility-report?fid=VT0005127&sys=SDWIS"},"geometry":{"type":"MultiPolygon","coordinates":[[[[-72.92174,44.88005],[-72.92294,44.88009],[-72.92379,44.88044],[-72.92429,44.88104],[-72.92451,44.8823],[-72.92533,44.8826],[-72.92648,44.88269],[-72.92701,44.8824],[-72.92773,44.88227],[-72.92898,44.88239],[-72.92995,44.88275],[-72.93046,44.8834],[-72.93133,44.88363],[-72.93408,44.88384],[-72.9335,44.8818],[-72.92948,44.88208],[-72.92876,44.88195],[-72.92809,44.88156],[-72.92773,44.88101],[-72.92666,44.87671],[-72.92263,44.87711],[-72.92174,44.877],[-72.91985,44.87718],[-72.91912,44.87708],[-72.91841,44.87673],[-72.918,44.87619],[-72.91707,44.87349],[-72.91594,44.87357],[-72.91521,44.87347],[-72.91451,44.87312],[-72.9141,44.87258],[-72.91377,44.87105],[-72.91364,44.86885],[-72.91401,44.8682],[-72.91479,44.86777],[-72.91588,44.86769],[-72.93554,44.87058],[-72.93639,44.87093],[-72.93689,44.87153],[-72.93754,44.87116],[-72.93825,44.87102],[-72.94053,44.87132],[-72.94416,44.87402],[-72.94557,44.87477],[-72.94609,44.87524],[-72.94651,44.87638],[-72.94634,44.87796],[-72.94792,44.87766],[-72.94889,44.87775],[-72.94975,44.87824],[-72.95009,44.87907],[-72.95056,44.87779],[-72.95011,44.87394],[-72.95041,44.87337],[-72.95103,44.87295],[-72.95235,44.87279],[-72.96176,44.87444],[-72.96235,44.87476],[-72.96272,44.87521],[-72.9627,44.87659],[-72.96177,44.87892],[-72.95996,44.88088],[-72.96114,44.88101],[-72.96196,44.8814],[-72.96242,44.88211],[-72.96229,44.88282],[-72.96885,44.88502],[-72.97205,44.87735],[-72.97278,44.87666],[-72.97347,44.87646],[-72.97421,44.87645],[-72.98241,44.8778],[-72.98308,44.87803],[-72.98368,44.87858],[-72.98382,44.87928],[-72.98245,44.88169],[-72.98587,44.88157],[-72.98672,44.88192],[-72.98725,44.88261],[-72.9871,44.88347],[-72.98602,44.88434],[-72.98625,44.88556],[-72.9859,44.88626],[-72.98629,44.88678],[-72.98691,44.88889],[-72.98681,44.88967],[-72.98631,44.89017],[-72.98555,44.89047],[-72.97399,44.89221],[-72.97441,44.8927],[-72.97463,44.89358],[-72.97402,44.89553],[-72.97346,44.8962],[-72.97226,44.89691],[-72.97153,44.89778],[-72.97053,44.89861],[-72.97194,44.89855],[-72.97266,44.89869],[-72.97347,44.89922],[-72.97373,44.89991],[-72.97505,44.89996],[-72.97597,44.90036],[-72.97665,44.89996],[-72.97886,44.89929],[-72.97973,44.89927],[-72.98041,44.89946],[-72.98101,44.89991],[-72.98197,44.9015],[-72.98159,44.90241],[-72.98007,44.90323],[-72.98066,44.90356],[-72.98192,44.9038],[-72.98186,44.90304],[-72.98205,44.90253],[-72.98259,44.90206],[-72.98338,44.9018],[-72.98438,44.90184],[-72.98523,44.90163],[-72.98615,44.90166],[-72.98682,44.90189],[-72.98783,44.9026],[-72.98819,44.90315],[-72.98852,44.90501],[-72.98827,44.90569],[-72.9876,44.90617],[-72.98815,44.90968],[-72.98783,44.91016],[-72.98717,44.91055],[-72.98444,44.9111],[-72.98642,44.91263],[-72.98738,44.91279],[-72.99007,44.91362],[-72.99156,44.91442],[-72.99243,44.91607],[-72.99239,44.9166],[-72.99206,44.91707],[-72.99105,44.91756],[-72.97912,44.91941],[-72.97827,44.91931],[-72.97765,44.91902],[-72.97723,44.91859],[-72.97701,44.91795],[-72.97592,44.91807],[-72.97522,44.9179],[-72.97468,44.91758],[-72.97421,44.91765],[-72.97461,44.91914],[-72.97448,44.91975],[-72.97398,44.92025],[-72.97318,44.92055],[-72.97139,44.92238],[-72.97048,44.92265],[-72.96962,44.92259],[-72.96765,44.92185],[-72.96706,44.9214],[-72.9668,44.92073],[-72.96712,44.91919],[-72.96696,44.91852],[-72.96619,44.91838],[-72.96433,44.91755],[-72.96387,44.91703],[-72.9638,44.91634],[-72.96466,44.91426],[-72.96574,44.91062],[-72.96679,44.90992],[-72.97111,44.90871],[-72.9706,44.90827],[-72.97041,44.90776],[-72.9705,44.90723],[-72.97086,44.90671],[-72.96903,44.9063],[-72.96495,44.90492],[-72.96439,44.90457],[-72.96406,44.90411],[-72.96291,44.90415],[-72.96193,44.90378],[-72.96138,44.90301],[-72.96163,44.90174],[-72.96096,44.90143],[-72.96055,44.901],[-72.96021,44.89929],[-72.96052,44.89863],[-72.96125,44.89816],[-72.96555,44.89736],[-72.96463,44.89405],[-72.96472,44.89353],[-72.96517,44.89301],[-72.96602,44.89266],[-72.9707,44.89202],[-72.97027,44.89147],[-72.96925,44.88781],[-72.9683,44.88852],[-72.96677,44.88919],[-72.96713,44.89035],[-72.9669,44.89085],[-72.96641,44.89125],[-72.96538,44.89153],[-72.96235,44.89142],[-72.96297,44.89507],[-72.96272,44.89565],[-72.96213,44.8961],[-72.96145,44.89631],[-72.95101,44.89771],[-72.94819,44.89843],[-72.94745,44.8984],[-72.94679,44.89817],[-72.94481,44.89642],[-72.94398,44.896],[-72.94309,44.89582],[-72.94253,44.89548],[-72.94165,44.89394],[-72.94172,44.89302],[-72.94009,44.89268],[-72.93922,44.89205],[-72.93873,44.8912],[-72.93851,44.88988],[-72.9379,44.88966],[-72.93759,44.89055],[-72.93651,44.89111],[-72.93369,44.89131],[-72.93252,44.89096],[-72.93184,44.89158],[-72.93318,44.89182],[-72.93383,44.89208],[-72.93433,44.89258],[-72.93448,44.89319],[-72.93349,44.89487],[-72.93167,44.89674],[-72.93227,44.89823],[-72.93204,44.89908],[-72.93135,44.89958],[-72.92907,44.90037],[-72.92826,44.90119],[-72.92763,44.90249],[-72.92685,44.90325],[-72.92514,44.90435],[-72.9242,44.9054],[-72.92173,44.90662],[-72.92087,44.90668],[-72.91996,44.90642],[-72.91925,44.90561],[-72.91832,44.90124],[-72.91863,44.90058],[-72.92152,44.89774],[-72.9212,44.89598],[-72.91836,44.89616],[-72.91714,44.89578],[-72.91659,44.895],[-72.91628,44.89324],[-72.91642,44.89263],[-72.91692,44.89213],[-72.91756,44.89186],[-72.92505,44.89032],[-72.92604,44.89031],[-72.9268,44.8906],[-72.92913,44.88889],[-72.92982,44.88868],[-72.93066,44.8887],[-72.92908,44.88842],[-72.92586,44.88819],[-72.92527,44.88787],[-72.92489,44.88741],[-72.92493,44.88607],[-72.92389,44.88565],[-72.9222,44.88537],[-72.9214,44.88538],[-72.91861,44.88481],[-72.91771,44.88435],[-72.91731,44.88353],[-72.91775,44.88242],[-72.91846,44.88196],[-72.91937,44.88087],[-72.92066,44.88023],[-72.92174,44.88005]]],[[[-72.96294,44.91068],[-72.9641,44.91095],[-72.96481,44.91176],[-72.96479,44.91237],[-72.9639,44.91395],[-72.96304,44.91466],[-72.96191,44.91501],[-72.96072,44.91502],[-72.95938,44.91465],[-72.95828,44.91397],[-72.95748,44.91292],[-72.95734,44.91231],[-72.95765,44.91165],[-72.95873,44.91109],[-72.96294,44.91068]]]]}},{"type":"Feature","properties":{"PWSID":"VT0005202","PWS_Name":"NEWPORT CITY WATER SYSTEM","Pop_Cat_5":"3,301-10,000","Population_Served_Count":4766,"Service_Connections_Count":2200,"Service_Area_Type":"Residential Area","Model_Method":"","boundary_source":"Authoritative (VT/local)","is_community":true,"Area_SqKM":16.25037617798921,"Detailed_Facility_Report":"https://echo.epa.gov/detailed-facility-report?fid=VT0005202&sys=SDWIS"},"geometry":{"type":"MultiPolygon","coordinates":[[[[-72.18885,44.93449],[-72.19149,44.93453],[-72.19041,44.93393],[-72.19002,44.9332],[-72.19045,44.93213],[-72.19121,44.93156],[-72.19431,44.9309],[-72.19524,44.93112],[-72.19594,44.93171],[-72.19688,44.93121],[-72.19834,44.93116],[-72.20031,44.93057],[-72.20166,44.93035],[-72.203,44.92982],[-72.20411,44.92854],[-72.20505,44.92813],[-72.20615,44.92816],[-72.20712,44.92869],[-72.20774,44.92971],[-72.20799,44.93134],[-72.20905,44.93064],[-72.20995,44.92931],[-72.21196,44.92804],[-72.21307,44.92782],[-72.2141,44.92804],[-72.21499,44.92779],[-72.21689,44.9272],[-72.21743,44.92664],[-72.21898,44.92602],[-72.21992,44.92537],[-72.22063,44.92523],[-72.22145,44.92532],[-72.22294,44.925],[-72.22287,44.92401],[-72.22306,44.9235],[-72.22351,44.92308],[-72.22502,44.92225],[-72.22585,44.92207],[-72.22658,44.92214],[-72.22789,44.9229],[-72.22838,44.92239],[-72.22899,44.9221],[-72.22972,44.92199],[-72.23056,44.92214],[-72.24525,44.93004],[-72.24593,44.93076],[-72.24579,44.93171],[-72.24403,44.93349],[-72.24321,44.93388],[-72.24216,44.93391],[-72.24189,44.93418],[-72.24232,44.93474],[-72.24232,44.93544],[-72.24065,44.9374],[-72.24208,44.93763],[-72.24272,44.93789],[-72.24326,44.93847],[-72.24332,44.93917],[-72.24304,44.93966],[-72.2411,44.94151],[-72.24057,44.94334],[-72.24087,44.94437],[-72.24068,44.94505],[-72.24003,44.94557],[-72.23899,44.9458],[-72.23872,44.94617],[-72.23942,44.94637],[-72.24304,44.94824],[-72.24363,44.94874],[-72.24381,44.94942],[-72.24317,44.95219],[-72.24203,44.95299],[-72.24069,44.95308],[-72.2361,44.9518],[-72.23546,44.95116],[-72.23526,44.95019],[-72.23447,44.95061],[-72.23361,44.95071],[-72.23128,44.95006],[-72.23051,44.94917],[-72.23036,44.94847],[-72.22974,44.94809],[-72.22929,44.94754],[-72.22897,44.94625],[-72.22937,44.94541],[-72.23111,44.9442],[-72.22355,44.94384],[-72.2216,44.94359],[-72.22013,44.94323],[-72.21699,44.94319],[-72.21515,44.94277],[-72.21453,44.94222],[-72.21434,44.94152],[-72.21482,44.94067],[-72.21585,44.94023],[-72.21598,44.93875],[-72.21552,44.93783],[-72.21173,44.93829],[-72.21086,44.93829],[-72.2101,44.93812],[-72.20864,44.93828],[-72.20866,44.93896],[-72.20812,44.94032],[-72.20823,44.94093],[-72.20897,44.94188],[-72.20889,44.94309],[-72.20937,44.9453],[-72.21032,44.94541],[-72.21124,44.94588],[-72.21263,44.94812],[-72.21433,44.94825],[-72.21746,44.94807],[-72.21819,44.94825],[-72.21876,44.94858],[-72.21932,44.94935],[-72.22003,44.94985],[-72.22055,44.95065],[-72.22125,44.95361],[-72.22163,44.95415],[-72.22278,44.95503],[-72.22297,44.95554],[-72.22287,44.95606],[-72.22241,44.95658],[-72.22173,44.95689],[-72.22128,44.95757],[-72.22065,44.95792],[-72.20992,44.9614],[-72.20807,44.96163],[-72.20472,44.96316],[-72.20363,44.96324],[-72.20261,44.96284],[-72.20215,44.96232],[-72.20168,44.96092],[-72.20027,44.96147],[-72.20076,44.96268],[-72.20051,44.96326],[-72.20002,44.96366],[-72.1984,44.96417],[-72.19741,44.96422],[-72.19616,44.96458],[-72.19495,44.96446],[-72.19436,44.96414],[-72.19357,44.96332],[-72.19283,44.96332],[-72.19172,44.96307],[-72.19075,44.96242],[-72.19056,44.96174],[-72.19108,44.95819],[-72.19189,44.9571],[-72.18832,44.95551],[-72.18741,44.95429],[-72.18739,44.95367],[-72.1878,44.95307],[-72.18732,44.95259],[-72.18718,44.95199],[-72.18773,44.95101],[-72.18793,44.94901],[-72.18679,44.94849],[-72.18646,44.94801],[-72.18581,44.94753],[-72.18556,44.94686],[-72.18593,44.94566],[-72.18666,44.94516],[-72.18712,44.94442],[-72.18795,44.94404],[-72.18792,44.94386],[-72.18679,44.94327],[-72.18645,44.94224],[-72.18605,44.94168],[-72.18544,44.94135],[-72.18481,44.94071],[-72.18285,44.941],[-72.1808,44.94054],[-72.17991,44.94008],[-72.17954,44.93941],[-72.17791,44.93912],[-72.17695,44.93849],[-72.17565,44.93821],[-72.17505,44.93766],[-72.17483,44.93666],[-72.17418,44.93623],[-72.17388,44.93566],[-72.17397,44.93505],[-72.17442,44.93454],[-72.17554,44.93384],[-72.17701,44.93333],[-72.17787,44.93339],[-72.1786,44.93372],[-72.1793,44.93463],[-72.17948,44.93523],[-72.18032,44.93562],[-72.18124,44.93496],[-72.1829,44.93448],[-72.18376,44.9345],[-72.18712,44.93527],[-72.18779,44.93472],[-72.18885,44.93449]]],[[[-72.19192,44.90201],[-72.19276,44.90216],[-72.19369,44.90266],[-72.19413,44.9031],[-72.1949,44.90456],[-72.19702,44.90556],[-72.19739,44.90621],[-72.19727,44.90688],[-72.19824,44.90752],[-72.19942,44.90764],[-72.20106,44.90854],[-72.20161,44.90912],[-72.20166,44.90984],[-72.20246,44.91005],[-72.20305,44.9105],[-72.20331,44.91117],[-72.20318,44.91211],[-72.20375,44.91286],[-72.20381,44.91356],[-72.20337,44.91418],[-72.20193,44.91515],[-72.20098,44.91532],[-72.20012,44.91517],[-72.19946,44.9157],[-72.19867,44.91595],[-72.19793,44.91595],[-72.19725,44.91575],[-72.19651,44.91506],[-72.19592,44.91373],[-72.19597,44.91309],[-72.19453,44.91215],[-72.19416,44.91169],[-72.19343,44.91144],[-72.19221,44.91066],[-72.19125,44.91039],[-72.18695,44.90809],[-72.18646,44.9077],[-72.18621,44.90702],[-72.18654,44.90627],[-72.19049,44.90247],[-72.1912,44.90211],[-72.19192,44.90201]]],[[[-72.19953,44.91823],[-72.20278,44.91911],[-72.20364,44.91973],[-72.20397,44.92216],[-72.20359,44.92296],[-72.20407,44.92356],[-72.2041,44.92449],[-72.20441,44.92495],[-72.20468,44.92601],[-72.20428,44.92733],[-72.20383,44.92785],[-72.20309,44.92817],[-72.20228,44.92823],[-72.2006,44.92953],[-72.19944,44.92981],[-72.19721,44.92932],[-72.19667,44.92884],[-72.19648,44.92824],[-72.19685,44.92598],[-72.19726,44.92554],[-72.19799,44.92522],[-72.1979,44.92461],[-72.19821,44.92403],[-72.19964,44.92321],[-72.19816,44.92321],[-72.19715,44.92272],[-72.19677,44.92208],[-72.19685,44.92065],[-72.19802,44.91875],[-72.19869,44.91836],[-72.19953,44.91823]]],[[[-72.18348,44.94216],[-72.18464,44.94244],[-72.18527,44.94308],[-72.18536,44.94369],[-72.18482,44.94504],[-72.18524,44.94564],[-72.18526,44.94625],[-72.18465,44.947],[-72.18262,44.94776],[-72.18187,44.94845],[-72.18106,44.94866],[-72.17956,44.94864],[-72.17866,44.94818],[-72.17828,44.94745],[-72.17779,44.94746],[-72.17509,44.94823],[-72.17435,44.94822],[-72.17366,44.94802],[-72.17332,44.94849],[-72.17276,44.94884],[-72.16998,44.94956],[-72.16888,44.94948],[-72.16803,44.94898],[-72.16771,44.94823],[-72.16817,44.94617],[-72.16846,44.94568],[-72.16898,44.94531],[-72.16967,44.94511],[-72.17125,44.94504],[-72.17248,44.94536],[-72.1731,44.94507],[-72.17579,44.94443],[-72.1767,44.94387],[-72.17834,44.94371],[-72.18034,44.94239],[-72.18348,44.94216]]],[[[-72.99089,44.40446],[-72.99038,44.40404],[-72.99014,44.40354],[-72.99019,44.40301],[-72.99051,44.40254],[-72.99122,44.40198],[-72.99187,44.40174],[-72.99273,44.40172],[-72.99351,44.40197],[-72.99437,44.40294],[-72.99438,44.40347],[-72.99403,44.40403],[-72.99335,44.40456],[-72.99258,44.40481],[-72.99172,44.4048],[-72.99089,44.40446]]]]}},{"type":"Feature","properties":{"PWSID":"VT0005211","PWS_Name":"BRANDON FIRE DISTRICT 1","Pop_Cat_5":"3,301-10,000","Population_Served_Count":3963,"Service_Connections_Count":1257,"Service_Area_Type":"Residential Area","Model_Method":"Random Forest","boundary_source":"EPA-modeled","is_community":true,"Area_SqKM":15.300130575681253,"Detailed_Facility_Report":"https://echo.epa.gov/detailed-facility-report?fid=VT0005211&sys=SDWIS"},"geometry":{"type":"Polygon","coordinates":[[[-73.08054,43.78249],[-73.08049,43.78234],[-73.08162,43.78413],[-73.08212,43.78531],[-73.08431,43.78509],[-73.09322,43.78815],[-73.09636,43.79487],[-73.09953,43.79912],[-73.09928,43.80022],[-73.10246,43.80069],[-73.10287,43.79931],[-73.10695,43.79993],[-73.11394,43.80042],[-73.11261,43.80138],[-73.11382,43.8025],[-73.11478,43.80292],[-73.11522,43.80535],[-73.1158,43.80569],[-73.11922,43.80684],[-73.11992,43.80831],[-73.12064,43.80931],[-73.12099,43.81041],[-73.12157,43.81657],[-73.12099,43.81939],[-73.12081,43.82225],[-73.12018,43.82417],[-73.1201,43.82508],[-73.11659,43.82167],[-73.1088,43.81475],[-73.10751,43.81424],[-73.10708,43.81566],[-73.10334,43.81489],[-73.10298,43.81148],[-73.10263,43.81045],[-73.09827,43.80518],[-73.09732,43.80922],[-73.09873,43.81519],[-73.10018,43.81978],[-73.09807,43.81974],[-73.08998,43.82048],[-73.08708,43.81692],[-73.08394,43.81512],[-73.08259,43.81393],[-73.08132,43.81097],[-73.07849,43.81113],[-73.07706,43.81091],[-73.07661,43.81069],[-73.07631,43.80965],[-73.07583,43.81023],[-73.07461,43.81034],[-73.07301,43.81103],[-73.07176,43.8121],[-73.07171,43.81657],[-73.07055,43.81838],[-73.06829,43.82292],[-73.06789,43.82392],[-73.06781,43.82533],[-73.0693,43.82753],[-73.0709,43.82915],[-73.07161,43.8323],[-73.0743,43.83478],[-73.07536,43.83706],[-73.0767,43.83828],[-73.07907,43.83993],[-73.07981,43.84115],[-73.08162,43.84233],[-73.08238,43.84353],[-73.08444,43.84487],[-73.05721,43.84592],[-73.05673,43.84332],[-73.05637,43.83889],[-73.05506,43.83036],[-73.05004,43.8315],[-73.04969,43.83145],[-73.04955,43.83122],[-73.05033,43.8304],[-73.05014,43.8302],[-73.05128,43.82883],[-73.0586,43.82194],[-73.05759,43.81628],[-73.05654,43.81649],[-73.05605,43.81744],[-73.05523,43.81789],[-73.05018,43.81829],[-73.0477,43.81878],[-73.0467,43.81864],[-73.04521,43.81755],[-73.04654,43.81682],[-73.04821,43.81491],[-73.04998,43.81324],[-73.05115,43.81181],[-73.0526,43.80952],[-73.05399,43.80875],[-73.05451,43.80828],[-73.05654,43.80825],[-73.05628,43.80555],[-73.06016,43.80569],[-73.06579,43.80434],[-73.06724,43.80432],[-73.06868,43.80448],[-73.06997,43.80515],[-73.0703,43.80514],[-73.07125,43.80462],[-73.07594,43.80124],[-73.07812,43.79935],[-73.07877,43.79902],[-73.08013,43.79891],[-73.08025,43.79606],[-73.08053,43.79488],[-73.07899,43.79339],[-73.07825,43.79076],[-73.07728,43.78908],[-73.07652,43.78849],[-73.07879,43.78747],[-73.07961,43.78656],[-73.08005,43.78573],[-73.08109,43.78539],[-73.08054,43.78249]]]}},{"type":"Feature","properties":{"PWSID":"VT0005275","PWS_Name":"NORTHFIELD WATER DEPT","Pop_Cat_5":"3,301-10,000","Population_Served_Count":5145,"Service_Connections_Count":1258,"Service_Area_Type":"Residential Area","Model_Method":"","boundary_source":"Authoritative (VT/local)","is_community":true,"Area_SqKM":14.325555179779172,"Detailed_Facility_Report":"https://echo.epa.gov/detailed-facility-report?fid=VT0005275&sys=SDWIS"},"geometry":{"type":"MultiPolygon","coordinates":[[[[-72.6648,44.14331],[-72.6666,44.1437],[-72.66718,44.14415],[-72.66741,44.14464],[-72.66736,44.14726],[-72.66763,44.14769],[-72.66768,44.14821],[-72.66703,44.14982],[-72.66604,44.15078],[-72.66666,44.15152],[-72.6683,44.15225],[-72.66953,44.15219],[-72.67075,44.15257],[-72.67142,44.15313],[-72.67193,44.15405],[-72.67331,44.15454],[-72.6739,44.15524],[-72.67479,44.15565],[-72.67524,44.15617],[-72.67531,44.15689],[-72.67433,44.1588],[-72.67423,44.16005],[-72.67473,44.1606],[-72.67529,44.16201],[-72.67464,44.16362],[-72.67379,44.16423],[-72.67259,44.16435],[-72.66407,44.16214],[-72.66317,44.16145],[-72.66312,44.16047],[-72.66216,44.16009],[-72.66164,44.15937],[-72.66083,44.16006],[-72.65967,44.16023],[-72.65936,44.1622],[-72.65877,44.16275],[-72.65796,44.16301],[-72.65782,44.16358],[-72.65859,44.16571],[-72.65835,44.16642],[-72.65789,44.16701],[-72.66198,44.16676],[-72.66332,44.16705],[-72.6639,44.16749],[-72.66415,44.16808],[-72.66351,44.16987],[-72.66557,44.17041],[-72.66637,44.17106],[-72.66641,44.17201],[-72.66364,44.17723],[-72.66264,44.17771],[-72.66115,44.17766],[-72.66052,44.1774],[-72.65969,44.17678],[-72.65753,44.17599],[-72.6562,44.17587],[-72.65506,44.17529],[-72.65395,44.17549],[-72.65291,44.17544],[-72.65194,44.17521],[-72.64991,44.17642],[-72.64753,44.17727],[-72.64668,44.17721],[-72.64315,44.17631],[-72.64224,44.17562],[-72.6422,44.17467],[-72.64434,44.17257],[-72.64494,44.1722],[-72.64554,44.17094],[-72.64347,44.17247],[-72.64282,44.17271],[-72.64209,44.17274],[-72.63667,44.17145],[-72.63592,44.17088],[-72.63574,44.17011],[-72.63619,44.16939],[-72.6395,44.1669],[-72.6407,44.16679],[-72.64403,44.16754],[-72.64444,44.16741],[-72.6449,44.16691],[-72.63982,44.16557],[-72.63924,44.16525],[-72.63883,44.16471],[-72.63851,44.16632],[-72.63811,44.16686],[-72.63718,44.16728],[-72.63598,44.16722],[-72.63295,44.16628],[-72.63235,44.16596],[-72.6319,44.16524],[-72.63208,44.16446],[-72.63158,44.16396],[-72.63145,44.16327],[-72.63259,44.15987],[-72.634,44.15835],[-72.63481,44.15796],[-72.63589,44.15794],[-72.64704,44.16036],[-72.64679,44.15959],[-72.64729,44.15795],[-72.64766,44.15749],[-72.64871,44.15679],[-72.64965,44.1566],[-72.65155,44.1568],[-72.65236,44.15719],[-72.65279,44.15782],[-72.65304,44.15774],[-72.65349,44.15704],[-72.65326,44.15602],[-72.65203,44.15621],[-72.64938,44.15565],[-72.64874,44.15513],[-72.64845,44.15438],[-72.64755,44.15384],[-72.64725,44.15327],[-72.64778,44.15131],[-72.64842,44.15079],[-72.64938,44.15056],[-72.64947,44.14918],[-72.65048,44.14817],[-72.64984,44.14774],[-72.64953,44.14708],[-72.64876,44.14658],[-72.64846,44.14601],[-72.64851,44.14548],[-72.64912,44.14451],[-72.64915,44.1439],[-72.64967,44.14294],[-72.64277,44.14087],[-72.64179,44.14237],[-72.64106,44.14269],[-72.64009,44.14274],[-72.63162,44.14066],[-72.63077,44.14015],[-72.62968,44.14021],[-72.62641,44.13948],[-72.62592,44.14135],[-72.62221,44.14445],[-72.62151,44.14462],[-72.62078,44.14458],[-72.61691,44.1435],[-72.61633,44.14284],[-72.61636,44.14205],[-72.62388,44.12702],[-72.62479,44.12645],[-72.62599,44.12639],[-72.64404,44.13133],[-72.6448,44.13091],[-72.64564,44.13081],[-72.65333,44.13183],[-72.65325,44.13008],[-72.65398,44.12939],[-72.65511,44.12915],[-72.65544,44.12847],[-72.65522,44.12709],[-72.65559,44.12645],[-72.65671,44.12594],[-72.65803,44.12595],[-72.65895,44.12628],[-72.65968,44.12587],[-72.65907,44.12531],[-72.65896,44.12453],[-72.66049,44.12165],[-72.66098,44.12116],[-72.66173,44.12087],[-72.66246,44.12084],[-72.6641,44.12143],[-72.66506,44.12034],[-72.66605,44.11987],[-72.66678,44.11972],[-72.66815,44.11984],[-72.6709,44.12041],[-72.67145,44.12076],[-72.67207,44.1215],[-72.67221,44.12244],[-72.67188,44.12292],[-72.66985,44.12461],[-72.6692,44.12537],[-72.66841,44.12711],[-72.66734,44.12767],[-72.66649,44.12769],[-72.66532,44.12739],[-72.66452,44.12783],[-72.66444,44.12989],[-72.66559,44.1303],[-72.66613,44.13108],[-72.66577,44.13241],[-72.66604,44.1331],[-72.66583,44.13481],[-72.66543,44.13525],[-72.66482,44.13554],[-72.66378,44.13563],[-72.66293,44.13593],[-72.66191,44.1359],[-72.66151,44.13648],[-72.66092,44.13684],[-72.66045,44.13801],[-72.65998,44.13856],[-72.66008,44.13907],[-72.65992,44.13994],[-72.65907,44.14062],[-72.66007,44.14062],[-72.66255,44.14135],[-72.66351,44.14199],[-72.66371,44.14259],[-72.66357,44.14311],[-72.66195,44.14499],[-72.66237,44.1452],[-72.66262,44.14507],[-72.66339,44.14377],[-72.66408,44.14342],[-72.6648,44.14331]]],[[[-72.67768,44.14338],[-72.67912,44.14361],[-72.67989,44.14395],[-72.68341,44.14439],[-72.68418,44.14481],[-72.68455,44.14546],[-72.68443,44.14615],[-72.68116,44.15191],[-72.68052,44.15243],[-72.67973,44.15265],[-72.67888,44.15259],[-72.67378,44.15132],[-72.67305,44.15086],[-72.67275,44.15028],[-72.67309,44.14916],[-72.676,44.14414],[-72.67675,44.14356],[-72.67768,44.14338]]],[[[-72.71968,44.1447],[-72.72061,44.14488],[-72.72429,44.14651],[-72.72504,44.14714],[-72.72518,44.14775],[-72.725,44.14826],[-72.72381,44.14984],[-72.72297,44.15034],[-72.72213,44.15044],[-72.72131,44.15027],[-72.71825,44.14878],[-72.71766,44.14823],[-72.71747,44.147],[-72.71795,44.14554],[-72.71863,44.14493],[-72.71968,44.1447]]]]}},{"type":"Feature","properties":{"PWSID":"VT0005343","PWS_Name":"WOODSTOCK AQUEDUCT CO","Pop_Cat_5":"501-3,300","Population_Served_Count":2473,"Service_Connections_Count":777,"Service_Area_Type":"Residential Area","Model_Method":"","boundary_source":"Authoritative (VT/local)","is_community":true,"Area_SqKM":13.963053362654918,"Detailed_Facility_Report":"https://echo.epa.gov/detailed-facility-report?fid=VT0005343&sys=SDWIS"},"geometry":{"type":"MultiPolygon","coordinates":[[[[-72.53049,43.61318],[-72.53142,43.61336],[-72.53295,43.61423],[-72.53394,43.61574],[-72.53377,43.61662],[-72.53395,43.61711],[-72.53387,43.6176],[-72.53517,43.61773],[-72.53582,43.61796],[-72.53669,43.6188],[-72.53694,43.61939],[-72.53669,43.62015],[-72.53564,43.62113],[-72.53477,43.62144],[-72.53389,43.62141],[-72.534,43.62218],[-72.53381,43.62269],[-72.53328,43.62317],[-72.5324,43.62343],[-72.53132,43.62512],[-72.53013,43.62551],[-72.5293,43.62541],[-72.5286,43.62505],[-72.52754,43.62538],[-72.52807,43.62624],[-72.52775,43.62713],[-72.52673,43.62773],[-72.52601,43.6278],[-72.52533,43.62767],[-72.52448,43.62841],[-72.52463,43.62918],[-72.52408,43.63023],[-72.5235,43.63068],[-72.52283,43.63088],[-72.52155,43.63076],[-72.52086,43.63093],[-72.52013,43.6309],[-72.51932,43.63057],[-72.51761,43.63039],[-72.51621,43.62965],[-72.51409,43.62925],[-72.51296,43.6292],[-72.51041,43.62858],[-72.50932,43.6285],[-72.50929,43.62902],[-72.51069,43.62935],[-72.51211,43.62998],[-72.51275,43.63043],[-72.5132,43.63113],[-72.5133,43.63231],[-72.5131,43.63332],[-72.51264,43.63409],[-72.51187,43.63487],[-72.51323,43.63362],[-72.51577,43.63181],[-72.51656,43.63147],[-72.51737,43.63138],[-72.51815,43.63148],[-72.52143,43.63242],[-72.52327,43.63348],[-72.52391,43.63321],[-72.52475,43.63315],[-72.52564,43.63342],[-72.52654,43.63416],[-72.5287,43.63395],[-72.52954,43.63405],[-72.53161,43.6354],[-72.53192,43.63623],[-72.53146,43.63704],[-72.52938,43.63847],[-72.52764,43.63878],[-72.5276,43.63953],[-72.52697,43.64017],[-72.52604,43.64054],[-72.52531,43.64064],[-72.52546,43.64191],[-72.52587,43.64273],[-72.52604,43.64456],[-72.52585,43.64516],[-72.52541,43.64558],[-72.52466,43.64587],[-72.52382,43.64589],[-72.51903,43.64477],[-72.51853,43.6452],[-72.51776,43.64545],[-72.51692,43.64543],[-72.51617,43.64514],[-72.5124,43.64115],[-72.5101,43.63667],[-72.51007,43.63605],[-72.51038,43.63554],[-72.50813,43.63615],[-72.50621,43.63764],[-72.50506,43.63818],[-72.50396,43.63836],[-72.49813,43.63851],[-72.49647,43.63987],[-72.49529,43.64031],[-72.49369,43.64033],[-72.49168,43.63997],[-72.4905,43.64007],[-72.48934,43.63962],[-72.48888,43.63898],[-72.48878,43.63846],[-72.48903,43.63787],[-72.4896,43.63742],[-72.49604,43.63584],[-72.49703,43.63526],[-72.49846,43.63518],[-72.49922,43.63485],[-72.49751,43.63382],[-72.49633,43.63347],[-72.49408,43.63478],[-72.49279,43.63494],[-72.48461,43.63265],[-72.48408,43.63218],[-72.48388,43.63158],[-72.48478,43.62683],[-72.48598,43.62501],[-72.48678,43.62462],[-72.48782,43.62459],[-72.48873,43.62374],[-72.48924,43.62289],[-72.49001,43.62246],[-72.49072,43.62236],[-72.49531,43.62244],[-72.49786,43.6231],[-72.50138,43.62191],[-72.50135,43.62145],[-72.4995,43.61966],[-72.49921,43.61909],[-72.49925,43.61856],[-72.50038,43.6161],[-72.50082,43.61568],[-72.50145,43.61541],[-72.50364,43.6113],[-72.50404,43.61086],[-72.50476,43.61054],[-72.50548,43.61047],[-72.50892,43.61119],[-72.50982,43.60913],[-72.5073,43.60846],[-72.50676,43.60798],[-72.50657,43.60739],[-72.50879,43.60272],[-72.50892,43.60185],[-72.51064,43.59996],[-72.5097,43.59925],[-72.5093,43.59834],[-72.50952,43.5966],[-72.51009,43.59593],[-72.51456,43.5947],[-72.51493,43.59401],[-72.51596,43.59324],[-72.51666,43.59311],[-72.51744,43.59315],[-72.51818,43.59344],[-72.51862,43.59386],[-72.5188,43.5946],[-72.51967,43.5955],[-72.52037,43.5972],[-72.52117,43.59719],[-72.52291,43.59759],[-72.52349,43.59791],[-72.52385,43.59837],[-72.52391,43.59906],[-72.52272,43.60244],[-72.52437,43.60533],[-72.52562,43.60555],[-72.52636,43.60612],[-72.52655,43.60672],[-72.52637,43.60736],[-72.52714,43.60834],[-72.52733,43.60966],[-72.52685,43.61128],[-72.52645,43.61182],[-72.52542,43.61225],[-72.52424,43.61216],[-72.52287,43.61501],[-72.52207,43.61623],[-72.52092,43.61667],[-72.51955,43.61648],[-72.52008,43.6174],[-72.52075,43.6176],[-72.52126,43.61798],[-72.52209,43.61928],[-72.52276,43.61891],[-72.5235,43.61874],[-72.52306,43.61822],[-72.52297,43.61761],[-72.52354,43.61642],[-72.52394,43.61599],[-72.52454,43.61569],[-72.52604,43.61535],[-72.52708,43.61537],[-72.52829,43.61503],[-72.5286,43.61422],[-72.5291,43.61364],[-72.52978,43.61328],[-72.53049,43.61318]]],[[[-72.55356,43.61053],[-72.5559,43.61089],[-72.55911,43.61293],[-72.56218,43.61421],[-72.56286,43.61468],[-72.56316,43.61559],[-72.56375,43.61621],[-72.56383,43.61682],[-72.56251,43.61937],[-72.56188,43.61989],[-72.56109,43.62011],[-72.56036,43.62008],[-72.55793,43.61909],[-72.55724,43.61849],[-72.55705,43.61746],[-72.55629,43.6172],[-72.55576,43.61674],[-72.55469,43.61651],[-72.55403,43.61795],[-72.55352,43.61833],[-72.55273,43.61854],[-72.55157,43.61838],[-72.55043,43.6186],[-72.54957,43.6184],[-72.54865,43.61892],[-72.54758,43.619],[-72.54654,43.61856],[-72.54592,43.61798],[-72.54574,43.61746],[-72.54508,43.61775],[-72.54436,43.61782],[-72.54266,43.61918],[-72.54168,43.6195],[-72.53814,43.61926],[-72.53664,43.61849],[-72.53632,43.61751],[-72.53693,43.61667],[-72.53881,43.61585],[-72.54167,43.61516],[-72.54117,43.6144],[-72.54134,43.61311],[-72.54206,43.61187],[-72.54213,43.61099],[-72.54307,43.60981],[-72.54186,43.60916],[-72.54138,43.60855],[-72.54146,43.60768],[-72.54214,43.60708],[-72.54367,43.60676],[-72.54444,43.60678],[-72.54571,43.60613],[-72.54691,43.60618],[-72.54786,43.60683],[-72.54812,43.60788],[-72.55011,43.6085],[-72.55072,43.60892],[-72.55151,43.61012],[-72.55148,43.61088],[-72.55219,43.61097],[-72.55285,43.61063],[-72.55356,43.61053]]],[[[-72.5568,43.59994],[-72.55793,43.6002],[-72.55861,43.6008],[-72.55874,43.6015],[-72.55825,43.60296],[-72.55921,43.60339],[-72.55997,43.60399],[-72.56028,43.60468],[-72.56021,43.60543],[-72.55963,43.60619],[-72.55849,43.60674],[-72.5574,43.60692],[-72.55396,43.60705],[-72.55313,43.6067],[-72.55168,43.60534],[-72.55138,43.60476],[-72.55143,43.60424],[-72.55191,43.60363],[-72.55305,43.60319],[-72.55452,43.60203],[-72.5554,43.60041],[-72.55598,43.60008],[-72.5568,43.59994]]]]}},{"type":"Feature","properties":{"PWSID":"VT0005139","PWS_Name":"GRAND ISLE FIRE DISTRICT 4","Pop_Cat_5":"501-3,300","Population_Served_Count":1078,"Service_Connections_Count":365,"Service_Area_Type":"Residential Area","Model_Method":"Random Forest","boundary_source":"EPA-modeled","is_community":true,"Area_SqKM":13.279118371426772,"Detailed_Facility_Report":"https://echo.epa.gov/detailed-facility-report?fid=VT0005139&sys=SDWIS"},"geometry":{"type":"Polygon","coordinates":[[[-73.34806,44.70495],[-73.34554,44.70832],[-73.34422,44.71428],[-73.34137,44.72005],[-73.33799,44.72958],[-73.33362,44.7372],[-73.3321,44.74038],[-73.32819,44.74515],[-73.32481,44.74177],[-73.32157,44.74237],[-73.31488,44.74581],[-73.3119,44.74899],[-73.30647,44.75376],[-73.30481,44.7525],[-73.30441,44.74727],[-73.30163,44.73998],[-73.30203,44.73389],[-73.30335,44.7319],[-73.30342,44.72607],[-73.30587,44.72111],[-73.30799,44.71746],[-73.30773,44.71322],[-73.3019,44.71097],[-73.29587,44.70918],[-73.29819,44.70634],[-73.29998,44.70369],[-73.30256,44.69673],[-73.3121,44.69574],[-73.31912,44.69739],[-73.32084,44.70302],[-73.32024,44.706],[-73.31726,44.7074],[-73.31792,44.71296],[-73.33541,44.71117],[-73.33587,44.70581],[-73.34806,44.70495]]]}},{"type":"Feature","properties":{"PWSID":"VT0020080","PWS_Name":"SOUTH HERO FIRE DISTRICT 4","Pop_Cat_5":"501-3,300","Population_Served_Count":760,"Service_Connections_Count":320,"Service_Area_Type":"Residential Area","Model_Method":"","boundary_source":"Authoritative (VT/local)","is_community":true,"Area_SqKM":13.25184618943938,"Detailed_Facility_Report":"https://echo.epa.gov/detailed-facility-report?fid=VT0020080&sys=SDWIS"},"geometry":{"type":"MultiPolygon","coordinates":[[[[-73.32018,44.65384],[-73.32102,44.65397],[-73.32166,44.65433],[-73.32626,44.65396],[-73.32583,44.65135],[-73.32601,44.65084],[-73.32645,44.65042],[-73.32745,44.65008],[-73.33301,44.64976],[-73.33386,44.6501],[-73.33436,44.6507],[-73.33501,44.65452],[-73.33957,44.6542],[-73.34062,44.65442],[-73.34141,44.65518],[-73.34173,44.65761],[-73.34116,44.65828],[-73.34029,44.65859],[-73.33645,44.65885],[-73.3359,44.65927],[-73.3351,44.65949],[-73.32698,44.66017],[-73.32661,44.66081],[-73.32593,44.66121],[-73.32604,44.66284],[-73.32551,44.66362],[-73.32455,44.664],[-73.3212,44.66421],[-73.32041,44.66396],[-73.3199,44.66354],[-73.31909,44.66341],[-73.3185,44.66309],[-73.31812,44.66264],[-73.31762,44.66118],[-73.31673,44.66079],[-73.31618,44.66024],[-73.31589,44.65916],[-73.31596,44.65842],[-73.31695,44.65623],[-73.31689,44.65502],[-73.31742,44.65437],[-73.31628,44.65426],[-73.31457,44.65338],[-73.31381,44.65262],[-73.31321,44.65159],[-73.31222,44.65321],[-73.31204,44.65409],[-73.31212,44.65493],[-73.31166,44.65574],[-73.31069,44.65629],[-73.30988,44.65738],[-73.30862,44.65779],[-73.3079,44.65873],[-73.30718,44.65905],[-73.30632,44.65914],[-73.30512,44.65883],[-73.30427,44.65797],[-73.30397,44.65701],[-73.30396,44.65487],[-73.30362,44.6542],[-73.30317,44.65379],[-73.30123,44.65288],[-73.30047,44.65196],[-73.29881,44.65136],[-73.2982,44.65061],[-73.29717,44.65064],[-73.29642,44.65122],[-73.29524,44.65144],[-73.29419,44.65122],[-73.29344,44.65054],[-73.29282,44.64738],[-73.29297,44.64621],[-73.29359,44.64558],[-73.29305,44.64289],[-73.29366,44.64205],[-73.2943,44.64178],[-73.29501,44.64169],[-73.29439,44.64086],[-73.29418,44.63731],[-73.29047,44.6376],[-73.28976,44.63747],[-73.28917,44.63715],[-73.28873,44.63653],[-73.28788,44.63217],[-73.28581,44.63232],[-73.28468,44.632],[-73.28409,44.63134],[-73.28379,44.62951],[-73.28398,44.629],[-73.28452,44.62853],[-73.28604,44.62818],[-73.28627,44.62634],[-73.28689,44.62565],[-73.28655,44.62289],[-73.2859,44.62259],[-73.28548,44.62216],[-73.28486,44.61982],[-73.28524,44.619],[-73.2862,44.61852],[-73.28654,44.61797],[-73.28719,44.61758],[-73.28694,44.61585],[-73.28713,44.61525],[-73.28757,44.61483],[-73.28821,44.61456],[-73.29181,44.61419],[-73.292,44.61263],[-73.29242,44.612],[-73.29424,44.61103],[-73.29591,44.61066],[-73.29523,44.61028],[-73.29487,44.60972],[-73.29497,44.60753],[-73.29452,44.6068],[-73.29443,44.60595],[-73.29408,44.60527],[-73.29439,44.60443],[-73.29534,44.60389],[-73.2995,44.60357],[-73.30065,44.60384],[-73.30114,44.60423],[-73.3014,44.60482],[-73.30114,44.60917],[-73.30216,44.60866],[-73.30423,44.6085],[-73.30549,44.60876],[-73.3074,44.60861],[-73.30835,44.60879],[-73.30891,44.60913],[-73.30927,44.60969],[-73.30988,44.61397],[-73.31308,44.61383],[-73.31393,44.61418],[-73.31439,44.61469],[-73.31552,44.61874],[-73.31528,44.6195],[-73.31458,44.62001],[-73.31651,44.63062],[-73.31633,44.63113],[-73.31579,44.6316],[-73.31513,44.63184],[-73.31432,44.63192],[-73.31412,44.63448],[-73.31354,44.63504],[-73.31252,44.63532],[-73.31321,44.6359],[-73.31353,44.63653],[-73.31356,44.63717],[-73.31333,44.63769],[-73.31592,44.63755],[-73.31661,44.63775],[-73.31713,44.63811],[-73.31746,44.63877],[-73.31735,44.64115],[-73.31824,44.64165],[-73.31857,44.64237],[-73.31907,44.64291],[-73.31914,44.64361],[-73.31876,44.64421],[-73.31937,44.64446],[-73.31979,44.64483],[-73.32463,44.64448],[-73.32535,44.64458],[-73.32606,44.64493],[-73.3265,44.64555],[-73.32696,44.64835],[-73.32673,44.64917],[-73.32582,44.64975],[-73.32174,44.65007],[-73.32224,44.65099],[-73.32202,44.65184],[-73.32133,44.65234],[-73.31989,44.6527],[-73.31958,44.6534],[-73.31864,44.654],[-73.32018,44.65384]]],[[[-73.30533,44.59411],[-73.30629,44.59422],[-73.30721,44.59464],[-73.30767,44.59505],[-73.30787,44.5956],[-73.30856,44.59587],[-73.30949,44.59667],[-73.31066,44.59727],[-73.31112,44.59779],[-73.31117,44.59857],[-73.31058,44.59934],[-73.30868,44.60044],[-73.30735,44.60042],[-73.30594,44.59962],[-73.30454,44.59923],[-73.30332,44.59934],[-73.30259,44.59924],[-73.30197,44.59895],[-73.30151,44.59844],[-73.30134,44.59744],[-73.30165,44.59677],[-73.30338,44.59526],[-73.30389,44.59455],[-73.3046,44.59422],[-73.30533,44.59411]]]]}},{"type":"Feature","properties":{"PWSID":"VT0005318","PWS_Name":"CHESTER WATER DEPT","Pop_Cat_5":"501-3,300","Population_Served_Count":3200,"Service_Connections_Count":560,"Service_Area_Type":"Residential Area","Model_Method":"","boundary_source":"Authoritative (VT/local)","is_community":true,"Area_SqKM":13.152515121520615,"Detailed_Facility_Report":"https://echo.epa.gov/detailed-facility-report?fid=VT0005318&sys=SDWIS"},"geometry":{"type":"Polygon","coordinates":[[[-72.60437,43.25899],[-72.60508,43.25909],[-72.60568,43.25938],[-72.60655,43.26013],[-72.60679,43.26071],[-72.60618,43.2626],[-72.60565,43.26308],[-72.60489,43.26338],[-72.6095,43.26455],[-72.61138,43.26451],[-72.61322,43.26475],[-72.61502,43.26457],[-72.61613,43.2647],[-72.61716,43.26518],[-72.61801,43.26584],[-72.61944,43.26719],[-72.62016,43.2682],[-72.6211,43.2685],[-72.62716,43.26904],[-72.62869,43.26879],[-72.62967,43.26912],[-72.63034,43.26976],[-72.63153,43.27176],[-72.63251,43.2724],[-72.63406,43.27411],[-72.63613,43.2758],[-72.63692,43.27709],[-72.63685,43.27828],[-72.63741,43.27917],[-72.63706,43.28005],[-72.63467,43.28238],[-72.63399,43.28274],[-72.63328,43.28285],[-72.62661,43.28275],[-72.62643,43.28396],[-72.62603,43.28439],[-72.62543,43.28469],[-72.62473,43.28479],[-72.62128,43.28471],[-72.62042,43.28453],[-72.6198,43.28411],[-72.61953,43.28363],[-72.61959,43.28107],[-72.61994,43.28051],[-72.62048,43.28016],[-72.62116,43.27999],[-72.62209,43.27999],[-72.62218,43.2781],[-72.62163,43.27775],[-72.62112,43.27703],[-72.62086,43.27432],[-72.62018,43.27229],[-72.61918,43.27229],[-72.61782,43.27185],[-72.6171,43.27116],[-72.61701,43.27008],[-72.61616,43.27006],[-72.61509,43.2697],[-72.61522,43.27105],[-72.61478,43.27177],[-72.61409,43.27213],[-72.61136,43.27274],[-72.612,43.27409],[-72.6128,43.27516],[-72.61294,43.27577],[-72.61256,43.2765],[-72.61116,43.2774],[-72.61038,43.27762],[-72.60797,43.27767],[-72.60685,43.27739],[-72.60622,43.27675],[-72.60559,43.27439],[-72.60506,43.27446],[-72.60488,43.27501],[-72.60434,43.27548],[-72.60296,43.27586],[-72.60488,43.27774],[-72.60618,43.27979],[-72.60793,43.28454],[-72.60927,43.28942],[-72.61026,43.29954],[-72.60928,43.30882],[-72.6093,43.31014],[-72.60971,43.31213],[-72.6102,43.31275],[-72.61085,43.3149],[-72.61171,43.3166],[-72.61152,43.3172],[-72.61094,43.31769],[-72.61087,43.31925],[-72.61006,43.3215],[-72.61011,43.3229],[-72.61048,43.32358],[-72.61112,43.32412],[-72.61246,43.32448],[-72.61322,43.32515],[-72.61483,43.32574],[-72.61566,43.32629],[-72.6164,43.32702],[-72.61721,43.32825],[-72.61756,43.32928],[-72.61758,43.3321],[-72.61495,43.33846],[-72.61469,43.34209],[-72.61492,43.34296],[-72.61458,43.34491],[-72.61425,43.34545],[-72.61389,43.34867],[-72.6133,43.34942],[-72.6122,43.34976],[-72.61091,43.34957],[-72.61008,43.34883],[-72.60999,43.34831],[-72.61034,43.34507],[-72.61022,43.34457],[-72.60945,43.34393],[-72.60931,43.34332],[-72.6095,43.34282],[-72.61056,43.34141],[-72.61114,43.33766],[-72.61269,43.33377],[-72.61359,43.33005],[-72.61296,43.32842],[-72.60895,43.3269],[-72.60685,43.325],[-72.60606,43.32349],[-72.60603,43.32145],[-72.60696,43.31888],[-72.60673,43.31757],[-72.6057,43.316],[-72.60582,43.31531],[-72.60632,43.31481],[-72.60531,43.31072],[-72.60578,43.3044],[-72.60557,43.30367],[-72.60584,43.30294],[-72.60562,43.30221],[-72.60575,43.3013],[-72.60609,43.30081],[-72.60553,43.29231],[-72.60521,43.28922],[-72.60414,43.28538],[-72.6023,43.28042],[-72.60121,43.27891],[-72.59968,43.27948],[-72.59848,43.2793],[-72.59779,43.2794],[-72.59661,43.27933],[-72.59576,43.27902],[-72.59436,43.27784],[-72.58642,43.27865],[-72.58559,43.27856],[-72.58491,43.2782],[-72.58455,43.27774],[-72.58446,43.27713],[-72.5855,43.27467],[-72.58477,43.27457],[-72.58408,43.27421],[-72.58369,43.27367],[-72.58364,43.27315],[-72.58439,43.2716],[-72.58486,43.27121],[-72.58553,43.27097],[-72.58608,43.26988],[-72.58682,43.26934],[-72.58537,43.26878],[-72.58439,43.26792],[-72.58278,43.26738],[-72.58211,43.26685],[-72.58183,43.26628],[-72.58189,43.2657],[-72.58151,43.26415],[-72.58067,43.26252],[-72.58072,43.26186],[-72.57993,43.26113],[-72.57878,43.2611],[-72.57768,43.26069],[-72.57718,43.26],[-72.57728,43.25922],[-72.57642,43.25817],[-72.57526,43.25768],[-72.57457,43.25707],[-72.57302,43.25629],[-72.57214,43.25517],[-72.57153,43.25386],[-72.54823,43.23672],[-72.54778,43.236],[-72.54801,43.23515],[-72.54849,43.23475],[-72.54914,43.23452],[-72.55004,43.23445],[-72.55074,43.23459],[-72.55554,43.23799],[-72.55616,43.23806],[-72.55678,43.23832],[-72.55775,43.23963],[-72.57636,43.25314],[-72.57546,43.2518],[-72.57536,43.25104],[-72.57588,43.25017],[-72.57688,43.24967],[-72.57758,43.24957],[-72.57828,43.24967],[-72.57928,43.25033],[-72.58591,43.24821],[-72.58686,43.24826],[-72.58873,43.24897],[-72.59055,43.24897],[-72.59459,43.24735],[-72.5953,43.24728],[-72.5961,43.24746],[-72.59706,43.24829],[-72.59862,43.24862],[-72.59941,43.24916],[-72.59964,43.24966],[-72.59992,43.25194],[-72.59973,43.25263],[-72.59911,43.25316],[-72.59846,43.25339],[-72.59709,43.25349],[-72.5967,43.25367],[-72.59764,43.25417],[-72.59892,43.25439],[-72.59973,43.25492],[-72.60074,43.25656],[-72.60062,43.2575],[-72.60233,43.25847],[-72.60403,43.25901],[-72.60437,43.25899]]]}},{"type":"Feature","properties":{"PWSID":"VT0005565","PWS_Name":"JAY PEAK WATER SYSTEM","Pop_Cat_5":"3,301-10,000","Population_Served_Count":6740,"Service_Connections_Count":521,"Service_Area_Type":"Residential Area","Model_Method":"","boundary_source":"Authoritative (VT/local)","is_community":true,"Area_SqKM":12.7343335795603,"Detailed_Facility_Report":"https://echo.epa.gov/detailed-facility-report?fid=VT0005565&sys=SDWIS"},"geometry":{"type":"Polygon","coordinates":[[[-72.5023,44.92409],[-72.50355,44.92443],[-72.50602,44.92642],[-72.50764,44.92846],[-72.50784,44.92899],[-72.51594,44.92893],[-72.51658,44.9292],[-72.51704,44.92961],[-72.51758,44.93131],[-72.53263,44.93108],[-72.53335,44.93118],[-72.53405,44.93154],[-72.53449,44.93217],[-72.53543,44.93665],[-72.53771,44.93977],[-72.53975,44.94177],[-72.54067,44.945],[-72.54165,44.94663],[-72.54132,44.94942],[-72.54087,44.94994],[-72.54003,44.95036],[-72.53936,44.95209],[-72.53885,44.95259],[-72.5372,44.95318],[-72.53209,44.95331],[-72.52865,44.95282],[-72.52691,44.9528],[-72.52533,44.95358],[-72.52451,44.95376],[-72.50796,44.95423],[-72.49767,44.95435],[-72.49842,44.95794],[-72.4981,44.9586],[-72.49736,44.95906],[-72.49665,44.9592],[-72.4899,44.95922],[-72.48638,44.95938],[-72.48554,44.95924],[-72.48495,44.95892],[-72.48452,44.95829],[-72.48375,44.95457],[-72.47988,44.95452],[-72.47903,44.95417],[-72.47857,44.95365],[-72.47703,44.94709],[-72.4763,44.94702],[-72.47565,44.94676],[-72.47502,44.94592],[-72.47489,44.94432],[-72.47614,44.94289],[-72.47589,44.94084],[-72.47599,44.94033],[-72.47654,44.93975],[-72.47754,44.93943],[-72.48169,44.93914],[-72.48987,44.93898],[-72.4891,44.93588],[-72.48936,44.93512],[-72.49243,44.93307],[-72.49216,44.93225],[-72.4923,44.93164],[-72.49271,44.9312],[-72.49329,44.93092],[-72.49353,44.93036],[-72.49463,44.92934],[-72.49756,44.92815],[-72.49966,44.92795],[-72.49983,44.92739],[-72.49968,44.92719],[-72.49833,44.92645],[-72.49784,44.92584],[-72.49781,44.92523],[-72.49825,44.9246],[-72.49931,44.92417],[-72.5023,44.92409]]]}},{"type":"Feature","properties":{"PWSID":"VT0005341","PWS_Name":"WINDSOR WATER DEPT","Pop_Cat_5":"501-3,300","Population_Served_Count":2350,"Service_Connections_Count":979,"Service_Area_Type":"Residential Area","Model_Method":"","boundary_source":"Authoritative (VT/local)","is_community":true,"Area_SqKM":12.674206424523968,"Detailed_Facility_Report":"https://echo.epa.gov/detailed-facility-report?fid=VT0005341&sys=SDWIS"},"geometry":{"type":"MultiPolygon","coordinates":[[[[-72.4018,43.46952],[-72.403,43.46974],[-72.40321,43.46877],[-72.40277,43.46782],[-72.40274,43.46715],[-72.40329,43.46629],[-72.404,43.46596],[-72.40509,43.46588],[-72.40579,43.46598],[-72.4064,43.46627],[-72.40729,43.46734],[-72.40753,43.46924],[-72.40715,43.47531],[-72.40615,43.47651],[-72.40492,43.47698],[-72.40448,43.47747],[-72.40358,43.478],[-72.39975,43.47846],[-72.40029,43.47878],[-72.40065,43.47924],[-72.40104,43.4815],[-72.40193,43.48155],[-72.40267,43.48184],[-72.40311,43.48225],[-72.4033,43.48297],[-72.40381,43.48338],[-72.40404,43.48386],[-72.40494,43.48416],[-72.40614,43.48497],[-72.40712,43.4853],[-72.4076,43.4857],[-72.40783,43.4862],[-72.40802,43.48805],[-72.40771,43.4888],[-72.4072,43.48917],[-72.40653,43.48937],[-72.40183,43.48978],[-72.40089,43.48964],[-72.4001,43.48915],[-72.39941,43.48826],[-72.39888,43.48668],[-72.39775,43.48619],[-72.39699,43.48543],[-72.39659,43.48455],[-72.3959,43.48418],[-72.39297,43.48342],[-72.39193,43.48286],[-72.39104,43.48355],[-72.38932,43.48374],[-72.38815,43.48497],[-72.38713,43.4855],[-72.38805,43.48583],[-72.38859,43.4863],[-72.38889,43.48822],[-72.38936,43.48866],[-72.38956,43.48919],[-72.39061,43.48932],[-72.39119,43.48964],[-72.39152,43.49004],[-72.39281,43.49037],[-72.39341,43.48988],[-72.39431,43.48949],[-72.39568,43.48938],[-72.39657,43.48969],[-72.39806,43.49067],[-72.39833,43.49116],[-72.39861,43.49273],[-72.39843,43.4935],[-72.39748,43.49415],[-72.39541,43.49447],[-72.39604,43.49505],[-72.39634,43.49596],[-72.39717,43.49618],[-72.39774,43.49663],[-72.40017,43.50013],[-72.40745,43.49948],[-72.40855,43.49982],[-72.40914,43.50057],[-72.40944,43.50414],[-72.4092,43.50463],[-72.40861,43.50511],[-72.40817,43.50653],[-72.40747,43.50708],[-72.40721,43.51084],[-72.40754,43.51138],[-72.40754,43.5119],[-72.40726,43.51239],[-72.40665,43.51281],[-72.40552,43.51304],[-72.40485,43.51302],[-72.40511,43.51395],[-72.40464,43.51479],[-72.40495,43.51564],[-72.40444,43.51751],[-72.40456,43.51799],[-72.40442,43.5185],[-72.40328,43.52023],[-72.4026,43.52073],[-72.40191,43.52089],[-72.40125,43.52087],[-72.40028,43.52118],[-72.3992,43.52105],[-72.39827,43.52118],[-72.3959,43.52094],[-72.39516,43.52065],[-72.39459,43.51998],[-72.39459,43.51895],[-72.397,43.51352],[-72.39727,43.51229],[-72.39681,43.51105],[-72.39693,43.51036],[-72.39748,43.50978],[-72.39834,43.50947],[-72.40124,43.50967],[-72.40099,43.50824],[-72.399,43.50777],[-72.39846,43.5073],[-72.39827,43.50672],[-72.39807,43.50669],[-72.39754,43.50672],[-72.39718,43.5075],[-72.3965,43.50799],[-72.39557,43.50817],[-72.39475,43.50803],[-72.39257,43.50667],[-72.3917,43.50669],[-72.39093,43.50644],[-72.3849,43.50258],[-72.38395,43.50176],[-72.38285,43.50036],[-72.38228,43.49929],[-72.38225,43.49865],[-72.3818,43.4975],[-72.38024,43.49543],[-72.37898,43.4933],[-72.37843,43.49141],[-72.37852,43.48963],[-72.37944,43.485],[-72.37968,43.48219],[-72.38001,43.48147],[-72.38027,43.47845],[-72.38064,43.47688],[-72.3813,43.4753],[-72.3831,43.47322],[-72.38425,43.47232],[-72.38639,43.47119],[-72.3871,43.47109],[-72.38779,43.47119],[-72.38752,43.47043],[-72.38771,43.46975],[-72.38898,43.4687],[-72.39111,43.46646],[-72.39121,43.46584],[-72.39005,43.46231],[-72.39067,43.46116],[-72.39125,43.46084],[-72.39195,43.4607],[-72.39197,43.45977],[-72.39149,43.45928],[-72.39136,43.4586],[-72.3903,43.45818],[-72.3898,43.45749],[-72.38963,43.45623],[-72.38909,43.4551],[-72.38872,43.45321],[-72.38889,43.45006],[-72.38968,43.44804],[-72.3904,43.44685],[-72.39112,43.44609],[-72.39176,43.44491],[-72.39279,43.44144],[-72.39363,43.43947],[-72.3942,43.43727],[-72.39438,43.43565],[-72.39419,43.43237],[-72.3949,43.43162],[-72.39553,43.43032],[-72.39601,43.42993],[-72.39596,43.4294],[-72.39636,43.42833],[-72.39694,43.42788],[-72.39785,43.42765],[-72.39984,43.42796],[-72.40042,43.42828],[-72.40078,43.42873],[-72.40081,43.42952],[-72.40027,43.4305],[-72.3998,43.43094],[-72.39972,43.43151],[-72.40019,43.43186],[-72.40047,43.43235],[-72.40042,43.43418],[-72.40136,43.43408],[-72.40245,43.43416],[-72.40309,43.43439],[-72.40363,43.43487],[-72.4039,43.43675],[-72.40391,43.43949],[-72.40376,43.44],[-72.40336,43.44044],[-72.40202,43.44093],[-72.40229,43.44247],[-72.40124,43.44571],[-72.40041,43.44645],[-72.399,43.44667],[-72.39845,43.44761],[-72.39693,43.45183],[-72.40618,43.45411],[-72.40694,43.45453],[-72.40732,43.45527],[-72.40637,43.45762],[-72.4058,43.45807],[-72.40504,43.45828],[-72.40486,43.45942],[-72.4041,43.4607],[-72.4042,43.46157],[-72.40322,43.46423],[-72.40243,43.46477],[-72.39911,43.46556],[-72.39884,43.46577],[-72.39917,43.46781],[-72.3989,43.4683],[-72.39804,43.46903],[-72.39888,43.46943],[-72.39933,43.47015],[-72.39875,43.47295],[-72.39918,43.47212],[-72.39988,43.47166],[-72.39998,43.4706],[-72.40026,43.47012],[-72.40087,43.4697],[-72.4018,43.46952]]],[[[-72.4318,43.45648],[-72.43293,43.45676],[-72.43362,43.45756],[-72.43343,43.46335],[-72.43314,43.46393],[-72.43241,43.46439],[-72.43172,43.46452],[-72.43039,43.46449],[-72.42953,43.46431],[-72.42866,43.46391],[-72.42713,43.46376],[-72.42645,43.46341],[-72.42557,43.46246],[-72.42544,43.46144],[-72.42357,43.46011],[-72.42332,43.45866],[-72.42376,43.45794],[-72.42456,43.45756],[-72.4318,43.45648]]]]}},{"type":"Feature","properties":{"PWSID":"VT0005013","PWS_Name":"ARLINGTON WATER DEPT","Pop_Cat_5":"501-3,300","Population_Served_Count":1250,"Service_Connections_Count":526,"Service_Area_Type":"Residential Area","Model_Method":"","boundary_source":"Authoritative (VT/local)","is_community":true,"Area_SqKM":12.628449410653214,"Detailed_Facility_Report":"https://echo.epa.gov/detailed-facility-report?fid=VT0005013&sys=SDWIS"},"geometry":{"type":"MultiPolygon","coordinates":[[[[-73.15838,43.05835],[-73.1592,43.05848],[-73.16041,43.05905],[-73.16085,43.05946],[-73.16104,43.05997],[-73.16072,43.06088],[-73.16103,43.06162],[-73.16065,43.06314],[-73.16066,43.06404],[-73.16119,43.06461],[-73.16128,43.06533],[-73.16071,43.0662],[-73.16046,43.06715],[-73.15947,43.068],[-73.15914,43.07006],[-73.15933,43.07055],[-73.15921,43.07113],[-73.16039,43.07051],[-73.16139,43.07037],[-73.1621,43.07047],[-73.16319,43.07114],[-73.16362,43.07179],[-73.16509,43.07263],[-73.16713,43.07333],[-73.16795,43.07424],[-73.16817,43.07497],[-73.16812,43.07547],[-73.1688,43.07608],[-73.16892,43.07686],[-73.1685,43.07749],[-73.16688,43.07854],[-73.16619,43.07868],[-73.16331,43.07875],[-73.16203,43.07948],[-73.16311,43.07986],[-73.16365,43.08072],[-73.16364,43.08161],[-73.1634,43.08235],[-73.16247,43.08315],[-73.16179,43.08332],[-73.16096,43.08327],[-73.1558,43.08146],[-73.15385,43.08378],[-73.15314,43.08411],[-73.15219,43.08416],[-73.14781,43.08221],[-73.14715,43.08149],[-73.14709,43.08097],[-73.14732,43.08047],[-73.14865,43.0796],[-73.14889,43.07889],[-73.15013,43.0778],[-73.14907,43.07736],[-73.1487,43.07691],[-73.14861,43.07631],[-73.14733,43.07572],[-73.1468,43.07514],[-73.14676,43.07436],[-73.14737,43.07344],[-73.14694,43.07288],[-73.14691,43.07227],[-73.14759,43.07101],[-73.14808,43.07055],[-73.14792,43.07034],[-73.14643,43.06982],[-73.14589,43.06902],[-73.14512,43.06892],[-73.14423,43.06853],[-73.14397,43.06861],[-73.1431,43.07032],[-73.14248,43.07085],[-73.14146,43.07108],[-73.14055,43.07104],[-73.13986,43.07083],[-73.13954,43.07129],[-73.139,43.07164],[-73.13768,43.0718],[-73.13754,43.07193],[-73.13847,43.07269],[-73.1386,43.07341],[-73.13915,43.0742],[-73.13898,43.07498],[-73.13826,43.07555],[-73.13748,43.07574],[-73.13639,43.07574],[-73.13519,43.07604],[-73.1343,43.07605],[-73.13303,43.07571],[-73.13216,43.07499],[-73.13133,43.07221],[-73.13163,43.07154],[-73.13312,43.07034],[-73.13238,43.06977],[-73.13213,43.069],[-73.13231,43.06849],[-73.13321,43.06746],[-73.13289,43.06662],[-73.13333,43.0654],[-73.13376,43.06488],[-73.13458,43.06453],[-73.13705,43.06459],[-73.1375,43.06372],[-73.13523,43.06356],[-73.13451,43.06324],[-73.13411,43.06281],[-73.13398,43.06212],[-73.13433,43.06109],[-73.13545,43.06017],[-73.13465,43.05979],[-73.1342,43.05909],[-73.13343,43.05845],[-73.13325,43.05648],[-73.13375,43.05578],[-73.13457,43.05543],[-73.13595,43.05537],[-73.13686,43.05571],[-73.13714,43.0532],[-73.13771,43.05264],[-73.13859,43.05237],[-73.13942,43.05243],[-73.14036,43.05276],[-73.14271,43.05243],[-73.14393,43.05275],[-73.1445,43.05342],[-73.14568,43.0571],[-73.14633,43.05677],[-73.1464,43.05587],[-73.14711,43.05518],[-73.14789,43.05496],[-73.14867,43.055],[-73.14975,43.05451],[-73.15092,43.05462],[-73.15333,43.05574],[-73.15395,43.05658],[-73.15383,43.05727],[-73.15256,43.05924],[-73.15199,43.05969],[-73.15129,43.05991],[-73.15133,43.06088],[-73.15078,43.06224],[-73.15224,43.0631],[-73.15389,43.06251],[-73.15693,43.05888],[-73.15757,43.05849],[-73.15838,43.05835]]],[[[-73.13024,43.04917],[-73.13105,43.0493],[-73.1317,43.04969],[-73.13205,43.05025],[-73.13222,43.05126],[-73.13302,43.05164],[-73.13347,43.05236],[-73.13287,43.05542],[-73.13229,43.05597],[-73.13141,43.05625],[-73.13043,43.05623],[-73.12966,43.05598],[-73.12913,43.05551],[-73.12893,43.05483],[-73.12826,43.05445],[-73.12727,43.0544],[-73.12661,43.0542],[-73.1261,43.05383],[-73.1258,43.05326],[-73.12621,43.05139],[-73.12654,43.05084],[-73.12719,43.05045],[-73.128,43.0503],[-73.12846,43.04972],[-73.12899,43.04937],[-73.13024,43.04917]]],[[[-73.1744,43.10546],[-73.19386,43.10578],[-73.19466,43.10595],[-73.1952,43.1063],[-73.19559,43.10703],[-73.19551,43.10916],[-73.19486,43.10988],[-73.1938,43.11017],[-73.19339,43.11653],[-73.1934,43.12114],[-73.19322,43.12165],[-73.1927,43.12213],[-73.19154,43.12241],[-73.14504,43.12198],[-73.14416,43.1218],[-73.14355,43.12139],[-73.14323,43.12055],[-73.14391,43.11657],[-73.1442,43.11599],[-73.1448,43.11557],[-73.14548,43.1154],[-73.15026,43.11544],[-73.15074,43.11148],[-73.15118,43.11106],[-73.15191,43.11077],[-73.1544,43.11077],[-73.15465,43.1086],[-73.1554,43.10783],[-73.15642,43.10759],[-73.16154,43.10765],[-73.16259,43.10734],[-73.1674,43.10739],[-73.16793,43.1071],[-73.16862,43.10696],[-73.17257,43.10704],[-73.17267,43.10639],[-73.17302,43.10593],[-73.1737,43.10557],[-73.1744,43.10546]]]]}},{"type":"Feature","properties":{"PWSID":"VT0005059","PWS_Name":"COLCHESTER FIRE DISTRICT 2","Pop_Cat_5":"3,301-10,000","Population_Served_Count":8300,"Service_Connections_Count":2800,"Service_Area_Type":"Residential Area","Model_Method":"Random Forest","boundary_source":"EPA-modeled","is_community":true,"Area_SqKM":12.490805341658875,"Detailed_Facility_Report":"https://echo.epa.gov/detailed-facility-report?fid=VT0005059&sys=SDWIS"},"geometry":{"type":"MultiPolygon","coordinates":[[[[-73.25538,44.52755],[-73.25452,44.52903],[-73.25162,44.53148],[-73.24782,44.53645],[-73.25182,44.53875],[-73.25583,44.54063],[-73.26275,44.54001],[-73.26408,44.53962],[-73.26722,44.54104],[-73.26798,44.54068],[-73.26954,44.54063],[-73.27358,44.54122],[-73.27423,44.5404],[-73.27491,44.53991],[-73.27478,44.53936],[-73.27498,44.53899],[-73.2763,44.54007],[-73.27828,44.53897],[-73.27855,44.53896],[-73.28086,44.54076],[-73.28036,44.54133],[-73.27992,44.54308],[-73.28173,44.54251],[-73.28231,44.54249],[-73.28606,44.54408],[-73.28642,44.54359],[-73.28847,44.54439],[-73.28897,44.54471],[-73.28877,44.54503],[-73.28986,44.54551],[-73.29155,44.54586],[-73.29389,44.54612],[-73.29434,44.5463],[-73.2957,44.54801],[-73.29565,44.55127],[-73.29775,44.55282],[-73.30664,44.56016],[-73.30909,44.56265],[-73.3109,44.56497],[-73.31072,44.56497],[-73.30801,44.56167],[-73.30615,44.55991],[-73.3007,44.55553],[-73.29962,44.55546],[-73.29925,44.55564],[-73.29882,44.55596],[-73.29833,44.55714],[-73.29702,44.55762],[-73.29654,44.55828],[-73.29556,44.55487],[-73.29527,44.55469],[-73.29431,44.55324],[-73.29471,44.55333],[-73.29501,44.55292],[-73.29408,44.55174],[-73.29265,44.55129],[-73.29244,44.55128],[-73.29196,44.55188],[-73.29129,44.55223],[-73.2882,44.55256],[-73.28429,44.55359],[-73.28385,44.5544],[-73.28306,44.55494],[-73.28269,44.55621],[-73.2827,44.557],[-73.28206,44.5577],[-73.28087,44.5583],[-73.28049,44.55894],[-73.2801,44.5579],[-73.28012,44.55626],[-73.27974,44.5548],[-73.27869,44.55441],[-73.27719,44.55415],[-73.2764,44.55327],[-73.2753,44.55293],[-73.27508,44.55243],[-73.27511,44.55142],[-73.27468,44.55106],[-73.27409,44.55087],[-73.26982,44.55059],[-73.26586,44.55079],[-73.26252,44.55119],[-73.25478,44.55326],[-73.24967,44.55533],[-73.24681,44.55276],[-73.24028,44.57354],[-73.23298,44.57338],[-73.23071,44.56756],[-73.22559,44.56412],[-73.23425,44.55587],[-73.21245,44.54165],[-73.20631,44.52505],[-73.23743,44.54678],[-73.23917,44.54444],[-73.23959,44.54264],[-73.23791,44.53815],[-73.23813,44.53633],[-73.23998,44.53372],[-73.24158,44.53274],[-73.24223,44.53207],[-73.23987,44.52882],[-73.24018,44.52856],[-73.24124,44.52924],[-73.24228,44.52932],[-73.24629,44.52822],[-73.24855,44.52742],[-73.24955,44.5266],[-73.25,44.52565],[-73.25038,44.52293],[-73.2512,44.52387],[-73.25277,44.52484],[-73.25449,44.52537],[-73.25503,44.52541],[-73.25549,44.52661],[-73.25538,44.52755]],[[-73.24681,44.55276],[-73.24687,44.55256],[-73.24664,44.55261],[-73.24681,44.55276]],[[-73.24687,44.55256],[-73.24898,44.55213],[-73.24876,44.55123],[-73.24717,44.5516],[-73.24687,44.55256]]],[[[-73.27726,44.53825],[-73.27654,44.53862],[-73.27574,44.53805],[-73.27558,44.53711],[-73.27618,44.53657],[-73.27747,44.5379],[-73.27726,44.53825]]]]}},{"type":"Feature","properties":{"PWSID":"VT0005170","PWS_Name":"BRADFORD VILLAGE WATER SYSTEM","Pop_Cat_5":"501-3,300","Population_Served_Count":1512,"Service_Connections_Count":573,"Service_Area_Type":"Residential Area","Model_Method":"","boundary_source":"Authoritative (VT/local)","is_community":true,"Area_SqKM":12.241169049635017,"Detailed_Facility_Report":"https://echo.epa.gov/detailed-facility-report?fid=VT0005170&sys=SDWIS"},"geometry":{"type":"MultiPolygon","coordinates":[[[[-72.12384,44.0129],[-72.12522,44.01322],[-72.12599,44.014],[-72.12598,44.0147],[-72.12506,44.01648],[-72.12426,44.01713],[-72.12308,44.0173],[-72.1215,44.0168],[-72.12089,44.01598],[-72.1204,44.0174],[-72.12044,44.01863],[-72.1286,44.02086],[-72.12951,44.02144],[-72.12973,44.02229],[-72.12906,44.02359],[-72.12769,44.02584],[-72.12662,44.02639],[-72.12542,44.02633],[-72.11771,44.02404],[-72.11687,44.02353],[-72.11499,44.02316],[-72.11426,44.02246],[-72.11424,44.02094],[-72.11344,44.02034],[-72.11324,44.01946],[-72.11058,44.01856],[-72.10779,44.01717],[-72.10761,44.01713],[-72.10678,44.01759],[-72.10585,44.01787],[-72.10239,44.01837],[-72.10029,44.01782],[-72.09953,44.01705],[-72.09953,44.01635],[-72.09993,44.01581],[-72.10303,44.01395],[-72.10412,44.01308],[-72.10493,44.01279],[-72.10561,44.01059],[-72.10538,44.01021],[-72.10439,44.00966],[-72.10408,44.00891],[-72.10444,44.00772],[-72.10515,44.00671],[-72.10962,44.00294],[-72.11025,44.00268],[-72.11098,44.00261],[-72.11263,44.00302],[-72.1136,44.00201],[-72.11596,44.00029],[-72.1155,43.9997],[-72.11551,43.999],[-72.11707,43.99702],[-72.11778,43.99494],[-72.11836,43.99449],[-72.11916,43.99428],[-72.12029,43.99434],[-72.12109,43.99461],[-72.12152,43.99365],[-72.12135,43.99298],[-72.1215,43.99244],[-72.12194,43.99198],[-72.12279,43.99149],[-72.1219,43.99104],[-72.12064,43.99154],[-72.11979,43.99159],[-72.1191,43.99142],[-72.11855,43.99107],[-72.11812,43.99017],[-72.11724,43.98981],[-72.11676,43.98921],[-72.11582,43.9832],[-72.11216,43.98209],[-72.11154,43.98167],[-72.11126,43.98119],[-72.11083,43.97684],[-72.11103,43.97624],[-72.11156,43.97578],[-72.11192,43.97434],[-72.11151,43.97384],[-72.11143,43.97323],[-72.11269,43.96979],[-72.11306,43.96933],[-72.11359,43.96904],[-72.11296,43.96467],[-72.11328,43.96206],[-72.11382,43.96128],[-72.1149,43.9609],[-72.11563,43.96094],[-72.12053,43.96214],[-72.12144,43.96175],[-72.12241,43.96175],[-72.12738,43.96301],[-72.12834,43.96367],[-72.12853,43.96426],[-72.12833,43.96517],[-72.12722,43.96757],[-72.12675,43.96925],[-72.12657,43.97468],[-72.12603,43.97526],[-72.12516,43.97557],[-72.12431,43.97555],[-72.12325,43.97516],[-72.1231,43.97639],[-72.12231,43.9771],[-72.12274,43.97835],[-72.12645,43.97947],[-72.12711,43.97986],[-72.12847,43.98226],[-72.12895,43.98404],[-72.12988,43.98426],[-72.13074,43.98477],[-72.13117,43.98531],[-72.13127,43.98592],[-72.13159,43.98622],[-72.13194,43.98633],[-72.13267,43.98578],[-72.13373,43.98561],[-72.13536,43.98611],[-72.13606,43.98695],[-72.13752,43.98651],[-72.13861,43.98578],[-72.13911,43.98511],[-72.13962,43.98474],[-72.1403,43.98454],[-72.14115,43.98456],[-72.14185,43.98405],[-72.14322,43.9837],[-72.14402,43.98293],[-72.1448,43.98185],[-72.1454,43.98148],[-72.1461,43.98132],[-72.14694,43.98138],[-72.14774,43.98177],[-72.1489,43.98342],[-72.15005,43.98416],[-72.15042,43.9848],[-72.15018,43.98565],[-72.1491,43.98642],[-72.14801,43.98661],[-72.14715,43.98649],[-72.14496,43.98719],[-72.14456,43.98838],[-72.14419,43.98884],[-72.14315,43.98927],[-72.14189,43.98913],[-72.14007,43.99098],[-72.14037,43.99223],[-72.13954,43.99342],[-72.14007,43.99428],[-72.13981,43.99594],[-72.13983,43.99753],[-72.13923,43.99984],[-72.13866,44.0005],[-72.13791,44.00079],[-72.13718,44.00082],[-72.13527,44.00041],[-72.13467,44.00012],[-72.13414,43.99934],[-72.13427,43.99732],[-72.13406,43.99699],[-72.13281,43.9964],[-72.13236,43.99807],[-72.13183,43.99864],[-72.13307,43.99919],[-72.13356,43.99969],[-72.13368,44.00039],[-72.13323,44.00132],[-72.13272,44.00185],[-72.13196,44.00214],[-72.13112,44.00215],[-72.13009,44.00187],[-72.12952,44.0026],[-72.12859,44.00445],[-72.12794,44.00508],[-72.12635,44.0077],[-72.12631,44.00848],[-72.12384,44.0129]]],[[[-72.15745,43.98572],[-72.15796,43.98395],[-72.15836,43.98351],[-72.15897,43.98322],[-72.1603,43.98311],[-72.16178,43.98325],[-72.16253,43.98354],[-72.16302,43.98404],[-72.16314,43.98474],[-72.16252,43.98673],[-72.16215,43.98719],[-72.16146,43.98754],[-72.16038,43.98762],[-72.15825,43.98709],[-72.15756,43.98648],[-72.15745,43.98572]]],[[[-72.16301,44.02155],[-72.16508,44.02198],[-72.16563,44.02233],[-72.16595,44.02281],[-72.16597,44.02342],[-72.16556,44.02428],[-72.16508,44.02468],[-72.16428,44.02497],[-72.16343,44.02499],[-72.1617,44.02456],[-72.16113,44.02423],[-72.16073,44.02369],[-72.16065,44.02302],[-72.16102,44.02237],[-72.16207,44.02173],[-72.16301,44.02155]]],[[[-72.1415,44.04501],[-72.1439,44.0452],[-72.14459,44.04556],[-72.14495,44.04601],[-72.14501,44.04671],[-72.14438,44.04798],[-72.14397,44.04841],[-72.14325,44.04874],[-72.14228,44.04878],[-72.14102,44.04843],[-72.14044,44.04811],[-72.14008,44.04765],[-72.13963,44.04653],[-72.13976,44.04584],[-72.14046,44.04524],[-72.1415,44.04501]]],[[[-72.12767,44.02841],[-72.1286,44.02859],[-72.12928,44.02909],[-72.13055,44.03226],[-72.13045,44.03278],[-72.12975,44.03387],[-72.12909,44.03426],[-72.12838,44.0344],[-72.1265,44.03413],[-72.12496,44.03365],[-72.12438,44.0332],[-72.12394,44.03233],[-72.12413,44.03165],[-72.12611,44.029],[-72.12673,44.02859],[-72.12767,44.02841]]],[[[-72.19724,43.99998],[-72.19795,44.00008],[-72.19864,44.00044],[-72.20107,44.00248],[-72.20151,44.00341],[-72.20126,44.00409],[-72.20009,44.00523],[-72.1971,44.00597],[-72.19616,44.00579],[-72.19444,44.00487],[-72.19395,44.00437],[-72.19381,44.00385],[-72.19557,44.00059],[-72.1963,44.00013],[-72.19724,43.99998]]],[[[-72.1894,43.98198],[-72.19011,43.98209],[-72.19402,43.98335],[-72.19466,43.98388],[-72.19484,43.98457],[-72.19184,43.98975],[-72.18991,43.99068],[-72.18852,43.99087],[-72.18712,43.99062],[-72.18649,43.99035],[-72.18523,43.98923],[-72.18499,43.98846],[-72.18629,43.986],[-72.18629,43.98512],[-72.18772,43.98273],[-72.18846,43.98216],[-72.1894,43.98198]]],[[[-72.13108,44.03878],[-72.13417,44.0396],[-72.135,44.04034],[-72.13508,44.04095],[-72.13463,44.04185],[-72.13458,44.04289],[-72.13413,44.04341],[-72.1334,44.04373],[-72.13181,44.04396],[-72.13087,44.04378],[-72.12937,44.04246],[-72.12849,44.04202],[-72.12813,44.04156],[-72.12805,44.04095],[-72.12843,44.0403],[-72.1292,44.03988],[-72.12994,44.03905],[-72.13108,44.03878]]]]}},{"type":"Feature","properties":{"PWSID":"VT0005017","PWS_Name":"NORTH BENNINGTON WATER DEPT","Pop_Cat_5":"501-3,300","Population_Served_Count":1700,"Service_Connections_Count":674,"Service_Area_Type":"Residential Area","Model_Method":"","boundary_source":"Authoritative (VT/local)","is_community":true,"Area_SqKM":11.39643778938796,"Detailed_Facility_Report":"https://echo.epa.gov/detailed-facility-report?fid=VT0005017&sys=SDWIS"},"geometry":{"type":"Polygon","coordinates":[[[-73.24911,42.90477],[-73.25003,42.90494],[-73.25071,42.90543],[-73.25094,42.90593],[-73.251,42.90718],[-73.25343,42.9074],[-73.25403,42.90769],[-73.25462,42.90823],[-73.25489,42.90752],[-73.25557,42.90674],[-73.25533,42.90532],[-73.25577,42.90451],[-73.25679,42.90407],[-73.25882,42.90389],[-73.25953,42.90396],[-73.2604,42.90441],[-73.26078,42.90508],[-73.26146,42.90528],[-73.26197,42.90565],[-73.26227,42.90622],[-73.26225,42.90697],[-73.26414,42.90771],[-73.26458,42.90812],[-73.26478,42.90863],[-73.2642,42.91029],[-73.26326,42.91095],[-73.2622,42.91103],[-73.26112,42.91071],[-73.26051,42.91029],[-73.25943,42.91035],[-73.26181,42.91243],[-73.26206,42.91302],[-73.2619,42.91376],[-73.26252,42.91422],[-73.26277,42.91481],[-73.26268,42.91533],[-73.26233,42.91579],[-73.2607,42.91667],[-73.26071,42.91735],[-73.26024,42.91796],[-73.25668,42.92],[-73.25541,42.92016],[-73.25455,42.91986],[-73.25321,42.91868],[-73.25296,42.9181],[-73.25314,42.91741],[-73.2514,42.91683],[-73.25121,42.91703],[-73.25131,42.91767],[-73.25099,42.91874],[-73.25063,42.9192],[-73.25009,42.91952],[-73.24949,42.92243],[-73.25039,42.92269],[-73.25097,42.92324],[-73.2513,42.92466],[-73.25216,42.92645],[-73.25202,42.92731],[-73.25259,42.92799],[-73.25564,42.928],[-73.25817,42.92821],[-73.25908,42.92862],[-73.25954,42.92941],[-73.25947,42.93406],[-73.25911,42.93479],[-73.25847,42.93519],[-73.25778,42.93533],[-73.25356,42.93521],[-73.25343,42.93582],[-73.25517,42.93744],[-73.25634,42.93815],[-73.25673,42.93906],[-73.25655,42.93957],[-73.25612,42.93999],[-73.25432,42.94065],[-73.2548,42.94207],[-73.25459,42.94347],[-73.25425,42.94403],[-73.25343,42.94456],[-73.25298,42.94586],[-73.25241,42.94631],[-73.25175,42.94652],[-73.24918,42.94644],[-73.2482,42.94613],[-73.24762,42.94544],[-73.24701,42.94587],[-73.24607,42.94606],[-73.2453,42.94651],[-73.24322,42.94714],[-73.24239,42.94717],[-73.24172,42.94697],[-73.24119,42.94657],[-73.24036,42.9464],[-73.23982,42.94605],[-73.23943,42.94532],[-73.23954,42.94356],[-73.23876,42.94351],[-73.23812,42.94329],[-73.23764,42.94289],[-73.2374,42.94236],[-73.23722,42.94236],[-73.23672,42.94309],[-73.2359,42.94344],[-73.23159,42.94342],[-73.23079,42.94324],[-73.23017,42.94283],[-73.22926,42.94097],[-73.22852,42.94113],[-73.22708,42.9411],[-73.226,42.9419],[-73.22511,42.94213],[-73.2223,42.94206],[-73.22128,42.94188],[-73.21925,42.94183],[-73.21857,42.94167],[-73.21795,42.94125],[-73.21764,42.94059],[-73.21787,42.93979],[-73.21791,42.93655],[-73.21818,42.93606],[-73.21878,42.93564],[-73.21946,42.93547],[-73.2205,42.93548],[-73.22059,42.93353],[-73.21933,42.93337],[-73.21852,42.93281],[-73.21794,42.93322],[-73.21714,42.9334],[-73.21269,42.9333],[-73.212,42.93316],[-73.21135,42.93278],[-73.21101,42.93228],[-73.20956,42.93218],[-73.20868,42.93173],[-73.20757,42.92992],[-73.20752,42.92939],[-73.20775,42.92889],[-73.20831,42.92844],[-73.20952,42.92795],[-73.21057,42.92786],[-73.21229,42.92745],[-73.21354,42.92689],[-73.21377,42.92636],[-73.21434,42.92591],[-73.21583,42.92558],[-73.21599,42.92415],[-73.21633,42.92358],[-73.21719,42.92312],[-73.21829,42.92306],[-73.21835,42.92051],[-73.21853,42.92],[-73.21936,42.91938],[-73.2207,42.91925],[-73.22067,42.91834],[-73.22189,42.91654],[-73.2226,42.91608],[-73.22359,42.91594],[-73.22308,42.91489],[-73.22356,42.91354],[-73.22408,42.91307],[-73.22484,42.91281],[-73.22605,42.91293],[-73.22765,42.91382],[-73.22838,42.9137],[-73.22909,42.9138],[-73.23037,42.91427],[-73.23095,42.91471],[-73.2312,42.9153],[-73.23111,42.91615],[-73.23197,42.91637],[-73.23258,42.91678],[-73.23297,42.91777],[-73.23387,42.91898],[-73.23392,42.91951],[-73.23343,42.9218],[-73.23382,42.92322],[-73.23369,42.92382],[-73.2348,42.9246],[-73.23614,42.92551],[-73.23669,42.92555],[-73.2388,42.92523],[-73.2394,42.92473],[-73.24004,42.92449],[-73.24144,42.92455],[-73.24248,42.92105],[-73.2431,42.92052],[-73.24419,42.9202],[-73.24404,42.9195],[-73.24345,42.91899],[-73.24325,42.9184],[-73.24113,42.91803],[-73.24024,42.91734],[-73.24009,42.91683],[-73.24024,42.91363],[-73.24089,42.9129],[-73.24216,42.91255],[-73.24315,42.91205],[-73.24521,42.91139],[-73.24638,42.9115],[-73.24621,42.91087],[-73.24384,42.91073],[-73.24321,42.91048],[-73.24277,42.91006],[-73.24257,42.90946],[-73.24282,42.90607],[-73.24329,42.90546],[-73.24411,42.9051],[-73.24911,42.90477]]]}},{"type":"Feature","properties":{"PWSID":"VT0005105","PWS_Name":"BRIGHTON WATER SYSTEM","Pop_Cat_5":"501-3,300","Population_Served_Count":1200,"Service_Connections_Count":711,"Service_Area_Type":"Residential Area","Model_Method":"","boundary_source":"Authoritative (VT/local)","is_community":true,"Area_SqKM":10.964640788083603,"Detailed_Facility_Report":"https://echo.epa.gov/detailed-facility-report?fid=VT0005105&sys=SDWIS"},"geometry":{"type":"Polygon","coordinates":[[[-71.87092,44.78703],[-71.87187,44.78722],[-71.87256,44.7877],[-71.87354,44.78766],[-71.87432,44.78791],[-71.87688,44.79031],[-71.87719,44.79097],[-71.87704,44.79157],[-71.87483,44.79384],[-71.87562,44.79463],[-71.87556,44.79566],[-71.87591,44.79618],[-71.87662,44.79598],[-71.87736,44.79598],[-71.87946,44.79665],[-71.88346,44.79881],[-71.88387,44.79925],[-71.88401,44.79977],[-71.8838,44.80037],[-71.88308,44.80109],[-71.88353,44.80167],[-71.88431,44.80125],[-71.88528,44.80117],[-71.88598,44.80134],[-71.88723,44.80198],[-71.88796,44.80171],[-71.88877,44.80169],[-71.88982,44.80079],[-71.89098,44.80052],[-71.89203,44.80075],[-71.89346,44.80172],[-71.89358,44.80267],[-71.89257,44.80383],[-71.89537,44.80573],[-71.89552,44.8066],[-71.89466,44.80763],[-71.89457,44.80872],[-71.89664,44.80982],[-71.897,44.81028],[-71.89709,44.8108],[-71.89677,44.81146],[-71.89257,44.81547],[-71.89237,44.81603],[-71.89167,44.81671],[-71.89259,44.81688],[-71.89534,44.81805],[-71.89579,44.81847],[-71.89597,44.81894],[-71.8967,44.81945],[-71.89804,44.82096],[-71.89816,44.82165],[-71.89769,44.82238],[-71.89762,44.82308],[-71.89695,44.82388],[-71.89628,44.82427],[-71.89556,44.8244],[-71.89471,44.8243],[-71.89203,44.82297],[-71.89107,44.82359],[-71.88975,44.82362],[-71.88716,44.82622],[-71.88649,44.82661],[-71.88565,44.82674],[-71.88481,44.8266],[-71.88257,44.82518],[-71.88237,44.82565],[-71.88156,44.8265],[-71.88097,44.82681],[-71.88026,44.82695],[-71.87908,44.82672],[-71.87592,44.8249],[-71.8756,44.82443],[-71.87526,44.82318],[-71.87541,44.82267],[-71.87591,44.82213],[-71.87445,44.82138],[-71.87401,44.82096],[-71.87382,44.82037],[-71.87403,44.81976],[-71.8735,44.81918],[-71.87342,44.81855],[-71.87097,44.81773],[-71.87034,44.81731],[-71.87003,44.81656],[-71.87032,44.81585],[-71.86927,44.81531],[-71.86888,44.81448],[-71.86931,44.81362],[-71.87045,44.81313],[-71.87214,44.81309],[-71.87393,44.81362],[-71.87457,44.81407],[-71.87711,44.81422],[-71.87763,44.81397],[-71.87803,44.81342],[-71.87803,44.81304],[-71.87667,44.81226],[-71.87603,44.8116],[-71.87576,44.81099],[-71.87573,44.81034],[-71.87596,44.80981],[-71.87553,44.80891],[-71.87576,44.80773],[-71.87551,44.80592],[-71.87567,44.80453],[-71.87474,44.80447],[-71.87402,44.80414],[-71.87148,44.80136],[-71.87067,44.80075],[-71.86983,44.80083],[-71.86873,44.80067],[-71.8676,44.8],[-71.86687,44.79872],[-71.86701,44.79807],[-71.86751,44.79749],[-71.86712,44.79706],[-71.86628,44.79674],[-71.8657,44.79623],[-71.86496,44.79488],[-71.86477,44.79363],[-71.86259,44.79418],[-71.86005,44.79533],[-71.86055,44.79606],[-71.86054,44.79684],[-71.8611,44.79829],[-71.86131,44.79953],[-71.86125,44.80033],[-71.86062,44.80209],[-71.86182,44.80257],[-71.86242,44.8036],[-71.86219,44.80474],[-71.86106,44.8059],[-71.86077,44.80707],[-71.86179,44.80811],[-71.86282,44.80795],[-71.86367,44.808],[-71.86527,44.80835],[-71.86612,44.80875],[-71.86725,44.81017],[-71.86732,44.81102],[-71.86797,44.81137],[-71.86901,44.81238],[-71.86932,44.81314],[-71.86899,44.81388],[-71.86748,44.815],[-71.86626,44.81538],[-71.86522,44.81536],[-71.86423,44.81555],[-71.86339,44.81541],[-71.86273,44.81502],[-71.86103,44.81313],[-71.85982,44.81103],[-71.85734,44.80842],[-71.85338,44.80546],[-71.85309,44.80458],[-71.85373,44.80322],[-71.85356,44.80278],[-71.85178,44.80293],[-71.85098,44.80281],[-71.84948,44.80217],[-71.84888,44.8014],[-71.84755,44.80133],[-71.84644,44.8022],[-71.84553,44.80246],[-71.84467,44.8024],[-71.84326,44.80187],[-71.83103,44.79005],[-71.83068,44.78933],[-71.831,44.7885],[-71.83536,44.78422],[-71.83627,44.78396],[-71.83724,44.78406],[-71.8404,44.78566],[-71.84541,44.78077],[-71.846,44.78045],[-71.84672,44.78032],[-71.84768,44.78046],[-71.85088,44.78185],[-71.85205,44.78263],[-71.8567,44.7851],[-71.85712,44.78573],[-71.85705,44.78642],[-71.85518,44.78833],[-71.86013,44.79083],[-71.86276,44.79004],[-71.86392,44.79009],[-71.8667,44.7887],[-71.868,44.78867],[-71.86977,44.78731],[-71.87092,44.78703]]]}},{"type":"Feature","properties":{"PWSID":"VT0005070","PWS_Name":"HINESBURG WATER DEPT","Pop_Cat_5":"501-3,300","Population_Served_Count":2800,"Service_Connections_Count":905,"Service_Area_Type":"Residential Area","Model_Method":"","boundary_source":"Authoritative (VT/local)","is_community":true,"Area_SqKM":10.899484871682805,"Detailed_Facility_Report":"https://echo.epa.gov/detailed-facility-report?fid=VT0005070&sys=SDWIS"},"geometry":{"type":"MultiPolygon","coordinates":[[[[-73.12858,44.32701],[-73.12941,44.32715],[-73.13007,44.32753],[-73.13142,44.32941],[-73.13255,44.33043],[-73.13332,44.33009],[-73.13417,44.33003],[-73.13497,44.33024],[-73.13563,44.33067],[-73.13616,44.33157],[-73.1366,44.33318],[-73.13663,44.33517],[-73.13486,44.33791],[-73.13396,44.33849],[-73.12802,44.33912],[-73.12718,44.33898],[-73.12646,44.33854],[-73.12593,44.3395],[-73.12595,44.34037],[-73.12555,44.34091],[-73.12497,44.34124],[-73.12427,44.34138],[-73.12199,44.34106],[-73.12225,44.34243],[-73.12207,44.34303],[-73.12133,44.3436],[-73.12015,44.34382],[-73.12073,44.34606],[-73.12054,44.34782],[-73.12108,44.34839],[-73.12146,44.3498],[-73.12116,44.35055],[-73.12024,44.35108],[-73.12037,44.35135],[-73.12697,44.35086],[-73.12919,44.3517],[-73.12982,44.35253],[-73.12991,44.35401],[-73.12947,44.35453],[-73.1288,44.35484],[-73.12915,44.35604],[-73.12884,44.35679],[-73.12777,44.35735],[-73.12501,44.35764],[-73.12447,44.35826],[-73.12422,44.35897],[-73.12354,44.35947],[-73.12223,44.3598],[-73.12115,44.35968],[-73.12042,44.35922],[-73.11982,44.3582],[-73.11771,44.35786],[-73.11614,44.35694],[-73.11526,44.3558],[-73.11567,44.35403],[-73.11468,44.35234],[-73.11486,44.35165],[-73.11549,44.35113],[-73.11518,44.35005],[-73.11397,44.35012],[-73.11315,44.34995],[-73.11245,44.34946],[-73.1121,44.34871],[-73.1107,44.34891],[-73.11063,44.3498],[-73.10984,44.35046],[-73.10708,44.35082],[-73.10693,44.35184],[-73.1063,44.35248],[-73.10393,44.35303],[-73.10272,44.35285],[-73.10191,44.3522],[-73.1018,44.35142],[-73.10226,44.35055],[-73.10269,44.34883],[-73.10202,44.34876],[-73.10136,44.34849],[-73.10053,44.34898],[-73.09914,44.34941],[-73.09814,44.34953],[-73.09698,44.34936],[-73.09017,44.34999],[-73.08934,44.34986],[-73.08869,44.34948],[-73.08716,44.35047],[-73.08529,44.35089],[-73.08367,44.35148],[-73.0816,44.35151],[-73.08094,44.35128],[-73.08046,44.35089],[-73.07763,44.35105],[-73.07695,44.35085],[-73.07637,44.3504],[-73.07611,44.34962],[-73.07538,44.349],[-73.07523,44.3484],[-73.07554,44.34745],[-73.07589,44.34701],[-73.07588,44.34649],[-73.07627,44.34545],[-73.07707,44.34449],[-73.07859,44.34373],[-73.07933,44.34369],[-73.08002,44.34386],[-73.08087,44.3437],[-73.08162,44.34341],[-73.08222,44.34293],[-73.0829,44.34273],[-73.08423,44.34274],[-73.08527,44.3432],[-73.08429,44.3398],[-73.08023,44.34012],[-73.07933,44.33986],[-73.07873,44.33931],[-73.07811,44.33782],[-73.07722,44.33307],[-73.0774,44.33239],[-73.07814,44.33181],[-73.08289,44.33119],[-73.08416,44.33146],[-73.08484,44.33218],[-73.08592,44.33613],[-73.08644,44.33567],[-73.0871,44.33543],[-73.09225,44.33496],[-73.09319,44.33505],[-73.09397,44.33547],[-73.09436,44.33619],[-73.09465,44.33866],[-73.09447,44.33925],[-73.09402,44.33967],[-73.09339,44.33994],[-73.09085,44.34019],[-73.09135,44.34226],[-73.09123,44.34284],[-73.09162,44.3433],[-73.09181,44.34406],[-73.09237,44.34371],[-73.0939,44.34323],[-73.09551,44.34298],[-73.09701,44.3431],[-73.09763,44.34227],[-73.09843,44.34187],[-73.09945,44.34179],[-73.1007,44.34199],[-73.10226,44.34178],[-73.10299,44.34153],[-73.1033,44.34126],[-73.10304,44.33995],[-73.10388,44.33897],[-73.10305,44.33884],[-73.10191,44.33833],[-73.10042,44.33729],[-73.10006,44.33595],[-73.10019,44.33543],[-73.10063,44.33497],[-73.10047,44.33373],[-73.10116,44.33292],[-73.10185,44.33267],[-73.10278,44.33264],[-73.10341,44.33244],[-73.10393,44.33166],[-73.10501,44.33127],[-73.10554,44.33064],[-73.10566,44.32975],[-73.10623,44.32906],[-73.10287,44.3293],[-73.10172,44.32903],[-73.10124,44.32863],[-73.101,44.32814],[-73.1012,44.32681],[-73.09903,44.32498],[-73.0989,44.32429],[-73.0992,44.32371],[-73.09997,44.32318],[-73.10127,44.32287],[-73.10148,44.32208],[-73.10212,44.32155],[-73.1028,44.32134],[-73.10541,44.32105],[-73.10628,44.32111],[-73.10701,44.32143],[-73.1102,44.32386],[-73.1118,44.32402],[-73.11227,44.32364],[-73.11292,44.3234],[-73.11821,44.32275],[-73.11834,44.32207],[-73.11904,44.3214],[-73.12006,44.32098],[-73.12164,44.32095],[-73.12264,44.32132],[-73.12313,44.32172],[-73.12376,44.32371],[-73.1254,44.32364],[-73.12653,44.32414],[-73.12689,44.3247],[-73.12745,44.32711],[-73.12858,44.32701]]],[[[-73.07521,44.30526],[-73.07614,44.30536],[-73.07691,44.30578],[-73.07727,44.30633],[-73.07736,44.30721],[-73.07713,44.30771],[-73.07655,44.30816],[-73.07587,44.30837],[-73.0747,44.30845],[-73.07389,44.30824],[-73.07331,44.30779],[-73.07298,44.30648],[-73.07321,44.30598],[-73.07369,44.30558],[-73.07435,44.30534],[-73.07521,44.30526]]],[[[-73.13201,44.30283],[-73.13315,44.30311],[-73.13383,44.30382],[-73.13428,44.3062],[-73.13409,44.30694],[-73.13441,44.30752],[-73.13452,44.30929],[-73.13422,44.30995],[-73.1336,44.31037],[-73.13119,44.31067],[-73.13007,44.31035],[-73.12948,44.30969],[-73.12935,44.30777],[-73.1287,44.30419],[-73.12894,44.30361],[-73.12962,44.30311],[-73.13032,44.30294],[-73.13201,44.30283]]],[[[-73.03055,44.28701],[-73.0332,44.2876],[-73.03379,44.28791],[-73.03416,44.28837],[-73.03423,44.28907],[-73.03367,44.29004],[-73.03305,44.29063],[-73.03233,44.29096],[-73.03124,44.29099],[-73.02954,44.2905],[-73.02895,44.29018],[-73.02858,44.28973],[-73.02849,44.28912],[-73.02887,44.28777],[-73.02951,44.28724],[-73.03055,44.28701]]]]}},{"type":"Feature","properties":{"PWSID":"VT0005160","PWS_Name":"MORRISVILLE WATER AND LIGHT","Pop_Cat_5":"501-3,300","Population_Served_Count":2935,"Service_Connections_Count":1120,"Service_Area_Type":"Residential Area","Model_Method":"","boundary_source":"Authoritative (VT/local)","is_community":true,"Area_SqKM":10.26679944220418,"Detailed_Facility_Report":"https://echo.epa.gov/detailed-facility-report?fid=VT0005160&sys=SDWIS"},"geometry":{"type":"Polygon","coordinates":[[[-72.60337,44.549],[-72.60489,44.54929],[-72.60563,44.54975],[-72.60603,44.55068],[-72.60618,44.55224],[-72.60871,44.5536],[-72.60935,44.55464],[-72.60998,44.55515],[-72.61034,44.55596],[-72.6114,44.55513],[-72.61239,44.55402],[-72.61348,44.55364],[-72.61464,44.55373],[-72.61616,44.55432],[-72.61672,44.55467],[-72.61707,44.55523],[-72.61705,44.55584],[-72.61567,44.55911],[-72.61526,44.55963],[-72.61492,44.56212],[-72.61455,44.56276],[-72.61378,44.56319],[-72.61277,44.56328],[-72.6113,44.56524],[-72.61081,44.56564],[-72.60991,44.56591],[-72.60883,44.56578],[-72.60862,44.56662],[-72.60793,44.56722],[-72.60675,44.56745],[-72.60523,44.56705],[-72.60604,44.56776],[-72.60615,44.56854],[-72.60504,44.57078],[-72.60465,44.57122],[-72.6024,44.57601],[-72.60263,44.57686],[-72.60246,44.57743],[-72.60299,44.57747],[-72.6052,44.57626],[-72.60692,44.57589],[-72.60776,44.57517],[-72.60895,44.575],[-72.6105,44.57537],[-72.61106,44.57579],[-72.61185,44.57611],[-72.61246,44.57666],[-72.61381,44.57659],[-72.61482,44.57707],[-72.61654,44.58006],[-72.61696,44.58112],[-72.61697,44.58165],[-72.61591,44.58328],[-72.6151,44.58367],[-72.61405,44.5837],[-72.6136,44.58468],[-72.61248,44.58518],[-72.60875,44.58503],[-72.60716,44.5846],[-72.60543,44.58381],[-72.60475,44.58475],[-72.60386,44.58521],[-72.60276,44.58524],[-72.60157,44.58481],[-72.60098,44.58437],[-72.60073,44.58378],[-72.60082,44.58326],[-72.60137,44.58244],[-72.60095,44.58167],[-72.60056,44.58128],[-72.59968,44.58088],[-72.59925,44.58026],[-72.59931,44.57956],[-72.59984,44.57889],[-72.59826,44.57829],[-72.59813,44.57889],[-72.59726,44.5801],[-72.59623,44.58071],[-72.59479,44.58083],[-72.59379,44.58051],[-72.59314,44.5807],[-72.59227,44.58067],[-72.59159,44.58083],[-72.59069,44.58077],[-72.58998,44.5812],[-72.5887,44.58135],[-72.58751,44.58182],[-72.58677,44.58178],[-72.58591,44.58149],[-72.58526,44.58097],[-72.58507,44.58028],[-72.58539,44.57947],[-72.58616,44.57837],[-72.58548,44.57793],[-72.58517,44.57729],[-72.58393,44.57709],[-72.5832,44.57677],[-72.58279,44.57633],[-72.58265,44.57582],[-72.58385,44.57341],[-72.58486,44.57292],[-72.58611,44.57295],[-72.58629,44.57236],[-72.58577,44.57217],[-72.58486,44.57211],[-72.58423,44.57185],[-72.58264,44.56997],[-72.58136,44.56931],[-72.57982,44.5692],[-72.5776,44.56939],[-72.57701,44.56995],[-72.57598,44.57023],[-72.57525,44.57016],[-72.57406,44.56974],[-72.57331,44.56917],[-72.57312,44.56848],[-72.57422,44.5665],[-72.57317,44.56625],[-72.56966,44.56587],[-72.56897,44.56551],[-72.56853,44.56488],[-72.56847,44.5631],[-72.569,44.56232],[-72.57009,44.56193],[-72.57217,44.56177],[-72.57321,44.56187],[-72.57431,44.56052],[-72.5736,44.56065],[-72.57287,44.56058],[-72.56971,44.5593],[-72.56902,44.55881],[-72.56877,44.55814],[-72.56941,44.55663],[-72.57194,44.55359],[-72.57257,44.55317],[-72.57332,44.553],[-72.57261,44.55197],[-72.57252,44.55136],[-72.57282,44.55079],[-72.57407,44.54964],[-72.57537,44.54942],[-72.57854,44.55001],[-72.58389,44.55124],[-72.58525,44.5517],[-72.5863,44.55235],[-72.58735,44.55082],[-72.58662,44.55075],[-72.58464,44.55013],[-72.58417,44.54975],[-72.58316,44.54839],[-72.58338,44.54746],[-72.58386,44.54706],[-72.58452,44.54683],[-72.5855,44.54683],[-72.58733,44.54737],[-72.58845,44.54834],[-72.58925,44.54737],[-72.59034,44.54699],[-72.59119,44.54705],[-72.59333,44.54769],[-72.59467,44.54766],[-72.59642,44.5485],[-72.59696,44.54895],[-72.59729,44.54953],[-72.59915,44.55051],[-72.59956,44.54981],[-72.60029,44.54935],[-72.60113,44.54921],[-72.60209,44.54937],[-72.60265,44.54911],[-72.60337,44.549]]]}},{"type":"Feature","properties":{"PWSID":"VT0005126","PWS_Name":"RICHFORD WATER SYSTEM","Pop_Cat_5":"501-3,300","Population_Served_Count":3000,"Service_Connections_Count":771,"Service_Area_Type":"Residential Area","Model_Method":"","boundary_source":"Authoritative (VT/local)","is_community":true,"Area_SqKM":9.907623309380886,"Detailed_Facility_Report":"https://echo.epa.gov/detailed-facility-report?fid=VT0005126&sys=SDWIS"},"geometry":{"type":"Polygon","coordinates":[[[-72.67935,44.97537],[-72.68041,44.9756],[-72.68108,44.97614],[-72.68215,44.97433],[-72.6827,44.97385],[-72.68386,44.97357],[-72.68651,44.97385],[-72.68703,44.97288],[-72.68762,44.97256],[-72.68834,44.97242],[-72.69046,44.97256],[-72.69184,44.97286],[-72.69254,44.97347],[-72.6929,44.97457],[-72.69273,44.97534],[-72.69162,44.97646],[-72.69221,44.97686],[-72.69252,44.97743],[-72.69219,44.97986],[-72.69169,44.98046],[-72.69086,44.98081],[-72.69044,44.98259],[-72.68992,44.98322],[-72.68928,44.98501],[-72.68848,44.98554],[-72.68721,44.98565],[-72.68629,44.98608],[-72.6849,44.98699],[-72.68455,44.98755],[-72.684,44.98789],[-72.68287,44.98817],[-72.68192,44.98817],[-72.68156,44.98873],[-72.68018,44.98972],[-72.6806,44.99047],[-72.68028,44.99131],[-72.6791,44.9924],[-72.67793,44.99268],[-72.67844,44.99368],[-72.67842,44.99427],[-72.67889,44.99474],[-72.67903,44.99535],[-72.6788,44.99591],[-72.67742,44.99744],[-72.68079,44.99781],[-72.6816,44.99846],[-72.68183,44.99968],[-72.68263,44.99955],[-72.68335,44.99965],[-72.68498,45.00063],[-72.68537,45.00154],[-72.68518,45.00205],[-72.68466,45.00258],[-72.68478,45.00314],[-72.68459,45.00365],[-72.68385,45.00439],[-72.68296,45.00475],[-72.68195,45.00707],[-72.68125,45.00768],[-72.68056,45.00788],[-72.67982,45.00789],[-72.67583,45.00704],[-72.67514,45.00768],[-72.67157,45.00937],[-72.66908,45.01089],[-72.67079,45.01253],[-72.67105,45.01365],[-72.67062,45.01448],[-72.66906,45.01598],[-72.66847,45.01631],[-72.66759,45.01645],[-72.65042,45.01623],[-72.64962,45.01609],[-72.64903,45.01577],[-72.64862,45.01523],[-72.64848,45.01267],[-72.64878,45.01202],[-72.6472,45.00945],[-72.64548,45.01022],[-72.64464,45.01036],[-72.64358,45.01014],[-72.64284,45.00945],[-72.64284,45.00858],[-72.64414,45.00674],[-72.644,45.00489],[-72.64431,45.00423],[-72.64618,45.00311],[-72.64881,45.00197],[-72.65256,45.00004],[-72.65363,44.99974],[-72.65481,44.99967],[-72.65472,44.99828],[-72.6549,44.99701],[-72.65526,44.99646],[-72.65593,44.99607],[-72.65664,44.99593],[-72.65919,44.99593],[-72.66022,44.99559],[-72.66169,44.99562],[-72.66262,44.99603],[-72.66346,44.99704],[-72.66441,44.99718],[-72.66584,44.99783],[-72.6665,44.99743],[-72.6671,44.99679],[-72.66677,44.99631],[-72.66597,44.99572],[-72.66569,44.99524],[-72.66548,44.99386],[-72.66572,44.99336],[-72.66617,44.99298],[-72.66561,44.99236],[-72.66344,44.99084],[-72.6623,44.9891],[-72.6624,44.98857],[-72.66285,44.98806],[-72.6644,44.98701],[-72.66569,44.98685],[-72.66614,44.98632],[-72.66574,44.98606],[-72.66303,44.98592],[-72.66186,44.98566],[-72.66121,44.98514],[-72.66062,44.98376],[-72.66109,44.98243],[-72.66213,44.98182],[-72.66311,44.98178],[-72.66594,44.98243],[-72.66709,44.9822],[-72.66644,44.98011],[-72.66571,44.98001],[-72.66492,44.97964],[-72.66428,44.97896],[-72.66407,44.97836],[-72.66341,44.97813],[-72.66272,44.97765],[-72.6611,44.97731],[-72.66166,44.97918],[-72.66119,44.98007],[-72.66025,44.98049],[-72.65778,44.98085],[-72.65704,44.98081],[-72.65619,44.98046],[-72.65455,44.97901],[-72.6543,44.97833],[-72.65449,44.97774],[-72.65494,44.97732],[-72.6557,44.97703],[-72.65912,44.97652],[-72.66024,44.97666],[-72.65962,44.97609],[-72.65941,44.97556],[-72.65951,44.97503],[-72.65996,44.97451],[-72.66094,44.97414],[-72.6632,44.97407],[-72.66448,44.97347],[-72.66567,44.97264],[-72.66648,44.97242],[-72.67122,44.97263],[-72.67222,44.97295],[-72.67284,44.9737],[-72.67278,44.97492],[-72.67438,44.97505],[-72.67536,44.9757],[-72.67568,44.97765],[-72.67618,44.97856],[-72.67622,44.97677],[-72.67653,44.9762],[-72.67738,44.9757],[-72.67935,44.97537]]]}},{"type":"Feature","properties":{"PWSID":"VT0005298","PWS_Name":"BELLOWS FALLS WATER DEPT","Pop_Cat_5":"3,301-10,000","Population_Served_Count":4000,"Service_Connections_Count":1950,"Service_Area_Type":"Residential Area","Model_Method":"","boundary_source":"Authoritative (VT/local)","is_community":true,"Area_SqKM":9.595153614169211,"Detailed_Facility_Report":"https://echo.epa.gov/detailed-facility-report?fid=VT0005298&sys=SDWIS"},"geometry":{"type":"MultiPolygon","coordinates":[[[[-72.45906,43.11808],[-72.46019,43.11866],[-72.46057,43.11948],[-72.46009,43.12051],[-72.45958,43.12088],[-72.45883,43.12109],[-72.45861,43.12153],[-72.45919,43.12291],[-72.45882,43.12382],[-72.45827,43.12416],[-72.45747,43.12434],[-72.45386,43.12429],[-72.4528,43.12413],[-72.45358,43.12447],[-72.45411,43.1253],[-72.45579,43.12627],[-72.45629,43.12678],[-72.463,43.12672],[-72.4638,43.1269],[-72.46441,43.12732],[-72.46472,43.12807],[-72.46436,43.13475],[-72.46368,43.13536],[-72.46188,43.13604],[-72.46153,43.13661],[-72.46102,43.13698],[-72.4591,43.13732],[-72.46698,43.13769],[-72.46758,43.13798],[-72.46802,43.1385],[-72.46827,43.14022],[-72.4679,43.14095],[-72.46714,43.14137],[-72.46191,43.14213],[-72.46306,43.14275],[-72.46407,43.14403],[-72.46426,43.14466],[-72.46533,43.14493],[-72.46599,43.14566],[-72.46602,43.14627],[-72.46522,43.14881],[-72.46562,43.14965],[-72.46538,43.15117],[-72.4651,43.15166],[-72.46405,43.15221],[-72.4602,43.15249],[-72.45929,43.15291],[-72.45722,43.15309],[-72.45621,43.15281],[-72.45559,43.15218],[-72.4555,43.15165],[-72.45591,43.15005],[-72.45598,43.14877],[-72.45577,43.147],[-72.45506,43.14561],[-72.45497,43.14503],[-72.45437,43.14444],[-72.45382,43.14351],[-72.45375,43.14286],[-72.45121,43.13909],[-72.44776,43.13803],[-72.44673,43.13848],[-72.4454,43.13856],[-72.44427,43.13896],[-72.44348,43.13895],[-72.44151,43.13823],[-72.44032,43.13806],[-72.43912,43.1371],[-72.43877,43.13628],[-72.43855,43.135],[-72.43876,43.13339],[-72.43926,43.13249],[-72.44045,43.13127],[-72.44012,43.13073],[-72.44003,43.12971],[-72.4403,43.12913],[-72.44096,43.12846],[-72.4403,43.12789],[-72.43917,43.12783],[-72.43746,43.12697],[-72.43624,43.12568],[-72.43617,43.12478],[-72.43484,43.12334],[-72.43372,43.12311],[-72.43249,43.1222],[-72.43149,43.12079],[-72.43154,43.11857],[-72.43197,43.1168],[-72.43359,43.11473],[-72.43454,43.11436],[-72.4358,43.11436],[-72.43692,43.11258],[-72.43796,43.11171],[-72.43886,43.11149],[-72.43973,43.1116],[-72.44142,43.11044],[-72.44244,43.11021],[-72.44667,43.11033],[-72.44905,43.11074],[-72.44962,43.11118],[-72.44987,43.11186],[-72.44911,43.1137],[-72.45286,43.11381],[-72.45366,43.11399],[-72.45469,43.11483],[-72.45518,43.11606],[-72.45639,43.11628],[-72.45736,43.11702],[-72.45848,43.1174],[-72.45906,43.11808]]],[[[-72.47097,43.1696],[-72.4719,43.16978],[-72.4727,43.17037],[-72.47346,43.17151],[-72.47352,43.17221],[-72.4731,43.17284],[-72.47196,43.17353],[-72.47082,43.17382],[-72.46974,43.17381],[-72.46898,43.17356],[-72.46845,43.17308],[-72.46774,43.17148],[-72.46772,43.17087],[-72.46806,43.17031],[-72.46871,43.16992],[-72.47097,43.1696]]],[[[-72.4586,43.15711],[-72.46023,43.15722],[-72.4609,43.15742],[-72.46218,43.15826],[-72.46255,43.15891],[-72.46211,43.16025],[-72.46198,43.16232],[-72.4612,43.16297],[-72.46016,43.16315],[-72.45944,43.16548],[-72.45882,43.16612],[-72.45979,43.16649],[-72.46031,43.16725],[-72.46145,43.16726],[-72.46239,43.16779],[-72.46303,43.16947],[-72.46306,43.17078],[-72.46361,43.17149],[-72.46424,43.17843],[-72.46378,43.17923],[-72.46264,43.17968],[-72.46107,43.17941],[-72.45976,43.17875],[-72.45911,43.17802],[-72.45916,43.17721],[-72.45828,43.17685],[-72.45779,43.1762],[-72.4571,43.17612],[-72.45645,43.17584],[-72.45566,43.17593],[-72.45496,43.1758],[-72.45399,43.17527],[-72.45353,43.1747],[-72.45286,43.17435],[-72.45197,43.1731],[-72.45214,43.17159],[-72.4513,43.17061],[-72.4511,43.17004],[-72.45118,43.16943],[-72.45167,43.16888],[-72.45107,43.16796],[-72.45099,43.16664],[-72.45151,43.16559],[-72.4516,43.16459],[-72.45258,43.16127],[-72.45413,43.15984],[-72.45487,43.15953],[-72.45561,43.15944],[-72.45594,43.15812],[-72.45638,43.1576],[-72.45709,43.15727],[-72.4586,43.15711]]],[[[-72.44947,43.21888],[-72.45018,43.21898],[-72.45077,43.21927],[-72.45117,43.21971],[-72.45131,43.22028],[-72.45101,43.22309],[-72.45065,43.22355],[-72.44981,43.22394],[-72.44921,43.22453],[-72.44845,43.22478],[-72.4475,43.22473],[-72.44623,43.22415],[-72.44575,43.22352],[-72.44338,43.2234],[-72.4424,43.22292],[-72.44202,43.22218],[-72.44213,43.2204],[-72.44231,43.21989],[-72.44285,43.21942],[-72.44373,43.21915],[-72.44947,43.21888]]]]}},{"type":"Feature","properties":{"PWSID":"VT0005175","PWS_Name":"NEWBURY VILLAGE INC","Pop_Cat_5":"<=500","Population_Served_Count":480,"Service_Connections_Count":171,"Service_Area_Type":"Residential Area","Model_Method":"","boundary_source":"Authoritative (VT/local)","is_community":true,"Area_SqKM":9.504827206479357,"Detailed_Facility_Report":"https://echo.epa.gov/detailed-facility-report?fid=VT0005175&sys=SDWIS"},"geometry":{"type":"Polygon","coordinates":[[[-72.0647,44.06108],[-72.06591,44.06045],[-72.06699,44.06033],[-72.06825,44.05961],[-72.06947,44.05858],[-72.07064,44.05836],[-72.07805,44.06038],[-72.07874,44.06087],[-72.07898,44.06164],[-72.07868,44.06263],[-72.07793,44.0632],[-72.07359,44.06382],[-72.07359,44.06466],[-72.07396,44.06489],[-72.07489,44.06433],[-72.07609,44.06428],[-72.07709,44.06476],[-72.07747,44.06559],[-72.0759,44.07022],[-72.07364,44.07547],[-72.07291,44.07593],[-72.07195,44.07607],[-72.06689,44.07479],[-72.06608,44.07496],[-72.06603,44.07548],[-72.06472,44.07832],[-72.06465,44.07917],[-72.0639,44.08165],[-72.06445,44.082],[-72.06484,44.08252],[-72.06494,44.08406],[-72.06405,44.08507],[-72.06322,44.08546],[-72.0624,44.08685],[-72.06169,44.08758],[-72.06091,44.088],[-72.05928,44.08834],[-72.05855,44.08834],[-72.05779,44.08809],[-72.05799,44.09019],[-72.0575,44.09079],[-72.05666,44.09114],[-72.05546,44.09108],[-72.05153,44.08968],[-72.05045,44.08962],[-72.04955,44.09008],[-72.04939,44.09056],[-72.05019,44.09095],[-72.05062,44.09158],[-72.05041,44.09345],[-72.05055,44.09432],[-72.05225,44.09509],[-72.05576,44.09485],[-72.05651,44.09514],[-72.05704,44.09573],[-72.05712,44.09634],[-72.05651,44.09833],[-72.05715,44.09863],[-72.05755,44.09907],[-72.05843,44.10093],[-72.05859,44.1018],[-72.05816,44.10353],[-72.05706,44.1064],[-72.05641,44.10692],[-72.05561,44.10714],[-72.05477,44.10707],[-72.05405,44.10675],[-72.05289,44.10502],[-72.05107,44.10094],[-72.05035,44.09995],[-72.04734,44.09794],[-72.04529,44.09756],[-72.04486,44.09772],[-72.0445,44.09981],[-72.04386,44.10167],[-72.04306,44.10274],[-72.04162,44.10394],[-72.04053,44.10452],[-72.03887,44.10484],[-72.03761,44.10477],[-72.03579,44.10432],[-72.03368,44.10329],[-72.03202,44.10288],[-72.03111,44.10242],[-72.02979,44.10116],[-72.02907,44.10007],[-72.02878,44.09915],[-72.02874,44.0978],[-72.03049,44.09126],[-72.03093,44.09042],[-72.03214,44.08927],[-72.03368,44.08829],[-72.03518,44.08772],[-72.03802,44.08724],[-72.04105,44.08731],[-72.04285,44.08759],[-72.04336,44.08739],[-72.0429,44.08694],[-72.04164,44.0864],[-72.04064,44.08567],[-72.03901,44.08484],[-72.03598,44.08378],[-72.03322,44.0831],[-72.03165,44.08234],[-72.03062,44.08154],[-72.02987,44.08045],[-72.02962,44.07903],[-72.03012,44.07794],[-72.03112,44.07699],[-72.03276,44.07613],[-72.03465,44.07557],[-72.036,44.07534],[-72.0384,44.07544],[-72.03978,44.07582],[-72.04132,44.07664],[-72.04239,44.07794],[-72.04274,44.07802],[-72.04357,44.07793],[-72.04478,44.07734],[-72.047,44.07666],[-72.05096,44.07598],[-72.0511,44.07587],[-72.05059,44.07515],[-72.05049,44.07418],[-72.05098,44.07351],[-72.05141,44.07153],[-72.05248,44.07003],[-72.05413,44.06838],[-72.05477,44.06812],[-72.05563,44.06805],[-72.05539,44.06747],[-72.05554,44.06686],[-72.05732,44.06495],[-72.05805,44.06463],[-72.05897,44.06458],[-72.06047,44.06328],[-72.06116,44.06312],[-72.06182,44.06314],[-72.0619,44.06248],[-72.06235,44.06196],[-72.0647,44.06108]]]}},{"type":"Feature","properties":{"PWSID":"VT0005010","PWS_Name":"VERGENNES PANTON WATER DISTRICT","Pop_Cat_5":"3,301-10,000","Population_Served_Count":5100,"Service_Connections_Count":2140,"Service_Area_Type":"Residential Area","Model_Method":"Decision Tree","boundary_source":"EPA-modeled","is_community":true,"Area_SqKM":9.317623334011259,"Detailed_Facility_Report":"https://echo.epa.gov/detailed-facility-report?fid=VT0005010&sys=SDWIS"},"geometry":{"type":"Polygon","coordinates":[[[-73.24746,44.15463],[-73.2683,44.15296],[-73.27005,44.16205],[-73.27852,44.15976],[-73.28565,44.15832],[-73.28667,44.15992],[-73.28955,44.16093],[-73.29104,44.16188],[-73.28898,44.16351],[-73.28804,44.1636],[-73.28763,44.1631],[-73.28669,44.16272],[-73.28286,44.16283],[-73.2797,44.16247],[-73.27889,44.16259],[-73.27365,44.16441],[-73.27056,44.1648],[-73.2727,44.177],[-73.25649,44.17881],[-73.25554,44.17412],[-73.25824,44.17185],[-73.2579,44.17123],[-73.25615,44.16958],[-73.25592,44.16889],[-73.25563,44.16908],[-73.25479,44.17051],[-73.2528,44.17175],[-73.25081,44.17339],[-73.2502,44.17438],[-73.24765,44.17488],[-73.24611,44.17461],[-73.24589,44.17613],[-73.24604,44.17678],[-73.24657,44.17747],[-73.24818,44.17859],[-73.24849,44.17907],[-73.24853,44.1797],[-73.24343,44.18027],[-73.24266,44.17678],[-73.24156,44.17708],[-73.2413,44.17728],[-73.24125,44.178],[-73.24146,44.17848],[-73.24123,44.17987],[-73.241,44.18027],[-73.23937,44.1782],[-73.2387,44.17612],[-73.23938,44.16838],[-73.23931,44.16727],[-73.23877,44.16615],[-73.23893,44.16613],[-73.23805,44.16501],[-73.23583,44.16343],[-73.24028,44.16421],[-73.23884,44.15661],[-73.23936,44.1553],[-73.22833,44.1471],[-73.22523,44.14521],[-73.22325,44.14354],[-73.21979,44.13845],[-73.22215,44.1382],[-73.22338,44.13873],[-73.22498,44.13862],[-73.22657,44.13881],[-73.2282,44.13955],[-73.2288,44.14018],[-73.22935,44.14031],[-73.23371,44.14006],[-73.23724,44.13964],[-73.24165,44.14024],[-73.24564,44.13986],[-73.24605,44.14285],[-73.24634,44.14779],[-73.24746,44.15463]]]}},{"type":"Feature","properties":{"PWSID":"VT0005244","PWS_Name":"WEST RUTLAND TOWN","Pop_Cat_5":"501-3,300","Population_Served_Count":2400,"Service_Connections_Count":900,"Service_Area_Type":"Residential Area","Model_Method":"","boundary_source":"Authoritative (VT/local)","is_community":true,"Area_SqKM":8.574796373740783,"Detailed_Facility_Report":"https://echo.epa.gov/detailed-facility-report?fid=VT0005244&sys=SDWIS"},"geometry":{"type":"Polygon","coordinates":[[[-73.04645,43.5726],[-73.04799,43.57261],[-73.04898,43.57309],[-73.04936,43.57373],[-73.04935,43.57493],[-73.05106,43.57548],[-73.05179,43.57616],[-73.05186,43.57686],[-73.05143,43.57776],[-73.05264,43.57813],[-73.05327,43.57877],[-73.05329,43.58014],[-73.05298,43.58061],[-73.05241,43.58097],[-73.05261,43.58149],[-73.05264,43.5831],[-73.05224,43.58364],[-73.05149,43.58403],[-73.05151,43.58424],[-73.05327,43.58419],[-73.05427,43.58438],[-73.05531,43.58486],[-73.05577,43.58557],[-73.05572,43.5861],[-73.05523,43.58711],[-73.0547,43.58769],[-73.05372,43.58802],[-73.05181,43.588],[-73.05017,43.58897],[-73.05282,43.59103],[-73.05325,43.59165],[-73.05566,43.59295],[-73.05598,43.59379],[-73.0558,43.59435],[-73.05535,43.59483],[-73.05532,43.59567],[-73.05631,43.59566],[-73.05723,43.59607],[-73.05831,43.59726],[-73.05856,43.59784],[-73.06033,43.59972],[-73.06183,43.60085],[-73.06215,43.60151],[-73.06202,43.60212],[-73.06153,43.60262],[-73.06079,43.60291],[-73.05981,43.60296],[-73.05909,43.60286],[-73.05767,43.60235],[-73.05627,43.6011],[-73.05543,43.60083],[-73.05393,43.60133],[-73.05302,43.60139],[-73.05349,43.60238],[-73.05408,43.6031],[-73.05422,43.60376],[-73.05377,43.60466],[-73.05255,43.60516],[-73.05285,43.60722],[-73.05349,43.60848],[-73.05358,43.60952],[-73.0533,43.61016],[-73.05412,43.61101],[-73.05476,43.61274],[-73.05526,43.61335],[-73.05561,43.61563],[-73.05506,43.61651],[-73.05516,43.61733],[-73.0548,43.61798],[-73.05426,43.61833],[-73.05355,43.6185],[-73.05285,43.61916],[-73.05194,43.61939],[-73.0508,43.61941],[-73.05011,43.61925],[-73.04937,43.61868],[-73.04884,43.61749],[-73.04695,43.61742],[-73.04632,43.61716],[-73.04587,43.61675],[-73.04556,43.61473],[-73.04575,43.61407],[-73.04539,43.61334],[-73.04465,43.61305],[-73.0442,43.61264],[-73.04338,43.61051],[-73.04242,43.60986],[-73.04175,43.60807],[-73.04196,43.60713],[-73.04243,43.60673],[-73.04304,43.60651],[-73.04229,43.60562],[-73.04201,43.60458],[-73.04171,43.60427],[-73.04091,43.60457],[-73.04006,43.60459],[-73.03929,43.60434],[-73.03875,43.60387],[-73.03856,43.60328],[-73.03876,43.60164],[-73.03865,43.60003],[-73.03829,43.6001],[-73.03852,43.60319],[-73.03834,43.60379],[-73.03739,43.60444],[-73.03584,43.6046],[-73.03583,43.60506],[-73.03555,43.60555],[-73.03504,43.60592],[-73.03438,43.60613],[-73.02987,43.60643],[-73.02893,43.6063],[-73.0282,43.60584],[-73.02636,43.6036],[-73.02613,43.60261],[-73.02524,43.60275],[-73.02452,43.60269],[-73.02389,43.60243],[-73.02342,43.60196],[-73.02324,43.60244],[-73.02276,43.60289],[-73.0236,43.60375],[-73.02483,43.60364],[-73.02579,43.60401],[-73.02664,43.60494],[-73.02729,43.60602],[-73.02729,43.60655],[-73.0266,43.6085],[-73.02607,43.60897],[-73.0253,43.60923],[-73.02458,43.60923],[-73.02354,43.60901],[-73.0209,43.60738],[-73.017,43.60559],[-73.01575,43.6045],[-73.01523,43.60312],[-73.01556,43.60161],[-73.01599,43.60094],[-73.01674,43.60047],[-73.01714,43.59915],[-73.01819,43.59782],[-73.01993,43.59651],[-73.02003,43.59572],[-73.0207,43.59511],[-73.02346,43.59413],[-73.03159,43.59234],[-73.03445,43.59227],[-73.03639,43.59249],[-73.03569,43.59172],[-73.03547,43.59116],[-73.03556,43.59036],[-73.03602,43.58939],[-73.03653,43.58902],[-73.03719,43.58881],[-73.04001,43.58872],[-73.04064,43.5881],[-73.03964,43.58732],[-73.03864,43.58737],[-73.03778,43.58707],[-73.03587,43.5853],[-73.03591,43.58434],[-73.03676,43.58366],[-73.03662,43.58307],[-73.0358,43.58273],[-73.03535,43.58221],[-73.03509,43.5814],[-73.03525,43.58076],[-73.03476,43.57942],[-73.03521,43.57862],[-73.03622,43.57818],[-73.03485,43.57678],[-73.0348,43.57583],[-73.03533,43.57525],[-73.03607,43.57496],[-73.04081,43.57452],[-73.04158,43.57477],[-73.04212,43.57524],[-73.04265,43.57706],[-73.04345,43.57706],[-73.04367,43.57392],[-73.04386,43.57341],[-73.04481,43.57275],[-73.04645,43.5726]]]}},{"type":"Feature","properties":{"PWSID":"VT0005599","PWS_Name":"WEST WINDSOR MOUNTAIN WATER SYSTEM","Pop_Cat_5":"501-3,300","Population_Served_Count":750,"Service_Connections_Count":305,"Service_Area_Type":"Residential Area","Model_Method":"","boundary_source":"Authoritative (VT/local)","is_community":true,"Area_SqKM":8.260450219618612,"Detailed_Facility_Report":"https://echo.epa.gov/detailed-facility-report?fid=VT0005599&sys=SDWIS"},"geometry":{"type":"Polygon","coordinates":[[[-72.47433,43.45928],[-72.47555,43.45961],[-72.47663,43.46069],[-72.47677,43.46121],[-72.47663,43.46172],[-72.47706,43.46213],[-72.47725,43.46264],[-72.477,43.46369],[-72.47664,43.4642],[-72.4761,43.46455],[-72.47569,43.46558],[-72.47517,43.46627],[-72.47397,43.46717],[-72.47351,43.46775],[-72.47277,43.46822],[-72.47154,43.46852],[-72.47066,43.46898],[-72.46879,43.46895],[-72.468,43.46873],[-72.46732,43.46813],[-72.46718,43.46735],[-72.46611,43.46791],[-72.46249,43.46832],[-72.46057,43.46941],[-72.45938,43.46941],[-72.45828,43.46886],[-72.45793,43.4683],[-72.45792,43.46761],[-72.45645,43.4667],[-72.4548,43.46497],[-72.45438,43.46482],[-72.45259,43.46474],[-72.45176,43.46439],[-72.45136,43.46395],[-72.45122,43.46343],[-72.4513,43.45577],[-72.45166,43.45286],[-72.4515,43.44293],[-72.45175,43.44225],[-72.45243,43.44176],[-72.45335,43.44158],[-72.46667,43.4426],[-72.46662,43.43589],[-72.46715,43.43511],[-72.4681,43.43474],[-72.48016,43.43542],[-72.48747,43.43603],[-72.49278,43.4368],[-72.49339,43.43721],[-72.49369,43.43779],[-72.4938,43.43891],[-72.49348,43.4401],[-72.49175,43.44222],[-72.49089,43.44253],[-72.48974,43.44247],[-72.48887,43.44316],[-72.48929,43.44463],[-72.48875,43.4455],[-72.4878,43.44587],[-72.48583,43.44596],[-72.48565,43.44927],[-72.48522,43.4505],[-72.48443,43.45103],[-72.48319,43.45121],[-72.48249,43.45107],[-72.48184,43.45069],[-72.47945,43.45018],[-72.48018,43.4512],[-72.48005,43.45369],[-72.47965,43.45413],[-72.47893,43.45445],[-72.47698,43.45452],[-72.47715,43.45684],[-72.47701,43.45736],[-72.47612,43.45805],[-72.4735,43.45867],[-72.47376,43.45933],[-72.47433,43.45928]]]}},{"type":"Feature","properties":{"PWSID":"VT0005602","PWS_Name":"SHELBURNE FARMS","Pop_Cat_5":"<=500","Population_Served_Count":235,"Service_Connections_Count":33,"Service_Area_Type":"School","Model_Method":"","boundary_source":"Authoritative (VT/local)","is_community":false,"Area_SqKM":7.977299796826267,"Detailed_Facility_Report":"https://echo.epa.gov/detailed-facility-report?fid=VT0005602&sys=SDWIS"},"geometry":{"type":"Polygon","coordinates":[[[-73.2702,44.37675],[-73.27103,44.37688],[-73.27192,44.37734],[-73.27349,44.37761],[-73.27441,44.37814],[-73.27542,44.37925],[-73.27553,44.37979],[-73.27535,44.3803],[-73.27383,44.38148],[-73.27481,44.38175],[-73.27541,44.3823],[-73.27556,44.3829],[-73.27534,44.38346],[-73.27552,44.38442],[-73.27643,44.38549],[-73.27679,44.38655],[-73.27787,44.38689],[-73.27848,44.38728],[-73.27982,44.3892],[-73.27997,44.39004],[-73.27968,44.39166],[-73.27925,44.39262],[-73.27868,44.39316],[-73.28004,44.39339],[-73.28095,44.39424],[-73.28108,44.39485],[-73.28063,44.39574],[-73.28067,44.39696],[-73.28011,44.3982],[-73.27937,44.39878],[-73.27824,44.39899],[-73.27693,44.39868],[-73.27611,44.39912],[-73.27439,44.39962],[-73.27319,44.40027],[-73.274,44.40138],[-73.27404,44.40266],[-73.27377,44.40319],[-73.27328,44.40361],[-73.27228,44.40561],[-73.27147,44.4065],[-73.27043,44.40684],[-73.26934,44.40672],[-73.26861,44.40631],[-73.26812,44.40557],[-73.26756,44.4051],[-73.2672,44.40515],[-73.26677,44.40536],[-73.26644,44.40581],[-73.26609,44.40691],[-73.26559,44.40745],[-73.26463,44.408],[-73.26322,44.40853],[-73.26202,44.4095],[-73.26071,44.40967],[-73.25672,44.40815],[-73.2562,44.40778],[-73.2559,44.40728],[-73.25298,44.40617],[-73.25257,44.40573],[-73.25242,44.40525],[-73.25148,44.40516],[-73.25078,44.40481],[-73.25031,44.40401],[-73.25016,44.40063],[-73.24935,44.40102],[-73.24764,44.40124],[-73.24672,44.40102],[-73.24607,44.4005],[-73.2431,44.38703],[-73.24269,44.38614],[-73.24277,44.38553],[-73.24317,44.38504],[-73.24254,44.38447],[-73.24243,44.38369],[-73.24286,44.38294],[-73.24363,44.38251],[-73.24595,44.3822],[-73.24754,44.38218],[-73.24721,44.3796],[-73.24764,44.37897],[-73.24844,44.37858],[-73.25485,44.37798],[-73.26237,44.37837],[-73.26314,44.37857],[-73.26785,44.37821],[-73.26896,44.37709],[-73.2702,44.37675]]]}},{"type":"Feature","properties":{"PWSID":"VT0005218","PWS_Name":"FAIR HAVEN WATER DEPT","Pop_Cat_5":"501-3,300","Population_Served_Count":3076,"Service_Connections_Count":900,"Service_Area_Type":"Residential Area","Model_Method":"Random Forest","boundary_source":"EPA-modeled","is_community":true,"Area_SqKM":7.9514871964383245,"Detailed_Facility_Report":"https://echo.epa.gov/detailed-facility-report?fid=VT0005218&sys=SDWIS"},"geometry":{"type":"Polygon","coordinates":[[[-73.28409,43.58359],[-73.28396,43.58452],[-73.28309,43.586],[-73.27819,43.5866],[-73.28056,43.58652],[-73.28303,43.58665],[-73.29058,43.58788],[-73.28909,43.58869],[-73.28763,43.58975],[-73.28565,43.59187],[-73.28493,43.59307],[-73.28517,43.59314],[-73.28162,43.60293],[-73.28025,43.60461],[-73.2783,43.60575],[-73.27814,43.60581],[-73.27787,43.60553],[-73.27623,43.60595],[-73.27428,43.60606],[-73.26144,43.60487],[-73.24851,43.6049],[-73.24551,43.60515],[-73.2437,43.60557],[-73.24219,43.60612],[-73.2425,43.6022],[-73.23762,43.60279],[-73.23298,43.60488],[-73.23255,43.60388],[-73.23263,43.60322],[-73.23676,43.60258],[-73.24254,43.60128],[-73.24284,43.59296],[-73.24675,43.59126],[-73.25294,43.59141],[-73.25593,43.59181],[-73.25896,43.59166],[-73.26002,43.59089],[-73.26101,43.59051],[-73.26346,43.59],[-73.26527,43.58913],[-73.26534,43.58804],[-73.26382,43.57372],[-73.26503,43.57334],[-73.26656,43.57342],[-73.26943,43.5744],[-73.27064,43.5746],[-73.27175,43.5751],[-73.27324,43.57538],[-73.27619,43.57558],[-73.27701,43.57595],[-73.27964,43.57671],[-73.28046,43.57731],[-73.28208,43.57925],[-73.28409,43.58359]]]}},{"type":"Feature","properties":{"PWSID":"VT0005179","PWS_Name":"RANDOLPH VILLAGE","Pop_Cat_5":"501-3,300","Population_Served_Count":2700,"Service_Connections_Count":799,"Service_Area_Type":"Residential Area","Model_Method":"","boundary_source":"Authoritative (VT/local)","is_community":true,"Area_SqKM":7.872702078336892,"Detailed_Facility_Report":"https://echo.epa.gov/detailed-facility-report?fid=VT0005179&sys=SDWIS"},"geometry":{"type":"MultiPolygon","coordinates":[[[[-72.65531,43.91004],[-72.65588,43.9101],[-72.6569,43.90987],[-72.65788,43.90995],[-72.65782,43.9093],[-72.65741,43.9086],[-72.65749,43.90802],[-72.6571,43.9072],[-72.6573,43.9066],[-72.65774,43.90618],[-72.6612,43.9052],[-72.66205,43.90522],[-72.66279,43.9055],[-72.66324,43.90592],[-72.66489,43.90846],[-72.66553,43.90908],[-72.66575,43.91011],[-72.6665,43.91044],[-72.66704,43.91123],[-72.66788,43.91153],[-72.66837,43.91203],[-72.6685,43.91385],[-72.66785,43.91473],[-72.66883,43.91515],[-72.66954,43.9157],[-72.67182,43.91853],[-72.67195,43.91948],[-72.67137,43.92093],[-72.67175,43.92109],[-72.67303,43.91912],[-72.67351,43.91872],[-72.67427,43.91847],[-72.67582,43.91835],[-72.67694,43.91885],[-72.67733,43.91969],[-72.67945,43.92028],[-72.68011,43.92067],[-72.6805,43.92149],[-72.68015,43.9224],[-72.68106,43.92204],[-72.68224,43.92192],[-72.68497,43.92268],[-72.68561,43.92321],[-72.6858,43.92389],[-72.68472,43.92587],[-72.68574,43.92632],[-72.68628,43.9269],[-72.68634,43.9276],[-72.68594,43.92825],[-72.68506,43.92871],[-72.68397,43.92874],[-72.68302,43.92923],[-72.68173,43.92932],[-72.6815,43.92988],[-72.68101,43.93044],[-72.68035,43.93084],[-72.67961,43.93104],[-72.6788,43.93105],[-72.67791,43.93077],[-72.67678,43.92952],[-72.67674,43.93048],[-72.67651,43.93098],[-72.67594,43.93142],[-72.6755,43.93212],[-72.67471,43.93251],[-72.67407,43.93304],[-72.67324,43.93326],[-72.67165,43.93325],[-72.6711,43.93355],[-72.67039,43.93369],[-72.66824,43.93346],[-72.66754,43.93416],[-72.66732,43.93495],[-72.66693,43.93543],[-72.66681,43.93706],[-72.66575,43.93839],[-72.66556,43.93942],[-72.66506,43.93992],[-72.66432,43.94021],[-72.66301,43.94016],[-72.66216,43.93985],[-72.66141,43.939],[-72.66121,43.93822],[-72.66062,43.93805],[-72.65877,43.93814],[-72.65712,43.93761],[-72.65653,43.93723],[-72.65581,43.93733],[-72.65509,43.93723],[-72.654,43.93665],[-72.6536,43.93611],[-72.65355,43.93558],[-72.65378,43.93509],[-72.65442,43.93448],[-72.65394,43.93395],[-72.6538,43.93335],[-72.65399,43.93284],[-72.65454,43.93232],[-72.65404,43.9321],[-72.65307,43.93261],[-72.65213,43.93394],[-72.65155,43.93439],[-72.64997,43.93496],[-72.64818,43.93488],[-72.64687,43.93539],[-72.64617,43.9355],[-72.64552,43.93619],[-72.64418,43.93666],[-72.64396,43.93754],[-72.64332,43.93809],[-72.64274,43.93834],[-72.64309,43.94019],[-72.64278,43.94094],[-72.64205,43.9414],[-72.63952,43.94184],[-72.6386,43.94232],[-72.63615,43.9426],[-72.6351,43.94242],[-72.63455,43.94207],[-72.6342,43.94151],[-72.6342,43.94099],[-72.63454,43.94037],[-72.63375,43.9403],[-72.633,43.93996],[-72.63236,43.94001],[-72.63166,43.93987],[-72.63108,43.93955],[-72.6307,43.93907],[-72.62759,43.93938],[-72.62645,43.9391],[-72.62582,43.93847],[-72.62556,43.93704],[-72.62575,43.93645],[-72.62639,43.93592],[-72.63182,43.93492],[-72.63299,43.93503],[-72.63568,43.93475],[-72.63682,43.93502],[-72.63758,43.93581],[-72.63892,43.93488],[-72.63901,43.93436],[-72.63937,43.9339],[-72.64052,43.9333],[-72.64148,43.93321],[-72.64432,43.93374],[-72.64597,43.93186],[-72.64657,43.93156],[-72.64796,43.93126],[-72.64827,43.93021],[-72.64792,43.92972],[-72.64788,43.92915],[-72.64802,43.92846],[-72.64838,43.928],[-72.64903,43.92765],[-72.64983,43.92748],[-72.65157,43.92776],[-72.65139,43.92718],[-72.65152,43.92658],[-72.65037,43.92591],[-72.6497,43.92449],[-72.64978,43.9238],[-72.65079,43.92227],[-72.65003,43.9223],[-72.64934,43.92213],[-72.64872,43.92171],[-72.64844,43.92123],[-72.64844,43.91887],[-72.64884,43.91806],[-72.6483,43.91739],[-72.64816,43.91617],[-72.64874,43.91529],[-72.64885,43.91426],[-72.64944,43.91371],[-72.6507,43.91343],[-72.65261,43.91382],[-72.65244,43.91176],[-72.65263,43.91102],[-72.65348,43.9104],[-72.65531,43.91004]]],[[[-72.61168,43.95626],[-72.61261,43.95644],[-72.6133,43.95694],[-72.61375,43.95877],[-72.61345,43.95935],[-72.61293,43.95972],[-72.61166,43.96009],[-72.61093,43.96013],[-72.61014,43.95991],[-72.60956,43.95946],[-72.60888,43.95807],[-72.60883,43.95755],[-72.60913,43.95697],[-72.60975,43.95655],[-72.61168,43.95626]]]]}},{"type":"Feature","properties":{"PWSID":"VT0005150","PWS_Name":"JEFFERSONVILLE WATER SYSTEM","Pop_Cat_5":"501-3,300","Population_Served_Count":700,"Service_Connections_Count":256,"Service_Area_Type":"Residential Area","Model_Method":"","boundary_source":"Authoritative (VT/local)","is_community":true,"Area_SqKM":7.754858158334803,"Detailed_Facility_Report":"https://echo.epa.gov/detailed-facility-report?fid=VT0005150&sys=SDWIS"},"geometry":{"type":"MultiPolygon","coordinates":[[[[-72.81686,44.61653],[-72.81819,44.61669],[-72.81926,44.61729],[-72.81958,44.61784],[-72.81973,44.61885],[-72.82042,44.61929],[-72.82088,44.61987],[-72.8209,44.62086],[-72.8223,44.62114],[-72.82298,44.62084],[-72.82384,44.62078],[-72.82493,44.62116],[-72.82538,44.62168],[-72.82595,44.62324],[-72.82703,44.62408],[-72.82716,44.62477],[-72.82666,44.62613],[-72.82721,44.62668],[-72.82741,44.62731],[-72.82889,44.62832],[-72.8291,44.62929],[-72.82991,44.63018],[-72.83011,44.63078],[-72.82951,44.63243],[-72.82732,44.63591],[-72.8284,44.63631],[-72.83062,44.63352],[-72.83143,44.63313],[-72.83241,44.63308],[-72.83559,44.63404],[-72.83854,44.63519],[-72.83941,44.63517],[-72.84173,44.63563],[-72.84232,44.63608],[-72.84258,44.63671],[-72.84329,44.63726],[-72.84362,44.63824],[-72.84337,44.639],[-72.84168,44.64055],[-72.83982,44.6415],[-72.83907,44.64213],[-72.8382,44.64312],[-72.83808,44.64413],[-72.83736,44.64567],[-72.83609,44.64685],[-72.83459,44.64772],[-72.83427,44.64888],[-72.83339,44.64975],[-72.8314,44.65041],[-72.82945,44.65066],[-72.82837,44.65059],[-72.8272,44.65015],[-72.82606,44.65052],[-72.82521,44.65054],[-72.82439,44.65095],[-72.82235,44.65125],[-72.82109,44.65239],[-72.81945,44.65283],[-72.81849,44.6527],[-72.81655,44.65178],[-72.81474,44.65189],[-72.81377,44.65165],[-72.81232,44.65165],[-72.81168,44.65139],[-72.81123,44.65097],[-72.81085,44.64968],[-72.81104,44.649],[-72.81178,44.64842],[-72.81299,44.64825],[-72.81333,44.64806],[-72.81047,44.6476],[-72.80857,44.64656],[-72.8081,44.64567],[-72.80829,44.64508],[-72.80952,44.6437],[-72.81038,44.6432],[-72.81052,44.64269],[-72.81145,44.6414],[-72.81144,44.64067],[-72.81055,44.64154],[-72.80987,44.64174],[-72.80921,44.64175],[-72.80868,44.64335],[-72.80799,44.64395],[-72.80718,44.64421],[-72.80363,44.64459],[-72.80275,44.64428],[-72.80221,44.6437],[-72.80077,44.63921],[-72.80095,44.63854],[-72.80257,44.63608],[-72.80312,44.63561],[-72.80439,44.63533],[-72.80579,44.6357],[-72.80712,44.63372],[-72.80797,44.63322],[-72.80869,44.63312],[-72.80959,44.63324],[-72.81012,44.6329],[-72.81082,44.63273],[-72.81269,44.63288],[-72.81265,44.63274],[-72.8102,44.63245],[-72.80938,44.63207],[-72.80897,44.63153],[-72.80884,44.63043],[-72.8081,44.62987],[-72.80792,44.62913],[-72.80813,44.62849],[-72.80865,44.62802],[-72.80858,44.62572],[-72.80896,44.62498],[-72.80951,44.62463],[-72.81021,44.62446],[-72.81311,44.62455],[-72.81375,44.62367],[-72.80962,44.62209],[-72.80908,44.62151],[-72.80901,44.62081],[-72.80947,44.62012],[-72.81028,44.61973],[-72.8132,44.61971],[-72.81502,44.617],[-72.81583,44.61661],[-72.81686,44.61653]]],[[[-72.80943,44.60641],[-72.81027,44.60655],[-72.81093,44.60693],[-72.81166,44.60853],[-72.8124,44.6087],[-72.81295,44.60904],[-72.81343,44.61008],[-72.81337,44.61075],[-72.81275,44.6115],[-72.81295,44.6122],[-72.81264,44.613],[-72.81204,44.61355],[-72.81126,44.61381],[-72.81029,44.61376],[-72.80952,44.61343],[-72.80799,44.61195],[-72.80722,44.61173],[-72.80666,44.61138],[-72.80563,44.6101],[-72.80563,44.60957],[-72.80591,44.60908],[-72.80645,44.60868],[-72.8071,44.60845],[-72.80711,44.60761],[-72.80746,44.60705],[-72.80823,44.60662],[-72.80943,44.60641]]]]}},{"type":"Feature","properties":{"PWSID":"VT0005323","PWS_Name":"LUDLOW VILLAGE WATER DEPT","Pop_Cat_5":"501-3,300","Population_Served_Count":2818,"Service_Connections_Count":820,"Service_Area_Type":"Residential Area","Model_Method":"","boundary_source":"Authoritative (VT/local)","is_community":true,"Area_SqKM":7.646093502677513,"Detailed_Facility_Report":"https://echo.epa.gov/detailed-facility-report?fid=VT0005323&sys=SDWIS"},"geometry":{"type":"MultiPolygon","coordinates":[[[[-72.68131,43.38487],[-72.68427,43.38487],[-72.68504,43.38512],[-72.68551,43.38551],[-72.68576,43.3861],[-72.68584,43.38903],[-72.68602,43.38961],[-72.68588,43.39013],[-72.68544,43.39066],[-72.6879,43.39257],[-72.68891,43.3929],[-72.68969,43.39299],[-72.69559,43.39245],[-72.69573,43.3919],[-72.69613,43.39146],[-72.69673,43.39117],[-72.69751,43.39106],[-72.69768,43.38987],[-72.69846,43.38922],[-72.69914,43.38905],[-72.70062,43.38899],[-72.7037,43.38913],[-72.70421,43.38728],[-72.70469,43.38674],[-72.70464,43.38593],[-72.7059,43.38314],[-72.70617,43.37781],[-72.70654,43.37707],[-72.70719,43.37668],[-72.70789,43.37654],[-72.71222,43.37679],[-72.71159,43.37602],[-72.71152,43.37439],[-72.70926,43.37429],[-72.70855,43.37397],[-72.70814,43.37353],[-72.708,43.37301],[-72.7081,43.37158],[-72.70871,43.37074],[-72.70981,43.3704],[-72.71508,43.37044],[-72.71614,43.37082],[-72.71683,43.3717],[-72.71714,43.3706],[-72.71823,43.36995],[-72.71848,43.3694],[-72.71907,43.36891],[-72.71945,43.36732],[-72.72002,43.36687],[-72.7208,43.36666],[-72.72211,43.36669],[-72.72302,43.36698],[-72.72356,43.36745],[-72.72386,43.36829],[-72.72631,43.36843],[-72.72735,43.36896],[-72.72767,43.36795],[-72.72817,43.36757],[-72.72884,43.36737],[-72.72956,43.36737],[-72.73045,43.3676],[-72.73134,43.36829],[-72.73148,43.36881],[-72.73144,43.37217],[-72.73099,43.37297],[-72.73042,43.37329],[-72.72972,43.37343],[-72.72431,43.3734],[-72.724,43.37431],[-72.72337,43.37484],[-72.72246,43.37506],[-72.72144,43.3749],[-72.72163,43.37581],[-72.72048,43.37899],[-72.71997,43.37936],[-72.71924,43.37957],[-72.71905,43.38008],[-72.71771,43.38174],[-72.71685,43.38205],[-72.71596,43.38203],[-72.71581,43.38346],[-72.71451,43.38475],[-72.71368,43.3851],[-72.71238,43.38513],[-72.71237,43.38566],[-72.71183,43.3871],[-72.71251,43.38734],[-72.71304,43.38781],[-72.71323,43.38832],[-72.71322,43.38922],[-72.71251,43.3905],[-72.71194,43.39082],[-72.71111,43.39099],[-72.71232,43.39147],[-72.71269,43.39192],[-72.71278,43.39245],[-72.71253,43.39305],[-72.71181,43.39378],[-72.71205,43.39423],[-72.71206,43.39475],[-72.71175,43.3958],[-72.71116,43.39636],[-72.71106,43.39684],[-72.71143,43.39764],[-72.71141,43.39825],[-72.71093,43.39886],[-72.71021,43.39918],[-72.71028,43.40051],[-72.7108,43.40138],[-72.71096,43.40236],[-72.71077,43.40322],[-72.71097,43.40639],[-72.71066,43.40809],[-72.71026,43.40853],[-72.70966,43.40882],[-72.70785,43.40888],[-72.7072,43.40865],[-72.70675,43.40829],[-72.70602,43.4087],[-72.70533,43.40884],[-72.70215,43.40874],[-72.70136,43.40853],[-72.70042,43.4078],[-72.7001,43.40732],[-72.70004,43.40657],[-72.69953,43.40574],[-72.69977,43.40444],[-72.69719,43.40443],[-72.69621,43.4041],[-72.6948,43.4028],[-72.6938,43.40226],[-72.69353,43.40178],[-72.69353,43.40123],[-72.69289,43.40024],[-72.69192,43.39971],[-72.69127,43.39995],[-72.68964,43.40015],[-72.68935,43.40597],[-72.68897,43.40671],[-72.6881,43.40717],[-72.68684,43.40728],[-72.68555,43.40724],[-72.68463,43.40683],[-72.68419,43.40611],[-72.68403,43.40326],[-72.68461,43.39751],[-72.68356,43.39811],[-72.68173,43.3984],[-72.6809,43.3983],[-72.67986,43.39782],[-72.67941,43.3973],[-72.67934,43.39665],[-72.67846,43.39625],[-72.67802,43.39573],[-72.67788,43.39431],[-72.67706,43.39333],[-72.67726,43.39241],[-72.67714,43.39214],[-72.67572,43.39103],[-72.67535,43.39039],[-72.67569,43.38884],[-72.67601,43.38836],[-72.677,43.3878],[-72.67819,43.38746],[-72.6795,43.38749],[-72.67928,43.38675],[-72.67965,43.38562],[-72.68038,43.38505],[-72.68131,43.38487]]],[[[-72.72951,43.39851],[-72.73117,43.39896],[-72.73186,43.39977],[-72.73197,43.4005],[-72.73179,43.40101],[-72.73126,43.40148],[-72.73049,43.40174],[-72.72854,43.40156],[-72.72789,43.40117],[-72.72754,43.40061],[-72.72754,43.40009],[-72.72798,43.39912],[-72.72859,43.3987],[-72.72951,43.39851]]],[[[-72.66859,43.38656],[-72.66944,43.38667],[-72.67007,43.38693],[-72.67051,43.38735],[-72.6707,43.38785],[-72.67057,43.38854],[-72.67025,43.38902],[-72.6696,43.38941],[-72.6689,43.38954],[-72.66741,43.38922],[-72.66688,43.38875],[-72.66669,43.38824],[-72.66683,43.38748],[-72.66719,43.38703],[-72.66777,43.3867],[-72.66859,43.38656]]],[[[-72.735,43.39687],[-72.73806,43.39731],[-72.73868,43.39773],[-72.73898,43.39831],[-72.74003,43.39858],[-72.74066,43.39922],[-72.74074,43.40067],[-72.74043,43.40134],[-72.73972,43.4018],[-72.73858,43.40196],[-72.73814,43.40239],[-72.73751,43.40265],[-72.73607,43.40263],[-72.73547,43.40233],[-72.73499,43.40183],[-72.73426,43.40195],[-72.73355,43.40184],[-72.73287,43.40149],[-72.7325,43.40103],[-72.73244,43.40034],[-72.7333,43.39771],[-72.73398,43.3971],[-72.735,43.39687]]]]}},{"type":"Feature","properties":{"PWSID":"VT0005315","PWS_Name":"BETHEL WATER DEPT","Pop_Cat_5":"501-3,300","Population_Served_Count":1929,"Service_Connections_Count":350,"Service_Area_Type":"Residential Area","Model_Method":"","boundary_source":"Authoritative (VT/local)","is_community":true,"Area_SqKM":7.59345972048571,"Detailed_Facility_Report":"https://echo.epa.gov/detailed-facility-report?fid=VT0005315&sys=SDWIS"},"geometry":{"type":"MultiPolygon","coordinates":[[[[-72.62063,43.81778],[-72.6233,43.81816],[-72.62413,43.81788],[-72.62502,43.81645],[-72.62586,43.81595],[-72.62669,43.81585],[-72.62755,43.81604],[-72.62846,43.8157],[-72.62962,43.8158],[-72.63061,43.81553],[-72.63167,43.8157],[-72.63267,43.8164],[-72.63342,43.81655],[-72.63491,43.81726],[-72.63587,43.81804],[-72.63618,43.81856],[-72.63612,43.81926],[-72.63543,43.82036],[-72.63422,43.82202],[-72.63315,43.82287],[-72.63346,43.82343],[-72.63553,43.82289],[-72.636,43.82062],[-72.63598,43.8199],[-72.63661,43.81906],[-72.63735,43.81877],[-72.63826,43.81876],[-72.63884,43.81789],[-72.63989,43.81742],[-72.64179,43.81752],[-72.64256,43.81777],[-72.6432,43.8184],[-72.64345,43.81908],[-72.64338,43.81968],[-72.64634,43.82117],[-72.65076,43.82254],[-72.65134,43.82299],[-72.65157,43.82349],[-72.65145,43.82418],[-72.65069,43.82513],[-72.65018,43.82551],[-72.64951,43.82571],[-72.64854,43.82566],[-72.64422,43.82447],[-72.64382,43.82501],[-72.64301,43.8254],[-72.64217,43.82546],[-72.64094,43.82514],[-72.6408,43.82524],[-72.64155,43.82587],[-72.64176,43.82698],[-72.64223,43.82784],[-72.64318,43.82826],[-72.64401,43.82824],[-72.64468,43.82844],[-72.64656,43.82995],[-72.64675,43.83046],[-72.64665,43.83099],[-72.64629,43.83144],[-72.64571,43.83179],[-72.64564,43.83214],[-72.64644,43.8324],[-72.64714,43.83295],[-72.64913,43.83168],[-72.65028,43.83146],[-72.65369,43.8324],[-72.65467,43.83072],[-72.65521,43.83037],[-72.6559,43.8302],[-72.65674,43.83026],[-72.65901,43.83096],[-72.65959,43.83141],[-72.65984,43.832],[-72.65937,43.83461],[-72.65987,43.8379],[-72.65946,43.83882],[-72.6587,43.83924],[-72.65735,43.8394],[-72.6549,43.83933],[-72.65321,43.839],[-72.65225,43.83908],[-72.65216,43.84015],[-72.65182,43.84071],[-72.65116,43.8411],[-72.64962,43.84144],[-72.64846,43.84122],[-72.64795,43.84085],[-72.64765,43.84028],[-72.64667,43.83972],[-72.64629,43.83975],[-72.6465,43.84108],[-72.64638,43.84176],[-72.64575,43.8424],[-72.64486,43.84267],[-72.64341,43.84261],[-72.64272,43.84244],[-72.64198,43.84186],[-72.64114,43.84169],[-72.63962,43.84081],[-72.63906,43.84025],[-72.63843,43.84024],[-72.63753,43.84132],[-72.63661,43.84174],[-72.63564,43.84174],[-72.63375,43.84123],[-72.63302,43.84077],[-72.6327,43.84002],[-72.6338,43.83757],[-72.6332,43.83688],[-72.63262,43.83666],[-72.63214,43.83626],[-72.63161,43.83495],[-72.63069,43.83513],[-72.62997,43.83509],[-72.62922,43.8348],[-72.62878,43.83439],[-72.62845,43.83291],[-72.62963,43.83141],[-72.62891,43.83081],[-72.62825,43.82988],[-72.62821,43.82891],[-72.62674,43.82764],[-72.62649,43.82692],[-72.62473,43.82672],[-72.62455,43.82803],[-72.62303,43.83018],[-72.62219,43.83068],[-72.62123,43.83077],[-72.61751,43.83028],[-72.61664,43.83057],[-72.61676,43.8314],[-72.6164,43.83204],[-72.61585,43.83239],[-72.61516,43.83256],[-72.61432,43.8325],[-72.61174,43.8317],[-72.61104,43.8309],[-72.6108,43.82862],[-72.60999,43.82789],[-72.60874,43.82786],[-72.60765,43.82731],[-72.60698,43.8262],[-72.60714,43.82509],[-72.60798,43.82419],[-72.60893,43.82382],[-72.61114,43.82376],[-72.61267,43.8242],[-72.61361,43.82464],[-72.61484,43.82443],[-72.61485,43.82396],[-72.61519,43.82335],[-72.6162,43.82274],[-72.61692,43.82267],[-72.62023,43.82294],[-72.6176,43.82226],[-72.61701,43.8217],[-72.61687,43.8211],[-72.61711,43.82051],[-72.61922,43.81824],[-72.6198,43.81792],[-72.62063,43.81778]]],[[[-72.63901,43.80585],[-72.64317,43.80696],[-72.64372,43.80731],[-72.64407,43.80786],[-72.64391,43.80873],[-72.64154,43.81144],[-72.64144,43.8119],[-72.64108,43.81236],[-72.63903,43.81353],[-72.63872,43.81424],[-72.63751,43.81525],[-72.63662,43.81552],[-72.63556,43.81539],[-72.63502,43.81586],[-72.63437,43.81609],[-72.63329,43.81607],[-72.62847,43.81464],[-72.62763,43.81357],[-72.62626,43.81229],[-72.62601,43.81153],[-72.62626,43.81094],[-72.6289,43.80796],[-72.6297,43.80757],[-72.63067,43.80752],[-72.63528,43.80881],[-72.63761,43.80631],[-72.63819,43.80599],[-72.63901,43.80585]]],[[[-72.71272,43.85106],[-72.71569,43.85176],[-72.71731,43.85238],[-72.71782,43.85275],[-72.71814,43.85341],[-72.71796,43.85419],[-72.71732,43.85518],[-72.71674,43.85563],[-72.71595,43.85585],[-72.71522,43.85581],[-72.7117,43.855],[-72.71086,43.8545],[-72.71055,43.85366],[-72.711,43.8519],[-72.71168,43.85129],[-72.71272,43.85106]]]]}},{"type":"Feature","properties":{"PWSID":"VT0005154","PWS_Name":"HYDE PARK WATER SYSTEM","Pop_Cat_5":"<=500","Population_Served_Count":462,"Service_Connections_Count":228,"Service_Area_Type":"Residential Area","Model_Method":"","boundary_source":"Authoritative (VT/local)","is_community":true,"Area_SqKM":7.220204512386699,"Detailed_Facility_Report":"https://echo.epa.gov/detailed-facility-report?fid=VT0005154&sys=SDWIS"},"geometry":{"type":"MultiPolygon","coordinates":[[[[-72.5991,44.60117],[-72.59994,44.60131],[-72.60182,44.60214],[-72.60196,44.60166],[-72.60285,44.60049],[-72.60268,44.60035],[-72.60161,44.60037],[-72.60095,44.60014],[-72.6004,44.59966],[-72.60021,44.59898],[-72.60091,44.59745],[-72.60212,44.59599],[-72.60301,44.59553],[-72.60403,44.59549],[-72.60391,44.59441],[-72.60536,44.59177],[-72.60488,44.5911],[-72.60493,44.59042],[-72.60288,44.58935],[-72.60219,44.58845],[-72.60199,44.58739],[-72.60209,44.58687],[-72.60293,44.5858],[-72.60382,44.58535],[-72.60515,44.58538],[-72.60956,44.58701],[-72.6103,44.5877],[-72.61027,44.58862],[-72.61132,44.58758],[-72.61268,44.58692],[-72.61305,44.58654],[-72.61366,44.58625],[-72.61463,44.58616],[-72.61701,44.58661],[-72.61798,44.58726],[-72.61814,44.58822],[-72.61936,44.58818],[-72.62039,44.58858],[-72.62094,44.58921],[-72.6211,44.59006],[-72.62387,44.59148],[-72.62479,44.59228],[-72.62559,44.59339],[-72.62657,44.59327],[-72.62753,44.59283],[-72.62855,44.59275],[-72.62958,44.59302],[-72.63022,44.59366],[-72.63028,44.59487],[-72.63006,44.59584],[-72.6296,44.59663],[-72.62871,44.59752],[-72.63003,44.59774],[-72.63087,44.59847],[-72.63086,44.59996],[-72.63034,44.60065],[-72.62889,44.60137],[-72.62781,44.6015],[-72.62707,44.60141],[-72.62637,44.60253],[-72.62536,44.60302],[-72.62427,44.60299],[-72.62158,44.60212],[-72.6201,44.60225],[-72.61881,44.60323],[-72.61805,44.60352],[-72.61719,44.60354],[-72.61635,44.60325],[-72.61606,44.60389],[-72.61557,44.60428],[-72.61479,44.60454],[-72.61403,44.60453],[-72.6138,44.60572],[-72.61306,44.6064],[-72.61177,44.60662],[-72.6102,44.60615],[-72.6079,44.61063],[-72.60745,44.61105],[-72.60681,44.61131],[-72.60596,44.61137],[-72.60526,44.61121],[-72.60154,44.60959],[-72.60087,44.60887],[-72.601,44.60793],[-72.6041,44.60385],[-72.60226,44.60304],[-72.60212,44.60353],[-72.60123,44.60469],[-72.60056,44.60508],[-72.59985,44.60522],[-72.59882,44.60506],[-72.59744,44.60451],[-72.59685,44.60406],[-72.59663,44.60313],[-72.59747,44.60185],[-72.59816,44.60135],[-72.5991,44.60117]]],[[[-72.59392,44.60676],[-72.59466,44.60611],[-72.59571,44.60588],[-72.59654,44.60602],[-72.59794,44.60669],[-72.59829,44.60725],[-72.59826,44.60786],[-72.59734,44.60919],[-72.59686,44.60959],[-72.5962,44.60982],[-72.59534,44.60984],[-72.59402,44.60942],[-72.59347,44.60907],[-72.59314,44.6086],[-72.59309,44.60808],[-72.59392,44.60676]]],[[[-72.56269,44.61054],[-72.5639,44.60898],[-72.56503,44.60847],[-72.56601,44.60852],[-72.56723,44.60898],[-72.56775,44.60935],[-72.56803,44.60983],[-72.56803,44.61036],[-72.56768,44.61092],[-72.56613,44.61231],[-72.56516,44.61268],[-72.56407,44.6126],[-72.56293,44.61207],[-72.56248,44.61136],[-72.56269,44.61054]]],[[[-72.5803,44.60877],[-72.58113,44.60891],[-72.58382,44.60995],[-72.58578,44.60746],[-72.58647,44.60711],[-72.58732,44.607],[-72.58803,44.60714],[-72.59264,44.6089],[-72.59349,44.60964],[-72.59349,44.6105],[-72.59287,44.61115],[-72.59223,44.61227],[-72.59161,44.61479],[-72.59166,44.6164],[-72.59229,44.61678],[-72.59265,44.61737],[-72.59602,44.61877],[-72.59648,44.61929],[-72.59656,44.6199],[-72.59394,44.62386],[-72.59117,44.62712],[-72.5902,44.62765],[-72.58947,44.62772],[-72.5887,44.62756],[-72.58674,44.62679],[-72.58605,44.62601],[-72.58522,44.62611],[-72.5844,44.62594],[-72.58201,44.62496],[-72.58141,44.6244],[-72.58127,44.62389],[-72.58141,44.62337],[-72.58474,44.61894],[-72.58472,44.61751],[-72.57608,44.61448],[-72.57475,44.61391],[-72.57421,44.61333],[-72.57425,44.61238],[-72.57632,44.6098],[-72.57704,44.60948],[-72.5803,44.60877]]],[[[-72.55328,44.59996],[-72.55412,44.6001],[-72.55854,44.6018],[-72.55928,44.60231],[-72.55992,44.60325],[-72.55984,44.60404],[-72.56018,44.60517],[-72.5597,44.60635],[-72.55895,44.60692],[-72.55764,44.60708],[-72.55635,44.60659],[-72.55515,44.6073],[-72.55409,44.60748],[-72.55147,44.60692],[-72.55056,44.60635],[-72.55016,44.60477],[-72.54942,44.6043],[-72.54905,44.60384],[-72.54905,44.60298],[-72.54959,44.60239],[-72.55064,44.60203],[-72.55195,44.60035],[-72.55256,44.60006],[-72.55328,44.59996]]]]}},{"type":"Feature","properties":{"PWSID":"VT0005151","PWS_Name":"SMUGGLERS NOTCH WATER SYSTEM","Pop_Cat_5":"501-3,300","Population_Served_Count":2960,"Service_Connections_Count":638,"Service_Area_Type":"Recreation Area","Model_Method":"","boundary_source":"Authoritative (VT/local)","is_community":false,"Area_SqKM":7.173528703547719,"Detailed_Facility_Report":"https://echo.epa.gov/detailed-facility-report?fid=VT0005151&sys=SDWIS"},"geometry":{"type":"Polygon","coordinates":[[[-72.80161,44.58422],[-72.80245,44.58435],[-72.81177,44.58785],[-72.8129,44.58869],[-72.81342,44.58946],[-72.81368,44.59043],[-72.81371,44.59208],[-72.81208,44.59597],[-72.81166,44.59649],[-72.81013,44.59764],[-72.80873,44.59826],[-72.80919,44.59951],[-72.809,44.60002],[-72.80849,44.60048],[-72.80948,44.60177],[-72.81032,44.60212],[-72.81077,44.60264],[-72.81119,44.60377],[-72.81069,44.60483],[-72.80984,44.60533],[-72.80865,44.60541],[-72.8081,44.60614],[-72.80755,44.60649],[-72.80685,44.60666],[-72.80611,44.60662],[-72.79927,44.60405],[-72.79855,44.60353],[-72.79745,44.60373],[-72.79479,44.6036],[-72.79361,44.60335],[-72.79275,44.60292],[-72.79086,44.60143],[-72.79041,44.6016],[-72.79086,44.60223],[-72.79075,44.60301],[-72.78602,44.60957],[-72.7855,44.61002],[-72.7846,44.61029],[-72.78374,44.61023],[-72.77825,44.6082],[-72.77747,44.60743],[-72.77755,44.60656],[-72.7791,44.6044],[-72.77929,44.60378],[-72.78086,44.60222],[-72.78192,44.60046],[-72.78438,44.59829],[-72.78206,44.59793],[-72.78141,44.59771],[-72.781,44.59819],[-72.78042,44.59851],[-72.77971,44.59865],[-72.77898,44.59858],[-72.76956,44.59542],[-72.76865,44.59473],[-72.7685,44.59422],[-72.76869,44.59362],[-72.77502,44.58469],[-72.77325,44.58346],[-72.77276,44.58258],[-72.77084,44.58142],[-72.77034,44.58082],[-72.77029,44.58029],[-72.77096,44.57852],[-72.77097,44.57787],[-72.77174,44.57685],[-72.77236,44.57643],[-72.77306,44.57626],[-72.77612,44.57637],[-72.7768,44.57657],[-72.77978,44.57802],[-72.78101,44.57941],[-72.78191,44.57987],[-72.78645,44.58436],[-72.78724,44.58474],[-72.78835,44.58581],[-72.78969,44.5864],[-72.79214,44.58825],[-72.79251,44.5887],[-72.79268,44.58938],[-72.79382,44.59015],[-72.79484,44.59042],[-72.79541,44.59093],[-72.80004,44.58482],[-72.80078,44.58436],[-72.80161,44.58422]]]}},{"type":"Feature","properties":{"PWSID":"VT0005037","PWS_Name":"DANVILLE FIRE DISTRICT 1","Pop_Cat_5":"<=500","Population_Served_Count":500,"Service_Connections_Count":220,"Service_Area_Type":"Residential Area","Model_Method":"","boundary_source":"Authoritative (VT/local)","is_community":true,"Area_SqKM":6.797335047031749,"Detailed_Facility_Report":"https://echo.epa.gov/detailed-facility-report?fid=VT0005037&sys=SDWIS"},"geometry":{"type":"Polygon","coordinates":[[[-72.16341,44.40806],[-72.16461,44.40837],[-72.16948,44.41167],[-72.16986,44.41258],[-72.16931,44.41345],[-72.16571,44.41506],[-72.16451,44.41517],[-72.16201,44.41463],[-72.16129,44.4143],[-72.16081,44.41369],[-72.16068,44.4124],[-72.15928,44.41262],[-72.15948,44.41433],[-72.1592,44.41481],[-72.15868,44.41518],[-72.15787,44.4154],[-72.15363,44.41573],[-72.1528,44.41559],[-72.15207,44.41512],[-72.1515,44.41327],[-72.15058,44.41338],[-72.15029,44.41453],[-72.14989,44.41506],[-72.15005,44.41605],[-72.1499,44.41657],[-72.1492,44.41717],[-72.148,44.41742],[-72.1483,44.4188],[-72.14798,44.41955],[-72.14689,44.4201],[-72.14484,44.4202],[-72.14465,44.42082],[-72.1439,44.42139],[-72.14375,44.42194],[-72.14334,44.42238],[-72.14186,44.42309],[-72.14078,44.42322],[-72.13969,44.42283],[-72.13618,44.42209],[-72.13522,44.42144],[-72.13475,44.41935],[-72.13398,44.41865],[-72.13372,44.41731],[-72.13392,44.4168],[-72.13437,44.41638],[-72.13607,44.41585],[-72.13571,44.41521],[-72.1343,44.41558],[-72.13221,44.41522],[-72.13041,44.41585],[-72.12829,44.41589],[-72.12693,44.4155],[-72.12578,44.41486],[-72.12384,44.41229],[-72.12301,44.41177],[-72.12206,44.41164],[-72.12022,44.41188],[-72.11831,44.41248],[-72.11702,44.41226],[-72.1165,44.41188],[-72.11622,44.41139],[-72.11569,44.40799],[-72.11581,44.40732],[-72.11523,44.40644],[-72.10858,44.40697],[-72.10732,44.40669],[-72.10662,44.40588],[-72.10606,44.4016],[-72.10652,44.40089],[-72.10745,44.40048],[-72.11188,44.39997],[-72.11365,44.40032],[-72.11369,44.39977],[-72.11397,44.39928],[-72.11506,44.39873],[-72.11933,44.39844],[-72.12572,44.39775],[-72.12566,44.39688],[-72.12641,44.39591],[-72.12888,44.39493],[-72.12985,44.39484],[-72.13065,44.39506],[-72.13122,44.3955],[-72.13247,44.39561],[-72.134,44.39657],[-72.13492,44.3968],[-72.13544,44.39717],[-72.13574,44.39769],[-72.13645,44.39793],[-72.13694,44.39833],[-72.13718,44.39901],[-72.1369,44.40302],[-72.1365,44.40378],[-72.13708,44.40425],[-72.1378,44.40399],[-72.13902,44.4039],[-72.1406,44.40408],[-72.14114,44.40332],[-72.14221,44.40294],[-72.1459,44.40259],[-72.14674,44.40273],[-72.14732,44.40305],[-72.14774,44.40368],[-72.14795,44.40554],[-72.14746,44.40614],[-72.14591,44.4069],[-72.147,44.4074],[-72.14732,44.40787],[-72.14761,44.40903],[-72.14839,44.40928],[-72.1489,44.40971],[-72.1507,44.40934],[-72.1514,44.40934],[-72.15205,44.40902],[-72.15341,44.40877],[-72.15736,44.40886],[-72.15933,44.40839],[-72.16341,44.40806]]]}},{"type":"Feature","properties":{"PWSID":"VT0005205","PWS_Name":"NORTH TROY WATER SYSTEM","Pop_Cat_5":"501-3,300","Population_Served_Count":864,"Service_Connections_Count":285,"Service_Area_Type":"Residential Area","Model_Method":"","boundary_source":"Authoritative (VT/local)","is_community":true,"Area_SqKM":6.556182504743349,"Detailed_Facility_Report":"https://echo.epa.gov/detailed-facility-report?fid=VT0005205&sys=SDWIS"},"geometry":{"type":"MultiPolygon","coordinates":[[[[-72.38486,44.98804],[-72.38625,44.98831],[-72.38536,44.98742],[-72.38532,44.98636],[-72.38637,44.98517],[-72.38761,44.98457],[-72.38883,44.98462],[-72.38978,44.98525],[-72.39971,44.98541],[-72.40082,44.9844],[-72.40168,44.98404],[-72.40212,44.98359],[-72.40414,44.98232],[-72.40487,44.98222],[-72.40892,44.98232],[-72.41005,44.98265],[-72.41121,44.98378],[-72.41164,44.98559],[-72.41208,44.9861],[-72.41216,44.9867],[-72.4128,44.98704],[-72.41317,44.9875],[-72.41333,44.98967],[-72.41554,44.99126],[-72.41591,44.99171],[-72.41616,44.99344],[-72.4158,44.994],[-72.4151,44.9944],[-72.41642,44.99472],[-72.41713,44.99553],[-72.41729,44.99682],[-72.41658,44.99763],[-72.41555,44.9979],[-72.41343,44.99766],[-72.41291,44.99778],[-72.41361,44.99883],[-72.41371,44.99936],[-72.41339,45.00002],[-72.41267,45.00047],[-72.41296,45.00117],[-72.41388,45.00135],[-72.41458,45.00185],[-72.4174,45.00638],[-72.41748,45.00724],[-72.41675,45.00817],[-72.41605,45.00853],[-72.41532,45.00863],[-72.40636,45.00829],[-72.40365,45.00766],[-72.40235,45.00764],[-72.4007,45.0069],[-72.40015,45.00643],[-72.39996,45.00592],[-72.40011,45.00529],[-72.4001,45.00229],[-72.40062,45.00125],[-72.40146,45.00076],[-72.40154,44.99992],[-72.40224,44.99919],[-72.40226,44.99855],[-72.39792,44.99738],[-72.39741,44.99778],[-72.39796,44.99865],[-72.39757,44.99956],[-72.39297,45.00206],[-72.39218,45.00283],[-72.39088,45.00305],[-72.38832,45.00269],[-72.38755,45.0024],[-72.38701,45.00182],[-72.38692,45.00121],[-72.38804,44.99932],[-72.38718,44.99859],[-72.38638,44.99845],[-72.38579,44.99813],[-72.38424,44.9961],[-72.38446,44.99516],[-72.38558,44.99446],[-72.38472,44.99446],[-72.38397,44.99422],[-72.383,44.99485],[-72.38166,44.99488],[-72.37878,44.99378],[-72.37823,44.99331],[-72.37799,44.99281],[-72.3783,44.99189],[-72.37945,44.99127],[-72.3793,44.99022],[-72.37984,44.98945],[-72.3807,44.9891],[-72.38319,44.98873],[-72.3839,44.98822],[-72.38486,44.98804]]],[[[-72.38032,44.97189],[-72.38588,44.97215],[-72.38697,44.97271],[-72.38783,44.97289],[-72.38839,44.97324],[-72.38928,44.97505],[-72.38908,44.97596],[-72.38946,44.97677],[-72.38875,44.97837],[-72.38815,44.97892],[-72.38699,44.9792],[-72.37967,44.97897],[-72.37896,44.97884],[-72.37829,44.97845],[-72.3779,44.97763],[-72.37846,44.97297],[-72.37907,44.97222],[-72.38032,44.97189]]],[[[-72.37754,44.98103],[-72.38471,44.9812],[-72.38553,44.98138],[-72.38609,44.98173],[-72.38645,44.98228],[-72.38658,44.98395],[-72.38632,44.98459],[-72.38573,44.98504],[-72.3848,44.98526],[-72.37761,44.98508],[-72.37679,44.9849],[-72.37623,44.98455],[-72.3759,44.98408],[-72.37565,44.9822],[-72.37629,44.98136],[-72.37754,44.98103]]]]}},{"type":"Feature","properties":{"PWSID":"VT0020568","PWS_Name":"DERBY LINE VILLAGE WATER DISTRICT","Pop_Cat_5":"501-3,300","Population_Served_Count":897,"Service_Connections_Count":675,"Service_Area_Type":"Residential Area","Model_Method":"","boundary_source":"Authoritative (VT/local)","is_community":true,"Area_SqKM":6.433443888012648,"Detailed_Facility_Report":"https://echo.epa.gov/detailed-facility-report?fid=VT0020568&sys=SDWIS"},"geometry":{"type":"Polygon","coordinates":[[[-72.09372,44.99977],[-72.09477,45.00001],[-72.09562,45.00065],[-72.09674,45.00037],[-72.09771,45.00045],[-72.09807,44.99988],[-72.09994,44.99839],[-72.10103,44.9964],[-72.10106,44.99376],[-72.10158,44.99102],[-72.10304,44.98872],[-72.10401,44.9882],[-72.10573,44.98814],[-72.10571,44.98752],[-72.10615,44.9869],[-72.11166,44.983],[-72.1121,44.98252],[-72.11433,44.98112],[-72.11527,44.98074],[-72.11594,44.98004],[-72.11671,44.97976],[-72.11811,44.97985],[-72.1187,44.98018],[-72.11907,44.98063],[-72.11916,44.98228],[-72.11878,44.98398],[-72.12046,44.98817],[-72.12177,44.98883],[-72.12347,44.98925],[-72.12425,44.98979],[-72.12487,44.98993],[-72.12634,44.98972],[-72.1272,44.98977],[-72.1291,44.99048],[-72.13028,44.9911],[-72.1317,44.99127],[-72.13254,44.99174],[-72.13311,44.99246],[-72.13265,44.99671],[-72.1322,44.99861],[-72.13139,45.00122],[-72.13079,45.0019],[-72.13072,45.00482],[-72.13045,45.00602],[-72.13001,45.00665],[-72.12907,45.00706],[-72.12273,45.00703],[-72.12194,45.00677],[-72.1212,45.00623],[-72.12038,45.00524],[-72.11922,45.00555],[-72.11803,45.00555],[-72.11724,45.00541],[-72.11668,45.00511],[-72.11546,45.00508],[-72.11538,45.00592],[-72.11509,45.00641],[-72.11446,45.00683],[-72.11363,45.007],[-72.09815,45.00709],[-72.09744,45.00699],[-72.09508,45.00712],[-72.09414,45.00694],[-72.09326,45.00714],[-72.09009,45.00717],[-72.08926,45.00699],[-72.08871,45.00664],[-72.08835,45.00608],[-72.08831,45.00541],[-72.08794,45.00565],[-72.08769,45.00655],[-72.08688,45.00709],[-72.08507,45.00722],[-72.08398,45.00683],[-72.08352,45.00631],[-72.08341,45.00562],[-72.084,45.00299],[-72.08452,45.0023],[-72.0855,45.00194],[-72.08717,45.00191],[-72.08849,45.00138],[-72.08923,45.00139],[-72.08984,45.00156],[-72.0901,45.00091],[-72.0907,45.00046],[-72.09372,44.99977]]]}},{"type":"Feature","properties":{"PWSID":"VT0005198","PWS_Name":"GREENSBORO FIRE DISTRICT 1","Pop_Cat_5":"501-3,300","Population_Served_Count":551,"Service_Connections_Count":220,"Service_Area_Type":"Residential Area","Model_Method":"","boundary_source":"Authoritative (VT/local)","is_community":true,"Area_SqKM":6.406244004922623,"Detailed_Facility_Report":"https://echo.epa.gov/detailed-facility-report?fid=VT0005198&sys=SDWIS"},"geometry":{"type":"Polygon","coordinates":[[[-72.30379,44.5862],[-72.30498,44.58626],[-72.30576,44.5865],[-72.30747,44.58807],[-72.30781,44.58938],[-72.30746,44.59023],[-72.30684,44.59081],[-72.30459,44.59202],[-72.3036,44.59213],[-72.30277,44.59196],[-72.30173,44.59243],[-72.29991,44.59432],[-72.29909,44.5947],[-72.29836,44.59477],[-72.29691,44.59461],[-72.29483,44.59414],[-72.29328,44.59439],[-72.29254,44.59435],[-72.29154,44.59387],[-72.29119,44.59332],[-72.29063,44.59289],[-72.29038,44.59234],[-72.28977,44.59197],[-72.28942,44.59141],[-72.28945,44.5908],[-72.29101,44.58694],[-72.29095,44.58653],[-72.29003,44.58617],[-72.28955,44.58556],[-72.28952,44.58495],[-72.28996,44.58404],[-72.28565,44.58414],[-72.28364,44.5833],[-72.28319,44.58288],[-72.283,44.58237],[-72.2832,44.58169],[-72.28435,44.58057],[-72.28436,44.57957],[-72.28488,44.57888],[-72.28597,44.5785],[-72.28787,44.57847],[-72.2885,44.57858],[-72.28846,44.57808],[-72.28873,44.57734],[-72.28974,44.57644],[-72.28957,44.57554],[-72.28979,44.57483],[-72.29046,44.5736],[-72.29108,44.57302],[-72.29178,44.57266],[-72.29318,44.57238],[-72.29401,44.57253],[-72.29473,44.57297],[-72.29503,44.57249],[-72.29496,44.57209],[-72.29111,44.5707],[-72.29067,44.57029],[-72.29047,44.56969],[-72.29062,44.56917],[-72.29204,44.5672],[-72.29295,44.56663],[-72.29416,44.56658],[-72.29743,44.56757],[-72.29693,44.56706],[-72.29655,44.56635],[-72.29518,44.5654],[-72.29459,44.56461],[-72.29445,44.56358],[-72.29475,44.56067],[-72.29499,44.56017],[-72.29568,44.55967],[-72.29663,44.5595],[-72.29735,44.5596],[-72.29897,44.56019],[-72.2996,44.55927],[-72.30082,44.55888],[-72.3023,44.55905],[-72.30374,44.55891],[-72.30483,44.55929],[-72.30528,44.55981],[-72.30677,44.56326],[-72.30816,44.56348],[-72.3099,44.56426],[-72.31092,44.5644],[-72.31938,44.56738],[-72.32032,44.5661],[-72.32106,44.56564],[-72.32226,44.56553],[-72.32417,44.56615],[-72.325,44.56521],[-72.32612,44.56488],[-72.32696,44.56498],[-72.32924,44.56582],[-72.32982,44.56627],[-72.33007,44.56685],[-72.32993,44.56746],[-72.32787,44.57041],[-72.3293,44.57093],[-72.32985,44.57127],[-72.3302,44.57183],[-72.33017,44.57245],[-72.32721,44.57695],[-72.32629,44.57752],[-72.32496,44.57755],[-72.3218,44.57636],[-72.32126,44.57589],[-72.32107,44.57538],[-72.32152,44.57345],[-72.32043,44.57398],[-72.31921,44.57398],[-72.31832,44.57352],[-72.31768,44.57261],[-72.31593,44.57481],[-72.31496,44.57517],[-72.31388,44.5751],[-72.31327,44.57583],[-72.31159,44.57667],[-72.31038,44.57661],[-72.30767,44.57547],[-72.30611,44.57518],[-72.30472,44.57455],[-72.30143,44.57588],[-72.30023,44.57701],[-72.29991,44.57771],[-72.30023,44.57828],[-72.30054,44.58045],[-72.30189,44.58231],[-72.30135,44.5869],[-72.30307,44.5863],[-72.30379,44.5862]]]}},{"type":"Feature","properties":{"PWSID":"VT0005248","PWS_Name":"GRANITEVILLE FIRE DISTRICT 4","Pop_Cat_5":"501-3,300","Population_Served_Count":700,"Service_Connections_Count":300,"Service_Area_Type":"Residential Area","Model_Method":"","boundary_source":"Authoritative (VT/local)","is_community":true,"Area_SqKM":6.404460611097238,"Detailed_Facility_Report":"https://echo.epa.gov/detailed-facility-report?fid=VT0005248&sys=SDWIS"},"geometry":{"type":"Polygon","coordinates":[[[-72.48333,44.13256],[-72.48619,44.13332],[-72.48682,44.13396],[-72.48688,44.13466],[-72.48645,44.13529],[-72.48512,44.13603],[-72.48373,44.1388],[-72.48285,44.13926],[-72.48168,44.13929],[-72.49303,44.14246],[-72.49363,44.14275],[-72.49404,44.14319],[-72.49461,44.14441],[-72.49513,44.14668],[-72.49591,44.14706],[-72.49634,44.14769],[-72.49641,44.14891],[-72.49578,44.15092],[-72.49626,44.15104],[-72.4978,44.15083],[-72.49863,44.15097],[-72.49942,44.1515],[-72.49966,44.1523],[-72.49942,44.1532],[-72.49804,44.15442],[-72.4974,44.15572],[-72.49651,44.15618],[-72.49537,44.15621],[-72.49475,44.15817],[-72.4936,44.15934],[-72.49319,44.16006],[-72.49327,44.16304],[-72.49281,44.16384],[-72.49201,44.16423],[-72.49116,44.16429],[-72.48762,44.16346],[-72.48661,44.16486],[-72.48272,44.16808],[-72.48084,44.16893],[-72.47902,44.16915],[-72.47779,44.16898],[-72.47572,44.16813],[-72.47417,44.16669],[-72.47378,44.16539],[-72.47279,44.16539],[-72.47037,44.16466],[-72.46945,44.16406],[-72.46892,44.16342],[-72.46746,44.16314],[-72.46682,44.16288],[-72.46638,44.16246],[-72.46619,44.16195],[-72.46657,44.16104],[-72.46865,44.15995],[-72.46927,44.15883],[-72.46996,44.15834],[-72.47051,44.1569],[-72.47143,44.15565],[-72.47152,44.15511],[-72.47219,44.15394],[-72.47284,44.15341],[-72.47354,44.1523],[-72.47361,44.15165],[-72.47421,44.15074],[-72.4754,44.1495],[-72.47681,44.14866],[-72.47719,44.14778],[-72.47798,44.14735],[-72.47775,44.14616],[-72.47717,44.14586],[-72.47584,44.14608],[-72.47475,44.1458],[-72.47407,44.1453],[-72.47382,44.14457],[-72.47313,44.14499],[-72.4723,44.14513],[-72.46924,44.14461],[-72.46834,44.14392],[-72.46824,44.14302],[-72.46721,44.14324],[-72.46628,44.14306],[-72.46553,44.14249],[-72.46535,44.14177],[-72.46554,44.14099],[-72.46778,44.13679],[-72.46847,44.13619],[-72.46963,44.13596],[-72.47274,44.13673],[-72.47443,44.13657],[-72.47492,44.13608],[-72.47689,44.135],[-72.47848,44.13444],[-72.47917,44.13402],[-72.48054,44.13381],[-72.48128,44.13323],[-72.4825,44.1327],[-72.48333,44.13256]]]}},{"type":"Feature","properties":{"PWSID":"VT0005566","PWS_Name":"BARRE TOWN WATER SYSTEM","Pop_Cat_5":"501-3,300","Population_Served_Count":1638,"Service_Connections_Count":546,"Service_Area_Type":"Residential Area","Model_Method":"","boundary_source":"Authoritative (VT/local)","is_community":true,"Area_SqKM":6.264678668706328,"Detailed_Facility_Report":"https://echo.epa.gov/detailed-facility-report?fid=VT0005566&sys=SDWIS"},"geometry":{"type":"MultiPolygon","coordinates":[[[[-72.46479,44.16022],[-72.46667,44.16065],[-72.46744,44.16142],[-72.46749,44.16195],[-72.46701,44.16384],[-72.46624,44.16461],[-72.46495,44.16483],[-72.46278,44.1642],[-72.46155,44.16299],[-72.46132,44.16181],[-72.46056,44.16189],[-72.45972,44.16173],[-72.45848,44.16193],[-72.45687,44.16144],[-72.45622,44.16182],[-72.45329,44.16431],[-72.45251,44.16456],[-72.45156,44.16452],[-72.45141,44.1654],[-72.44973,44.16715],[-72.44965,44.16776],[-72.44911,44.16854],[-72.44989,44.16902],[-72.4502,44.16977],[-72.44942,44.17175],[-72.44897,44.17228],[-72.44825,44.1726],[-72.44728,44.17264],[-72.44369,44.17178],[-72.44285,44.17128],[-72.44254,44.17062],[-72.44268,44.16998],[-72.44203,44.16916],[-72.44196,44.16846],[-72.44232,44.1679],[-72.44366,44.16682],[-72.44379,44.16615],[-72.44443,44.1655],[-72.44408,44.16488],[-72.44406,44.16362],[-72.44254,44.16302],[-72.44192,44.16218],[-72.44197,44.16166],[-72.44232,44.16116],[-72.44197,44.1606],[-72.44197,44.16007],[-72.44225,44.15959],[-72.44297,44.15908],[-72.44334,44.15854],[-72.44317,44.15746],[-72.44391,44.15494],[-72.44301,44.15423],[-72.44276,44.15347],[-72.44308,44.1528],[-72.4455,44.15055],[-72.44618,44.15035],[-72.44691,44.15035],[-72.44844,44.15094],[-72.44891,44.15183],[-72.44842,44.15345],[-72.44977,44.1539],[-72.4506,44.15281],[-72.45214,44.15199],[-72.45321,44.15186],[-72.45401,44.15208],[-72.45562,44.15298],[-72.45599,44.15363],[-72.45592,44.15441],[-72.45671,44.15409],[-72.45757,44.15407],[-72.46161,44.15513],[-72.46225,44.15566],[-72.46244,44.15634],[-72.46219,44.15693],[-72.46142,44.15756],[-72.46222,44.15828],[-72.46223,44.15912],[-72.46276,44.1597],[-72.46281,44.16043],[-72.46479,44.16022]]],[[[-72.49245,44.16049],[-72.49359,44.16077],[-72.49427,44.16153],[-72.49907,44.16275],[-72.49976,44.16311],[-72.50021,44.16382],[-72.49992,44.16504],[-72.50026,44.1659],[-72.49941,44.16837],[-72.50231,44.16909],[-72.50386,44.16859],[-72.50515,44.1688],[-72.50578,44.16932],[-72.50666,44.16972],[-72.50721,44.17049],[-72.50728,44.17119],[-72.50679,44.17212],[-72.50527,44.17344],[-72.50444,44.17366],[-72.50348,44.17431],[-72.50188,44.17459],[-72.50157,44.17523],[-72.49923,44.17729],[-72.49592,44.17841],[-72.49507,44.17843],[-72.49434,44.17819],[-72.49208,44.17826],[-72.49095,44.17806],[-72.48986,44.17742],[-72.48932,44.17652],[-72.48717,44.17596],[-72.48624,44.17698],[-72.48558,44.17737],[-72.48419,44.17746],[-72.4831,44.17706],[-72.48226,44.17768],[-72.48121,44.17797],[-72.47953,44.17783],[-72.47766,44.17715],[-72.47702,44.17662],[-72.47683,44.17594],[-72.47795,44.17364],[-72.47698,44.17422],[-72.47577,44.17428],[-72.47468,44.17391],[-72.47305,44.17279],[-72.47281,44.1722],[-72.47296,44.17158],[-72.47378,44.17051],[-72.47476,44.17009],[-72.47498,44.16956],[-72.47135,44.16727],[-72.47107,44.16645],[-72.47059,44.16602],[-72.47025,44.16535],[-72.47025,44.16483],[-72.47053,44.16434],[-72.47105,44.16397],[-72.47302,44.16321],[-72.47434,44.16318],[-72.47525,44.16361],[-72.47612,44.16426],[-72.47724,44.16609],[-72.47925,44.16664],[-72.48044,44.16623],[-72.4833,44.16394],[-72.4841,44.16372],[-72.48494,44.16378],[-72.48738,44.16497],[-72.48783,44.16549],[-72.48791,44.16606],[-72.48848,44.16662],[-72.48915,44.1668],[-72.4897,44.16715],[-72.49007,44.1678],[-72.48994,44.16859],[-72.49027,44.16892],[-72.49097,44.16648],[-72.49034,44.16507],[-72.49061,44.16396],[-72.49003,44.16357],[-72.48975,44.16308],[-72.48971,44.16166],[-72.49006,44.1611],[-72.49061,44.16075],[-72.49245,44.16049]]],[[[-72.46796,44.15499],[-72.47128,44.15572],[-72.47183,44.15607],[-72.47219,44.15662],[-72.47216,44.15724],[-72.47169,44.15793],[-72.47062,44.15843],[-72.47,44.15902],[-72.46922,44.15928],[-72.46849,44.15928],[-72.46649,44.15893],[-72.46584,44.15854],[-72.46548,44.15798],[-72.46551,44.15737],[-72.46634,44.15567],[-72.46702,44.15517],[-72.46796,44.15499]]]]}},{"type":"Feature","properties":{"PWSID":"VT0005317","PWS_Name":"CAVENDISH TOWN WATER SYSTEM","Pop_Cat_5":"501-3,300","Population_Served_Count":950,"Service_Connections_Count":402,"Service_Area_Type":"Residential Area","Model_Method":"","boundary_source":"Authoritative (VT/local)","is_community":true,"Area_SqKM":5.983904607419,"Detailed_Facility_Report":"https://echo.epa.gov/detailed-facility-report?fid=VT0005317&sys=SDWIS"},"geometry":{"type":"MultiPolygon","coordinates":[[[[-72.60796,43.37582],[-72.60867,43.37592],[-72.60935,43.37628],[-72.60975,43.37682],[-72.61016,43.37826],[-72.61119,43.37867],[-72.61373,43.37928],[-72.61738,43.37985],[-72.62146,43.381],[-72.62206,43.3813],[-72.62246,43.38173],[-72.6226,43.38225],[-72.62256,43.38508],[-72.62225,43.38574],[-72.62174,43.38611],[-72.62107,43.38632],[-72.61957,43.38634],[-72.61811,43.3861],[-72.61666,43.38666],[-72.61583,43.38676],[-72.61453,43.38651],[-72.6139,43.38599],[-72.6137,43.38533],[-72.61308,43.38541],[-72.61299,43.38664],[-72.61267,43.38711],[-72.61203,43.3875],[-72.61211,43.38866],[-72.61167,43.38938],[-72.6111,43.3897],[-72.6104,43.38984],[-72.60643,43.38968],[-72.60662,43.39037],[-72.60637,43.39095],[-72.60508,43.39183],[-72.60419,43.39308],[-72.60318,43.39373],[-72.60294,43.39433],[-72.60226,43.39483],[-72.60078,43.39527],[-72.60006,43.39534],[-72.59896,43.39502],[-72.59802,43.39515],[-72.59686,43.39492],[-72.59588,43.39498],[-72.59486,43.39462],[-72.59427,43.39535],[-72.59317,43.39568],[-72.59127,43.39548],[-72.59061,43.39527],[-72.59003,43.39483],[-72.58979,43.39424],[-72.58984,43.39284],[-72.5903,43.39205],[-72.59207,43.39093],[-72.59326,43.38958],[-72.59403,43.38932],[-72.59488,43.38934],[-72.59576,43.38895],[-72.59665,43.38894],[-72.59806,43.38797],[-72.59798,43.38783],[-72.59712,43.38777],[-72.5964,43.38744],[-72.59596,43.38692],[-72.59581,43.38625],[-72.59595,43.38564],[-72.59644,43.38514],[-72.59918,43.38398],[-72.59801,43.38305],[-72.59733,43.38135],[-72.59732,43.38083],[-72.59763,43.38031],[-72.59707,43.37874],[-72.59738,43.37798],[-72.598,43.37756],[-72.59947,43.37713],[-72.60018,43.37707],[-72.60089,43.37721],[-72.60202,43.37677],[-72.60383,43.3768],[-72.60536,43.37705],[-72.60579,43.37665],[-72.60693,43.37605],[-72.60796,43.37582]]],[[[-72.6387,43.37076],[-72.63963,43.37094],[-72.6403,43.37143],[-72.64078,43.37326],[-72.6418,43.3738],[-72.64345,43.37397],[-72.64417,43.37443],[-72.64448,43.37509],[-72.6444,43.37689],[-72.64494,43.37732],[-72.64519,43.37791],[-72.64482,43.37955],[-72.64597,43.3802],[-72.64643,43.38101],[-72.64708,43.38152],[-72.64839,43.38205],[-72.65135,43.38503],[-72.65162,43.38574],[-72.65156,43.38684],[-72.65121,43.3874],[-72.65052,43.38789],[-72.65136,43.38819],[-72.65189,43.38877],[-72.6524,43.39191],[-72.65209,43.39266],[-72.65126,43.39316],[-72.65056,43.39326],[-72.6449,43.39323],[-72.6438,43.3929],[-72.6432,43.39215],[-72.64308,43.39086],[-72.64261,43.38917],[-72.64269,43.38782],[-72.64236,43.38751],[-72.64173,43.38796],[-72.63986,43.38852],[-72.63962,43.38914],[-72.63904,43.38959],[-72.63746,43.38994],[-72.63428,43.38955],[-72.6336,43.38906],[-72.63335,43.38841],[-72.63238,43.38843],[-72.63159,43.38821],[-72.63096,43.38769],[-72.63076,43.38708],[-72.62934,43.38643],[-72.62825,43.38646],[-72.62752,43.38713],[-72.62651,43.38741],[-72.6252,43.38727],[-72.6243,43.38658],[-72.62416,43.38608],[-72.62423,43.38462],[-72.62486,43.38398],[-72.62582,43.38371],[-72.6259,43.38283],[-72.62643,43.38225],[-72.62706,43.38199],[-72.62777,43.38192],[-72.62893,43.38205],[-72.62963,43.38242],[-72.63011,43.38238],[-72.63063,43.382],[-72.63148,43.38174],[-72.63139,43.38064],[-72.63171,43.37985],[-72.63123,43.378],[-72.63139,43.37697],[-72.63216,43.37546],[-72.63269,43.37498],[-72.63357,43.37471],[-72.63369,43.37383],[-72.63428,43.37313],[-72.63694,43.37169],[-72.63757,43.37104],[-72.6387,43.37076]]]]}},{"type":"Feature","properties":{"PWSID":"VT0005326","PWS_Name":"NORWICH FIRE DISTRICT 1","Pop_Cat_5":"501-3,300","Population_Served_Count":870,"Service_Connections_Count":340,"Service_Area_Type":"Residential Area","Model_Method":"","boundary_source":"Authoritative (VT/local)","is_community":true,"Area_SqKM":5.919154538214523,"Detailed_Facility_Report":"https://echo.epa.gov/detailed-facility-report?fid=VT0005326&sys=SDWIS"},"geometry":{"type":"MultiPolygon","coordinates":[[[[-72.31536,43.70455],[-72.31629,43.70473],[-72.31697,43.70522],[-72.31721,43.7059],[-72.31697,43.70656],[-72.318,43.70689],[-72.31857,43.70756],[-72.31843,43.70954],[-72.3198,43.70978],[-72.32048,43.71013],[-72.32086,43.71062],[-72.3212,43.71172],[-72.32112,43.71233],[-72.32064,43.71294],[-72.32032,43.71465],[-72.31961,43.71534],[-72.31866,43.71565],[-72.31836,43.71667],[-72.31978,43.71671],[-72.32062,43.71706],[-72.32149,43.71812],[-72.32159,43.7189],[-72.32124,43.71946],[-72.32069,43.7198],[-72.3184,43.72032],[-72.31875,43.72122],[-72.3184,43.72204],[-72.31936,43.72288],[-72.32032,43.7232],[-72.32107,43.72286],[-72.32203,43.72281],[-72.32338,43.72325],[-72.32476,43.72335],[-72.3256,43.72385],[-72.32596,43.72469],[-72.32592,43.72528],[-72.32552,43.72582],[-72.3246,43.72643],[-72.32455,43.72728],[-72.32407,43.72789],[-72.32335,43.72821],[-72.32125,43.72851],[-72.32027,43.72825],[-72.31909,43.72821],[-72.31808,43.72767],[-72.3173,43.72763],[-72.31657,43.72735],[-72.31558,43.72763],[-72.31537,43.72836],[-72.31473,43.72888],[-72.31394,43.7291],[-72.31299,43.729],[-72.30939,43.72748],[-72.30872,43.72673],[-72.30775,43.72678],[-72.30523,43.72624],[-72.30422,43.72563],[-72.30401,43.7247],[-72.30467,43.72391],[-72.30419,43.7233],[-72.30384,43.72172],[-72.30445,43.72097],[-72.3055,43.72064],[-72.30531,43.71976],[-72.30461,43.71901],[-72.30396,43.71906],[-72.30326,43.71892],[-72.3019,43.718],[-72.30129,43.71841],[-72.3006,43.71858],[-72.29968,43.71849],[-72.29901,43.71865],[-72.29811,43.71865],[-72.29728,43.71849],[-72.29663,43.71882],[-72.29592,43.71892],[-72.2949,43.7187],[-72.29456,43.72067],[-72.29341,43.72268],[-72.29275,43.72326],[-72.29214,43.72355],[-72.29143,43.72366],[-72.29063,43.72352],[-72.28912,43.72533],[-72.2861,43.72727],[-72.28373,43.72918],[-72.28295,43.72943],[-72.28211,43.72941],[-72.28128,43.72906],[-72.28053,43.72831],[-72.27974,43.72824],[-72.27892,43.72787],[-72.27844,43.72815],[-72.28008,43.72886],[-72.28062,43.72933],[-72.2808,43.73002],[-72.28045,43.73094],[-72.28009,43.7314],[-72.27913,43.732],[-72.27832,43.73218],[-72.27754,43.73209],[-72.27593,43.73403],[-72.27611,43.73469],[-72.27591,43.73529],[-72.27484,43.73628],[-72.27389,43.73664],[-72.27293,43.7366],[-72.27069,43.73534],[-72.27024,43.73482],[-72.27016,43.73421],[-72.27116,43.73272],[-72.273,43.73068],[-72.27387,43.73037],[-72.27479,43.73041],[-72.2739,43.72969],[-72.27373,43.72892],[-72.27449,43.72786],[-72.27541,43.7274],[-72.27505,43.72694],[-72.27496,43.72642],[-72.27515,43.72591],[-72.27554,43.72553],[-72.27689,43.72464],[-72.27938,43.7236],[-72.2816,43.72341],[-72.2827,43.72374],[-72.2839,43.7227],[-72.28453,43.72244],[-72.28528,43.72238],[-72.28561,43.72198],[-72.28619,43.72166],[-72.28913,43.72145],[-72.29138,43.71802],[-72.29246,43.71763],[-72.29396,43.71781],[-72.29304,43.71728],[-72.29273,43.71644],[-72.29298,43.71586],[-72.29424,43.71469],[-72.2965,43.71301],[-72.29713,43.71275],[-72.29785,43.71268],[-72.29855,43.71282],[-72.29913,43.71314],[-72.29946,43.71354],[-72.29963,43.71217],[-72.30036,43.71149],[-72.29949,43.71139],[-72.29598,43.7102],[-72.29534,43.70967],[-72.29515,43.70907],[-72.29562,43.70819],[-72.29856,43.70656],[-72.29908,43.70599],[-72.29919,43.70585],[-72.29889,43.70534],[-72.29883,43.70446],[-72.29937,43.70358],[-72.3013,43.70296],[-72.30237,43.70293],[-72.30338,43.70334],[-72.30522,43.70373],[-72.30647,43.70429],[-72.30697,43.70479],[-72.30711,43.70531],[-72.30696,43.70583],[-72.30596,43.70744],[-72.30506,43.70796],[-72.30476,43.7089],[-72.30335,43.71002],[-72.30225,43.7103],[-72.30123,43.71127],[-72.30411,43.71175],[-72.30412,43.71118],[-72.30472,43.70975],[-72.30517,43.70933],[-72.3059,43.70904],[-72.30578,43.70827],[-72.30597,43.70776],[-72.30642,43.70735],[-72.30749,43.70686],[-72.30843,43.7057],[-72.30906,43.70544],[-72.3128,43.70462],[-72.31536,43.70455]]],[[[-72.31685,43.74039],[-72.31788,43.74062],[-72.31958,43.74172],[-72.32004,43.74227],[-72.32012,43.74288],[-72.31989,43.74337],[-72.31902,43.74432],[-72.31777,43.74465],[-72.31689,43.7453],[-72.31583,43.74542],[-72.3147,43.74514],[-72.31402,43.74464],[-72.31379,43.74414],[-72.31375,43.74277],[-72.31405,43.74219],[-72.31553,43.74079],[-72.31613,43.7405],[-72.31685,43.74039]]]]}},{"type":"Feature","properties":{"PWSID":"VT0005228","PWS_Name":"PROCTOR WATER DEPT","Pop_Cat_5":"501-3,300","Population_Served_Count":2000,"Service_Connections_Count":801,"Service_Area_Type":"Residential Area","Model_Method":"","boundary_source":"Authoritative (VT/local)","is_community":true,"Area_SqKM":5.742652720684309,"Detailed_Facility_Report":"https://echo.epa.gov/detailed-facility-report?fid=VT0005228&sys=SDWIS"},"geometry":{"type":"Polygon","coordinates":[[[-73.04437,43.64892],[-73.0454,43.64914],[-73.04609,43.64974],[-73.04652,43.65308],[-73.04748,43.65474],[-73.04746,43.65551],[-73.04808,43.65597],[-73.04997,43.65849],[-73.05,43.6591],[-73.04961,43.65971],[-73.04992,43.66247],[-73.04961,43.66313],[-73.04897,43.66356],[-73.04911,43.66489],[-73.04898,43.6654],[-73.04849,43.6659],[-73.04772,43.66622],[-73.04688,43.66633],[-73.04607,43.66615],[-73.04365,43.66448],[-73.04244,43.66475],[-73.04238,43.66543],[-73.04404,43.66532],[-73.04534,43.66583],[-73.04625,43.66688],[-73.04644,43.66756],[-73.04607,43.6683],[-73.04493,43.66906],[-73.04498,43.66985],[-73.04429,43.67077],[-73.04356,43.67141],[-73.04263,43.67182],[-73.0426,43.67302],[-73.04233,43.67351],[-73.04187,43.67385],[-73.0419,43.67489],[-73.04161,43.67547],[-73.0411,43.67584],[-73.04031,43.67606],[-73.03901,43.67611],[-73.03812,43.67585],[-73.03742,43.67505],[-73.03734,43.6735],[-73.03702,43.67298],[-73.03702,43.6724],[-73.03597,43.67223],[-73.03518,43.67159],[-73.03448,43.67156],[-73.03285,43.67109],[-73.0321,43.67053],[-73.03172,43.66946],[-73.03203,43.66834],[-73.03239,43.66788],[-73.03311,43.66739],[-73.0341,43.66706],[-73.03406,43.66626],[-73.03461,43.66526],[-73.0336,43.66461],[-73.03324,43.66405],[-73.03261,43.66442],[-73.03095,43.66494],[-73.03006,43.66551],[-73.02924,43.66566],[-73.02747,43.66567],[-73.02683,43.66657],[-73.02674,43.66677],[-73.02753,43.66707],[-73.02802,43.66756],[-73.02845,43.66924],[-73.0287,43.67182],[-73.02817,43.67269],[-73.02756,43.67299],[-73.02673,43.67309],[-73.02383,43.67235],[-73.02275,43.67268],[-73.02159,43.67246],[-73.02083,43.67178],[-73.02043,43.67072],[-73.02097,43.66661],[-73.02155,43.66494],[-73.02092,43.66437],[-73.02079,43.66368],[-73.02131,43.6629],[-73.0233,43.66193],[-73.02292,43.66081],[-73.02296,43.66024],[-73.02217,43.65986],[-73.02146,43.659],[-73.02097,43.65582],[-73.02124,43.65533],[-73.02175,43.65496],[-73.02366,43.65452],[-73.02303,43.65376],[-73.02311,43.65238],[-73.02546,43.64796],[-73.02618,43.6475],[-73.02766,43.64716],[-73.02852,43.64351],[-73.0288,43.64302],[-73.02986,43.64246],[-73.03062,43.64183],[-73.03176,43.64147],[-73.03248,43.64143],[-73.03356,43.64181],[-73.03418,43.64278],[-73.03504,43.64324],[-73.03596,43.64329],[-73.03684,43.64369],[-73.03752,43.64443],[-73.0377,43.64527],[-73.03735,43.64612],[-73.03648,43.64683],[-73.03772,43.6478],[-73.03825,43.64988],[-73.03928,43.64985],[-73.03984,43.64933],[-73.0407,43.64906],[-73.04437,43.64892]]]}},{"type":"Feature","properties":{"PWSID":"VT0005189","PWS_Name":"BARTON WATER SYSTEM","Pop_Cat_5":"501-3,300","Population_Served_Count":950,"Service_Connections_Count":375,"Service_Area_Type":"Residential Area","Model_Method":"","boundary_source":"Authoritative (VT/local)","is_community":true,"Area_SqKM":5.735104816607382,"Detailed_Facility_Report":"https://echo.epa.gov/detailed-facility-report?fid=VT0005189&sys=SDWIS"},"geometry":{"type":"Polygon","coordinates":[[[-72.1692,44.73855],[-72.16993,44.73865],[-72.17054,44.73895],[-72.17133,44.73978],[-72.17162,44.74087],[-72.17276,44.74116],[-72.17204,44.73803],[-72.17079,44.73391],[-72.17437,44.72876],[-72.17559,44.72742],[-72.17635,44.72713],[-72.17721,44.72712],[-72.18002,44.72769],[-72.1807,44.72799],[-72.18148,44.72802],[-72.18495,44.72875],[-72.18559,44.72902],[-72.18603,44.72944],[-72.18622,44.72995],[-72.18617,44.73261],[-72.18592,44.73379],[-72.18542,44.73429],[-72.18466,44.73457],[-72.18264,44.73443],[-72.18323,44.73511],[-72.1841,44.73549],[-72.1846,44.736],[-72.18533,44.73586],[-72.18618,44.73597],[-72.18835,44.73717],[-72.18975,44.73826],[-72.19082,44.7397],[-72.19134,44.74149],[-72.19138,44.74695],[-72.19154,44.74769],[-72.19265,44.74999],[-72.19264,44.75051],[-72.19239,44.75096],[-72.19306,44.75208],[-72.19287,44.75343],[-72.19243,44.75406],[-72.19137,44.75449],[-72.18995,44.75443],[-72.18709,44.75346],[-72.18713,44.75436],[-72.18749,44.75481],[-72.1876,44.75542],[-72.18736,44.75635],[-72.18676,44.7569],[-72.1861,44.75713],[-72.18524,44.75715],[-72.18357,44.75644],[-72.17862,44.75793],[-72.17776,44.75787],[-72.17703,44.75754],[-72.17662,44.7571],[-72.17631,44.75618],[-72.17449,44.75641],[-72.17364,44.75631],[-72.17279,44.75581],[-72.17206,44.75459],[-72.1698,44.7546],[-72.16905,44.75431],[-72.16858,44.75387],[-72.16725,44.75392],[-72.16641,44.75417],[-72.16619,44.75495],[-72.16569,44.75545],[-72.16481,44.75576],[-72.1639,44.75572],[-72.16301,44.75662],[-72.16192,44.75711],[-72.15934,44.75745],[-72.15809,44.75711],[-72.15764,44.75669],[-72.15741,44.75608],[-72.1561,44.75522],[-72.15567,44.75459],[-72.15574,44.75389],[-72.15686,44.7521],[-72.15876,44.75053],[-72.15954,44.75023],[-72.16031,44.75016],[-72.16102,44.74892],[-72.16122,44.74803],[-72.16182,44.74748],[-72.16264,44.74717],[-72.16488,44.74705],[-72.16595,44.74677],[-72.16734,44.74622],[-72.16977,44.74486],[-72.16809,44.74281],[-72.16735,44.74145],[-72.16654,44.74066],[-72.16635,44.74015],[-72.1665,44.73954],[-72.1671,44.73899],[-72.1692,44.73855]]]}},{"type":"Feature","properties":{"PWSID":"VT0005186","PWS_Name":"WILLIAMSTOWN WATER DEPT","Pop_Cat_5":"501-3,300","Population_Served_Count":985,"Service_Connections_Count":378,"Service_Area_Type":"Residential Area","Model_Method":"","boundary_source":"Authoritative (VT/local)","is_community":true,"Area_SqKM":5.640362145433104,"Detailed_Facility_Report":"https://echo.epa.gov/detailed-facility-report?fid=VT0005186&sys=SDWIS"},"geometry":{"type":"MultiPolygon","coordinates":[[[[-72.55023,44.11747],[-72.55137,44.11775],[-72.55201,44.11839],[-72.55203,44.11971],[-72.55166,44.12016],[-72.55113,44.12047],[-72.55213,44.121],[-72.55243,44.12193],[-72.5507,44.12532],[-72.54984,44.12594],[-72.54961,44.12681],[-72.54848,44.12872],[-72.54785,44.12913],[-72.54716,44.1293],[-72.54498,44.12898],[-72.5444,44.12979],[-72.54344,44.13016],[-72.54259,44.13014],[-72.54178,44.12982],[-72.54072,44.13153],[-72.53976,44.13206],[-72.53868,44.13209],[-72.53654,44.13152],[-72.53686,44.13228],[-72.53655,44.13304],[-72.53399,44.13514],[-72.53338,44.13543],[-72.53224,44.13554],[-72.53134,44.13527],[-72.53036,44.13441],[-72.53003,44.13378],[-72.53006,44.13316],[-72.52933,44.13319],[-72.52864,44.13303],[-72.52737,44.13239],[-72.52688,44.1319],[-72.52677,44.13112],[-72.52726,44.13028],[-72.52799,44.12982],[-72.52887,44.12968],[-72.52909,44.12806],[-72.52871,44.12776],[-72.52818,44.12815],[-72.52738,44.12837],[-72.52639,44.12841],[-72.52548,44.12818],[-72.52378,44.12817],[-72.52012,44.12742],[-72.51952,44.12713],[-72.51911,44.12669],[-72.51897,44.12609],[-72.51934,44.12473],[-72.51998,44.1242],[-72.52108,44.12397],[-72.5211,44.12387],[-72.52024,44.12322],[-72.5199,44.12269],[-72.51817,44.12213],[-72.51744,44.12144],[-72.51744,44.12057],[-72.51797,44.11964],[-72.5186,44.11906],[-72.51937,44.11881],[-72.52022,44.11883],[-72.52879,44.12119],[-72.5285,44.12063],[-72.52855,44.1201],[-72.52969,44.11827],[-72.53153,44.11466],[-72.5265,44.11335],[-72.52582,44.11286],[-72.52556,44.11218],[-72.52824,44.10681],[-72.52865,44.10637],[-72.52925,44.10608],[-72.53057,44.10605],[-72.54664,44.11041],[-72.54723,44.11097],[-72.54736,44.11166],[-72.54641,44.1136],[-72.54655,44.11443],[-72.54584,44.11582],[-72.54683,44.11686],[-72.54706,44.11756],[-72.54796,44.11743],[-72.54937,44.11762],[-72.55023,44.11747]]],[[[-72.55749,44.11332],[-72.56216,44.11451],[-72.56279,44.11493],[-72.56309,44.1155],[-72.56281,44.11669],[-72.56321,44.11717],[-72.5633,44.11769],[-72.5628,44.11874],[-72.56181,44.11983],[-72.56071,44.12022],[-72.56043,44.12074],[-72.55995,44.12114],[-72.55905,44.12141],[-72.55821,44.12135],[-72.556,44.12066],[-72.55542,44.12023],[-72.55515,44.11978],[-72.55418,44.11924],[-72.55381,44.11859],[-72.5542,44.11725],[-72.55465,44.11672],[-72.55581,44.11408],[-72.55656,44.11351],[-72.55749,44.11332]]]]}},{"type":"Feature","properties":{"PWSID":"VT0005212","PWS_Name":"CASTLETON FIRE DISTRICT 1","Pop_Cat_5":"501-3,300","Population_Served_Count":1940,"Service_Connections_Count":358,"Service_Area_Type":"Residential Area","Model_Method":"","boundary_source":"Authoritative (VT/local)","is_community":true,"Area_SqKM":5.565358637956286,"Detailed_Facility_Report":"https://echo.epa.gov/detailed-facility-report?fid=VT0005212&sys=SDWIS"},"geometry":{"type":"Polygon","coordinates":[[[-73.19081,43.60065],[-73.19378,43.60094],[-73.19476,43.60126],[-73.19585,43.60084],[-73.20175,43.60017],[-73.20281,43.60029],[-73.20372,43.60098],[-73.20398,43.60241],[-73.2055,43.60247],[-73.20647,43.60311],[-73.20694,43.60521],[-73.20676,43.60589],[-73.20613,43.60642],[-73.20467,43.6069],[-73.20359,43.60666],[-73.20264,43.60676],[-73.20204,43.60705],[-73.20167,43.60745],[-73.20082,43.60768],[-73.20023,43.60816],[-73.19967,43.6081],[-73.1993,43.60849],[-73.19871,43.60878],[-73.18406,43.61336],[-73.18279,43.61341],[-73.18262,43.61412],[-73.18162,43.61512],[-73.1785,43.616],[-73.17759,43.61593],[-73.17644,43.61545],[-73.17091,43.61576],[-73.1699,43.61535],[-73.16913,43.6154],[-73.16844,43.61524],[-73.16761,43.61472],[-73.16722,43.61424],[-73.16718,43.61346],[-73.16765,43.61285],[-73.16871,43.61241],[-73.17078,43.61208],[-73.17437,43.60927],[-73.17354,43.60563],[-73.1726,43.60572],[-73.171,43.60551],[-73.17035,43.60528],[-73.16703,43.60904],[-73.16632,43.60973],[-73.16572,43.61002],[-73.16201,43.61036],[-73.16122,43.61014],[-73.16045,43.60957],[-73.16092,43.61253],[-73.16056,43.61317],[-73.1598,43.6136],[-73.15909,43.61371],[-73.15837,43.61361],[-73.15777,43.61332],[-73.15688,43.61255],[-73.15408,43.61233],[-73.15345,43.61207],[-73.15295,43.61158],[-73.15156,43.60408],[-73.15173,43.60331],[-73.15257,43.60269],[-73.15429,43.60243],[-73.15762,43.60228],[-73.15831,43.60244],[-73.15892,43.60285],[-73.15955,43.60211],[-73.15966,43.60027],[-73.16006,43.59983],[-73.16066,43.59954],[-73.16173,43.59946],[-73.16268,43.59977],[-73.16337,43.60026],[-73.16362,43.60085],[-73.16562,43.60064],[-73.1655,43.59971],[-73.16642,43.5984],[-73.16761,43.59774],[-73.16895,43.59756],[-73.1702,43.5978],[-73.17171,43.59862],[-73.1741,43.59919],[-73.17583,43.59997],[-73.17637,43.59937],[-73.17722,43.59905],[-73.17741,43.59837],[-73.17793,43.59764],[-73.18054,43.59548],[-73.18119,43.59515],[-73.18203,43.59504],[-73.18294,43.59526],[-73.18359,43.59579],[-73.18443,43.59564],[-73.18526,43.59577],[-73.18584,43.59609],[-73.1862,43.59654],[-73.18625,43.59795],[-73.18584,43.59865],[-73.18611,43.59912],[-73.18612,43.59965],[-73.18578,43.60021],[-73.1849,43.60088],[-73.18599,43.6011],[-73.18668,43.6017],[-73.18734,43.60529],[-73.18817,43.60519],[-73.18942,43.60534],[-73.19003,43.60454],[-73.19023,43.60423],[-73.1893,43.60404],[-73.18868,43.60362],[-73.18837,43.6027],[-73.18942,43.60112],[-73.18999,43.60079],[-73.19081,43.60065]]]}},{"type":"Feature","properties":{"PWSID":"VT0020415","PWS_Name":"FAIRFIELD FIRE DISTRICT 2","Pop_Cat_5":"<=500","Population_Served_Count":126,"Service_Connections_Count":48,"Service_Area_Type":"Residential Area","Model_Method":"","boundary_source":"Authoritative (VT/local)","is_community":true,"Area_SqKM":5.386455631844057,"Detailed_Facility_Report":"https://echo.epa.gov/detailed-facility-report?fid=VT0020415&sys=SDWIS"},"geometry":{"type":"Polygon","coordinates":[[[-72.95058,44.79205],[-72.95902,44.79416],[-72.95963,44.79445],[-72.96005,44.79488],[-72.96016,44.79566],[-72.95904,44.79893],[-72.95943,44.79958],[-72.96029,44.80519],[-72.96423,44.80587],[-72.9649,44.80626],[-72.96528,44.8069],[-72.96393,44.8116],[-72.96345,44.81221],[-72.96272,44.81254],[-72.95958,44.81317],[-72.95933,44.81394],[-72.95842,44.81451],[-72.95378,44.81568],[-72.95305,44.81572],[-72.95234,44.81555],[-72.94591,44.81134],[-72.94546,44.81087],[-72.94534,44.81009],[-72.94692,44.80566],[-72.94663,44.80566],[-72.94575,44.80586],[-72.94475,44.80572],[-72.94326,44.80844],[-72.94209,44.8112],[-72.94183,44.81606],[-72.94147,44.81662],[-72.9407,44.81705],[-72.93973,44.81715],[-72.93318,44.81633],[-72.93232,44.81584],[-72.93198,44.81507],[-72.93118,44.81464],[-72.93078,44.8139],[-72.9246,44.81303],[-72.92258,44.81221],[-72.92217,44.81178],[-72.92202,44.81126],[-72.92257,44.81],[-72.92334,44.80957],[-72.92558,44.80908],[-72.92683,44.80681],[-72.92842,44.80594],[-72.92941,44.80575],[-72.93099,44.79953],[-72.9315,44.79884],[-72.93315,44.79815],[-72.93597,44.79801],[-72.9368,44.79819],[-72.93745,44.79863],[-72.93991,44.79899],[-72.94067,44.79939],[-72.94148,44.79917],[-72.94262,44.79924],[-72.94327,44.79871],[-72.94396,44.79851],[-72.94469,44.79805],[-72.94537,44.79791],[-72.94786,44.79363],[-72.94943,44.79233],[-72.95058,44.79205]]]}},{"type":"Feature","properties":{"PWSID":"VT0005028","PWS_Name":"READSBORO TOWN OF","Pop_Cat_5":"<=500","Population_Served_Count":375,"Service_Connections_Count":140,"Service_Area_Type":"Residential Area","Model_Method":"","boundary_source":"Authoritative (VT/local)","is_community":true,"Area_SqKM":5.350657947328452,"Detailed_Facility_Report":"https://echo.epa.gov/detailed-facility-report?fid=VT0005028&sys=SDWIS"},"geometry":{"type":"Polygon","coordinates":[[[-72.94212,42.75911],[-72.94384,42.75939],[-72.94644,42.75943],[-72.94843,42.75976],[-72.95059,42.7598],[-72.95135,42.76005],[-72.95182,42.76045],[-72.95205,42.76095],[-72.952,42.76163],[-72.9536,42.76342],[-72.95402,42.76694],[-72.95377,42.76762],[-72.95288,42.76821],[-72.95211,42.76951],[-72.95222,42.77005],[-72.95204,42.77056],[-72.95126,42.77124],[-72.95187,42.77156],[-72.95242,42.77218],[-72.95357,42.77295],[-72.95475,42.77298],[-72.95673,42.77329],[-72.95804,42.77399],[-72.95888,42.77374],[-72.95982,42.77382],[-72.9605,42.77418],[-72.96096,42.77474],[-72.96398,42.77655],[-72.96521,42.77674],[-72.96688,42.77666],[-72.96756,42.7769],[-72.96803,42.7773],[-72.96827,42.77815],[-72.96731,42.78141],[-72.96734,42.78598],[-72.97203,42.78598],[-72.97279,42.78623],[-72.97337,42.78678],[-72.97351,42.78729],[-72.97356,42.79399],[-72.97326,42.79465],[-72.97265,42.79507],[-72.97174,42.79526],[-72.96571,42.79524],[-72.96451,42.79491],[-72.96261,42.79252],[-72.962,42.79239],[-72.96138,42.79205],[-72.96024,42.79073],[-72.95973,42.78843],[-72.95846,42.78584],[-72.9584,42.78482],[-72.95883,42.78303],[-72.95821,42.78252],[-72.95451,42.78192],[-72.95324,42.78156],[-72.95221,42.781],[-72.95127,42.78025],[-72.95077,42.7796],[-72.95029,42.7785],[-72.94872,42.77871],[-72.94763,42.77838],[-72.94702,42.77754],[-72.94692,42.77518],[-72.94609,42.7758],[-72.94475,42.77614],[-72.94404,42.77611],[-72.94271,42.77579],[-72.94137,42.77598],[-72.94035,42.77576],[-72.93951,42.77506],[-72.93923,42.77406],[-72.93724,42.77343],[-72.93659,42.77304],[-72.93625,42.77249],[-72.93617,42.77152],[-72.93466,42.77114],[-72.93334,42.77049],[-72.933,42.76993],[-72.93303,42.76918],[-72.93232,42.76876],[-72.92857,42.76769],[-72.92779,42.76716],[-72.92755,42.76657],[-72.92763,42.76415],[-72.92819,42.76348],[-72.92904,42.76317],[-72.93087,42.76317],[-72.93544,42.76457],[-72.93888,42.76513],[-72.94158,42.765],[-72.94094,42.76455],[-72.93909,42.76433],[-72.93768,42.76368],[-72.93695,42.76299],[-72.93645,42.76212],[-72.93568,42.76153],[-72.93543,42.76077],[-72.9358,42.76003],[-72.93667,42.75957],[-72.93834,42.75925],[-72.93923,42.75933],[-72.94008,42.75912],[-72.94095,42.75923],[-72.94212,42.75911]]]}},{"type":"Feature","properties":{"PWSID":"VT0005261","PWS_Name":"CABOT TOWN WATER SYSTEM","Pop_Cat_5":"<=500","Population_Served_Count":250,"Service_Connections_Count":110,"Service_Area_Type":"Residential Area","Model_Method":"","boundary_source":"Authoritative (VT/local)","is_community":true,"Area_SqKM":5.331766280865596,"Detailed_Facility_Report":"https://echo.epa.gov/detailed-facility-report?fid=VT0005261&sys=SDWIS"},"geometry":{"type":"MultiPolygon","coordinates":[[[[-72.25237,44.41776],[-72.25324,44.41791],[-72.25358,44.4176],[-72.25324,44.41679],[-72.25214,44.41627],[-72.2517,44.41585],[-72.2515,44.41525],[-72.25165,44.41474],[-72.25441,44.4109],[-72.2553,44.41044],[-72.2564,44.41042],[-72.26118,44.41214],[-72.26427,44.41355],[-72.26465,44.41446],[-72.26406,44.41554],[-72.26636,44.41842],[-72.26692,44.41971],[-72.26689,44.42033],[-72.26621,44.42105],[-72.26431,44.42171],[-72.26137,44.4217],[-72.25884,44.42112],[-72.258,44.42146],[-72.25743,44.42256],[-72.25698,44.42298],[-72.2561,44.42328],[-72.25525,44.42326],[-72.25086,44.42166],[-72.25007,44.421],[-72.24996,44.42022],[-72.25068,44.41851],[-72.25143,44.41794],[-72.25237,44.41776]]],[[[-72.32433,44.39048],[-72.32548,44.39076],[-72.32615,44.39148],[-72.32607,44.39235],[-72.32477,44.39395],[-72.32554,44.39428],[-72.32603,44.39478],[-72.3265,44.39675],[-72.32598,44.39744],[-72.32487,44.39788],[-72.32483,44.39884],[-72.32434,44.39944],[-72.32373,44.39974],[-72.32198,44.40009],[-72.32123,44.40047],[-72.32157,44.40221],[-72.32065,44.40378],[-72.31969,44.4043],[-72.31652,44.40477],[-72.31607,44.40518],[-72.31544,44.40544],[-72.31458,44.4055],[-72.31381,44.40529],[-72.3133,44.40556],[-72.31303,44.40611],[-72.31246,44.40655],[-72.31195,44.40827],[-72.31069,44.40934],[-72.31052,44.41018],[-72.30928,44.4113],[-72.3092,44.41217],[-72.3076,44.41437],[-72.30712,44.41477],[-72.30646,44.415],[-72.3056,44.41502],[-72.30268,44.41405],[-72.30209,44.41361],[-72.30128,44.41232],[-72.30136,44.41171],[-72.30218,44.4106],[-72.30095,44.41033],[-72.30037,44.40989],[-72.30013,44.40934],[-72.29898,44.40915],[-72.29715,44.4082],[-72.2963,44.40758],[-72.29594,44.40702],[-72.296,44.40634],[-72.29688,44.40492],[-72.29777,44.40447],[-72.29893,44.40446],[-72.29949,44.40384],[-72.29743,44.40338],[-72.296,44.40283],[-72.29542,44.40238],[-72.29517,44.40179],[-72.29548,44.4],[-72.30009,44.39406],[-72.30072,44.39364],[-72.30166,44.39346],[-72.30249,44.3936],[-72.30469,44.39447],[-72.3052,44.39406],[-72.30586,44.39383],[-72.30659,44.39379],[-72.30728,44.39396],[-72.3107,44.38986],[-72.31122,44.38949],[-72.3119,44.38929],[-72.3131,44.3894],[-72.31808,44.39136],[-72.31878,44.39078],[-72.31956,44.39053],[-72.32053,44.39057],[-72.3218,44.39111],[-72.32259,44.3908],[-72.32433,44.39048]]]]}},{"type":"Feature","properties":{"PWSID":"VT0005264","PWS_Name":"CRYSTAL SPRINGS WATER SYSTEM","Pop_Cat_5":"<=500","Population_Served_Count":300,"Service_Connections_Count":115,"Service_Area_Type":"Residential Area","Model_Method":"","boundary_source":"Authoritative (VT/local)","is_community":true,"Area_SqKM":5.313345899191949,"Detailed_Facility_Report":"https://echo.epa.gov/detailed-facility-report?fid=VT0005264&sys=SDWIS"},"geometry":{"type":"Polygon","coordinates":[[[-72.47972,44.25534],[-72.48015,44.25538],[-72.48082,44.25499],[-72.48157,44.25485],[-72.48218,44.25444],[-72.48278,44.25351],[-72.48333,44.25317],[-72.48415,44.25299],[-72.48498,44.25308],[-72.48521,44.25264],[-72.48478,44.25123],[-72.48493,44.24912],[-72.48517,44.24862],[-72.48565,44.24823],[-72.48631,44.24799],[-72.48751,44.24796],[-72.48819,44.24809],[-72.48856,44.24746],[-72.48965,44.24697],[-72.49008,44.24623],[-72.49067,44.24578],[-72.49146,44.24557],[-72.49243,44.24566],[-72.49586,44.247],[-72.49645,44.24741],[-72.49677,44.24807],[-72.49655,44.24885],[-72.49729,44.24898],[-72.49808,44.24938],[-72.49872,44.25022],[-72.49871,44.25093],[-72.49953,44.25136],[-72.49994,44.2518],[-72.50012,44.25272],[-72.49999,44.25373],[-72.50049,44.25436],[-72.50059,44.25488],[-72.50035,44.25545],[-72.4965,44.26044],[-72.49688,44.26097],[-72.49693,44.2615],[-72.49663,44.26207],[-72.49591,44.26253],[-72.49569,44.26286],[-72.49577,44.26379],[-72.49537,44.26464],[-72.49514,44.26576],[-72.49551,44.26668],[-72.49685,44.26677],[-72.4985,44.26768],[-72.50174,44.269],[-72.50245,44.26856],[-72.50341,44.26843],[-72.50412,44.26856],[-72.50567,44.26926],[-72.50614,44.27006],[-72.50589,44.27118],[-72.50419,44.27334],[-72.50798,44.27493],[-72.50844,44.27564],[-72.50822,44.27647],[-72.50865,44.27683],[-72.50889,44.27733],[-72.50871,44.2781],[-72.50647,44.28094],[-72.50484,44.28368],[-72.50415,44.28417],[-72.50346,44.28434],[-72.50261,44.28428],[-72.50063,44.28363],[-72.49995,44.28314],[-72.49973,44.2822],[-72.50042,44.28119],[-72.4995,44.28078],[-72.49905,44.28026],[-72.49897,44.27965],[-72.4993,44.27878],[-72.49821,44.27874],[-72.49735,44.27838],[-72.4965,44.27734],[-72.49639,44.27657],[-72.49582,44.27632],[-72.49513,44.27573],[-72.49497,44.27487],[-72.49586,44.27316],[-72.49483,44.27259],[-72.49455,44.2721],[-72.49458,44.27149],[-72.49371,44.27099],[-72.49344,44.27213],[-72.49353,44.27317],[-72.49331,44.27372],[-72.49266,44.27426],[-72.4918,44.27448],[-72.49063,44.27598],[-72.48986,44.2764],[-72.48877,44.27648],[-72.48728,44.27603],[-72.48694,44.27643],[-72.48636,44.27675],[-72.48503,44.27705],[-72.48429,44.27705],[-72.48304,44.27655],[-72.48252,44.27581],[-72.48178,44.27548],[-72.48069,44.27536],[-72.4799,44.27483],[-72.4795,44.27388],[-72.48015,44.27239],[-72.48079,44.27193],[-72.48165,44.27167],[-72.48178,44.27096],[-72.48263,44.26994],[-72.48348,44.26959],[-72.48447,44.26958],[-72.48547,44.26843],[-72.48505,44.26802],[-72.48455,44.26785],[-72.48296,44.26798],[-72.48202,44.26779],[-72.48079,44.26699],[-72.48038,44.2664],[-72.48014,44.2656],[-72.48028,44.265],[-72.48154,44.26378],[-72.4826,44.2634],[-72.48249,44.26253],[-72.48311,44.2613],[-72.4803,44.26068],[-72.47951,44.26023],[-72.47853,44.26061],[-72.47733,44.26056],[-72.47661,44.26023],[-72.47616,44.25971],[-72.4762,44.25876],[-72.47809,44.25602],[-72.47878,44.25553],[-72.47972,44.25534]]]}},{"type":"Feature","properties":{"PWSID":"VT0020889","PWS_Name":"CASTLETON FIRE DISTRICT 3","Pop_Cat_5":"<=500","Population_Served_Count":500,"Service_Connections_Count":312,"Service_Area_Type":"Residential Area","Model_Method":"","boundary_source":"Authoritative (VT/local)","is_community":true,"Area_SqKM":5.201762491284672,"Detailed_Facility_Report":"https://echo.epa.gov/detailed-facility-report?fid=VT0020889&sys=SDWIS"},"geometry":{"type":"MultiPolygon","coordinates":[[[[-73.22851,43.60253],[-73.23201,43.60219],[-73.23667,43.60143],[-73.23781,43.6017],[-73.23851,43.6025],[-73.23846,43.6032],[-73.23791,43.6038],[-73.23625,43.60452],[-73.23509,43.60477],[-73.23509,43.60593],[-73.23371,43.60768],[-73.23321,43.60905],[-73.23328,43.61028],[-73.23291,43.61146],[-73.23247,43.61199],[-73.23164,43.61234],[-73.22265,43.61383],[-73.22137,43.61369],[-73.22036,43.61421],[-73.21532,43.61503],[-73.21448,43.61493],[-73.21379,43.61458],[-73.21308,43.61324],[-73.21161,43.61334],[-73.2111,43.61417],[-73.211,43.61505],[-73.21048,43.61563],[-73.20973,43.61593],[-73.20732,43.61624],[-73.2063,43.61597],[-73.20568,43.61537],[-73.2043,43.615],[-73.2038,43.6145],[-73.20366,43.61388],[-73.20035,43.61411],[-73.19917,43.61382],[-73.19097,43.61449],[-73.19018,43.61443],[-73.18945,43.61411],[-73.18897,43.61351],[-73.18891,43.61298],[-73.18921,43.612],[-73.18831,43.61203],[-73.18762,43.61186],[-73.18707,43.61152],[-73.18674,43.61105],[-73.18686,43.6101],[-73.1877,43.60948],[-73.19741,43.60644],[-73.19883,43.60635],[-73.19967,43.60573],[-73.20699,43.6035],[-73.20885,43.6032],[-73.21045,43.60316],[-73.21119,43.60345],[-73.2118,43.6042],[-73.21262,43.60459],[-73.21335,43.60456],[-73.21408,43.60475],[-73.2142,43.60411],[-73.21484,43.60339],[-73.21595,43.60289],[-73.22752,43.60243],[-73.22851,43.60253]]],[[[-73.21471,43.61573],[-73.21594,43.61606],[-73.21657,43.61689],[-73.21596,43.62098],[-73.21574,43.62148],[-73.21526,43.62188],[-73.2145,43.62213],[-73.20975,43.62253],[-73.20894,43.62244],[-73.20811,43.62496],[-73.20733,43.6255],[-73.20639,43.62564],[-73.20585,43.62805],[-73.20529,43.62872],[-73.20354,43.62946],[-73.20214,43.62951],[-73.20102,43.62902],[-73.20032,43.62812],[-73.20016,43.6276],[-73.19681,43.62788],[-73.19611,43.62775],[-73.19553,43.62743],[-73.19507,43.62672],[-73.19474,43.62309],[-73.19492,43.62249],[-73.19536,43.62207],[-73.19634,43.62174],[-73.19973,43.62157],[-73.19956,43.62008],[-73.19993,43.61934],[-73.20102,43.61872],[-73.20334,43.61789],[-73.20408,43.61748],[-73.20583,43.61736],[-73.20677,43.61758],[-73.20746,43.61818],[-73.20767,43.61922],[-73.20798,43.61713],[-73.20873,43.61635],[-73.20952,43.61613],[-73.21471,43.61573]]]]}},{"type":"Feature","properties":{"PWSID":"VT0005136","PWS_Name":"ALBURGH VILLAGE WATER SYSTEM","Pop_Cat_5":"501-3,300","Population_Served_Count":576,"Service_Connections_Count":330,"Service_Area_Type":"Residential Area","Model_Method":"","boundary_source":"Authoritative (VT/local)","is_community":true,"Area_SqKM":5.192047427723807,"Detailed_Facility_Report":"https://echo.epa.gov/detailed-facility-report?fid=VT0005136&sys=SDWIS"},"geometry":{"type":"Polygon","coordinates":[[[-73.29988,44.96399],[-73.30259,44.96411],[-73.3033,44.96393],[-73.30472,44.96388],[-73.30544,44.96401],[-73.30603,44.96433],[-73.30645,44.96487],[-73.30656,44.96586],[-73.30622,44.96807],[-73.30711,44.96948],[-73.30887,44.97024],[-73.30926,44.97071],[-73.30955,44.97169],[-73.31128,44.97248],[-73.31215,44.97358],[-73.31234,44.97455],[-73.31185,44.97545],[-73.31205,44.97654],[-73.31204,44.97862],[-73.31159,44.97968],[-73.31258,44.98039],[-73.31284,44.98131],[-73.31338,44.98168],[-73.31367,44.98217],[-73.31371,44.98786],[-73.31347,44.98845],[-73.31299,44.98885],[-73.31232,44.98908],[-73.31153,44.98913],[-73.31155,44.99109],[-73.31131,44.99168],[-73.31062,44.99217],[-73.30979,44.99236],[-73.30219,44.99248],[-73.29929,44.99217],[-73.29751,44.9916],[-73.29593,44.99059],[-73.29501,44.98951],[-73.29455,44.98838],[-73.29338,44.98837],[-73.29332,44.98883],[-73.293,44.98931],[-73.29245,44.98966],[-73.29175,44.98983],[-73.27986,44.9901],[-73.27891,44.98992],[-73.27834,44.98958],[-73.27801,44.98911],[-73.27787,44.98711],[-73.277,44.98677],[-73.27647,44.98608],[-73.27607,44.98296],[-73.27632,44.98224],[-73.2769,44.98179],[-73.27783,44.98156],[-73.29346,44.98125],[-73.2937,44.98074],[-73.29418,44.98034],[-73.29558,44.98004],[-73.296,44.97895],[-73.29593,44.97782],[-73.29645,44.97705],[-73.29522,44.97648],[-73.29489,44.97601],[-73.29483,44.97549],[-73.29529,44.97469],[-73.29584,44.97433],[-73.2967,44.97408],[-73.29669,44.97378],[-73.29559,44.97375],[-73.29474,44.97341],[-73.29427,44.97289],[-73.29397,44.97196],[-73.29417,44.97102],[-73.2954,44.97027],[-73.29489,44.96781],[-73.29524,44.96725],[-73.2959,44.96686],[-73.29809,44.96664],[-73.29799,44.96532],[-73.29818,44.96476],[-73.29882,44.96423],[-73.29988,44.96399]]]}},{"type":"Feature","properties":{"PWSID":"VT0005254","PWS_Name":"BARRE CITY WATER SYSTEM","Pop_Cat_5":"10,001-100,000","Population_Served_Count":14000,"Service_Connections_Count":4150,"Service_Area_Type":"Residential Area","Model_Method":"","boundary_source":"Authoritative (VT/local)","is_community":true,"Area_SqKM":5.144563784703958,"Detailed_Facility_Report":"https://echo.epa.gov/detailed-facility-report?fid=VT0005254&sys=SDWIS"},"geometry":{"type":"MultiPolygon","coordinates":[[[[-72.51114,44.20736],[-72.51163,44.20687],[-72.51165,44.20621],[-72.5111,44.20568],[-72.51096,44.20509],[-72.50956,44.20593],[-72.50872,44.20603],[-72.50802,44.2059],[-72.50685,44.2052],[-72.50654,44.20462],[-72.50566,44.20382],[-72.50547,44.20311],[-72.50469,44.20365],[-72.50368,44.20383],[-72.50319,44.20418],[-72.50251,44.20438],[-72.50154,44.20433],[-72.50035,44.20388],[-72.4999,44.20336],[-72.49981,44.20275],[-72.50017,44.20203],[-72.50091,44.20151],[-72.50086,44.20135],[-72.50011,44.20146],[-72.49889,44.20123],[-72.4982,44.20136],[-72.49747,44.20129],[-72.49637,44.20086],[-72.4958,44.20019],[-72.4958,44.19949],[-72.49629,44.19876],[-72.49787,44.19793],[-72.49697,44.19779],[-72.49594,44.1972],[-72.49569,44.19782],[-72.49495,44.19851],[-72.49499,44.19899],[-72.49475,44.19949],[-72.49418,44.2],[-72.49343,44.20029],[-72.49211,44.2002],[-72.49088,44.19934],[-72.49069,44.19865],[-72.4912,44.1978],[-72.49109,44.19688],[-72.49216,44.19575],[-72.49303,44.19544],[-72.49388,44.19546],[-72.49455,44.1957],[-72.49562,44.19639],[-72.49587,44.19578],[-72.49705,44.1946],[-72.49777,44.19428],[-72.49854,44.19421],[-72.49784,44.19352],[-72.49754,44.1941],[-72.49681,44.19456],[-72.49598,44.1947],[-72.49484,44.19453],[-72.49405,44.19399],[-72.49375,44.1932],[-72.49407,44.19245],[-72.49493,44.19194],[-72.49463,44.19178],[-72.49333,44.19167],[-72.49171,44.1909],[-72.49073,44.19145],[-72.489,44.1915],[-72.48778,44.19092],[-72.4873,44.19032],[-72.48727,44.1897],[-72.48762,44.18915],[-72.48817,44.1888],[-72.4892,44.1885],[-72.48951,44.18715],[-72.48992,44.1866],[-72.48993,44.18575],[-72.49029,44.1853],[-72.49086,44.18498],[-72.49198,44.18474],[-72.49316,44.18497],[-72.4939,44.18554],[-72.49408,44.18633],[-72.495,44.18638],[-72.4966,44.18678],[-72.49765,44.18671],[-72.49816,44.18633],[-72.49805,44.18583],[-72.49821,44.1853],[-72.49933,44.1841],[-72.49831,44.18406],[-72.49818,44.18489],[-72.49771,44.18545],[-72.49687,44.1858],[-72.49602,44.18582],[-72.49482,44.18539],[-72.49432,44.18474],[-72.49257,44.18329],[-72.49232,44.1827],[-72.49246,44.18209],[-72.4933,44.18131],[-72.49386,44.181],[-72.49482,44.18086],[-72.49584,44.18114],[-72.49638,44.18161],[-72.49679,44.18261],[-72.49698,44.18204],[-72.49778,44.18132],[-72.49814,44.18074],[-72.49906,44.18008],[-72.49983,44.17983],[-72.50056,44.17983],[-72.50206,44.18013],[-72.50299,44.18061],[-72.50394,44.18052],[-72.50533,44.18079],[-72.50632,44.18127],[-72.50667,44.18183],[-72.50665,44.18245],[-72.50571,44.18372],[-72.50542,44.18508],[-72.50474,44.18636],[-72.50391,44.18703],[-72.50502,44.18733],[-72.50594,44.18723],[-72.50684,44.18738],[-72.50793,44.1881],[-72.50833,44.18864],[-72.50838,44.18916],[-72.50772,44.19175],[-72.50872,44.19235],[-72.50903,44.19329],[-72.5088,44.19394],[-72.50765,44.19518],[-72.50908,44.19565],[-72.50973,44.19666],[-72.50952,44.19762],[-72.50881,44.19824],[-72.50925,44.19895],[-72.50905,44.19975],[-72.50993,44.19954],[-72.51077,44.19964],[-72.51281,44.2006],[-72.51329,44.20099],[-72.51354,44.20175],[-72.51309,44.20272],[-72.51488,44.20357],[-72.51546,44.20412],[-72.51559,44.2048],[-72.51636,44.20614],[-72.51633,44.20675],[-72.516,44.20723],[-72.51649,44.20847],[-72.51752,44.2087],[-72.51825,44.20926],[-72.51881,44.20875],[-72.51995,44.20832],[-72.52079,44.20822],[-72.52149,44.20835],[-72.52675,44.21073],[-72.52726,44.21142],[-72.52715,44.21242],[-72.52674,44.21285],[-72.52555,44.21355],[-72.52363,44.21376],[-72.52244,44.21355],[-72.5218,44.21328],[-72.52075,44.21198],[-72.51952,44.2119],[-72.51838,44.21129],[-72.51723,44.21175],[-72.51584,44.21163],[-72.51483,44.21099],[-72.51404,44.211],[-72.51304,44.21071],[-72.51221,44.21006],[-72.51146,44.20989],[-72.51091,44.20954],[-72.51045,44.20901],[-72.51031,44.2084],[-72.51056,44.20781],[-72.51114,44.20736]]],[[[-72.49957,44.20639],[-72.50152,44.20688],[-72.5023,44.20636],[-72.50312,44.20619],[-72.50384,44.20625],[-72.5049,44.20664],[-72.50574,44.20738],[-72.506,44.20925],[-72.50576,44.20984],[-72.50439,44.21141],[-72.504,44.21241],[-72.50351,44.2128],[-72.50269,44.21316],[-72.5015,44.21488],[-72.50097,44.21525],[-72.50024,44.21547],[-72.5,44.21601],[-72.49952,44.2164],[-72.49825,44.21668],[-72.49636,44.21627],[-72.4955,44.21566],[-72.49535,44.2148],[-72.49608,44.21356],[-72.49556,44.21292],[-72.49542,44.21231],[-72.49648,44.21003],[-72.49742,44.20869],[-72.49739,44.20808],[-72.49789,44.20714],[-72.49853,44.20661],[-72.49957,44.20639]]],[[[-72.51535,44.19282],[-72.51586,44.19217],[-72.5167,44.19182],[-72.51755,44.1918],[-72.51913,44.19211],[-72.51979,44.1925],[-72.52014,44.19306],[-72.52014,44.19359],[-72.5198,44.19445],[-72.51926,44.19493],[-72.5186,44.19516],[-72.51787,44.1952],[-72.51682,44.19499],[-72.51616,44.1946],[-72.51548,44.19377],[-72.51535,44.19282]]],[[[-72.51957,44.19557],[-72.52029,44.19567],[-72.52098,44.19603],[-72.52138,44.19657],[-72.52143,44.19709],[-72.52058,44.20045],[-72.51973,44.20106],[-72.51866,44.20119],[-72.51575,44.20047],[-72.51498,44.20004],[-72.51459,44.19931],[-72.51479,44.1974],[-72.51509,44.19683],[-72.51582,44.19636],[-72.51758,44.1961],[-72.51837,44.19572],[-72.51957,44.19557]]],[[[-72.48891,44.20042],[-72.49044,44.20043],[-72.49113,44.2006],[-72.49182,44.2011],[-72.49207,44.20168],[-72.49131,44.2036],[-72.49016,44.20433],[-72.48924,44.20456],[-72.48829,44.20442],[-72.48749,44.20388],[-72.48722,44.20326],[-72.48704,44.20186],[-72.48714,44.20133],[-72.4875,44.20088],[-72.48819,44.20052],[-72.48891,44.20042]]]]}},{"type":"Feature","properties":{"PWSID":"VT0005195","PWS_Name":"DERBY CENTER WATER SYSTEM","Pop_Cat_5":"501-3,300","Population_Served_Count":1400,"Service_Connections_Count":900,"Service_Area_Type":"Residential Area","Model_Method":"Random Forest","boundary_source":"EPA-modeled","is_community":true,"Area_SqKM":5.012394978340746,"Detailed_Facility_Report":"https://echo.epa.gov/detailed-facility-report?fid=VT0005195&sys=SDWIS"},"geometry":{"type":"MultiPolygon","coordinates":[[[[-72.10261,44.91893],[-72.10116,44.91924],[-72.09945,44.91985],[-72.09895,44.92032],[-72.09869,44.92104],[-72.09791,44.92152],[-72.09682,44.92327],[-72.09751,44.92578],[-72.09579,44.92785],[-72.09513,44.92908],[-72.089,44.92583],[-72.09067,44.92519],[-72.09106,44.92486],[-72.09132,44.92436],[-72.09111,44.92322],[-72.0906,44.92243],[-72.08877,44.9211],[-72.08761,44.92056],[-72.08952,44.92028],[-72.0929,44.92008],[-72.09829,44.92003],[-72.09897,44.91969],[-72.10054,44.91845],[-72.10192,44.91847],[-72.10249,44.91867],[-72.10261,44.91893]]],[[[-72.1286,44.93834],[-72.12849,44.93851],[-72.12825,44.93849],[-72.12333,44.93569],[-72.12349,44.9342],[-72.12383,44.93434],[-72.12304,44.93093],[-72.12428,44.92949],[-72.12997,44.93322],[-72.12871,44.93677],[-72.12896,44.93685],[-72.1286,44.93834]]],[[[-72.10258,44.91715],[-72.10587,44.91965],[-72.1079,44.92087],[-72.10922,44.9219],[-72.10976,44.92269],[-72.11079,44.92578],[-72.11303,44.92956],[-72.11647,44.93183],[-72.1187,44.93378],[-72.13088,44.94121],[-72.13393,44.94375],[-72.13456,44.94493],[-72.13623,44.94542],[-72.13636,44.94581],[-72.13583,44.94666],[-72.13805,44.94669],[-72.13716,44.94823],[-72.13835,44.94874],[-72.14032,44.95013],[-72.1427,44.95029],[-72.14342,44.95016],[-72.14399,44.95029],[-72.14685,44.95175],[-72.14814,44.95271],[-72.15078,44.95237],[-72.14937,44.95529],[-72.1481,44.95987],[-72.14655,44.95988],[-72.14645,44.9626],[-72.14465,44.96442],[-72.13842,44.96407],[-72.13298,44.9633],[-72.13174,44.96288],[-72.13138,44.96402],[-72.13086,44.96392],[-72.13081,44.96351],[-72.13025,44.96337],[-72.12731,44.96392],[-72.12425,44.95896],[-72.12466,44.95847],[-72.12509,44.95726],[-72.12506,44.95671],[-72.12476,44.95625],[-72.12517,44.95578],[-72.12517,44.95554],[-72.12489,44.95522],[-72.1245,44.95514],[-72.12371,44.95452],[-72.12285,44.9541],[-72.12272,44.95334],[-72.12156,44.95227],[-72.12192,44.95182],[-72.12299,44.95162],[-72.12465,44.95156],[-72.12602,44.94296],[-72.12222,44.94029],[-72.12094,44.93805],[-72.11959,44.93733],[-72.11909,44.93689],[-72.11972,44.93666],[-72.1188,44.93578],[-72.11793,44.93522],[-72.11728,44.93517],[-72.11689,44.93497],[-72.1158,44.93351],[-72.11488,44.93327],[-72.11484,44.9331],[-72.11514,44.93305],[-72.11513,44.93292],[-72.11433,44.93262],[-72.11282,44.93246],[-72.11254,44.93147],[-72.11102,44.92904],[-72.11071,44.9274],[-72.10995,44.92554],[-72.10942,44.92342],[-72.10735,44.92232],[-72.10713,44.92124],[-72.1067,44.92086],[-72.10431,44.91991],[-72.10316,44.91888],[-72.10217,44.91835],[-72.10151,44.91811],[-72.10068,44.91815],[-72.10102,44.9177],[-72.10222,44.9169],[-72.10258,44.91715]]]]}},{"type":"Feature","properties":{"PWSID":"VT0005051","PWS_Name":"BOLTON COMMUNITY WATER SYSTEM","Pop_Cat_5":"501-3,300","Population_Served_Count":1030,"Service_Connections_Count":144,"Service_Area_Type":"Recreation Area","Model_Method":"","boundary_source":"Authoritative (VT/local)","is_community":false,"Area_SqKM":4.978181341832703,"Detailed_Facility_Report":"https://echo.epa.gov/detailed-facility-report?fid=VT0005051&sys=SDWIS"},"geometry":{"type":"Polygon","coordinates":[[[-72.86431,44.4071],[-72.86581,44.4073],[-72.867,44.40767],[-72.86781,44.40834],[-72.87031,44.40958],[-72.87092,44.41033],[-72.87082,44.41111],[-72.86909,44.41263],[-72.86733,44.41372],[-72.86665,44.41392],[-72.86592,44.41392],[-72.86469,44.41341],[-72.8641,44.41369],[-72.86329,44.41379],[-72.86308,44.41448],[-72.86271,44.41494],[-72.86078,44.41579],[-72.86234,44.41722],[-72.86263,44.4177],[-72.86257,44.4184],[-72.86203,44.41912],[-72.86216,44.41971],[-72.86198,44.42026],[-72.86132,44.42085],[-72.86014,44.42131],[-72.85959,44.42195],[-72.85866,44.42253],[-72.85573,44.4232],[-72.8548,44.42413],[-72.85507,44.4246],[-72.85507,44.42512],[-72.85426,44.42614],[-72.85347,44.42649],[-72.85261,44.42655],[-72.84881,44.42571],[-72.84135,44.42942],[-72.83483,44.4304],[-72.83364,44.43023],[-72.83012,44.42848],[-72.8278,44.42414],[-72.82699,44.42319],[-72.82688,44.42241],[-72.83536,44.41145],[-72.8366,44.41111],[-72.84301,44.41154],[-72.84409,44.41209],[-72.84504,44.41358],[-72.84648,44.41373],[-72.84858,44.41084],[-72.84938,44.41031],[-72.86232,44.4086],[-72.86258,44.40794],[-72.86298,44.4075],[-72.86359,44.40721],[-72.86431,44.4071]]]}},{"type":"Feature","properties":{"PWSID":"VT0005156","PWS_Name":"JOHNSON VILLAGE WATER DEPT","Pop_Cat_5":"501-3,300","Population_Served_Count":1350,"Service_Connections_Count":434,"Service_Area_Type":"Residential Area","Model_Method":"Random Forest","boundary_source":"EPA-modeled","is_community":true,"Area_SqKM":4.869481371769947,"Detailed_Facility_Report":"https://echo.epa.gov/detailed-facility-report?fid=VT0005156&sys=SDWIS"},"geometry":{"type":"MultiPolygon","coordinates":[[[[-72.72197,44.64105],[-72.72118,44.6423],[-72.71557,44.64275],[-72.7127,44.64254],[-72.71114,44.64259],[-72.70988,44.6411],[-72.72202,44.64097],[-72.72197,44.64105]]],[[[-72.67445,44.62815],[-72.67588,44.6282],[-72.67691,44.62807],[-72.67974,44.62845],[-72.68309,44.62922],[-72.68415,44.62989],[-72.6851,44.62954],[-72.68683,44.62953],[-72.68952,44.62904],[-72.6906,44.62865],[-72.69135,44.63059],[-72.6917,44.63101],[-72.69126,44.63312],[-72.69325,44.63178],[-72.69376,44.63102],[-72.69403,44.63004],[-72.69529,44.6293],[-72.6986,44.62973],[-72.69997,44.62946],[-72.70129,44.62955],[-72.70181,44.62999],[-72.70319,44.63218],[-72.70607,44.63512],[-72.70875,44.63725],[-72.70988,44.6411],[-72.70484,44.64133],[-72.70377,44.64171],[-72.70293,44.6415],[-72.70216,44.64153],[-72.69937,44.63914],[-72.69784,44.63704],[-72.69695,44.63652],[-72.69573,44.63615],[-72.69295,44.6359],[-72.69159,44.63591],[-72.69058,44.63611],[-72.6912,44.63957],[-72.69064,44.64076],[-72.68284,44.64053],[-72.68296,44.64182],[-72.68555,44.64276],[-72.68475,44.64398],[-72.68386,44.64469],[-72.68092,44.64544],[-72.67922,44.64628],[-72.67837,44.6465],[-72.67755,44.64661],[-72.6774,44.6453],[-72.676,44.6454],[-72.67582,44.64643],[-72.67476,44.64717],[-72.67485,44.64949],[-72.67376,44.64947],[-72.67368,44.64717],[-72.6724,44.64725],[-72.67166,44.64683],[-72.67114,44.64477],[-72.67001,44.64356],[-72.67006,44.64275],[-72.6695,44.642],[-72.66942,44.64154],[-72.66965,44.64099],[-72.67053,44.64049],[-72.67124,44.63963],[-72.67158,44.63883],[-72.67392,44.63919],[-72.67436,44.63903],[-72.67001,44.638],[-72.66963,44.63843],[-72.66962,44.6387],[-72.66813,44.63891],[-72.66808,44.63911],[-72.66841,44.63934],[-72.66794,44.63971],[-72.66696,44.64004],[-72.6652,44.63994],[-72.66517,44.64075],[-72.6538,44.6432],[-72.65138,44.64356],[-72.65165,44.64283],[-72.65233,44.64215],[-72.65198,44.64148],[-72.64842,44.63831],[-72.64906,44.63761],[-72.64976,44.63582],[-72.65229,44.63621],[-72.65538,44.63632],[-72.65623,44.6365],[-72.65828,44.63728],[-72.65952,44.63801],[-72.66138,44.64019],[-72.66329,44.63976],[-72.66532,44.63954],[-72.66687,44.63821],[-72.66807,44.63842],[-72.6693,44.63789],[-72.66816,44.63335],[-72.66981,44.6311],[-72.6707,44.6281],[-72.67365,44.62815],[-72.67401,44.62759],[-72.67445,44.62815]]]]}},{"type":"Feature","properties":{"PWSID":"VT0005217","PWS_Name":"DANBY MOUNT TABOR F D 1","Pop_Cat_5":"<=500","Population_Served_Count":385,"Service_Connections_Count":147,"Service_Area_Type":"Residential Area","Model_Method":"","boundary_source":"Authoritative (VT/local)","is_community":true,"Area_SqKM":4.810144679126924,"Detailed_Facility_Report":"https://echo.epa.gov/detailed-facility-report?fid=VT0005217&sys=SDWIS"},"geometry":{"type":"Polygon","coordinates":[[[-73.01644,43.33567],[-73.01767,43.336],[-73.01827,43.33675],[-73.01812,43.33761],[-73.01734,43.33821],[-73.01706,43.34294],[-73.01781,43.34305],[-73.01841,43.34334],[-73.01886,43.34385],[-73.01896,43.34438],[-73.01868,43.34672],[-73.01791,43.34737],[-73.01676,43.34755],[-73.01657,43.34941],[-73.01625,43.34988],[-73.01571,43.35023],[-73.01491,43.35041],[-73.014,43.35029],[-73.00905,43.34812],[-73.00714,43.34748],[-73.00565,43.34914],[-73.00486,43.34953],[-73.00227,43.34957],[-73.00114,43.34914],[-73.00012,43.34942],[-72.99922,43.34997],[-72.99907,43.3507],[-72.99837,43.35152],[-72.99726,43.35203],[-72.99192,43.3519],[-72.99122,43.35177],[-72.99064,43.35145],[-72.99028,43.35099],[-72.99014,43.34951],[-72.98808,43.35013],[-72.9879,43.35081],[-72.98727,43.35134],[-72.9866,43.35155],[-72.98592,43.35156],[-72.98463,43.35206],[-72.98414,43.35248],[-72.9835,43.35271],[-72.98219,43.35283],[-72.98058,43.35326],[-72.9796,43.35326],[-72.97839,43.35286],[-72.97761,43.35226],[-72.97737,43.35141],[-72.97786,43.35065],[-72.97779,43.35009],[-72.97808,43.34951],[-72.97911,43.34895],[-72.9793,43.34831],[-72.97983,43.34783],[-72.98059,43.34757],[-72.98165,43.34755],[-72.98167,43.34346],[-72.98339,43.34136],[-72.98336,43.34044],[-72.98404,43.33959],[-72.98525,43.33925],[-72.99153,43.33942],[-72.99233,43.3396],[-72.99291,43.33998],[-72.99376,43.3396],[-72.99503,43.33959],[-72.99601,43.33991],[-72.99662,43.34072],[-72.99719,43.34105],[-72.99863,43.33599],[-72.99894,43.33551],[-72.99948,43.33516],[-73.00016,43.33499],[-73.00379,43.33509],[-73.00377,43.33346],[-73.0027,43.33303],[-73.00224,43.33223],[-73.00231,43.32949],[-73.00258,43.329],[-73.00319,43.32858],[-73.00411,43.32839],[-73.00595,43.32852],[-73.00819,43.33022],[-73.00855,43.33067],[-73.00881,43.33145],[-73.00977,43.33219],[-73.00988,43.33296],[-73.01068,43.33339],[-73.01105,43.33402],[-73.01233,43.33409],[-73.01329,43.33474],[-73.01348,43.33533],[-73.01325,43.33719],[-73.01363,43.33709],[-73.01513,43.33594],[-73.01644,43.33567]]]}},{"type":"Feature","properties":{"PWSID":"VT0005284","PWS_Name":"EDWARD FARRAR UTILITY DISTRICT","Pop_Cat_5":"3,301-10,000","Population_Served_Count":6003,"Service_Connections_Count":1087,"Service_Area_Type":"Residential Area","Model_Method":"Random Forest","boundary_source":"EPA-modeled","is_community":true,"Area_SqKM":4.80579273813698,"Detailed_Facility_Report":"https://echo.epa.gov/detailed-facility-report?fid=VT0005284&sys=SDWIS"},"geometry":{"type":"MultiPolygon","coordinates":[[[[-72.71453,44.3146],[-72.70896,44.31564],[-72.70689,44.3158],[-72.7048,44.31576],[-72.70276,44.3155],[-72.70076,44.31504],[-72.6988,44.31434],[-72.69698,44.31343],[-72.69454,44.3116],[-72.69321,44.31008],[-72.68849,44.30162],[-72.68726,44.29997],[-72.68516,44.29816],[-72.68537,44.29802],[-72.68631,44.29874],[-72.68826,44.30078],[-72.69366,44.31027],[-72.69506,44.31177],[-72.69761,44.31353],[-72.70044,44.31473],[-72.70243,44.31523],[-72.70448,44.31553],[-72.70658,44.31561],[-72.70867,44.31548],[-72.7132,44.31455],[-72.71546,44.3144],[-72.71532,44.31459],[-72.71453,44.3146]]],[[[-72.72086,44.31268],[-72.71954,44.31241],[-72.71943,44.31229],[-72.71959,44.31201],[-72.72098,44.31232],[-72.72086,44.31268]]],[[[-72.76444,44.31943],[-72.76415,44.3197],[-72.76299,44.32004],[-72.76109,44.32091],[-72.76023,44.32161],[-72.7576,44.32166],[-72.75839,44.32077],[-72.75939,44.32038],[-72.76085,44.32024],[-72.76224,44.31949],[-72.76341,44.31951],[-72.76456,44.31931],[-72.76444,44.31943]]],[[[-72.72813,44.31666],[-72.72779,44.31709],[-72.72676,44.31628],[-72.72678,44.31573],[-72.72784,44.31596],[-72.72813,44.31666]]],[[[-72.70893,44.31457],[-72.70801,44.31457],[-72.7055,44.31397],[-72.70455,44.31406],[-72.70381,44.31433],[-72.70107,44.31395],[-72.69992,44.3135],[-72.69983,44.31317],[-72.69594,44.31119],[-72.69519,44.31058],[-72.69496,44.31004],[-72.69562,44.30624],[-72.6962,44.30661],[-72.69618,44.3079],[-72.69575,44.30927],[-72.69591,44.31053],[-72.69743,44.31142],[-72.69997,44.31234],[-72.70044,44.31335],[-72.70063,44.31313],[-72.70112,44.31326],[-72.70136,44.31303],[-72.70205,44.31326],[-72.70506,44.31349],[-72.70766,44.31396],[-72.70842,44.31397],[-72.70989,44.31347],[-72.71109,44.31372],[-72.71249,44.31368],[-72.71342,44.31289],[-72.71411,44.31253],[-72.71711,44.3123],[-72.71814,44.31262],[-72.7189,44.31356],[-72.71972,44.31402],[-72.72064,44.31418],[-72.72353,44.31404],[-72.72459,44.31412],[-72.72514,44.31467],[-72.72532,44.31574],[-72.72576,44.31666],[-72.72684,44.318],[-72.72787,44.31876],[-72.73135,44.32064],[-72.73286,44.32175],[-72.734,44.32223],[-72.73546,44.32244],[-72.73721,44.32223],[-72.73965,44.32269],[-72.74071,44.32307],[-72.74137,44.32464],[-72.74268,44.32566],[-72.74337,44.32667],[-72.74473,44.32759],[-72.74557,44.32788],[-72.74587,44.32723],[-72.74565,44.32679],[-72.74154,44.32249],[-72.73672,44.32146],[-72.73662,44.32112],[-72.73731,44.3205],[-72.73793,44.31929],[-72.74823,44.32257],[-72.74956,44.31984],[-72.74991,44.31955],[-72.75129,44.31885],[-72.75208,44.31878],[-72.75285,44.31899],[-72.75408,44.32033],[-72.75579,44.32094],[-72.75672,44.32167],[-72.7576,44.32166],[-72.75637,44.32246],[-72.75641,44.32285],[-72.75511,44.32363],[-72.75459,44.32473],[-72.75129,44.3236],[-72.74936,44.32545],[-72.74827,44.32582],[-72.74693,44.32584],[-72.74722,44.3271],[-72.74701,44.32806],[-72.74714,44.32837],[-72.74772,44.32854],[-72.74862,44.32856],[-72.75131,44.32812],[-72.75434,44.32843],[-72.75609,44.32908],[-72.75803,44.33016],[-72.75848,44.33064],[-72.75923,44.33225],[-72.76186,44.33273],[-72.76291,44.33307],[-72.76335,44.33344],[-72.7637,44.33418],[-72.76431,44.33715],[-72.76426,44.33733],[-72.7637,44.33731],[-72.76326,44.3387],[-72.76223,44.34082],[-72.76185,44.34123],[-72.76142,44.34118],[-72.76166,44.34137],[-72.76186,44.3422],[-72.76263,44.34273],[-72.76425,44.34348],[-72.76396,44.3437],[-72.77447,44.34889],[-72.77552,44.3508],[-72.77674,44.35154],[-72.77826,44.35202],[-72.77791,44.35244],[-72.77486,44.35146],[-72.77301,44.35057],[-72.77127,44.34947],[-72.76727,44.34631],[-72.76598,44.34551],[-72.76406,44.34488],[-72.76304,44.34475],[-72.76189,44.34474],[-72.76178,44.34493],[-72.75761,44.34502],[-72.75606,44.34481],[-72.75443,44.34436],[-72.75436,44.34564],[-72.75508,44.34647],[-72.75523,44.34703],[-72.7514,44.34762],[-72.75149,44.34865],[-72.75291,44.35025],[-72.75232,44.35068],[-72.75195,44.35147],[-72.75146,44.35176],[-72.74812,44.35221],[-72.74577,44.35136],[-72.7449,44.35083],[-72.74375,44.35075],[-72.74238,44.35012],[-72.74213,44.35019],[-72.74187,44.35],[-72.74222,44.34958],[-72.74232,44.34825],[-72.7419,44.34763],[-72.74063,44.34658],[-72.74163,44.34602],[-72.74188,44.34601],[-72.74239,44.3463],[-72.74151,44.34427],[-72.74232,44.34421],[-72.74235,44.34384],[-72.74094,44.34348],[-72.7404,44.34294],[-72.74209,44.34083],[-72.74261,44.34115],[-72.743,44.34119],[-72.74325,44.34104],[-72.74357,44.34016],[-72.74426,44.33964],[-72.74499,44.33955],[-72.74703,44.33729],[-72.74674,44.33477],[-72.74612,44.33283],[-72.74452,44.33027],[-72.74309,44.32883],[-72.74188,44.3279],[-72.74234,44.32759],[-72.73736,44.32502],[-72.73361,44.32331],[-72.7238,44.3169],[-72.71865,44.31466],[-72.71565,44.31409],[-72.71658,44.31253],[-72.71586,44.31249],[-72.71411,44.31276],[-72.71289,44.31368],[-72.71102,44.31416],[-72.71062,44.31441],[-72.70893,44.31457]]],[[[-72.78441,44.35308],[-72.78397,44.353],[-72.77862,44.35224],[-72.77892,44.35213],[-72.78111,44.35226],[-72.785,44.3521],[-72.78461,44.35313],[-72.78441,44.35308]]]]}},{"type":"Feature","properties":{"PWSID":"VT0005242","PWS_Name":"WALLINGFORD FIRE DISTRICT 1","Pop_Cat_5":"501-3,300","Population_Served_Count":956,"Service_Connections_Count":370,"Service_Area_Type":"Residential Area","Model_Method":"","boundary_source":"Authoritative (VT/local)","is_community":true,"Area_SqKM":4.794268461724112,"Detailed_Facility_Report":"https://echo.epa.gov/detailed-facility-report?fid=VT0005242&sys=SDWIS"},"geometry":{"type":"Polygon","coordinates":[[[-72.97066,43.46566],[-72.9712,43.46571],[-72.97149,43.46538],[-72.97115,43.46451],[-72.97183,43.45987],[-72.97392,43.45818],[-72.97478,43.45787],[-72.9784,43.45796],[-72.9791,43.45809],[-72.97995,43.4587],[-72.98027,43.4599],[-72.98076,43.45906],[-72.98133,43.45861],[-72.98224,43.45838],[-72.98307,43.45848],[-72.984,43.45889],[-72.98445,43.45931],[-72.98464,43.45982],[-72.98452,43.46053],[-72.98532,43.4607],[-72.99097,43.4628],[-72.99142,43.46332],[-72.99173,43.46473],[-72.99221,43.46522],[-72.99236,43.4658],[-72.99383,43.4667],[-72.99421,43.46743],[-72.9935,43.46944],[-72.99215,43.47081],[-72.99255,43.47143],[-72.99266,43.47216],[-72.99217,43.4738],[-72.99155,43.47433],[-72.99072,43.47455],[-72.99036,43.47501],[-72.98964,43.47541],[-72.98896,43.47558],[-72.98806,43.47557],[-72.98759,43.4759],[-72.98693,43.47611],[-72.98389,43.47596],[-72.98324,43.47573],[-72.98278,43.47536],[-72.98148,43.47687],[-72.98192,43.47702],[-72.98276,43.47687],[-72.99093,43.47708],[-72.99184,43.4773],[-72.99242,43.47774],[-72.99267,43.47842],[-72.99237,43.48064],[-72.99169,43.48165],[-72.99049,43.48232],[-72.98983,43.48253],[-72.98703,43.4823],[-72.98597,43.48301],[-72.98482,43.48338],[-72.98165,43.48309],[-72.9812,43.48392],[-72.98005,43.48438],[-72.97455,43.48415],[-72.97348,43.48377],[-72.97303,43.48325],[-72.97296,43.48256],[-72.97462,43.4794],[-72.97061,43.47913],[-72.96737,43.47865],[-72.96677,43.47836],[-72.96626,43.4778],[-72.96516,43.47741],[-72.96463,43.47663],[-72.96466,43.47501],[-72.96484,43.4745],[-72.96557,43.47393],[-72.96666,43.47375],[-72.96735,43.47186],[-72.96799,43.47128],[-72.96827,43.47061],[-72.96791,43.47005],[-72.9679,43.46931],[-72.96826,43.46867],[-72.96908,43.46822],[-72.96874,43.46753],[-72.96895,43.4665],[-72.96963,43.46589],[-72.97066,43.46566]]]}},{"type":"Feature","properties":{"PWSID":"VT0005174","PWS_Name":"FAIRLEE TOWN WATER","Pop_Cat_5":"501-3,300","Population_Served_Count":967,"Service_Connections_Count":284,"Service_Area_Type":"Residential Area","Model_Method":"","boundary_source":"Authoritative (VT/local)","is_community":true,"Area_SqKM":4.768886806054737,"Detailed_Facility_Report":"https://echo.epa.gov/detailed-facility-report?fid=VT0005174&sys=SDWIS"},"geometry":{"type":"Polygon","coordinates":[[[-72.14353,43.90496],[-72.14931,43.90186],[-72.15449,43.89844],[-72.15577,43.89823],[-72.15736,43.89871],[-72.15753,43.89822],[-72.15705,43.89754],[-72.15714,43.89679],[-72.1558,43.8962],[-72.15544,43.89574],[-72.15535,43.89522],[-72.15686,43.89231],[-72.15717,43.89041],[-72.15806,43.8875],[-72.15874,43.88657],[-72.16041,43.88574],[-72.16224,43.88527],[-72.16328,43.88518],[-72.16421,43.88536],[-72.16496,43.88595],[-72.16644,43.88646],[-72.16706,43.8873],[-72.16677,43.88834],[-72.16604,43.88902],[-72.16467,43.88936],[-72.16452,43.89039],[-72.1671,43.89067],[-72.16805,43.8912],[-72.16832,43.89169],[-72.16833,43.89226],[-72.16763,43.89353],[-72.16868,43.89418],[-72.16899,43.89502],[-72.1686,43.89575],[-72.16716,43.89666],[-72.1672,43.8973],[-72.16685,43.89786],[-72.16488,43.89899],[-72.16564,43.90006],[-72.16578,43.90067],[-72.16493,43.9026],[-72.16429,43.90335],[-72.16556,43.90366],[-72.16622,43.90405],[-72.16654,43.90452],[-72.16675,43.90559],[-72.16661,43.9061],[-72.16621,43.90653],[-72.16614,43.9072],[-72.16574,43.90768],[-72.16621,43.90849],[-72.16582,43.91062],[-72.16618,43.91136],[-72.16614,43.91198],[-72.16537,43.91275],[-72.16397,43.91305],[-72.16505,43.91497],[-72.16499,43.9155],[-72.16459,43.91603],[-72.16401,43.91635],[-72.16331,43.91649],[-72.16114,43.91648],[-72.16025,43.91621],[-72.15962,43.91557],[-72.15951,43.91479],[-72.15902,43.91416],[-72.1589,43.91349],[-72.15805,43.91293],[-72.1578,43.91216],[-72.15655,43.91179],[-72.15409,43.9129],[-72.15353,43.91382],[-72.15244,43.9146],[-72.15167,43.91485],[-72.15082,43.91483],[-72.14786,43.91405],[-72.1404,43.91558],[-72.1356,43.91414],[-72.13488,43.91368],[-72.1341,43.91457],[-72.13336,43.91496],[-72.1324,43.91505],[-72.13141,43.91472],[-72.13072,43.91392],[-72.13073,43.91306],[-72.13109,43.91261],[-72.1321,43.91193],[-72.13345,43.9097],[-72.13389,43.90925],[-72.13506,43.9088],[-72.13631,43.909],[-72.13733,43.9084],[-72.13726,43.90793],[-72.13745,43.90742],[-72.13867,43.90656],[-72.14006,43.90602],[-72.14135,43.90611],[-72.14208,43.90576],[-72.14286,43.90566],[-72.14353,43.90496]]]}},{"type":"Feature","properties":{"PWSID":"VT0005200","PWS_Name":"IRASBURG FD #1","Pop_Cat_5":"<=500","Population_Served_Count":200,"Service_Connections_Count":98,"Service_Area_Type":"Residential Area","Model_Method":"","boundary_source":"Authoritative (VT/local)","is_community":true,"Area_SqKM":4.681511745726689,"Detailed_Facility_Report":"https://echo.epa.gov/detailed-facility-report?fid=VT0005200&sys=SDWIS"},"geometry":{"type":"Polygon","coordinates":[[[-72.30083,44.7898],[-72.30167,44.78994],[-72.30704,44.79199],[-72.30777,44.7925],[-72.30801,44.793],[-72.30796,44.79353],[-72.30671,44.79532],[-72.3081,44.7955],[-72.30901,44.79619],[-72.30915,44.7968],[-72.3088,44.79905],[-72.30793,44.80007],[-72.30696,44.80044],[-72.30598,44.80039],[-72.30396,44.79967],[-72.30288,44.80064],[-72.30073,44.8036],[-72.3001,44.80401],[-72.29902,44.80419],[-72.29749,44.80378],[-72.29683,44.80389],[-72.29626,44.80704],[-72.29579,44.80759],[-72.29502,44.808],[-72.29377,44.80817],[-72.29247,44.80872],[-72.29152,44.80889],[-72.29034,44.80873],[-72.28941,44.8082],[-72.28717,44.80831],[-72.28623,44.80882],[-72.28538,44.80897],[-72.28374,44.80875],[-72.28278,44.80907],[-72.28116,44.8091],[-72.27966,44.80884],[-72.27769,44.80803],[-72.27692,44.80751],[-72.27622,44.80752],[-72.27459,44.80725],[-72.27396,44.80683],[-72.27365,44.80621],[-72.27211,44.80598],[-72.27138,44.80565],[-72.27058,44.80458],[-72.27065,44.80388],[-72.27115,44.80334],[-72.27062,44.80254],[-72.26955,44.80271],[-72.26581,44.8023],[-72.26502,44.80205],[-72.26448,44.80157],[-72.26412,44.80074],[-72.26425,44.80004],[-72.26779,44.79522],[-72.26859,44.79469],[-72.26931,44.79456],[-72.27004,44.79463],[-72.27398,44.79588],[-72.27472,44.79657],[-72.27482,44.79709],[-72.27461,44.79783],[-72.27488,44.79791],[-72.27516,44.79757],[-72.27501,44.79658],[-72.27544,44.79596],[-72.27626,44.79557],[-72.27833,44.79525],[-72.27963,44.79547],[-72.28015,44.79585],[-72.28044,44.79636],[-72.28167,44.79693],[-72.28261,44.79681],[-72.28352,44.79699],[-72.28358,44.79653],[-72.28391,44.79606],[-72.28613,44.79443],[-72.28808,44.79344],[-72.28881,44.79334],[-72.28957,44.79346],[-72.28966,44.79284],[-72.29011,44.79232],[-72.29138,44.79159],[-72.29264,44.79134],[-72.29306,44.79111],[-72.29352,44.79036],[-72.29542,44.78926],[-72.29624,44.78908],[-72.29709,44.78918],[-72.29825,44.7897],[-72.29908,44.79031],[-72.3001,44.7899],[-72.30083,44.7898]]]}},{"type":"Feature","properties":{"PWSID":"VT0005632","PWS_Name":"KILLINGTON UPLAND WATER CO INC","Pop_Cat_5":"501-3,300","Population_Served_Count":518,"Service_Connections_Count":178,"Service_Area_Type":"Residential Area","Model_Method":"","boundary_source":"Authoritative (VT/local)","is_community":true,"Area_SqKM":4.592922384038373,"Detailed_Facility_Report":"https://echo.epa.gov/detailed-facility-report?fid=VT0005632&sys=SDWIS"},"geometry":{"type":"Polygon","coordinates":[[[-72.83198,43.636],[-72.8328,43.63614],[-72.84359,43.6402],[-72.85088,43.64491],[-72.8517,43.64607],[-72.85548,43.64874],[-72.85593,43.64926],[-72.85597,43.65004],[-72.85418,43.65359],[-72.8543,43.65452],[-72.85242,43.65823],[-72.85161,43.65892],[-72.85029,43.65908],[-72.8495,43.66007],[-72.84878,43.66058],[-72.84851,43.66309],[-72.84819,43.66356],[-72.8476,43.66393],[-72.84802,43.66497],[-72.848,43.66558],[-72.84752,43.66619],[-72.84681,43.66651],[-72.84573,43.66654],[-72.84423,43.66592],[-72.8399,43.66532],[-72.83896,43.66498],[-72.83602,43.66465],[-72.83525,43.66422],[-72.83474,43.66321],[-72.83418,43.6629],[-72.83381,43.66245],[-72.83333,43.6611],[-72.83341,43.66023],[-72.83313,43.65964],[-72.83013,43.63745],[-72.83022,43.63693],[-72.83058,43.63647],[-72.83116,43.63615],[-72.83198,43.636]]]}},{"type":"Feature","properties":{"PWSID":"VT0005503","PWS_Name":"BURKE MOUNTAIN WATER CO","Pop_Cat_5":"501-3,300","Population_Served_Count":1058,"Service_Connections_Count":225,"Service_Area_Type":"Recreation Area","Model_Method":"","boundary_source":"Authoritative (VT/local)","is_community":false,"Area_SqKM":4.568443193905563,"Detailed_Facility_Report":"https://echo.epa.gov/detailed-facility-report?fid=VT0005503&sys=SDWIS"},"geometry":{"type":"MultiPolygon","coordinates":[[[[-71.98398,44.58785],[-71.98557,44.58826],[-71.98673,44.58882],[-71.98718,44.58923],[-71.99228,44.58991],[-71.99316,44.59022],[-71.99365,44.59072],[-71.99379,44.59124],[-71.99348,44.5929],[-71.99304,44.59352],[-71.98953,44.59521],[-71.98796,44.59539],[-71.98644,44.59527],[-71.98491,44.59484],[-71.98407,44.59525],[-71.98297,44.59527],[-71.9804,44.59401],[-71.97983,44.59334],[-71.97992,44.59247],[-71.9816,44.59104],[-71.98156,44.59034],[-71.98234,44.58852],[-71.98303,44.58802],[-71.98398,44.58785]]],[[[-71.96639,44.60304],[-71.96733,44.60323],[-71.96865,44.60398],[-71.96905,44.60453],[-71.96907,44.60514],[-71.96879,44.60562],[-71.96776,44.60652],[-71.96794,44.60742],[-71.96726,44.60835],[-71.96624,44.60883],[-71.96489,44.60885],[-71.96392,44.60848],[-71.96339,44.6077],[-71.96353,44.60701],[-71.96439,44.60595],[-71.96392,44.60521],[-71.96412,44.60442],[-71.96336,44.60483],[-71.96251,44.60492],[-71.96034,44.60423],[-71.95974,44.60348],[-71.95962,44.60171],[-71.96011,44.60089],[-71.9606,44.60049],[-71.96138,44.60024],[-71.96224,44.60027],[-71.96354,44.60067],[-71.96423,44.60128],[-71.96459,44.60295],[-71.96436,44.60414],[-71.96524,44.60332],[-71.96639,44.60304]]],[[[-71.91451,44.58788],[-71.91387,44.58721],[-71.91386,44.58839],[-71.91355,44.58897],[-71.91286,44.58941],[-71.91209,44.59026],[-71.91142,44.59049],[-71.91077,44.59053],[-71.91122,44.59118],[-71.91122,44.59204],[-71.91216,44.59167],[-71.91326,44.5917],[-71.91398,44.59202],[-71.91503,44.59306],[-71.91498,44.59401],[-71.91401,44.59482],[-71.91394,44.59618],[-71.9135,44.5971],[-71.91275,44.59767],[-71.91116,44.59806],[-71.91031,44.59807],[-71.90962,44.59786],[-71.90857,44.59812],[-71.90744,44.59797],[-71.90686,44.59764],[-71.90646,44.5971],[-71.90661,44.59552],[-71.90503,44.59482],[-71.90297,44.59466],[-71.90239,44.59434],[-71.90193,44.59375],[-71.90174,44.59304],[-71.90108,44.59201],[-71.90113,44.59148],[-71.90141,44.59106],[-71.90106,44.59035],[-71.90117,44.58863],[-71.90099,44.58832],[-71.89996,44.58769],[-71.89962,44.58713],[-71.89988,44.58582],[-71.9011,44.58494],[-71.90199,44.5847],[-71.90263,44.58469],[-71.90313,44.58407],[-71.90415,44.58344],[-71.90497,44.58327],[-71.90591,44.58339],[-71.90617,44.58272],[-71.90686,44.58223],[-71.90826,44.5819],[-71.909,44.58191],[-71.90978,44.58217],[-71.91062,44.58284],[-71.91135,44.58318],[-71.91201,44.58398],[-71.91294,44.5845],[-71.91407,44.58354],[-71.91537,44.58333],[-71.91617,44.58355],[-71.91918,44.58523],[-71.91949,44.58589],[-71.91935,44.58649],[-71.91758,44.58819],[-71.9168,44.58844],[-71.9158,44.58845],[-71.91511,44.58828],[-71.91451,44.58788]]],[[[-71.98102,44.64027],[-71.98351,44.64056],[-71.9842,44.64106],[-71.98444,44.64165],[-71.98434,44.64245],[-71.98397,44.64296],[-71.98428,44.64386],[-71.98402,44.64453],[-71.9831,44.6451],[-71.9813,44.64538],[-71.98023,44.6452],[-71.97944,44.64454],[-71.97929,44.64369],[-71.97952,44.64313],[-71.97906,44.64177],[-71.97917,44.64118],[-71.97954,44.64072],[-71.98024,44.64037],[-71.98102,44.64027]]],[[[-71.9466,44.5834],[-71.94884,44.584],[-71.94961,44.58478],[-71.94963,44.58539],[-71.94915,44.58631],[-71.9487,44.58672],[-71.94794,44.58701],[-71.94708,44.58703],[-71.94601,44.58675],[-71.94483,44.58621],[-71.94434,44.5856],[-71.94439,44.58482],[-71.9451,44.58392],[-71.94577,44.58353],[-71.9466,44.5834]]],[[[-71.9317,44.62147],[-71.93264,44.62166],[-71.93464,44.62275],[-71.93532,44.62348],[-71.93534,44.62409],[-71.93505,44.62457],[-71.93407,44.62547],[-71.93322,44.62582],[-71.93248,44.62585],[-71.93178,44.62568],[-71.93011,44.62489],[-71.92954,44.62422],[-71.92952,44.6236],[-71.93006,44.62214],[-71.93075,44.62165],[-71.9317,44.62147]]],[[[-71.88322,44.60464],[-71.88416,44.60483],[-71.88707,44.60628],[-71.88781,44.60705],[-71.88783,44.60766],[-71.88755,44.60814],[-71.88592,44.60964],[-71.88507,44.60999],[-71.88398,44.60996],[-71.88273,44.60943],[-71.88149,44.60845],[-71.8805,44.6072],[-71.88059,44.60633],[-71.88172,44.60516],[-71.88238,44.60478],[-71.88322,44.60464]]],[[[-71.93585,44.58538],[-71.937,44.58567],[-71.93951,44.58733],[-71.93977,44.58789],[-71.93976,44.58841],[-71.93941,44.58897],[-71.93885,44.58931],[-71.9379,44.58949],[-71.93538,44.58929],[-71.93415,44.58878],[-71.93318,44.58793],[-71.93294,44.58716],[-71.93333,44.58643],[-71.93491,44.58556],[-71.93585,44.58538]]],[[[-71.93279,44.60266],[-71.93384,44.60289],[-71.93755,44.60489],[-71.93799,44.60531],[-71.93818,44.6059],[-71.93884,44.60633],[-71.93913,44.60691],[-71.93904,44.60752],[-71.93796,44.60922],[-71.93703,44.60963],[-71.93602,44.60962],[-71.93534,44.61036],[-71.93434,44.61068],[-71.93315,44.6105],[-71.92736,44.60777],[-71.92498,44.6064],[-71.92445,44.60562],[-71.92454,44.60501],[-71.925,44.60449],[-71.92586,44.60411],[-71.9268,44.604],[-71.9283,44.60295],[-71.929,44.60279],[-71.92974,44.60283],[-71.93094,44.60342],[-71.93184,44.60283],[-71.93279,44.60266]]],[[[-71.96872,44.66194],[-71.96955,44.66209],[-71.97021,44.66248],[-71.97133,44.66368],[-71.9714,44.66455],[-71.96828,44.6677],[-71.96743,44.66805],[-71.96645,44.66804],[-71.96443,44.66701],[-71.96408,44.66645],[-71.96411,44.66584],[-71.96596,44.66364],[-71.96729,44.6624],[-71.96799,44.66204],[-71.96872,44.66194]]]]}},{"type":"Feature","properties":{"PWSID":"VT0005462","PWS_Name":"ROUND TOP","Pop_Cat_5":"<=500","Population_Served_Count":240,"Service_Connections_Count":42,"Service_Area_Type":"Residential Area","Model_Method":"","boundary_source":"Authoritative (VT/local)","is_community":true,"Area_SqKM":4.435834971502226,"Detailed_Facility_Report":"https://echo.epa.gov/detailed-facility-report?fid=VT0005462&sys=SDWIS"},"geometry":{"type":"Polygon","coordinates":[[[-72.74953,43.51262],[-72.75076,43.51295],[-72.7512,43.51336],[-72.75139,43.51387],[-72.75054,43.51991],[-72.75485,43.52098],[-72.75559,43.52058],[-72.75654,43.52049],[-72.76617,43.52219],[-72.76723,43.52274],[-72.76754,43.52358],[-72.76694,43.52668],[-72.76666,43.52717],[-72.76594,43.52763],[-72.76262,43.52877],[-72.76119,43.52909],[-72.76032,43.52971],[-72.75855,43.53319],[-72.75713,43.53451],[-72.75519,43.53529],[-72.75447,43.53529],[-72.75378,43.53508],[-72.75313,43.53563],[-72.74948,43.53711],[-72.74806,43.53842],[-72.7473,43.53868],[-72.74645,43.53873],[-72.74569,43.5386],[-72.74423,43.53805],[-72.74272,43.53692],[-72.74243,43.53625],[-72.74248,43.53572],[-72.74393,43.53425],[-72.74394,43.53371],[-72.74231,43.53244],[-72.74193,43.5317],[-72.74206,43.5311],[-72.74255,43.5306],[-72.74372,43.53025],[-72.74446,43.52984],[-72.74519,43.52972],[-72.74555,43.52756],[-72.73603,43.52523],[-72.73397,43.52392],[-72.73334,43.52301],[-72.73229,43.52244],[-72.73166,43.52143],[-72.73154,43.52025],[-72.73108,43.51922],[-72.73141,43.51837],[-72.73099,43.51774],[-72.73069,43.51562],[-72.73107,43.51489],[-72.73206,43.5144],[-72.7329,43.51437],[-72.73576,43.51472],[-72.73743,43.51408],[-72.73999,43.51355],[-72.74205,43.51355],[-72.74301,43.51393],[-72.74459,43.5142],[-72.74559,43.51464],[-72.74618,43.51439],[-72.74645,43.51377],[-72.74732,43.51299],[-72.74812,43.51272],[-72.74953,43.51262]]]}},{"type":"Feature","properties":{"PWSID":"VT0005306","PWS_Name":"WESTMINSTER AQUEDUCT SOCIETY","Pop_Cat_5":"<=500","Population_Served_Count":150,"Service_Connections_Count":55,"Service_Area_Type":"Residential Area","Model_Method":"","boundary_source":"Authoritative (VT/local)","is_community":true,"Area_SqKM":4.3696034963010035,"Detailed_Facility_Report":"https://echo.epa.gov/detailed-facility-report?fid=VT0005306&sys=SDWIS"},"geometry":{"type":"Polygon","coordinates":[[[-72.46175,43.06148],[-72.46257,43.06162],[-72.46352,43.06214],[-72.46463,43.06231],[-72.46543,43.06278],[-72.46583,43.06322],[-72.46597,43.06373],[-72.46579,43.06512],[-72.4643,43.06656],[-72.46534,43.06727],[-72.46571,43.06791],[-72.46558,43.06861],[-72.46477,43.06944],[-72.4648,43.07009],[-72.46739,43.07136],[-72.46779,43.0718],[-72.46793,43.07231],[-72.46763,43.0731],[-72.467,43.07362],[-72.46586,43.07385],[-72.46451,43.07345],[-72.46388,43.07417],[-72.46258,43.07499],[-72.46274,43.07532],[-72.4636,43.07543],[-72.46428,43.07579],[-72.46471,43.07647],[-72.4655,43.07701],[-72.46574,43.07777],[-72.46516,43.07871],[-72.46457,43.079],[-72.46386,43.0791],[-72.4631,43.081],[-72.46274,43.08145],[-72.46229,43.08262],[-72.46204,43.08428],[-72.46164,43.08482],[-72.46085,43.08521],[-72.46002,43.08527],[-72.45267,43.0841],[-72.45178,43.08353],[-72.45155,43.08269],[-72.44723,43.08004],[-72.44639,43.08077],[-72.44565,43.08106],[-72.4447,43.08106],[-72.44377,43.08066],[-72.44135,43.08366],[-72.44026,43.08587],[-72.43948,43.08641],[-72.4383,43.08652],[-72.4336,43.08571],[-72.43286,43.08542],[-72.43233,43.08484],[-72.43227,43.08415],[-72.43276,43.08316],[-72.43353,43.08218],[-72.43368,43.08131],[-72.43469,43.07943],[-72.4353,43.07877],[-72.4369,43.07755],[-72.43772,43.07617],[-72.4388,43.07497],[-72.4409,43.07313],[-72.44358,43.07043],[-72.44587,43.06897],[-72.44962,43.06727],[-72.45027,43.0666],[-72.45084,43.06628],[-72.45179,43.06598],[-72.45251,43.06595],[-72.45319,43.06612],[-72.45389,43.06652],[-72.45492,43.06547],[-72.45629,43.06512],[-72.45602,43.0647],[-72.45597,43.06418],[-72.45658,43.06334],[-72.45819,43.0628],[-72.45901,43.0629],[-72.45966,43.06322],[-72.45969,43.06261],[-72.46009,43.06207],[-72.46094,43.06161],[-72.46175,43.06148]]]}},{"type":"Feature","properties":{"PWSID":"VT0020151","PWS_Name":"TRAILSIDE AT MAGIC MOUNTAIN","Pop_Cat_5":"<=500","Population_Served_Count":150,"Service_Connections_Count":56,"Service_Area_Type":"Residential Area","Model_Method":"","boundary_source":"Authoritative (VT/local)","is_community":true,"Area_SqKM":4.300398189462502,"Detailed_Facility_Report":"https://echo.epa.gov/detailed-facility-report?fid=VT0020151&sys=SDWIS"},"geometry":{"type":"Polygon","coordinates":[[[-72.76617,43.1806],[-72.76688,43.1807],[-72.77,43.18177],[-72.77064,43.18229],[-72.77088,43.18303],[-72.77172,43.18325],[-72.77235,43.18377],[-72.77585,43.18901],[-72.77603,43.18951],[-72.77517,43.19366],[-72.77441,43.19444],[-72.77414,43.19709],[-72.77488,43.19784],[-72.77535,43.19945],[-72.7788,43.19967],[-72.7796,43.20006],[-72.78003,43.20068],[-72.77983,43.20291],[-72.77944,43.20345],[-72.7788,43.2038],[-72.77861,43.20454],[-72.77927,43.20498],[-72.77957,43.20555],[-72.77928,43.20849],[-72.7787,43.20905],[-72.7771,43.20972],[-72.7741,43.21035],[-72.77281,43.2102],[-72.77198,43.20946],[-72.77174,43.20774],[-72.77188,43.20606],[-72.77084,43.20598],[-72.76917,43.20532],[-72.76841,43.20455],[-72.76774,43.20424],[-72.76735,43.20382],[-72.76371,43.20382],[-72.76298,43.20489],[-72.76195,43.20533],[-72.76111,43.20531],[-72.75991,43.20497],[-72.75798,43.20573],[-72.75714,43.20571],[-72.7564,43.20542],[-72.75596,43.205],[-72.75576,43.20441],[-72.7563,43.20113],[-72.75252,43.19659],[-72.75241,43.19432],[-72.75271,43.19365],[-72.7577,43.19005],[-72.75912,43.18696],[-72.75973,43.18654],[-72.76179,43.18585],[-72.76249,43.18461],[-72.7623,43.18394],[-72.76254,43.18327],[-72.76302,43.18287],[-72.76376,43.18262],[-72.76487,43.18099],[-72.76546,43.1807],[-72.76617,43.1806]]]}},{"type":"Feature","properties":{"PWSID":"VT0005149","PWS_Name":"CAMBRIDGE VILLAGE WATER","Pop_Cat_5":"<=500","Population_Served_Count":262,"Service_Connections_Count":100,"Service_Area_Type":"Residential Area","Model_Method":"","boundary_source":"Authoritative (VT/local)","is_community":true,"Area_SqKM":4.240817175037276,"Detailed_Facility_Report":"https://echo.epa.gov/detailed-facility-report?fid=VT0005149&sys=SDWIS"},"geometry":{"type":"Polygon","coordinates":[[[-72.87207,44.62438],[-72.87727,44.62447],[-72.8806,44.62516],[-72.8886,44.62805],[-72.88925,44.62858],[-72.88944,44.62935],[-72.88813,44.63139],[-72.89036,44.63223],[-72.89107,44.63304],[-72.89096,44.63382],[-72.88825,44.63821],[-72.88771,44.63869],[-72.88705,44.63892],[-72.88631,44.63896],[-72.88424,44.63829],[-72.88356,44.63859],[-72.8827,44.63866],[-72.88065,44.63797],[-72.8785,44.63907],[-72.87753,44.64061],[-72.87776,44.64141],[-72.87831,44.64176],[-72.8793,44.6416],[-72.88014,44.64174],[-72.88089,44.64221],[-72.88198,44.64254],[-72.88255,44.64315],[-72.8833,44.64308],[-72.88403,44.64319],[-72.88522,44.64301],[-72.88651,44.64342],[-72.88721,44.64402],[-72.88733,44.64475],[-72.88805,44.64516],[-72.88843,44.64581],[-72.88839,44.64633],[-72.8881,44.64677],[-72.88714,44.64767],[-72.88626,44.64799],[-72.88517,44.64791],[-72.88342,44.64727],[-72.88289,44.6469],[-72.88166,44.64664],[-72.88119,44.6488],[-72.88301,44.64862],[-72.88446,44.64902],[-72.88528,44.64987],[-72.88535,44.6511],[-72.88513,44.65196],[-72.88468,44.65248],[-72.88384,44.65283],[-72.88278,44.65285],[-72.88166,44.65395],[-72.88069,44.65432],[-72.87983,44.6543],[-72.87908,44.65402],[-72.87862,44.6536],[-72.87829,44.65291],[-72.87482,44.65083],[-72.87362,44.65117],[-72.87289,44.65121],[-72.87133,44.65194],[-72.87059,44.65198],[-72.86979,44.65176],[-72.86926,44.65139],[-72.86898,44.65091],[-72.86898,44.65038],[-72.86921,44.64994],[-72.8679,44.64956],[-72.86726,44.64914],[-72.86586,44.64856],[-72.86512,44.64791],[-72.86449,44.64684],[-72.8647,44.6459],[-72.86612,44.64485],[-72.86608,44.64421],[-72.86643,44.64365],[-72.8672,44.64322],[-72.86851,44.64307],[-72.86895,44.63997],[-72.86933,44.63932],[-72.86774,44.6364],[-72.86765,44.63579],[-72.86795,44.63521],[-72.86858,44.63479],[-72.87092,44.63447],[-72.87048,44.63165],[-72.87078,44.63026],[-72.87055,44.62835],[-72.87065,44.62687],[-72.87019,44.62565],[-72.87038,44.62514],[-72.87082,44.62472],[-72.87207,44.62438]]]}},{"type":"Feature","properties":{"PWSID":"VT0021202","PWS_Name":"BERLIN MUNICIPAL WATER SYSTEM","Pop_Cat_5":"501-3,300","Population_Served_Count":1819,"Service_Connections_Count":303,"Service_Area_Type":"Residential Area","Model_Method":"","boundary_source":"Authoritative (VT/local)","is_community":true,"Area_SqKM":4.192015462221386,"Detailed_Facility_Report":"https://echo.epa.gov/detailed-facility-report?fid=VT0021202&sys=SDWIS"},"geometry":{"type":"MultiPolygon","coordinates":[[[[-72.58561,44.21092],[-72.58673,44.2113],[-72.58733,44.21206],[-72.58709,44.21319],[-72.58646,44.21383],[-72.58532,44.21411],[-72.58378,44.21379],[-72.58305,44.2131],[-72.58303,44.21226],[-72.58204,44.21258],[-72.58085,44.21244],[-72.58051,44.21264],[-72.5795,44.21498],[-72.57873,44.2154],[-72.57769,44.21549],[-72.57712,44.21628],[-72.57813,44.21777],[-72.57808,44.21874],[-72.57867,44.21958],[-72.57859,44.22019],[-72.57814,44.22071],[-72.57613,44.22168],[-72.57481,44.22171],[-72.57392,44.22126],[-72.57337,44.22064],[-72.57318,44.2201],[-72.57222,44.21942],[-72.57135,44.21936],[-72.56918,44.21874],[-72.56877,44.22002],[-72.56881,44.22068],[-72.56836,44.22164],[-72.56951,44.22199],[-72.57018,44.22271],[-72.57018,44.22341],[-72.56943,44.22476],[-72.56889,44.22524],[-72.56799,44.2255],[-72.56511,44.22518],[-72.5633,44.22466],[-72.56203,44.22395],[-72.56172,44.2232],[-72.56208,44.22213],[-72.56073,44.22095],[-72.56021,44.2202],[-72.55933,44.22077],[-72.55753,44.22123],[-72.55636,44.221],[-72.55567,44.2204],[-72.55559,44.21953],[-72.55648,44.21792],[-72.55523,44.21774],[-72.55407,44.21692],[-72.55364,44.21636],[-72.55364,44.21566],[-72.55405,44.21512],[-72.55466,44.21478],[-72.55658,44.21157],[-72.55857,44.21021],[-72.5583,44.20967],[-72.55838,44.20906],[-72.55934,44.2079],[-72.55987,44.20752],[-72.55454,44.20614],[-72.55384,44.20533],[-72.55404,44.20413],[-72.55461,44.20346],[-72.55548,44.20315],[-72.55622,44.20315],[-72.55777,44.20351],[-72.55742,44.20105],[-72.55774,44.2003],[-72.55836,44.19988],[-72.55951,44.19971],[-72.56024,44.19932],[-72.56145,44.19927],[-72.5622,44.19955],[-72.56299,44.20026],[-72.56356,44.201],[-72.56404,44.20208],[-72.56411,44.20383],[-72.56322,44.20571],[-72.5642,44.20571],[-72.56894,44.20695],[-72.56958,44.20748],[-72.57046,44.2091],[-72.57093,44.20833],[-72.5717,44.2079],[-72.57254,44.2078],[-72.57374,44.20804],[-72.57415,44.20677],[-72.57484,44.20616],[-72.57684,44.20579],[-72.57769,44.20585],[-72.57874,44.20618],[-72.57938,44.20682],[-72.57944,44.20751],[-72.57888,44.20864],[-72.57985,44.20886],[-72.58085,44.20853],[-72.58193,44.20866],[-72.5832,44.20954],[-72.58366,44.2104],[-72.58371,44.21123],[-72.58464,44.21088],[-72.58561,44.21092]]],[[[-72.55678,44.19333],[-72.55761,44.19347],[-72.55827,44.19386],[-72.56005,44.19643],[-72.56002,44.19704],[-72.55948,44.19803],[-72.559,44.19843],[-72.55822,44.19868],[-72.55737,44.19866],[-72.55373,44.19778],[-72.55307,44.1974],[-72.55271,44.19684],[-72.55274,44.19622],[-72.55312,44.1957],[-72.55554,44.19366],[-72.55678,44.19333]]],[[[-72.56315,44.23266],[-72.56398,44.2328],[-72.56463,44.23316],[-72.56551,44.23423],[-72.5657,44.23482],[-72.56551,44.23542],[-72.56506,44.23584],[-72.56314,44.23635],[-72.56242,44.23625],[-72.56173,44.23589],[-72.56107,44.23461],[-72.56123,44.23382],[-72.56166,44.23319],[-72.56232,44.2328],[-72.56315,44.23266]]]]}},{"type":"Feature","properties":{"PWSID":"VT0005002","PWS_Name":"BRISTOL WATER DEPT","Pop_Cat_5":"501-3,300","Population_Served_Count":2103,"Service_Connections_Count":695,"Service_Area_Type":"Residential Area","Model_Method":"Random Forest","boundary_source":"EPA-modeled","is_community":true,"Area_SqKM":4.124330304127253,"Detailed_Facility_Report":"https://echo.epa.gov/detailed-facility-report?fid=VT0005002&sys=SDWIS"},"geometry":{"type":"Polygon","coordinates":[[[-73.09748,44.12444],[-73.0974,44.12946],[-73.10014,44.13961],[-73.10017,44.14229],[-73.09195,44.14205],[-73.08288,44.14335],[-73.08541,44.14684],[-73.08247,44.14726],[-73.08208,44.1473],[-73.08203,44.14717],[-73.08169,44.14777],[-73.07792,44.14888],[-73.07655,44.14887],[-73.07646,44.14683],[-73.0755,44.14322],[-73.07344,44.13723],[-73.06775,44.12931],[-73.06387,44.12798],[-73.06186,44.12775],[-73.05863,44.12782],[-73.05571,44.12867],[-73.05463,44.12873],[-73.05573,44.12774],[-73.05785,44.12668],[-73.05826,44.12624],[-73.05861,44.12618],[-73.05996,44.12658],[-73.06147,44.12673],[-73.06293,44.12741],[-73.06531,44.12809],[-73.06744,44.12893],[-73.06903,44.1288],[-73.07015,44.12919],[-73.0709,44.12908],[-73.07156,44.12943],[-73.07139,44.12961],[-73.07083,44.12939],[-73.07005,44.12941],[-73.07119,44.12975],[-73.07192,44.12962],[-73.07302,44.12969],[-73.07464,44.13026],[-73.07675,44.13052],[-73.07847,44.1313],[-73.0809,44.13136],[-73.08189,44.13185],[-73.08315,44.13212],[-73.08427,44.13137],[-73.08446,44.13102],[-73.08342,44.13004],[-73.08294,44.12919],[-73.08358,44.12889],[-73.08442,44.12708],[-73.08711,44.1252],[-73.09667,44.12115],[-73.09748,44.12444]]]}},{"type":"Feature","properties":{"PWSID":"VT0005024","PWS_Name":"BROMLEY WATER COMPANY","Pop_Cat_5":"3,301-10,000","Population_Served_Count":4300,"Service_Connections_Count":400,"Service_Area_Type":"Residential Area","Model_Method":"","boundary_source":"Authoritative (VT/local)","is_community":true,"Area_SqKM":4.110741684399626,"Detailed_Facility_Report":"https://echo.epa.gov/detailed-facility-report?fid=VT0005024&sys=SDWIS"},"geometry":{"type":"Polygon","coordinates":[[[-72.94372,43.20554],[-72.94443,43.20564],[-72.94503,43.20593],[-72.94558,43.2068],[-72.94851,43.20695],[-72.94922,43.20727],[-72.94963,43.20771],[-72.94977,43.20822],[-72.94966,43.2112],[-72.94931,43.2157],[-72.94886,43.2165],[-72.94784,43.21694],[-72.94275,43.2168],[-72.94229,43.22295],[-72.94185,43.22367],[-72.94117,43.22403],[-72.94047,43.22414],[-72.92823,43.22377],[-72.92802,43.22764],[-72.92746,43.22831],[-72.92649,43.22864],[-72.92543,43.22851],[-72.92467,43.22813],[-72.92312,43.22771],[-72.91865,43.22605],[-72.91816,43.22555],[-72.91802,43.22496],[-72.9188,43.21461],[-72.91925,43.21382],[-72.9204,43.21337],[-72.92572,43.21352],[-72.92707,43.21322],[-72.92872,43.21363],[-72.92925,43.20751],[-72.92954,43.20694],[-72.93025,43.20647],[-72.93116,43.20633],[-72.94159,43.20667],[-72.9426,43.20582],[-72.94372,43.20554]]]}},{"type":"Feature","properties":{"PWSID":"VT0005003","PWS_Name":"EAST MIDDLEBURY FD 1","Pop_Cat_5":"501-3,300","Population_Served_Count":642,"Service_Connections_Count":260,"Service_Area_Type":"Residential Area","Model_Method":"","boundary_source":"Authoritative (VT/local)","is_community":true,"Area_SqKM":4.07905575413732,"Detailed_Facility_Report":"https://echo.epa.gov/detailed-facility-report?fid=VT0005003&sys=SDWIS"},"geometry":{"type":"Polygon","coordinates":[[[-73.11428,43.9686],[-73.11551,43.96893],[-73.11614,43.96976],[-73.11631,43.97131],[-73.11604,43.9718],[-73.11555,43.97216],[-73.11589,43.97446],[-73.11553,43.97511],[-73.11487,43.97551],[-73.11458,43.97706],[-73.11522,43.97732],[-73.11572,43.97782],[-73.11587,43.97834],[-73.11577,43.97914],[-73.11683,43.97946],[-73.11741,43.98012],[-73.11741,43.98287],[-73.11723,43.98338],[-73.11679,43.9838],[-73.11604,43.98409],[-73.10524,43.98569],[-73.10483,43.98614],[-73.10423,43.98644],[-73.10195,43.98676],[-73.10111,43.98667],[-73.10039,43.9863],[-73.09702,43.98662],[-73.09624,43.98638],[-73.0957,43.9859],[-73.0955,43.98531],[-73.09549,43.98295],[-73.09568,43.98244],[-73.09663,43.98179],[-73.09868,43.98151],[-73.09611,43.98119],[-73.09514,43.98055],[-73.09494,43.97995],[-73.09512,43.97739],[-73.09429,43.97737],[-73.09363,43.97714],[-73.09315,43.97675],[-73.09291,43.97625],[-73.09303,43.97556],[-73.09384,43.9747],[-73.0929,43.97451],[-73.09075,43.97356],[-73.09026,43.97317],[-73.09001,43.97267],[-73.08708,43.9724],[-73.08595,43.97256],[-73.08393,43.97212],[-73.08298,43.97153],[-73.08263,43.9708],[-73.08282,43.97008],[-73.0834,43.96957],[-73.08423,43.9693],[-73.08574,43.96919],[-73.08629,43.96887],[-73.08659,43.96802],[-73.08753,43.96749],[-73.08826,43.96589],[-73.08877,43.96552],[-73.08965,43.96433],[-73.0905,43.96393],[-73.09059,43.96313],[-73.09087,43.96264],[-73.09148,43.96222],[-73.09227,43.96204],[-73.09416,43.962],[-73.09523,43.96255],[-73.09554,43.96312],[-73.09555,43.96424],[-73.09618,43.96462],[-73.09654,43.96517],[-73.09651,43.96697],[-73.09717,43.9671],[-73.09775,43.96741],[-73.09816,43.96795],[-73.09822,43.96858],[-73.0988,43.96889],[-73.10072,43.96901],[-73.10175,43.96857],[-73.1033,43.9684],[-73.10456,43.96876],[-73.10522,43.96955],[-73.10699,43.96969],[-73.10738,43.96968],[-73.10874,43.96903],[-73.1095,43.96886],[-73.11045,43.9688],[-73.11236,43.96903],[-73.11306,43.96876],[-73.11428,43.9686]]]}},{"type":"Feature","properties":{"PWSID":"VT0005039","PWS_Name":"HARDWICK TOWN WATER SYSTEM","Pop_Cat_5":"501-3,300","Population_Served_Count":1900,"Service_Connections_Count":803,"Service_Area_Type":"Residential Area","Model_Method":"Random Forest","boundary_source":"EPA-modeled","is_community":true,"Area_SqKM":4.003218273092563,"Detailed_Facility_Report":"https://echo.epa.gov/detailed-facility-report?fid=VT0005039&sys=SDWIS"},"geometry":{"type":"Polygon","coordinates":[[[-72.38149,44.4857],[-72.38045,44.48708],[-72.37839,44.49089],[-72.37621,44.49329],[-72.37313,44.4954],[-72.37211,44.49668],[-72.37313,44.49708],[-72.37348,44.49707],[-72.37363,44.49719],[-72.37338,44.49745],[-72.37392,44.49751],[-72.37377,44.49779],[-72.37433,44.49805],[-72.37454,44.49794],[-72.37477,44.49816],[-72.37531,44.50612],[-72.3768,44.50864],[-72.37918,44.51433],[-72.38062,44.51492],[-72.38036,44.51536],[-72.37922,44.51578],[-72.37806,44.51663],[-72.37666,44.51602],[-72.37491,44.51554],[-72.37434,44.51518],[-72.37392,44.51467],[-72.37211,44.51496],[-72.37049,44.51437],[-72.36968,44.51369],[-72.3705,44.51296],[-72.37078,44.51246],[-72.37135,44.51034],[-72.37148,44.50859],[-72.36995,44.50655],[-72.36843,44.50732],[-72.36491,44.50589],[-72.3632,44.50705],[-72.36218,44.50842],[-72.35702,44.50654],[-72.35608,44.50589],[-72.35986,44.50537],[-72.36119,44.50484],[-72.36031,44.50438],[-72.3599,44.50357],[-72.35917,44.50364],[-72.35726,44.50329],[-72.35274,44.50191],[-72.35053,44.50179],[-72.34869,44.50132],[-72.3481,44.50093],[-72.34791,44.50037],[-72.3483,44.4995],[-72.34824,44.49901],[-72.34865,44.49876],[-72.34913,44.498],[-72.35125,44.49693],[-72.35191,44.49594],[-72.35041,44.4942],[-72.35048,44.49296],[-72.35249,44.49411],[-72.35579,44.49517],[-72.35632,44.49556],[-72.35699,44.49647],[-72.35817,44.49405],[-72.35819,44.4935],[-72.36346,44.49081],[-72.36443,44.48961],[-72.36519,44.48958],[-72.36577,44.48938],[-72.36672,44.49032],[-72.36717,44.48995],[-72.3688,44.48917],[-72.37108,44.48894],[-72.37285,44.48551],[-72.37307,44.48461],[-72.37479,44.48324],[-72.38112,44.48567],[-72.38149,44.4857]]]}},{"type":"Feature","properties":{"PWSID":"VT0020997","PWS_Name":"WAITSFIELD WATER SUPPLY","Pop_Cat_5":"<=500","Population_Served_Count":450,"Service_Connections_Count":229,"Service_Area_Type":"Residential Area","Model_Method":"","boundary_source":"Authoritative (VT/local)","is_community":true,"Area_SqKM":3.8885297641198413,"Detailed_Facility_Report":"https://echo.epa.gov/detailed-facility-report?fid=VT0020997&sys=SDWIS"},"geometry":{"type":"MultiPolygon","coordinates":[[[[-72.84159,44.17896],[-72.84263,44.17918],[-72.84374,44.18005],[-72.84388,44.18065],[-72.84363,44.18125],[-72.84413,44.18164],[-72.84438,44.18223],[-72.84414,44.18299],[-72.84331,44.18384],[-72.84258,44.18421],[-72.84223,44.18494],[-72.83635,44.19056],[-72.83568,44.19076],[-72.83494,44.19076],[-72.83305,44.19013],[-72.83206,44.1906],[-72.82935,44.19084],[-72.82874,44.19114],[-72.82779,44.19127],[-72.82715,44.19208],[-72.83146,44.19404],[-72.83198,44.19473],[-72.83188,44.19551],[-72.82788,44.20002],[-72.82726,44.20044],[-72.82657,44.20061],[-72.82583,44.20058],[-72.8244,44.19992],[-72.82364,44.20091],[-72.8224,44.20125],[-72.82146,44.20107],[-72.82024,44.20037],[-72.82012,44.20107],[-72.81944,44.20168],[-72.82021,44.20217],[-72.82057,44.20262],[-72.82129,44.20294],[-72.82172,44.20339],[-72.82183,44.20417],[-72.82137,44.20494],[-72.8219,44.2057],[-72.82199,44.20631],[-72.8217,44.20687],[-72.82076,44.20772],[-72.81984,44.20795],[-72.81878,44.20777],[-72.81279,44.20463],[-72.81211,44.2039],[-72.8112,44.20377],[-72.81022,44.20324],[-72.80968,44.20246],[-72.80991,44.20161],[-72.81097,44.20091],[-72.81487,44.20025],[-72.8149,44.19947],[-72.81544,44.19889],[-72.81683,44.1984],[-72.81779,44.19836],[-72.81788,44.19777],[-72.8186,44.1967],[-72.81703,44.19595],[-72.81667,44.19549],[-72.81657,44.19497],[-72.81721,44.19369],[-72.81798,44.1927],[-72.81822,44.19198],[-72.81922,44.19094],[-72.81984,44.19061],[-72.82045,44.18966],[-72.82059,44.1891],[-72.821,44.18867],[-72.8216,44.18837],[-72.82233,44.18827],[-72.8227,44.18759],[-72.82347,44.18716],[-72.82419,44.18705],[-72.82613,44.18714],[-72.82818,44.18459],[-72.82927,44.18388],[-72.83078,44.18326],[-72.83152,44.18238],[-72.83193,44.18124],[-72.832,44.18023],[-72.83156,44.17939],[-72.83169,44.17879],[-72.83249,44.17813],[-72.83373,44.17789],[-72.83385,44.17722],[-72.83479,44.17598],[-72.83551,44.17565],[-72.83659,44.17552],[-72.83809,44.17479],[-72.83881,44.17472],[-72.83963,44.1749],[-72.84039,44.1754],[-72.84079,44.17617],[-72.84068,44.17693],[-72.83998,44.17807],[-72.84004,44.17909],[-72.84032,44.17925],[-72.84159,44.17896]]],[[[-72.80079,44.19929],[-72.80162,44.19943],[-72.80253,44.19998],[-72.80398,44.2004],[-72.80448,44.2009],[-72.80486,44.20182],[-72.80684,44.20215],[-72.80761,44.20258],[-72.80794,44.20305],[-72.80799,44.20357],[-72.80764,44.20441],[-72.8071,44.20489],[-72.80645,44.20512],[-72.80552,44.20517],[-72.8045,44.20564],[-72.80353,44.20564],[-72.80187,44.20491],[-72.8014,44.204],[-72.80052,44.20386],[-72.79986,44.20348],[-72.79951,44.20292],[-72.79952,44.20233],[-72.799,44.20164],[-72.79894,44.20047],[-72.79956,44.19963],[-72.80079,44.19929]]],[[[-72.79445,44.20094],[-72.79592,44.20117],[-72.79656,44.20143],[-72.79765,44.20244],[-72.79795,44.2032],[-72.79779,44.20392],[-72.79743,44.20438],[-72.79586,44.20538],[-72.79494,44.20561],[-72.79328,44.20528],[-72.79229,44.20482],[-72.79133,44.20388],[-72.79108,44.2033],[-72.79121,44.20207],[-72.79169,44.20146],[-72.79259,44.20109],[-72.79445,44.20094]]]]}},{"type":"Feature","properties":{"PWSID":"VT0005005","PWS_Name":"STARKSBORO VILLAGE WATER COOP","Pop_Cat_5":"<=500","Population_Served_Count":350,"Service_Connections_Count":57,"Service_Area_Type":"Residential Area","Model_Method":"","boundary_source":"Authoritative (VT/local)","is_community":true,"Area_SqKM":3.8797024125134145,"Detailed_Facility_Report":"https://echo.epa.gov/detailed-facility-report?fid=VT0005005&sys=SDWIS"},"geometry":{"type":"Polygon","coordinates":[[[-73.07851,44.22077],[-73.07976,44.2211],[-73.08037,44.22185],[-73.08185,44.22938],[-73.08176,44.22991],[-73.08132,44.23043],[-73.08036,44.2308],[-73.07322,44.23165],[-73.07332,44.23242],[-73.07314,44.23293],[-73.0726,44.23341],[-73.07195,44.23365],[-73.05914,44.23496],[-73.05884,44.23586],[-73.05777,44.23642],[-73.05545,44.23644],[-73.0547,44.23616],[-73.05425,44.23574],[-73.05391,44.23431],[-73.05433,44.23368],[-73.05512,44.23329],[-73.05509,44.23254],[-73.05469,44.23206],[-73.05458,44.23146],[-73.05317,44.23024],[-73.05274,44.22863],[-73.05215,44.22815],[-73.05175,44.22748],[-73.05044,44.22789],[-73.04583,44.22807],[-73.04471,44.22775],[-73.04413,44.22708],[-73.04352,44.22428],[-73.04398,44.22339],[-73.04514,44.22293],[-73.05365,44.22234],[-73.0533,44.2211],[-73.05354,44.22051],[-73.05416,44.22004],[-73.05395,44.21817],[-73.05443,44.21756],[-73.05527,44.21721],[-73.05738,44.21712],[-73.05813,44.2174],[-73.05889,44.21806],[-73.05984,44.21811],[-73.06037,44.21754],[-73.06112,44.21725],[-73.06278,44.21704],[-73.06383,44.21726],[-73.06447,44.21778],[-73.06469,44.21865],[-73.06588,44.22033],[-73.06596,44.22104],[-73.06568,44.22162],[-73.06579,44.22186],[-73.07851,44.22077]]]}},{"type":"Feature","properties":{"PWSID":"VT0005573","PWS_Name":"SPRING LAKE RANCH INC","Pop_Cat_5":"<=500","Population_Served_Count":70,"Service_Connections_Count":15,"Service_Area_Type":"Institution","Model_Method":"","boundary_source":"Authoritative (VT/local)","is_community":false,"Area_SqKM":3.8702246125240203,"Detailed_Facility_Report":"https://echo.epa.gov/detailed-facility-report?fid=VT0005573&sys=SDWIS"},"geometry":{"type":"Polygon","coordinates":[[[-72.92127,43.4766],[-72.92549,43.47677],[-72.92629,43.47716],[-72.92674,43.47787],[-72.92669,43.48472],[-72.92612,43.4889],[-72.92583,43.48948],[-72.92423,43.491],[-72.92434,43.49238],[-72.9241,43.49296],[-72.92332,43.4935],[-72.92231,43.49364],[-72.92059,43.49476],[-72.91883,43.49572],[-72.91817,43.49592],[-72.91789,43.49645],[-72.9163,43.49806],[-72.91554,43.49849],[-72.90577,43.49892],[-72.90476,43.49875],[-72.90414,43.49833],[-72.90386,43.49785],[-72.90365,43.49637],[-72.90376,43.49527],[-72.90318,43.49495],[-72.90187,43.49369],[-72.90148,43.49252],[-72.90172,43.49194],[-72.90229,43.49149],[-72.90308,43.49127],[-72.90402,43.49128],[-72.90389,43.48947],[-72.90434,43.48867],[-72.90526,43.48825],[-72.9068,43.48812],[-72.90685,43.48468],[-72.90597,43.48464],[-72.90532,43.48441],[-72.90478,43.48394],[-72.90458,43.48335],[-72.90641,43.47878],[-72.90637,43.4781],[-72.9066,43.4776],[-72.90727,43.4771],[-72.90808,43.47692],[-72.92127,43.4766]]]}},{"type":"Feature","properties":{"PWSID":"VT0005190","PWS_Name":"ORLEANS WATER SYSTEM","Pop_Cat_5":"501-3,300","Population_Served_Count":846,"Service_Connections_Count":340,"Service_Area_Type":"Residential Area","Model_Method":"","boundary_source":"Authoritative (VT/local)","is_community":true,"Area_SqKM":3.859010749307024,"Detailed_Facility_Report":"https://echo.epa.gov/detailed-facility-report?fid=VT0005190&sys=SDWIS"},"geometry":{"type":"MultiPolygon","coordinates":[[[[-72.21229,44.80362],[-72.21313,44.80376],[-72.21372,44.80409],[-72.21412,44.80463],[-72.21417,44.80515],[-72.2136,44.80655],[-72.21318,44.80699],[-72.21233,44.80733],[-72.21074,44.80745],[-72.21157,44.80786],[-72.21207,44.80835],[-72.21233,44.80887],[-72.21238,44.80964],[-72.21169,44.81125],[-72.21023,44.81217],[-72.21045,44.8129],[-72.21007,44.81468],[-72.20955,44.81539],[-72.20888,44.81578],[-72.20816,44.81591],[-72.20654,44.81592],[-72.20635,44.81654],[-72.20541,44.81788],[-72.20449,44.81845],[-72.20352,44.81854],[-72.20252,44.81821],[-72.20185,44.81767],[-72.20029,44.81569],[-72.19986,44.81621],[-72.19915,44.81656],[-72.19695,44.81663],[-72.19219,44.81525],[-72.19134,44.81549],[-72.19048,44.81543],[-72.1887,44.81455],[-72.18793,44.81496],[-72.18706,44.81506],[-72.18672,44.81564],[-72.18619,44.81601],[-72.18489,44.81623],[-72.18038,44.81465],[-72.17958,44.814],[-72.17876,44.80899],[-72.17886,44.80847],[-72.17923,44.80801],[-72.18017,44.8076],[-72.18127,44.80763],[-72.18638,44.80975],[-72.18569,44.80891],[-72.18456,44.8066],[-72.18455,44.80587],[-72.18491,44.80531],[-72.18558,44.80492],[-72.18642,44.80479],[-72.18736,44.80497],[-72.18837,44.80564],[-72.18951,44.80531],[-72.19155,44.80561],[-72.19271,44.80538],[-72.19264,44.80464],[-72.19307,44.80401],[-72.19366,44.80369],[-72.19552,44.80313],[-72.19537,44.80162],[-72.19577,44.80108],[-72.19648,44.80073],[-72.19781,44.8007],[-72.19982,44.80149],[-72.20034,44.80092],[-72.20093,44.8006],[-72.20189,44.80047],[-72.20291,44.80073],[-72.20403,44.79966],[-72.20471,44.79946],[-72.20557,44.79948],[-72.20972,44.80117],[-72.21033,44.80158],[-72.21063,44.80251],[-72.20976,44.80379],[-72.20984,44.80401],[-72.21229,44.80362]]],[[[-72.17745,44.74701],[-72.1785,44.7472],[-72.17925,44.74777],[-72.17943,44.74866],[-72.17897,44.74937],[-72.17827,44.74973],[-72.17745,44.74984],[-72.17672,44.74977],[-72.17614,44.74954],[-72.17527,44.74962],[-72.17456,44.74948],[-72.17397,44.74916],[-72.17357,44.74862],[-72.17349,44.7478],[-72.17382,44.7472],[-72.17319,44.74683],[-72.17282,44.74637],[-72.17273,44.74585],[-72.17292,44.74534],[-72.17357,44.74471],[-72.17419,44.74442],[-72.17504,44.74433],[-72.17602,44.74448],[-72.17675,44.74495],[-72.17705,44.74552],[-72.17697,44.74613],[-72.17648,44.74677],[-72.17704,44.74704],[-72.17745,44.74701]]]]}},{"type":"Feature","properties":{"PWSID":"VT0005096","PWS_Name":"JERICHO UNDERHILL WATER","Pop_Cat_5":"501-3,300","Population_Served_Count":825,"Service_Connections_Count":310,"Service_Area_Type":"Residential Area","Model_Method":"","boundary_source":"Authoritative (VT/local)","is_community":true,"Area_SqKM":3.807334284393449,"Detailed_Facility_Report":"https://echo.epa.gov/detailed-facility-report?fid=VT0005096&sys=SDWIS"},"geometry":{"type":"Polygon","coordinates":[[[-72.95653,44.51404],[-72.95747,44.51422],[-72.95912,44.51512],[-72.95952,44.51566],[-72.95962,44.51659],[-72.96049,44.51689],[-72.96103,44.51747],[-72.9611,44.51816],[-72.96012,44.52087],[-72.95972,44.52131],[-72.95911,44.52161],[-72.95839,44.52171],[-72.95764,44.52161],[-72.95712,44.52214],[-72.95587,44.52271],[-72.95448,44.52276],[-72.95346,44.52229],[-72.95248,44.52319],[-72.95362,44.52393],[-72.95387,44.52479],[-72.95364,44.52528],[-72.95146,44.52793],[-72.95055,44.52845],[-72.95052,44.53002],[-72.95013,44.53069],[-72.95056,44.53137],[-72.95046,44.53233],[-72.95,44.53289],[-72.94943,44.53322],[-72.94809,44.53339],[-72.94762,44.53359],[-72.94808,44.53423],[-72.9482,44.53558],[-72.94916,44.53601],[-72.94962,44.53653],[-72.94958,44.53748],[-72.94918,44.53792],[-72.94857,44.53821],[-72.94611,44.53858],[-72.9457,44.53915],[-72.94493,44.53953],[-72.94474,44.54033],[-72.9441,44.54086],[-72.9433,44.54108],[-72.94233,44.54099],[-72.93542,44.53837],[-72.93483,44.53793],[-72.93458,44.53734],[-72.93476,44.53666],[-72.9367,44.53427],[-72.93741,44.53381],[-72.93814,44.53283],[-72.93929,44.53238],[-72.93958,44.53198],[-72.9392,44.53133],[-72.93943,44.53047],[-72.93902,44.52961],[-72.93908,44.52887],[-72.93974,44.52801],[-72.94124,44.52712],[-72.94023,44.52719],[-72.93924,44.52692],[-72.93715,44.52718],[-72.93655,44.52802],[-72.93589,44.52841],[-72.93404,44.52874],[-72.93297,44.52856],[-72.93191,44.52793],[-72.9315,44.52739],[-72.93147,44.52677],[-72.9318,44.52621],[-72.93156,44.52536],[-72.93191,44.52453],[-72.93125,44.5243],[-72.9307,44.52383],[-72.9305,44.52323],[-72.93064,44.52271],[-72.93139,44.52166],[-72.93212,44.5212],[-72.93308,44.52106],[-72.93437,44.52128],[-72.93488,44.52074],[-72.93519,44.51978],[-72.93614,44.51925],[-72.93647,44.51872],[-72.93702,44.51837],[-72.93836,44.51795],[-72.9394,44.51796],[-72.94101,44.51734],[-72.94381,44.51714],[-72.94384,44.51618],[-72.94424,44.51574],[-72.94481,44.51545],[-72.94649,44.51515],[-72.94791,44.51559],[-72.94924,44.51439],[-72.94992,44.51419],[-72.95099,44.51413],[-72.95212,44.51445],[-72.95274,44.51526],[-72.95467,44.51577],[-72.95468,44.51514],[-72.95503,44.51458],[-72.95569,44.51419],[-72.95653,44.51404]]]}},{"type":"Feature","properties":{"PWSID":"VT0005305","PWS_Name":"WINHALL STRATTON F D 1","Pop_Cat_5":"3,301-10,000","Population_Served_Count":6200,"Service_Connections_Count":2267,"Service_Area_Type":"Residential Area","Model_Method":"Random Forest","boundary_source":"EPA-modeled","is_community":true,"Area_SqKM":3.800351420330008,"Detailed_Facility_Report":"https://echo.epa.gov/detailed-facility-report?fid=VT0005305&sys=SDWIS"},"geometry":{"type":"Polygon","coordinates":[[[-72.92239,43.11181],[-72.9221,43.11621],[-72.92117,43.1172],[-72.92089,43.11725],[-72.92029,43.1171],[-72.92017,43.11571],[-72.90464,43.11483],[-72.90344,43.11565],[-72.90242,43.11577],[-72.90137,43.1155],[-72.90066,43.1146],[-72.89637,43.11436],[-72.877,43.1139],[-72.87654,43.11252],[-72.87521,43.11022],[-72.87424,43.10915],[-72.87332,43.10744],[-72.87437,43.1075],[-72.87565,43.10731],[-72.87762,43.10611],[-72.87919,43.1054],[-72.88395,43.10433],[-72.88553,43.10453],[-72.88696,43.10529],[-72.88779,43.10551],[-72.88796,43.10405],[-72.88782,43.10331],[-72.88482,43.10002],[-72.8851,43.09973],[-72.88567,43.09782],[-72.88811,43.0979],[-72.88809,43.09844],[-72.88824,43.0986],[-72.89131,43.10049],[-72.89429,43.10285],[-72.89485,43.10347],[-72.9,43.10418],[-72.90025,43.10598],[-72.90144,43.10615],[-72.90675,43.108],[-72.9106,43.10845],[-72.91319,43.10834],[-72.91474,43.10813],[-72.91574,43.1076],[-72.91623,43.10752],[-72.91564,43.1093],[-72.91726,43.11121],[-72.92199,43.11141],[-72.92239,43.11181]]]}},{"type":"Feature","properties":{"PWSID":"VT0005111","PWS_Name":"GUILDHALL WATER SYSTEM","Pop_Cat_5":"<=500","Population_Served_Count":136,"Service_Connections_Count":53,"Service_Area_Type":"Residential Area","Model_Method":"","boundary_source":"Authoritative (VT/local)","is_community":true,"Area_SqKM":3.7956842948137424,"Detailed_Facility_Report":"https://echo.epa.gov/detailed-facility-report?fid=VT0005111&sys=SDWIS"},"geometry":{"type":"Polygon","coordinates":[[[-71.5972,44.56149],[-71.59821,44.56163],[-71.60026,44.56225],[-71.60085,44.56301],[-71.60073,44.56379],[-71.60346,44.56519],[-71.60405,44.56595],[-71.60404,44.56648],[-71.60375,44.56696],[-71.59972,44.57079],[-71.59875,44.57115],[-71.59777,44.5711],[-71.59476,44.56953],[-71.59358,44.57037],[-71.59348,44.57119],[-71.59234,44.57227],[-71.59152,44.57265],[-71.59067,44.57271],[-71.58959,44.57231],[-71.58896,44.57149],[-71.58897,44.57062],[-71.58975,44.56982],[-71.58908,44.56926],[-71.5882,44.56972],[-71.58724,44.56985],[-71.58604,44.56945],[-71.58546,44.56852],[-71.58271,44.56886],[-71.58215,44.5692],[-71.58132,44.56938],[-71.58006,44.57048],[-71.58057,44.57125],[-71.58032,44.57209],[-71.57458,44.57772],[-71.57399,44.57812],[-71.57262,44.57963],[-71.57172,44.58008],[-71.57087,44.58014],[-71.57007,44.57991],[-71.56564,44.57753],[-71.56502,44.57669],[-71.56527,44.57584],[-71.56995,44.57104],[-71.5659,44.56881],[-71.56442,44.56871],[-71.56365,44.5684],[-71.56283,44.56857],[-71.56193,44.56849],[-71.55998,44.57081],[-71.55908,44.57126],[-71.55823,44.57131],[-71.55753,44.57114],[-71.55685,44.57069],[-71.55649,44.57023],[-71.55641,44.56962],[-71.55674,44.56882],[-71.55749,44.56811],[-71.55745,44.56728],[-71.55671,44.56534],[-71.55684,44.56449],[-71.55818,44.56335],[-71.55944,44.56308],[-71.56006,44.5626],[-71.56186,44.56192],[-71.5682,44.56141],[-71.57001,44.56149],[-71.57196,44.56192],[-71.57624,44.5638],[-71.57759,44.56388],[-71.57986,44.56351],[-71.58242,44.5635],[-71.58351,44.56389],[-71.58403,44.56469],[-71.58463,44.56431],[-71.58546,44.56413],[-71.58754,44.56452],[-71.58962,44.56451],[-71.59109,44.56386],[-71.59214,44.56314],[-71.59317,44.56187],[-71.5938,44.56146],[-71.595,44.5613],[-71.59613,44.56172],[-71.5972,44.56149]]]}},{"type":"Feature","properties":{"PWSID":"VT0005020","PWS_Name":"DORSET FIRE DISTRICT 1","Pop_Cat_5":"501-3,300","Population_Served_Count":530,"Service_Connections_Count":215,"Service_Area_Type":"Residential Area","Model_Method":"","boundary_source":"Authoritative (VT/local)","is_community":true,"Area_SqKM":3.757855777358579,"Detailed_Facility_Report":"https://echo.epa.gov/detailed-facility-report?fid=VT0005020&sys=SDWIS"},"geometry":{"type":"Polygon","coordinates":[[[-73.10848,43.24555],[-73.1096,43.24582],[-73.11075,43.24713],[-73.11141,43.24713],[-73.11208,43.24733],[-73.11325,43.24797],[-73.11373,43.24857],[-73.11359,43.24968],[-73.11224,43.25073],[-73.11372,43.25231],[-73.11376,43.25292],[-73.1134,43.2535],[-73.11427,43.25376],[-73.1149,43.25438],[-73.11566,43.25471],[-73.1162,43.25557],[-73.1159,43.25641],[-73.11484,43.25709],[-73.11427,43.25863],[-73.1134,43.2592],[-73.11358,43.2605],[-73.11471,43.26161],[-73.11487,43.26247],[-73.11428,43.26322],[-73.1111,43.26492],[-73.11027,43.26502],[-73.10957,43.26489],[-73.10757,43.26417],[-73.10682,43.2635],[-73.10611,43.26403],[-73.10607,43.26477],[-73.10555,43.26535],[-73.1041,43.26587],[-73.10314,43.26592],[-73.10203,43.26542],[-73.10054,43.26352],[-73.10059,43.26282],[-73.10121,43.26212],[-73.101,43.26159],[-73.10109,43.26106],[-73.10187,43.26033],[-73.10109,43.25958],[-73.10026,43.25973],[-73.09945,43.2596],[-73.09887,43.25928],[-73.09805,43.25846],[-73.09381,43.25924],[-73.09298,43.25915],[-73.09224,43.25875],[-73.09161,43.2589],[-73.09089,43.25887],[-73.08927,43.25843],[-73.08777,43.25705],[-73.08702,43.25484],[-73.08763,43.254],[-73.0889,43.25365],[-73.08827,43.25301],[-73.08792,43.25167],[-73.08829,43.25094],[-73.08914,43.25044],[-73.08806,43.24821],[-73.08786,43.24672],[-73.08827,43.24609],[-73.0895,43.2454],[-73.08899,43.24448],[-73.08921,43.24363],[-73.09031,43.24293],[-73.09119,43.24271],[-73.09244,43.24298],[-73.09292,43.24337],[-73.09343,43.2442],[-73.09447,43.24461],[-73.09574,43.24444],[-73.09681,43.24482],[-73.09721,43.24526],[-73.09736,43.24577],[-73.09688,43.24727],[-73.098,43.24779],[-73.09899,43.24723],[-73.09992,43.24709],[-73.10111,43.24747],[-73.10406,43.248],[-73.10511,43.24746],[-73.10529,43.24687],[-73.10582,43.24639],[-73.10777,43.24565],[-73.10848,43.24555]]]}},{"type":"Feature","properties":{"PWSID":"VT0005227","PWS_Name":"POULTNEY WATER DEPT","Pop_Cat_5":"501-3,300","Population_Served_Count":2400,"Service_Connections_Count":498,"Service_Area_Type":"Residential Area","Model_Method":"","boundary_source":"Authoritative (VT/local)","is_community":true,"Area_SqKM":3.7015731764538393,"Detailed_Facility_Report":"https://echo.epa.gov/detailed-facility-report?fid=VT0005227&sys=SDWIS"},"geometry":{"type":"Polygon","coordinates":[[[-73.2387,43.50901],[-73.24031,43.509],[-73.24177,43.50952],[-73.24243,43.50878],[-73.24356,43.5085],[-73.24431,43.5086],[-73.24542,43.50909],[-73.24654,43.51003],[-73.24881,43.51307],[-73.24908,43.51468],[-73.24997,43.51558],[-73.25001,43.51679],[-73.24962,43.51734],[-73.24877,43.51778],[-73.24897,43.51868],[-73.24854,43.51939],[-73.2493,43.52065],[-73.24915,43.52183],[-73.24947,43.52275],[-73.24943,43.52327],[-73.24868,43.52405],[-73.24801,43.52426],[-73.2473,43.52428],[-73.24673,43.52499],[-73.24655,43.52567],[-73.24603,43.52616],[-73.24583,43.52732],[-73.24551,43.52779],[-73.24419,43.52883],[-73.24301,43.52914],[-73.24198,43.52892],[-73.24008,43.5278],[-73.23941,43.52789],[-73.2345,43.52784],[-73.23373,43.5277],[-73.233,43.52725],[-73.23268,43.52659],[-73.23323,43.52357],[-73.23224,43.52381],[-73.23086,43.5238],[-73.23009,43.52356],[-73.22901,43.52389],[-73.22602,43.52382],[-73.22568,43.5251],[-73.22473,43.52575],[-73.22402,43.52586],[-73.222,43.52575],[-73.22103,43.52548],[-73.22044,43.52493],[-73.2203,43.52432],[-73.22064,43.52281],[-73.22135,43.52212],[-73.22028,43.52111],[-73.22006,43.51989],[-73.22058,43.51911],[-73.22191,43.51853],[-73.22201,43.51692],[-73.22291,43.51558],[-73.22356,43.51519],[-73.22426,43.51505],[-73.22489,43.51435],[-73.22619,43.51378],[-73.22754,43.51369],[-73.22834,43.51335],[-73.22949,43.51318],[-73.23049,43.51261],[-73.23396,43.51143],[-73.23599,43.51137],[-73.23683,43.51104],[-73.2369,43.51011],[-73.23717,43.50962],[-73.23789,43.50915],[-73.2387,43.50901]]]}},{"type":"Feature","properties":{"PWSID":"VT0005177","PWS_Name":"RANDOLPH CENTER WATER SYSTEM","Pop_Cat_5":"501-3,300","Population_Served_Count":1138,"Service_Connections_Count":116,"Service_Area_Type":"Residential Area","Model_Method":"","boundary_source":"Authoritative (VT/local)","is_community":true,"Area_SqKM":3.631119226332541,"Detailed_Facility_Report":"https://echo.epa.gov/detailed-facility-report?fid=VT0005177&sys=SDWIS"},"geometry":{"type":"Polygon","coordinates":[[[-72.60183,43.93156],[-72.60254,43.93166],[-72.60315,43.93195],[-72.60355,43.93239],[-72.60378,43.93304],[-72.6061,43.93288],[-72.60694,43.93323],[-72.60739,43.93376],[-72.60824,43.93369],[-72.60909,43.93299],[-72.61038,43.93253],[-72.61146,43.9326],[-72.61324,43.93337],[-72.6189,43.93184],[-72.61974,43.93182],[-72.62042,43.93202],[-72.62115,43.93271],[-72.62212,43.93602],[-72.62302,43.94118],[-72.62264,43.94209],[-72.62152,43.94259],[-72.61355,43.94274],[-72.61378,43.94705],[-72.61347,43.9478],[-72.61296,43.94817],[-72.61228,43.94837],[-72.60987,43.94861],[-72.60887,43.94846],[-72.60914,43.95004],[-72.60876,43.95077],[-72.6049,43.95373],[-72.60399,43.95412],[-72.60299,43.95428],[-72.60193,43.95411],[-72.60114,43.95345],[-72.60029,43.94956],[-72.59916,43.94966],[-72.59833,43.94952],[-72.59767,43.94913],[-72.59732,43.94857],[-72.59665,43.94562],[-72.59684,43.94494],[-72.59728,43.94452],[-72.59791,43.94426],[-72.6002,43.94403],[-72.59963,43.94371],[-72.59926,43.94325],[-72.5989,43.94122],[-72.59564,43.9416],[-72.59427,43.94129],[-72.59345,43.94046],[-72.59275,43.93828],[-72.59294,43.93759],[-72.59358,43.93706],[-72.59425,43.93686],[-72.59598,43.93669],[-72.5955,43.93553],[-72.59562,43.93484],[-72.59642,43.93419],[-72.59794,43.93392],[-72.59795,43.93305],[-72.59843,43.93245],[-72.59915,43.93212],[-72.60183,43.93156]]]}},{"type":"Feature","properties":{"PWSID":"VT0006624","PWS_Name":"PUTNEY SCHOOL","Pop_Cat_5":"<=500","Population_Served_Count":310,"Service_Connections_Count":48,"Service_Area_Type":"School","Model_Method":"","boundary_source":"Authoritative (VT/local)","is_community":false,"Area_SqKM":3.6150240949782737,"Detailed_Facility_Report":"https://echo.epa.gov/detailed-facility-report?fid=VT0006624&sys=SDWIS"},"geometry":{"type":"Polygon","coordinates":[[[-72.55364,42.97482],[-72.55785,42.9749],[-72.55861,42.97515],[-72.55908,42.97555],[-72.55933,42.97613],[-72.55921,42.97751],[-72.55873,42.97812],[-72.55788,42.97847],[-72.55752,42.9796],[-72.56007,42.97957],[-72.56084,42.97974],[-72.56683,42.97996],[-72.56786,42.9804],[-72.56831,42.9812],[-72.56822,42.98172],[-72.56771,42.98257],[-72.56664,42.98406],[-72.56602,42.98449],[-72.56574,42.98614],[-72.56531,42.98677],[-72.56417,42.98722],[-72.5604,42.98715],[-72.56002,42.98809],[-72.559,42.98858],[-72.56111,42.98934],[-72.56234,42.99027],[-72.56253,42.99095],[-72.56218,42.992],[-72.56311,42.99237],[-72.56362,42.99306],[-72.56354,42.99527],[-72.56312,42.99589],[-72.56225,42.99633],[-72.56144,42.99647],[-72.56062,42.99637],[-72.56033,42.99796],[-72.55976,42.99862],[-72.55891,42.99893],[-72.55799,42.99889],[-72.5574,42.99965],[-72.55631,42.99998],[-72.55527,42.9998],[-72.55444,42.99923],[-72.55358,42.99829],[-72.55219,42.99582],[-72.55043,42.99464],[-72.5498,42.9946],[-72.54872,42.99427],[-72.54755,42.99365],[-72.54711,42.99323],[-72.54679,42.99209],[-72.54687,42.99148],[-72.54576,42.99109],[-72.54522,42.99023],[-72.54542,42.97931],[-72.54385,42.97915],[-72.54204,42.97854],[-72.54041,42.97749],[-72.53996,42.97669],[-72.54005,42.97617],[-72.54072,42.97514],[-72.54126,42.9748],[-72.54209,42.9746],[-72.54784,42.97478],[-72.54844,42.97507],[-72.54884,42.97551],[-72.54897,42.97662],[-72.55161,42.9766],[-72.5519,42.97574],[-72.55226,42.97528],[-72.55283,42.97496],[-72.55364,42.97482]]]}},{"type":"Feature","properties":{"PWSID":"VT0005114","PWS_Name":"BAKERSFIELD FIRE DISTRICT 1","Pop_Cat_5":"<=500","Population_Served_Count":446,"Service_Connections_Count":166,"Service_Area_Type":"Residential Area","Model_Method":"","boundary_source":"Authoritative (VT/local)","is_community":true,"Area_SqKM":3.6035906960525548,"Detailed_Facility_Report":"https://echo.epa.gov/detailed-facility-report?fid=VT0005114&sys=SDWIS"},"geometry":{"type":"Polygon","coordinates":[[[-72.79409,44.76416],[-72.7954,44.76435],[-72.79618,44.76478],[-72.79658,44.7656],[-72.79614,44.76712],[-72.79758,44.76729],[-72.79863,44.76353],[-72.799,44.76307],[-72.79958,44.76275],[-72.80029,44.76261],[-72.80584,44.7625],[-72.80694,44.76288],[-72.80748,44.76366],[-72.80725,44.76451],[-72.80317,44.76923],[-72.80437,44.76958],[-72.80498,44.77033],[-72.8044,44.77322],[-72.8037,44.77383],[-72.80237,44.77412],[-72.80168,44.77471],[-72.80064,44.77494],[-72.80048,44.77573],[-72.79997,44.7763],[-72.80001,44.77644],[-72.80162,44.7748],[-72.80345,44.77411],[-72.80455,44.77408],[-72.80633,44.77459],[-72.80704,44.7754],[-72.80704,44.77593],[-72.80677,44.77641],[-72.80758,44.77769],[-72.80823,44.77807],[-72.80856,44.77854],[-72.80838,44.78006],[-72.80899,44.78067],[-72.80906,44.78137],[-72.80814,44.78399],[-72.80773,44.78442],[-72.80704,44.78474],[-72.80714,44.78547],[-72.80694,44.78648],[-72.80586,44.78867],[-72.80534,44.78905],[-72.80463,44.78925],[-72.80341,44.7904],[-72.80166,44.79108],[-72.80025,44.79127],[-72.79971,44.792],[-72.79862,44.79239],[-72.79346,44.79176],[-72.79266,44.79111],[-72.79246,44.78991],[-72.7924,44.78811],[-72.79289,44.78738],[-72.79324,44.78603],[-72.79382,44.78542],[-72.79402,44.78472],[-72.7951,44.78389],[-72.7958,44.78372],[-72.79676,44.78377],[-72.79735,44.78338],[-72.79753,44.7825],[-72.79793,44.78184],[-72.79712,44.78171],[-72.79598,44.78113],[-72.79472,44.78076],[-72.79355,44.7809],[-72.79183,44.78082],[-72.79029,44.78003],[-72.78996,44.77956],[-72.78991,44.77896],[-72.79016,44.77692],[-72.79104,44.77366],[-72.78947,44.77241],[-72.78799,44.77231],[-72.7872,44.77205],[-72.78671,44.77166],[-72.78647,44.77116],[-72.78685,44.76931],[-72.78769,44.76857],[-72.78864,44.76839],[-72.79102,44.76883],[-72.79253,44.76866],[-72.7917,44.76735],[-72.79227,44.76517],[-72.79294,44.76444],[-72.79409,44.76416]]]}},{"type":"Feature","properties":{"PWSID":"VT0005269","PWS_Name":"MARSHFIELD WATER SYSTEM","Pop_Cat_5":"<=500","Population_Served_Count":350,"Service_Connections_Count":140,"Service_Area_Type":"Residential Area","Model_Method":"","boundary_source":"Authoritative (VT/local)","is_community":true,"Area_SqKM":3.5597080624507456,"Detailed_Facility_Report":"https://echo.epa.gov/detailed-facility-report?fid=VT0005269&sys=SDWIS"},"geometry":{"type":"MultiPolygon","coordinates":[[[[-72.33403,44.33723],[-72.33486,44.33737],[-72.33864,44.33879],[-72.33922,44.33924],[-72.33947,44.33991],[-72.33922,44.34059],[-72.33557,44.34493],[-72.33484,44.34539],[-72.33401,44.34553],[-72.33286,44.34525],[-72.33069,44.34377],[-72.32894,44.34203],[-72.32869,44.34135],[-72.32889,44.34075],[-72.32966,44.33992],[-72.33035,44.33956],[-72.33108,44.33946],[-72.33279,44.33757],[-72.33403,44.33723]]],[[[-72.35909,44.34722],[-72.36033,44.34756],[-72.36304,44.3493],[-72.36349,44.35001],[-72.36336,44.35071],[-72.36195,44.35256],[-72.36125,44.35291],[-72.35976,44.35322],[-72.35993,44.35409],[-72.35912,44.35534],[-72.3601,44.35573],[-72.36059,44.35613],[-72.36083,44.35671],[-72.36069,44.35732],[-72.35893,44.3587],[-72.35766,44.35897],[-72.35654,44.35864],[-72.35497,44.35717],[-72.35439,44.35813],[-72.35333,44.35914],[-72.3524,44.36037],[-72.35188,44.36075],[-72.3512,44.36095],[-72.35047,44.36095],[-72.34979,44.36074],[-72.34397,44.35751],[-72.34348,44.3569],[-72.3435,44.35616],[-72.34324,44.35543],[-72.34127,44.35461],[-72.34087,44.35407],[-72.34084,44.35349],[-72.34006,44.3533],[-72.33966,44.35376],[-72.33908,44.35408],[-72.33776,44.35417],[-72.33259,44.35242],[-72.33197,44.352],[-72.33169,44.35151],[-72.33179,44.35073],[-72.33273,44.34938],[-72.33322,44.34899],[-72.33424,44.34871],[-72.3362,44.34895],[-72.33657,44.34887],[-72.34243,44.34169],[-72.34295,44.34132],[-72.34363,44.34112],[-72.34483,44.34123],[-72.35594,44.34562],[-72.35642,44.34601],[-72.35667,44.3466],[-72.35622,44.34801],[-72.35693,44.34844],[-72.35795,44.3475],[-72.35909,44.34722]]]]}},{"type":"Feature","properties":{"PWSID":"VT0020934","PWS_Name":"PUTNEY WATER SYSTEM","Pop_Cat_5":"501-3,300","Population_Served_Count":1300,"Service_Connections_Count":88,"Service_Area_Type":"Residential Area","Model_Method":"","boundary_source":"Authoritative (VT/local)","is_community":true,"Area_SqKM":3.484176354389106,"Detailed_Facility_Report":"https://echo.epa.gov/detailed-facility-report?fid=VT0020934&sys=SDWIS"},"geometry":{"type":"Polygon","coordinates":[[[-72.52777,42.96171],[-72.52858,42.96185],[-72.52945,42.96236],[-72.52984,42.9629],[-72.52987,42.96351],[-72.52937,42.9642],[-72.52656,42.96593],[-72.52727,42.96674],[-72.52724,42.96835],[-72.52693,42.96888],[-72.52644,42.96925],[-72.52547,42.97083],[-72.52488,42.97129],[-72.52477,42.97154],[-72.52515,42.97236],[-72.52489,42.97314],[-72.52589,42.97334],[-72.5266,42.9738],[-72.5269,42.97473],[-72.52667,42.97523],[-72.5262,42.97563],[-72.52737,42.97614],[-72.52848,42.97626],[-72.52905,42.97658],[-72.52951,42.97732],[-72.52934,42.9781],[-72.52836,42.97877],[-72.52794,42.97926],[-72.52723,42.97959],[-72.52359,42.97968],[-72.52284,42.98011],[-72.52216,42.98028],[-72.52069,42.98008],[-72.52196,42.98148],[-72.52338,42.98244],[-72.52378,42.98288],[-72.52382,42.98383],[-72.5231,42.98452],[-72.52208,42.98475],[-72.51789,42.98461],[-72.51767,42.98603],[-72.51714,42.9865],[-72.51649,42.98674],[-72.51301,42.9867],[-72.51232,42.98657],[-72.51168,42.98618],[-72.51133,42.98562],[-72.51131,42.98408],[-72.51157,42.98348],[-72.50768,42.98348],[-72.50692,42.98323],[-72.50639,42.98275],[-72.50346,42.97508],[-72.50359,42.97414],[-72.50421,42.97361],[-72.505,42.97339],[-72.50963,42.9735],[-72.51001,42.97298],[-72.51069,42.97263],[-72.51043,42.972],[-72.51061,42.97131],[-72.51105,42.97089],[-72.51167,42.97063],[-72.51296,42.97066],[-72.51425,42.97135],[-72.51492,42.97119],[-72.51591,42.9712],[-72.51588,42.97052],[-72.51553,42.96964],[-72.51591,42.96873],[-72.51593,42.96791],[-72.51675,42.96718],[-72.51811,42.96693],[-72.51795,42.96646],[-72.51805,42.96594],[-72.51889,42.9652],[-72.51791,42.96389],[-72.51791,42.96336],[-72.51821,42.96267],[-72.51874,42.96219],[-72.52379,42.9594],[-72.52481,42.95917],[-72.52593,42.95945],[-72.52728,42.96084],[-72.52734,42.96175],[-72.52777,42.96171]]]}},{"type":"Feature","properties":{"PWSID":"VT0005277","PWS_Name":"PLAINFIELD WATER SYSTEM","Pop_Cat_5":"501-3,300","Population_Served_Count":985,"Service_Connections_Count":375,"Service_Area_Type":"Residential Area","Model_Method":"","boundary_source":"Authoritative (VT/local)","is_community":true,"Area_SqKM":3.476669647461914,"Detailed_Facility_Report":"https://echo.epa.gov/detailed-facility-report?fid=VT0005277&sys=SDWIS"},"geometry":{"type":"MultiPolygon","coordinates":[[[[-72.41764,44.27028],[-72.41847,44.27042],[-72.41924,44.27085],[-72.41967,44.27032],[-72.42022,44.26997],[-72.42104,44.2698],[-72.42177,44.26986],[-72.4235,44.2707],[-72.42476,44.27086],[-72.42582,44.27167],[-72.42925,44.27208],[-72.42993,44.27258],[-72.43018,44.27328],[-72.43118,44.27286],[-72.43334,44.27235],[-72.43522,44.27245],[-72.43641,44.273],[-72.43689,44.27357],[-72.43704,44.27421],[-72.43687,44.27488],[-72.43644,44.27538],[-72.43807,44.27647],[-72.4385,44.2771],[-72.43843,44.27779],[-72.43759,44.27895],[-72.43827,44.27988],[-72.43871,44.28142],[-72.43747,44.28392],[-72.43748,44.28483],[-72.43694,44.28541],[-72.43582,44.28574],[-72.43436,44.28557],[-72.43298,44.28504],[-72.43243,44.28456],[-72.43143,44.28447],[-72.42752,44.28298],[-72.42726,44.28458],[-72.42911,44.28538],[-72.42965,44.28625],[-72.42951,44.28685],[-72.42887,44.28768],[-72.42791,44.28821],[-72.42659,44.28818],[-72.42262,44.28664],[-72.42192,44.28707],[-72.42096,44.28721],[-72.41844,44.28647],[-72.41751,44.28749],[-72.41627,44.28783],[-72.41548,44.2877],[-72.41272,44.28666],[-72.41207,44.28592],[-72.41215,44.28505],[-72.41323,44.28395],[-72.41383,44.28359],[-72.41369,44.28299],[-72.41394,44.2824],[-72.41507,44.28129],[-72.41636,44.28058],[-72.41702,44.27933],[-72.41495,44.27854],[-72.41401,44.27783],[-72.41184,44.27694],[-72.41133,44.27625],[-72.41124,44.27496],[-72.41152,44.27447],[-72.41204,44.2741],[-72.41437,44.27338],[-72.41546,44.27341],[-72.41648,44.27401],[-72.41682,44.27399],[-72.41592,44.27308],[-72.41578,44.27146],[-72.4164,44.27062],[-72.41764,44.27028]]],[[[-72.43635,44.22837],[-72.43926,44.22914],[-72.43985,44.22969],[-72.43998,44.23039],[-72.43916,44.23183],[-72.4375,44.23392],[-72.43656,44.23461],[-72.43537,44.23478],[-72.43277,44.23383],[-72.43227,44.23333],[-72.43215,44.23264],[-72.43479,44.22896],[-72.43552,44.2285],[-72.43635,44.22837]]]]}},{"type":"Feature","properties":{"PWSID":"VT0005106","PWS_Name":"CANAAN FIRE DISTRICT 1","Pop_Cat_5":"501-3,300","Population_Served_Count":970,"Service_Connections_Count":286,"Service_Area_Type":"Residential Area","Model_Method":"","boundary_source":"Authoritative (VT/local)","is_community":true,"Area_SqKM":3.455890450478779,"Detailed_Facility_Report":"https://echo.epa.gov/detailed-facility-report?fid=VT0005106&sys=SDWIS"},"geometry":{"type":"MultiPolygon","coordinates":[[[[-71.542,44.98926],[-71.54284,44.98941],[-71.5435,44.9898],[-71.54469,44.99115],[-71.54582,44.99318],[-71.54661,44.99393],[-71.54677,44.99449],[-71.54664,44.99508],[-71.54563,44.99598],[-71.54579,44.99609],[-71.54659,44.99598],[-71.54745,44.99612],[-71.54805,44.99643],[-71.54849,44.9969],[-71.54857,44.99793],[-71.5476,44.99911],[-71.54808,44.99935],[-71.55007,44.9988],[-71.55128,44.99892],[-71.55186,44.99925],[-71.55288,45.00026],[-71.5531,45.00112],[-71.55282,45.00165],[-71.55105,45.00346],[-71.55026,45.0037],[-71.54917,45.00362],[-71.54807,45.00386],[-71.54676,45.00379],[-71.54606,45.00362],[-71.54379,45.00238],[-71.54345,45.00182],[-71.54347,45.00125],[-71.54248,45.00094],[-71.54176,45.00112],[-71.54254,45.0016],[-71.54316,45.00237],[-71.54335,45.00304],[-71.54412,45.00342],[-71.54451,45.00396],[-71.54455,45.00449],[-71.54431,45.00499],[-71.54381,45.00538],[-71.54312,45.00562],[-71.54396,45.00704],[-71.54458,45.00768],[-71.54559,45.00978],[-71.54575,45.01061],[-71.54547,45.01121],[-71.54603,45.01181],[-71.54609,45.01251],[-71.54505,45.01373],[-71.54414,45.01418],[-71.5379,45.01431],[-71.5372,45.01413],[-71.53666,45.01379],[-71.53339,45.01075],[-71.53309,45.00991],[-71.53349,45.00918],[-71.53873,45.00454],[-71.53829,45.00298],[-71.53922,45.00175],[-71.53838,45.0015],[-71.53731,45.00434],[-71.5366,45.00483],[-71.53565,45.005],[-71.5344,45.00466],[-71.53141,45.00227],[-71.52961,45.00302],[-71.52776,45.00298],[-71.52703,45.00279],[-71.5261,45.00311],[-71.52524,45.00317],[-71.52454,45.00299],[-71.52399,45.00264],[-71.52367,45.00216],[-71.52363,45.00164],[-71.52388,45.00114],[-71.52435,45.00076],[-71.52732,44.9995],[-71.53007,44.99795],[-71.53037,44.99726],[-71.53162,44.99582],[-71.53281,44.99537],[-71.53378,44.99466],[-71.53464,44.99444],[-71.53478,44.99378],[-71.53575,44.99264],[-71.53676,44.99232],[-71.538,44.99248],[-71.53764,44.99189],[-71.53768,44.99127],[-71.53884,44.99012],[-71.53946,44.98983],[-71.54049,44.98976],[-71.54116,44.98939],[-71.542,44.98926]]],[[[-71.64297,45.00538],[-71.64381,45.00553],[-71.64439,45.00585],[-71.64509,45.00718],[-71.64709,45.00713],[-71.64775,45.00737],[-71.64829,45.00785],[-71.6495,45.01222],[-71.64917,45.01296],[-71.64842,45.01342],[-71.6477,45.01355],[-71.64357,45.01362],[-71.64267,45.01335],[-71.64213,45.01287],[-71.64093,45.00888],[-71.63957,45.00771],[-71.63933,45.00694],[-71.63959,45.00636],[-71.64029,45.00587],[-71.64297,45.00538]]]]}},{"type":"Feature","properties":{"PWSID":"VT0005322","PWS_Name":"NORTH HARTLAND COOP WATER SYSTEM INC","Pop_Cat_5":"<=500","Population_Served_Count":262,"Service_Connections_Count":104,"Service_Area_Type":"Residential Area","Model_Method":"","boundary_source":"Authoritative (VT/local)","is_community":true,"Area_SqKM":3.4472918817555187,"Detailed_Facility_Report":"https://echo.epa.gov/detailed-facility-report?fid=VT0005322&sys=SDWIS"},"geometry":{"type":"Polygon","coordinates":[[[-72.36071,43.58685],[-72.36142,43.58696],[-72.3621,43.58732],[-72.36246,43.58777],[-72.36254,43.58838],[-72.36182,43.58956],[-72.36076,43.59043],[-72.35926,43.59206],[-72.35868,43.59243],[-72.35938,43.59284],[-72.35973,43.59339],[-72.35936,43.59526],[-72.3615,43.59534],[-72.36335,43.5956],[-72.364,43.59584],[-72.36447,43.59623],[-72.36472,43.59682],[-72.36458,43.59814],[-72.3652,43.59873],[-72.36539,43.59933],[-72.36454,43.60216],[-72.36403,43.60257],[-72.35952,43.60486],[-72.35868,43.60487],[-72.35504,43.60417],[-72.35462,43.60495],[-72.35479,43.6063],[-72.35428,43.60699],[-72.35333,43.60736],[-72.35058,43.60759],[-72.35128,43.60997],[-72.35097,43.61063],[-72.35025,43.61109],[-72.34906,43.6112],[-72.34271,43.60993],[-72.34203,43.60943],[-72.34079,43.60745],[-72.34077,43.60348],[-72.34113,43.60254],[-72.34163,43.60189],[-72.34212,43.60034],[-72.3428,43.59974],[-72.34268,43.59907],[-72.34304,43.598],[-72.34472,43.5958],[-72.34535,43.59532],[-72.3483,43.59413],[-72.3451,43.5918],[-72.34474,43.59079],[-72.34504,43.58969],[-72.3464,43.58862],[-72.34724,43.58771],[-72.34808,43.58736],[-72.35042,43.58721],[-72.35282,43.5877],[-72.3557,43.58787],[-72.3565,43.58814],[-72.36,43.58696],[-72.36071,43.58685]]]}},{"type":"Feature","properties":{"PWSID":"VT0005029","PWS_Name":"BARNET FIRE DISTRICT #2","Pop_Cat_5":"<=500","Population_Served_Count":205,"Service_Connections_Count":63,"Service_Area_Type":"Residential Area","Model_Method":"","boundary_source":"Authoritative (VT/local)","is_community":true,"Area_SqKM":3.436204692846266,"Detailed_Facility_Report":"https://echo.epa.gov/detailed-facility-report?fid=VT0005029&sys=SDWIS"},"geometry":{"type":"MultiPolygon","coordinates":[[[[-72.05758,44.2888],[-72.05952,44.28922],[-72.0608,44.2897],[-72.06137,44.29036],[-72.06137,44.29106],[-72.06055,44.29203],[-72.05952,44.2924],[-72.05815,44.2948],[-72.05886,44.29562],[-72.05864,44.29656],[-72.05725,44.29789],[-72.0569,44.29844],[-72.05606,44.29901],[-72.05516,44.29927],[-72.0541,44.29915],[-72.05422,44.3001],[-72.05351,44.30083],[-72.05449,44.30091],[-72.05505,44.3005],[-72.05647,44.29991],[-72.05721,44.29988],[-72.05822,44.30006],[-72.06084,44.29949],[-72.06169,44.29947],[-72.06265,44.29984],[-72.06313,44.30045],[-72.06324,44.30132],[-72.06272,44.30201],[-72.0609,44.30259],[-72.05997,44.30304],[-72.05911,44.30314],[-72.05815,44.3035],[-72.05568,44.30369],[-72.05497,44.30414],[-72.0537,44.30443],[-72.05246,44.3041],[-72.05127,44.30284],[-72.05122,44.30232],[-72.05146,44.30182],[-72.05264,44.3011],[-72.0507,44.30135],[-72.04961,44.30118],[-72.04892,44.30088],[-72.04778,44.30123],[-72.04527,44.30108],[-72.04393,44.30127],[-72.04192,44.30191],[-72.04108,44.3018],[-72.04047,44.30151],[-72.03845,44.29948],[-72.03842,44.29869],[-72.03891,44.29809],[-72.04197,44.2965],[-72.0427,44.29629],[-72.04511,44.29448],[-72.04608,44.29417],[-72.04783,44.29319],[-72.04877,44.29301],[-72.05038,44.29335],[-72.0513,44.29328],[-72.05292,44.29227],[-72.05218,44.29138],[-72.05212,44.29068],[-72.05241,44.29019],[-72.05372,44.28908],[-72.05562,44.28872],[-72.05685,44.28891],[-72.05758,44.2888]]],[[[-72.16289,44.29178],[-72.16413,44.29212],[-72.16473,44.29287],[-72.16473,44.2934],[-72.16429,44.29455],[-72.1643,44.29605],[-72.16406,44.29655],[-72.157,44.30138],[-72.15597,44.30165],[-72.15491,44.30147],[-72.15423,44.30097],[-72.15398,44.3003],[-72.15421,44.29934],[-72.15426,44.29737],[-72.15523,44.29409],[-72.15603,44.29355],[-72.16109,44.29197],[-72.16289,44.29178]]],[[[-72.11344,44.31598],[-72.11438,44.31617],[-72.11558,44.31699],[-72.11634,44.31728],[-72.11764,44.31826],[-72.11838,44.31914],[-72.11861,44.31964],[-72.11857,44.32015],[-72.11921,44.32054],[-72.11953,44.32101],[-72.11962,44.32167],[-72.12007,44.32254],[-72.12031,44.3243],[-72.12062,44.32513],[-72.12031,44.32606],[-72.11717,44.32897],[-72.11784,44.32946],[-72.11808,44.33004],[-72.11799,44.33057],[-72.11734,44.33167],[-72.1168,44.33214],[-72.1159,44.33241],[-72.11517,44.33237],[-72.11451,44.33213],[-72.11134,44.33021],[-72.11084,44.32971],[-72.11077,44.32885],[-72.11161,44.3279],[-72.1109,44.32721],[-72.11087,44.32643],[-72.11271,44.32441],[-72.11051,44.32247],[-72.10913,44.31963],[-72.10944,44.3187],[-72.11197,44.31648],[-72.1126,44.31612],[-72.11344,44.31598]]]]}},{"type":"Feature","properties":{"PWSID":"VT0005021","PWS_Name":"EAST DORSET FIRE DISTRICT 1","Pop_Cat_5":"<=500","Population_Served_Count":192,"Service_Connections_Count":80,"Service_Area_Type":"Residential Area","Model_Method":"","boundary_source":"Authoritative (VT/local)","is_community":true,"Area_SqKM":3.3395955308656857,"Detailed_Facility_Report":"https://echo.epa.gov/detailed-facility-report?fid=VT0005021&sys=SDWIS"},"geometry":{"type":"Polygon","coordinates":[[[-73.00653,43.22917],[-73.00735,43.2293],[-73.00863,43.22986],[-73.00936,43.22992],[-73.01001,43.23015],[-73.01127,43.23142],[-73.01191,43.23172],[-73.01236,43.23224],[-73.01225,43.23611],[-73.01144,43.23934],[-73.01163,43.23993],[-73.01146,43.24054],[-73.01077,43.24122],[-73.01044,43.24187],[-73.00973,43.24234],[-73.00891,43.24248],[-73.00674,43.24229],[-73.00645,43.24478],[-73.00592,43.24536],[-73.00512,43.24566],[-73.00414,43.25103],[-73.00372,43.25166],[-73.00281,43.25207],[-73.00106,43.25224],[-73.00079,43.25316],[-72.99991,43.25373],[-72.99741,43.2539],[-72.99474,43.25459],[-72.99378,43.25454],[-72.99277,43.25395],[-72.99252,43.25336],[-72.9926,43.25264],[-72.99198,43.25222],[-72.9917,43.2517],[-72.99092,43.25123],[-72.9906,43.25051],[-72.98883,43.25041],[-72.98788,43.24989],[-72.98757,43.24914],[-72.98782,43.24786],[-72.98838,43.2472],[-72.98923,43.24688],[-72.99322,43.24695],[-72.99327,43.24513],[-72.99384,43.24439],[-72.9917,43.24415],[-72.99105,43.24376],[-72.9907,43.24321],[-72.99076,43.24077],[-72.9913,43.23981],[-72.99199,43.23939],[-72.99301,43.23909],[-72.99404,43.23915],[-72.99618,43.23882],[-72.99699,43.23887],[-72.99719,43.23781],[-72.99786,43.2372],[-72.99877,43.23697],[-73.0007,43.23702],[-73.0004,43.23651],[-73.00018,43.23483],[-72.99443,43.23431],[-72.99383,43.23402],[-72.99342,43.23359],[-72.99337,43.23264],[-72.99429,43.23123],[-72.99523,43.2307],[-73.00001,43.22967],[-73.00492,43.22945],[-73.00653,43.22917]]]}},{"type":"Feature","properties":{"PWSID":"VT0005102","PWS_Name":"WINOOSKI WATER DEPT","Pop_Cat_5":"3,301-10,000","Population_Served_Count":8500,"Service_Connections_Count":1744,"Service_Area_Type":"Residential Area","Model_Method":"Random Forest","boundary_source":"EPA-modeled","is_community":true,"Area_SqKM":3.2988542962757212,"Detailed_Facility_Report":"https://echo.epa.gov/detailed-facility-report?fid=VT0005102&sys=SDWIS"},"geometry":{"type":"Polygon","coordinates":[[[-73.17377,44.48737],[-73.1742,44.48764],[-73.17483,44.48749],[-73.17793,44.48759],[-73.1781,44.48781],[-73.18035,44.48816],[-73.18082,44.48832],[-73.1816,44.48913],[-73.18298,44.48979],[-73.18657,44.48955],[-73.18652,44.48992],[-73.1871,44.48909],[-73.20097,44.49096],[-73.19605,44.4984],[-73.19697,44.49958],[-73.1964,44.50034],[-73.19523,44.50013],[-73.19452,44.50023],[-73.19321,44.5017],[-73.19483,44.50243],[-73.19203,44.50615],[-73.18239,44.5026],[-73.18267,44.50192],[-73.17176,44.4999],[-73.1705,44.50145],[-73.16808,44.50053],[-73.16862,44.49982],[-73.1663,44.4989],[-73.16732,44.49757],[-73.16785,44.49767],[-73.17109,44.4934],[-73.17171,44.49005],[-73.17304,44.49048],[-73.17344,44.4875],[-73.17377,44.48737]]]}},{"type":"Feature","properties":{"PWSID":"VT0020791","PWS_Name":"APPLEGATE APARTMENTS","Pop_Cat_5":"<=500","Population_Served_Count":273,"Service_Connections_Count":104,"Service_Area_Type":"Residential Area","Model_Method":"Random Forest","boundary_source":"EPA-modeled","is_community":true,"Area_SqKM":3.27510189529695,"Detailed_Facility_Report":"https://echo.epa.gov/detailed-facility-report?fid=VT0020791&sys=SDWIS"},"geometry":{"type":"MultiPolygon","coordinates":[[[[-73.20759,42.91438],[-73.20619,42.9145],[-73.2051,42.91486],[-73.20426,42.91545],[-73.20225,42.91734],[-73.19839,42.91901],[-73.19651,42.91902],[-73.19483,42.91835],[-73.1937,42.91811],[-73.19039,42.91799],[-73.19045,42.91733],[-73.18942,42.91678],[-73.18976,42.91647],[-73.19085,42.91617],[-73.19129,42.91526],[-73.19208,42.91503],[-73.19288,42.91454],[-73.19366,42.91337],[-73.19424,42.91155],[-73.19467,42.91109],[-73.19461,42.91021],[-73.19499,42.90885],[-73.19641,42.90844],[-73.19743,42.90737],[-73.20082,42.90546],[-73.20129,42.90485],[-73.20286,42.90562],[-73.20474,42.90597],[-73.21279,42.90548],[-73.21853,42.91468],[-73.21119,42.91436],[-73.20759,42.91438]]],[[[-73.22678,42.89245],[-73.22641,42.89572],[-73.22468,42.89692],[-73.22434,42.89752],[-73.2242,42.90299],[-73.22487,42.90504],[-73.22419,42.90481],[-73.22328,42.90526],[-73.22297,42.90523],[-73.22267,42.90489],[-73.2228,42.9049],[-73.22279,42.90451],[-73.22331,42.90409],[-73.22329,42.90358],[-73.22291,42.90301],[-73.22194,42.90224],[-73.22313,42.90212],[-73.22365,42.90174],[-73.22379,42.90072],[-73.22362,42.90024],[-73.22191,42.89885],[-73.22041,42.89793],[-73.21951,42.89768],[-73.21876,42.89798],[-73.21836,42.89775],[-73.21785,42.89729],[-73.2177,42.89629],[-73.2173,42.89587],[-73.21402,42.89557],[-73.21269,42.89525],[-73.21176,42.89527],[-73.20974,42.89563],[-73.20844,42.89552],[-73.20619,42.89451],[-73.20431,42.8943],[-73.20293,42.89348],[-73.20206,42.89324],[-73.20146,42.89173],[-73.20262,42.8927],[-73.20544,42.89312],[-73.20631,42.89089],[-73.20703,42.88989],[-73.20787,42.88933],[-73.20949,42.88894],[-73.2103,42.88845],[-73.21109,42.88964],[-73.21223,42.89073],[-73.21863,42.89085],[-73.21922,42.88926],[-73.22051,42.89012],[-73.22183,42.89074],[-73.2255,42.89124],[-73.22686,42.89227],[-73.22678,42.89245]]]]}},{"type":"Feature","properties":{"PWSID":"VT0005649","PWS_Name":"COLD BROOK FD BASE AREA","Pop_Cat_5":"501-3,300","Population_Served_Count":761,"Service_Connections_Count":37,"Service_Area_Type":"Recreation Area","Model_Method":"","boundary_source":"Authoritative (VT/local)","is_community":false,"Area_SqKM":3.160309640666648,"Detailed_Facility_Report":"https://echo.epa.gov/detailed-facility-report?fid=VT0005649&sys=SDWIS"},"geometry":{"type":"MultiPolygon","coordinates":[[[[-72.89451,42.8938],[-72.89543,42.89398],[-72.89604,42.8944],[-72.89651,42.89526],[-72.89654,42.89587],[-72.8962,42.89643],[-72.89529,42.89702],[-72.89461,42.8972],[-72.89353,42.89716],[-72.89256,42.89687],[-72.89202,42.89653],[-72.8917,42.89606],[-72.89167,42.89544],[-72.89196,42.89484],[-72.89243,42.89444],[-72.8938,42.89391],[-72.89451,42.8938]]],[[[-72.88757,42.91397],[-72.89171,42.91414],[-72.89259,42.91441],[-72.89307,42.9148],[-72.8933,42.9153],[-72.89337,42.91797],[-72.89578,42.91808],[-72.89646,42.91844],[-72.89686,42.91898],[-72.8983,42.91729],[-72.8979,42.91598],[-72.89802,42.91529],[-72.89859,42.91473],[-72.89947,42.91446],[-72.90019,42.91449],[-72.90083,42.91472],[-72.90568,42.91803],[-72.90614,42.91892],[-72.90586,42.92324],[-72.90594,42.927],[-72.90575,42.92759],[-72.90532,42.92801],[-72.90411,42.92835],[-72.8964,42.92806],[-72.89549,42.92784],[-72.89484,42.92728],[-72.89202,42.92734],[-72.89075,42.92689],[-72.88943,42.92721],[-72.88795,42.92706],[-72.88631,42.9265],[-72.8846,42.92512],[-72.88405,42.92447],[-72.88375,42.92353],[-72.88321,42.92267],[-72.88262,42.92315],[-72.88172,42.92338],[-72.87995,42.92329],[-72.87904,42.92288],[-72.87858,42.92199],[-72.87892,42.92037],[-72.87943,42.9198],[-72.88167,42.91849],[-72.88153,42.91788],[-72.88183,42.91722],[-72.88234,42.91684],[-72.883,42.91664],[-72.88573,42.91668],[-72.88574,42.91524],[-72.88593,42.91473],[-72.88655,42.9142],[-72.88757,42.91397]]],[[[-72.89294,42.89862],[-72.89376,42.89875],[-72.89577,42.89963],[-72.8963,42.90011],[-72.8965,42.9007],[-72.89528,42.90437],[-72.89487,42.90982],[-72.89422,42.91054],[-72.8931,42.91083],[-72.89205,42.91068],[-72.89142,42.91042],[-72.89099,42.91001],[-72.89079,42.90941],[-72.89092,42.90799],[-72.89078,42.9024],[-72.89115,42.90157],[-72.89113,42.8998],[-72.89174,42.89896],[-72.89294,42.89862]]]]}},{"type":"Feature","properties":{"PWSID":"VT0005194","PWS_Name":"CRAFTSBURY FIRE DISTRICT 2","Pop_Cat_5":"<=500","Population_Served_Count":420,"Service_Connections_Count":64,"Service_Area_Type":"Residential Area","Model_Method":"","boundary_source":"Authoritative (VT/local)","is_community":true,"Area_SqKM":3.0260506487713,"Detailed_Facility_Report":"https://echo.epa.gov/detailed-facility-report?fid=VT0005194&sys=SDWIS"},"geometry":{"type":"MultiPolygon","coordinates":[[[[-72.38694,44.64502],[-72.38777,44.64516],[-72.39323,44.64711],[-72.39424,44.64668],[-72.39546,44.64673],[-72.39737,44.64786],[-72.39785,44.64846],[-72.39862,44.65108],[-72.39852,44.6516],[-72.39784,44.65255],[-72.3971,44.65301],[-72.39626,44.65315],[-72.39554,44.65305],[-72.39406,44.6525],[-72.39333,44.65305],[-72.39238,44.65323],[-72.39166,44.65312],[-72.39009,44.65253],[-72.39037,44.65453],[-72.39005,44.65528],[-72.38879,44.65598],[-72.38806,44.65605],[-72.38709,44.65592],[-72.38574,44.65623],[-72.38573,44.65767],[-72.38528,44.65839],[-72.38423,44.65882],[-72.38248,44.65883],[-72.38266,44.6608],[-72.3823,44.66136],[-72.38164,44.66175],[-72.378,44.6622],[-72.37695,44.66193],[-72.37625,44.66138],[-72.37318,44.66276],[-72.37235,44.66294],[-72.37151,44.66284],[-72.36978,44.66219],[-72.36926,44.66181],[-72.36895,44.66124],[-72.36904,44.66063],[-72.36941,44.66017],[-72.3762,44.65706],[-72.37585,44.65657],[-72.37552,44.65506],[-72.37491,44.65395],[-72.37509,44.65253],[-72.37431,44.65147],[-72.37332,44.65087],[-72.37297,44.6497],[-72.37081,44.64881],[-72.37017,44.6484],[-72.3698,44.64795],[-72.36972,44.64732],[-72.37017,44.64512],[-72.37045,44.64464],[-72.3713,44.64414],[-72.37252,44.64408],[-72.37319,44.64369],[-72.37403,44.64355],[-72.37486,44.64369],[-72.37837,44.64502],[-72.37945,44.64456],[-72.38124,44.64461],[-72.38194,44.64496],[-72.38237,44.64559],[-72.38234,44.6462],[-72.38179,44.64703],[-72.38213,44.64789],[-72.3838,44.64711],[-72.38468,44.64653],[-72.38569,44.64535],[-72.38694,44.64502]]],[[[-72.42677,44.67196],[-72.42749,44.67206],[-72.43295,44.67389],[-72.43346,44.67452],[-72.43361,44.67503],[-72.43343,44.67595],[-72.43294,44.67653],[-72.4317,44.67695],[-72.43002,44.67682],[-72.42493,44.67499],[-72.42441,44.6743],[-72.42452,44.67352],[-72.42543,44.67235],[-72.42604,44.67206],[-72.42677,44.67196]]]]}},{"type":"Feature","properties":{"PWSID":"VT0005084","PWS_Name":"RICHMOND WATER DEPT","Pop_Cat_5":"501-3,300","Population_Served_Count":1048,"Service_Connections_Count":330,"Service_Area_Type":"Residential Area","Model_Method":"","boundary_source":"Authoritative (VT/local)","is_community":true,"Area_SqKM":3.010267009847789,"Detailed_Facility_Report":"https://echo.epa.gov/detailed-facility-report?fid=VT0005084&sys=SDWIS"},"geometry":{"type":"MultiPolygon","coordinates":[[[[-73.00353,44.39271],[-73.00594,44.39336],[-73.00647,44.39373],[-73.00675,44.39421],[-73.00651,44.39621],[-73.0048,44.39787],[-73.00736,44.39721],[-73.00881,44.39727],[-73.00959,44.39758],[-73.01004,44.39799],[-73.01024,44.3985],[-73.01012,44.39915],[-73.00964,44.39976],[-73.00869,44.40013],[-73.00582,44.40051],[-73.00511,44.40038],[-73.00447,44.40002],[-73.00374,44.40107],[-73.0028,44.40149],[-73.00373,44.40177],[-73.00616,44.40295],[-73.00659,44.40358],[-73.00649,44.40436],[-73.00398,44.40826],[-73.00278,44.40866],[-73.00127,44.40835],[-73.00064,44.40933],[-73.00054,44.41009],[-72.99958,44.41119],[-72.99897,44.41222],[-72.99884,44.41296],[-72.99829,44.41384],[-72.99772,44.41429],[-72.99671,44.4159],[-72.99575,44.41643],[-72.99466,44.41646],[-72.99357,44.41612],[-72.9928,44.41559],[-72.99174,44.41465],[-72.99044,44.41311],[-72.98854,44.4065],[-72.98787,44.40659],[-72.98715,44.40649],[-72.98654,44.4062],[-72.98608,44.40574],[-72.98588,44.40523],[-72.98597,44.40471],[-72.98685,44.40391],[-72.98532,44.40271],[-72.98508,44.40221],[-72.98513,44.40169],[-72.98588,44.40081],[-72.98673,44.40045],[-72.98758,44.40043],[-72.98836,44.40068],[-72.989,44.4005],[-72.98973,44.40049],[-72.99141,44.401],[-72.99212,44.40061],[-72.99459,44.39991],[-72.99306,44.39948],[-72.99108,44.39915],[-72.9903,44.39873],[-72.98967,44.39781],[-72.98955,44.39692],[-72.98974,44.39632],[-72.99038,44.39579],[-72.99105,44.39559],[-72.99408,44.39528],[-72.99536,44.39545],[-72.99621,44.39604],[-72.99806,44.39613],[-72.99909,44.39516],[-73.00034,44.39487],[-73.00139,44.39434],[-73.00184,44.39347],[-73.00229,44.39305],[-73.00353,44.39271]]],[[[-72.93986,44.38761],[-72.94081,44.38778],[-72.94153,44.38831],[-72.94298,44.38794],[-72.94422,44.38827],[-72.9453,44.38965],[-72.94527,44.39027],[-72.94487,44.39081],[-72.94232,44.39188],[-72.941,44.39172],[-72.93988,44.39187],[-72.93889,44.39155],[-72.93753,44.38975],[-72.93742,44.38897],[-72.93811,44.38816],[-72.93914,44.38771],[-72.93986,44.38761]]]]}},{"type":"Feature","properties":{"PWSID":"VT0005206","PWS_Name":"TROY WATER SYSTEM","Pop_Cat_5":"<=500","Population_Served_Count":315,"Service_Connections_Count":123,"Service_Area_Type":"Residential Area","Model_Method":"","boundary_source":"Authoritative (VT/local)","is_community":true,"Area_SqKM":2.9787582653134574,"Detailed_Facility_Report":"https://echo.epa.gov/detailed-facility-report?fid=VT0005206&sys=SDWIS"},"geometry":{"type":"Polygon","coordinates":[[[-72.41386,44.89533],[-72.41492,44.89556],[-72.41592,44.89627],[-72.41629,44.89673],[-72.41638,44.89734],[-72.41592,44.89805],[-72.41494,44.89877],[-72.4143,44.89903],[-72.41308,44.89903],[-72.41205,44.89848],[-72.41234,44.90268],[-72.41207,44.90338],[-72.41232,44.9041],[-72.41244,44.90426],[-72.41379,44.9039],[-72.41447,44.90386],[-72.41532,44.90398],[-72.41602,44.90433],[-72.41647,44.90505],[-72.41634,44.90646],[-72.41655,44.90672],[-72.41819,44.90694],[-72.4191,44.90764],[-72.41924,44.90824],[-72.41887,44.90956],[-72.41826,44.9103],[-72.41726,44.91062],[-72.41564,44.91041],[-72.41478,44.90995],[-72.41438,44.90942],[-72.41383,44.90989],[-72.41311,44.91014],[-72.41347,44.91433],[-72.41315,44.91508],[-72.41206,44.91563],[-72.40764,44.91605],[-72.40666,44.91568],[-72.40605,44.91486],[-72.40518,44.91506],[-72.40378,44.91498],[-72.40053,44.91406],[-72.39993,44.91331],[-72.39978,44.91116],[-72.39747,44.9114],[-72.39664,44.91119],[-72.39609,44.91084],[-72.39573,44.91028],[-72.39576,44.90967],[-72.39663,44.90856],[-72.39722,44.90816],[-72.39683,44.90744],[-72.39598,44.90718],[-72.39543,44.9067],[-72.39521,44.90573],[-72.39456,44.90489],[-72.39454,44.9041],[-72.39534,44.903],[-72.39667,44.90228],[-72.39709,44.90167],[-72.3977,44.90128],[-72.39851,44.90101],[-72.39932,44.90095],[-72.40049,44.90043],[-72.40176,44.90048],[-72.40245,44.89944],[-72.40213,44.89898],[-72.40208,44.89845],[-72.4031,44.89614],[-72.40366,44.89545],[-72.40456,44.89503],[-72.40588,44.89385],[-72.40862,44.89316],[-72.41019,44.89316],[-72.41121,44.89353],[-72.41181,44.89409],[-72.41199,44.8961],[-72.41291,44.89551],[-72.41386,44.89533]]]}},{"type":"Feature","properties":{"PWSID":"VT0005310","PWS_Name":"WILMINGTON WATER DIST","Pop_Cat_5":"501-3,300","Population_Served_Count":1400,"Service_Connections_Count":263,"Service_Area_Type":"Residential Area","Model_Method":"","boundary_source":"Authoritative (VT/local)","is_community":true,"Area_SqKM":2.8969902281352624,"Detailed_Facility_Report":"https://echo.epa.gov/detailed-facility-report?fid=VT0005310&sys=SDWIS"},"geometry":{"type":"Polygon","coordinates":[[[-72.87026,42.85954],[-72.87215,42.85961],[-72.87301,42.85991],[-72.87345,42.86033],[-72.87472,42.86261],[-72.878,42.86436],[-72.87892,42.86528],[-72.88004,42.86522],[-72.8809,42.86552],[-72.88133,42.86594],[-72.88155,42.86668],[-72.88212,42.86732],[-72.88284,42.86758],[-72.88365,42.8674],[-72.88533,42.86749],[-72.8863,42.86781],[-72.88679,42.86831],[-72.88706,42.86957],[-72.88757,42.8702],[-72.88754,42.87098],[-72.88678,42.8719],[-72.8859,42.87217],[-72.88471,42.872],[-72.88295,42.87234],[-72.8826,42.87295],[-72.88186,42.87346],[-72.88225,42.87389],[-72.88239,42.87441],[-72.88224,42.87666],[-72.88181,42.87737],[-72.88067,42.87783],[-72.87825,42.87767],[-72.87795,42.87858],[-72.87745,42.87895],[-72.87684,42.87915],[-72.87571,42.87922],[-72.87485,42.87891],[-72.87436,42.87842],[-72.87405,42.87751],[-72.87321,42.87716],[-72.87272,42.87652],[-72.87121,42.8766],[-72.87015,42.87622],[-72.86975,42.87579],[-72.86961,42.87534],[-72.86898,42.87496],[-72.86866,42.87449],[-72.86863,42.87387],[-72.86896,42.87314],[-72.86789,42.87317],[-72.86693,42.87279],[-72.86594,42.87288],[-72.86427,42.87359],[-72.86332,42.87359],[-72.8625,42.87324],[-72.86179,42.87246],[-72.85998,42.87204],[-72.85932,42.87132],[-72.85936,42.86906],[-72.85989,42.86848],[-72.86094,42.86808],[-72.8608,42.86769],[-72.8599,42.86711],[-72.85958,42.86621],[-72.85893,42.8655],[-72.85902,42.86459],[-72.85886,42.86394],[-72.85917,42.86328],[-72.86066,42.86246],[-72.86171,42.86233],[-72.86476,42.86288],[-72.86779,42.86402],[-72.86818,42.86378],[-72.86856,42.86038],[-72.86924,42.85977],[-72.87026,42.85954]]]}},{"type":"Feature","properties":{"PWSID":"VT0005204","PWS_Name":"NEWPORT CENTER WATER SYSTEM","Pop_Cat_5":"<=500","Population_Served_Count":330,"Service_Connections_Count":123,"Service_Area_Type":"Residential Area","Model_Method":"","boundary_source":"Authoritative (VT/local)","is_community":true,"Area_SqKM":2.8336232559447003,"Detailed_Facility_Report":"https://echo.epa.gov/detailed-facility-report?fid=VT0005204&sys=SDWIS"},"geometry":{"type":"MultiPolygon","coordinates":[[[[-72.29841,44.94371],[-72.29968,44.94337],[-72.30086,44.9436],[-72.30138,44.94397],[-72.30193,44.94473],[-72.30197,44.94525],[-72.30167,44.94582],[-72.30307,44.94525],[-72.30441,44.94535],[-72.30521,44.94589],[-72.30609,44.94729],[-72.3067,44.94671],[-72.30674,44.94598],[-72.3071,44.94542],[-72.308,44.94496],[-72.30937,44.94486],[-72.30995,44.94302],[-72.3104,44.9426],[-72.31117,44.94231],[-72.32359,44.94229],[-72.32477,44.94274],[-72.32524,44.94363],[-72.3239,44.94861],[-72.32312,44.94938],[-72.32219,44.9496],[-72.32085,44.94953],[-72.31244,44.94979],[-72.31178,44.95048],[-72.31098,44.95199],[-72.31103,44.95305],[-72.3106,44.95454],[-72.31005,44.95503],[-72.30919,44.95533],[-72.30836,44.95591],[-72.30729,44.95614],[-72.30607,44.95583],[-72.30351,44.95588],[-72.30246,44.95552],[-72.30149,44.95561],[-72.29964,44.95526],[-72.29885,44.95568],[-72.29862,44.95626],[-72.29817,44.95668],[-72.29752,44.95694],[-72.29679,44.95701],[-72.29586,44.95678],[-72.295,44.95619],[-72.29324,44.95423],[-72.29308,44.95337],[-72.29366,44.95264],[-72.29324,44.9522],[-72.292,44.94986],[-72.29188,44.94929],[-72.29235,44.94849],[-72.29329,44.94808],[-72.29889,44.94797],[-72.2989,44.94729],[-72.29941,44.9466],[-72.29873,44.94647],[-72.29814,44.94615],[-72.29757,44.9455],[-72.29738,44.94499],[-72.29764,44.94423],[-72.29841,44.94371]]],[[[-72.29061,44.95647],[-72.29156,44.95665],[-72.29231,44.95722],[-72.29302,44.95855],[-72.29321,44.95964],[-72.29489,44.96297],[-72.29494,44.9635],[-72.2947,44.964],[-72.29421,44.96439],[-72.29354,44.96462],[-72.2913,44.96462],[-72.29021,44.96407],[-72.28803,44.95851],[-72.28803,44.95781],[-72.28844,44.95727],[-72.28977,44.9566],[-72.29061,44.95647]]]]}},{"type":"Feature","properties":{"PWSID":"VT0005469","PWS_Name":"SHAFTSBURY WATER SYSTEM","Pop_Cat_5":"501-3,300","Population_Served_Count":950,"Service_Connections_Count":300,"Service_Area_Type":"Residential Area","Model_Method":"","boundary_source":"Authoritative (VT/local)","is_community":true,"Area_SqKM":2.8087583666338563,"Detailed_Facility_Report":"https://echo.epa.gov/detailed-facility-report?fid=VT0005469&sys=SDWIS"},"geometry":{"type":"Polygon","coordinates":[[[-73.22475,42.94075],[-73.22597,42.94108],[-73.22699,42.94217],[-73.22702,42.94389],[-73.22653,42.94465],[-73.22659,42.94532],[-73.22626,42.94587],[-73.22684,42.94759],[-73.2276,42.94776],[-73.22822,42.94817],[-73.2289,42.94898],[-73.22903,42.94982],[-73.22957,42.95047],[-73.22957,42.95201],[-73.22882,42.95279],[-73.22793,42.95302],[-73.22573,42.953],[-73.22466,42.95331],[-73.22327,42.95323],[-73.22251,42.95299],[-73.2215,42.95199],[-73.22077,42.95083],[-73.22062,42.94978],[-73.22099,42.94877],[-73.22086,42.94828],[-73.22004,42.94904],[-73.21655,42.95024],[-73.21584,42.9506],[-73.21557,42.9518],[-73.2151,42.9522],[-73.21446,42.95243],[-73.21298,42.95239],[-73.21148,42.95198],[-73.21058,42.95202],[-73.20922,42.95165],[-73.20853,42.95105],[-73.208,42.94936],[-73.207,42.94963],[-73.2061,42.95011],[-73.20311,42.95241],[-73.20182,42.95252],[-73.20077,42.95197],[-73.20045,42.95113],[-73.20146,42.94792],[-73.20124,42.94708],[-73.20144,42.94572],[-73.20232,42.94502],[-73.20405,42.94472],[-73.20415,42.94397],[-73.20455,42.94342],[-73.20453,42.94268],[-73.2054,42.94064],[-73.2064,42.94003],[-73.20691,42.9393],[-73.20857,42.93838],[-73.20928,42.93768],[-73.2103,42.93745],[-73.21667,42.93753],[-73.21741,42.93781],[-73.21795,42.93839],[-73.21799,42.9402],[-73.21894,42.93984],[-73.2202,42.93986],[-73.22099,42.94024],[-73.22143,42.94092],[-73.22173,42.94106],[-73.22475,42.94075]]]}},{"type":"Feature","properties":{"PWSID":"VT0005289","PWS_Name":"WORCESTER FIRE DISTRICT 1","Pop_Cat_5":"<=500","Population_Served_Count":350,"Service_Connections_Count":70,"Service_Area_Type":"Residential Area","Model_Method":"","boundary_source":"Authoritative (VT/local)","is_community":true,"Area_SqKM":2.8013783024935304,"Detailed_Facility_Report":"https://echo.epa.gov/detailed-facility-report?fid=VT0005289&sys=SDWIS"},"geometry":{"type":"Polygon","coordinates":[[[-72.55148,44.36364],[-72.55228,44.36374],[-72.55296,44.364],[-72.5543,44.36402],[-72.55537,44.36373],[-72.5561,44.3638],[-72.55683,44.36413],[-72.55799,44.36517],[-72.55844,44.36476],[-72.55907,44.36449],[-72.5604,44.36452],[-72.56466,44.36655],[-72.56516,44.36705],[-72.5653,44.36766],[-72.56506,44.36823],[-72.56178,44.37228],[-72.56102,44.37257],[-72.56005,44.37257],[-72.55767,44.37155],[-72.55656,44.37311],[-72.55566,44.37362],[-72.55572,44.37385],[-72.5571,44.37451],[-72.5575,44.37504],[-72.55824,44.37522],[-72.5597,44.37597],[-72.56034,44.3766],[-72.56044,44.37713],[-72.56025,44.37764],[-72.5587,44.37907],[-72.56027,44.3798],[-72.56078,44.38049],[-72.56076,44.3811],[-72.55982,44.38333],[-72.55934,44.38373],[-72.5571,44.38487],[-72.55391,44.3855],[-72.55271,44.38532],[-72.5518,44.38589],[-72.55005,44.38618],[-72.54934,44.38604],[-72.54784,44.3854],[-72.54662,44.38447],[-72.54625,44.38393],[-72.54619,44.38329],[-72.54651,44.38239],[-72.54635,44.38192],[-72.54644,44.3814],[-72.54681,44.38095],[-72.54796,44.3802],[-72.54717,44.37807],[-72.54401,44.37703],[-72.5434,44.37649],[-72.5432,44.37579],[-72.54376,44.37409],[-72.54349,44.37286],[-72.54363,44.37225],[-72.54422,44.3717],[-72.54535,44.37136],[-72.54619,44.37088],[-72.54563,44.37045],[-72.54538,44.36986],[-72.54548,44.36934],[-72.54589,44.36878],[-72.54579,44.36818],[-72.54602,44.36755],[-72.54764,44.36625],[-72.54875,44.36564],[-72.54903,44.36487],[-72.54962,44.36423],[-72.55058,44.36378],[-72.55148,44.36364]]]}},{"type":"Feature","properties":{"PWSID":"VT0005241","PWS_Name":"CUTTINGSVILLE FIRE DISTRICT","Pop_Cat_5":"<=500","Population_Served_Count":108,"Service_Connections_Count":40,"Service_Area_Type":"Residential Area","Model_Method":"","boundary_source":"Authoritative (VT/local)","is_community":true,"Area_SqKM":2.773273213186855,"Detailed_Facility_Report":"https://echo.epa.gov/detailed-facility-report?fid=VT0005241&sys=SDWIS"},"geometry":{"type":"Polygon","coordinates":[[[-72.89312,43.47694],[-72.89404,43.47712],[-72.89478,43.47769],[-72.89497,43.4782],[-72.89506,43.48013],[-72.8961,43.48026],[-72.89689,43.4808],[-72.89719,43.4816],[-72.89731,43.48277],[-72.89796,43.48355],[-72.89796,43.48408],[-72.89762,43.48464],[-72.89697,43.48503],[-72.8961,43.48522],[-72.8962,43.48799],[-72.89596,43.48857],[-72.89539,43.48902],[-72.8946,43.48924],[-72.89064,43.48902],[-72.89063,43.49047],[-72.89031,43.49253],[-72.88963,43.49313],[-72.8884,43.49343],[-72.88857,43.49399],[-72.88843,43.4945],[-72.88793,43.49512],[-72.88736,43.49544],[-72.88606,43.49554],[-72.88395,43.4947],[-72.88271,43.49461],[-72.88196,43.49464],[-72.88137,43.49504],[-72.88035,43.49529],[-72.87963,43.49526],[-72.87882,43.49502],[-72.87821,43.49461],[-72.87789,43.49395],[-72.8781,43.49314],[-72.87862,43.49259],[-72.87862,43.49219],[-72.87717,43.49093],[-72.87642,43.48993],[-72.87592,43.48865],[-72.87546,43.4861],[-72.87564,43.48542],[-72.87628,43.48489],[-72.87601,43.48364],[-72.87608,43.48315],[-72.87575,43.48214],[-72.87582,43.48124],[-72.87628,43.48011],[-72.87707,43.47909],[-72.87778,43.47829],[-72.87873,43.47792],[-72.89312,43.47694]]]}},{"type":"Feature","properties":{"PWSID":"VT0005120","PWS_Name":"FRANKLIN WATER SYSTEM","Pop_Cat_5":"<=500","Population_Served_Count":400,"Service_Connections_Count":92,"Service_Area_Type":"Residential Area","Model_Method":"","boundary_source":"Authoritative (VT/local)","is_community":true,"Area_SqKM":2.768360824144515,"Detailed_Facility_Report":"https://echo.epa.gov/detailed-facility-report?fid=VT0005120&sys=SDWIS"},"geometry":{"type":"MultiPolygon","coordinates":[[[[-72.92787,44.96839],[-72.92967,44.96851],[-72.93065,44.96903],[-72.93093,44.96952],[-72.93112,44.97093],[-72.93076,44.97238],[-72.93181,44.97275],[-72.9326,44.9737],[-72.93359,44.97385],[-72.93495,44.97444],[-72.93554,44.97402],[-72.93582,44.97345],[-72.93641,44.973],[-72.93721,44.97278],[-72.93807,44.97284],[-72.94277,44.97461],[-72.94333,44.97548],[-72.94295,44.97639],[-72.94054,44.97762],[-72.93783,44.97875],[-72.93528,44.97944],[-72.93386,44.97955],[-72.92712,44.9792],[-72.92614,44.97983],[-72.92548,44.98007],[-72.92461,44.98009],[-72.92383,44.97984],[-72.9228,44.97903],[-72.92234,44.97837],[-72.92213,44.97759],[-72.9222,44.97693],[-72.92266,44.9764],[-72.92145,44.97191],[-72.92132,44.97089],[-72.92157,44.96978],[-72.92206,44.96918],[-72.92279,44.96885],[-72.92787,44.96839]]],[[[-72.91571,44.97289],[-72.91651,44.97299],[-72.91713,44.97328],[-72.91754,44.97372],[-72.91778,44.97439],[-72.91907,44.97446],[-72.92004,44.97498],[-72.92033,44.97547],[-72.92115,44.97866],[-72.92212,44.97924],[-72.92293,44.98067],[-72.92285,44.98128],[-72.92245,44.98176],[-72.92326,44.98382],[-72.92323,44.98483],[-72.92288,44.98533],[-72.92216,44.9858],[-72.92105,44.98612],[-72.92064,44.98664],[-72.92057,44.98734],[-72.92016,44.98788],[-72.91898,44.98833],[-72.91824,44.9883],[-72.91701,44.98796],[-72.91618,44.98728],[-72.91547,44.98721],[-72.91483,44.98695],[-72.91426,44.98634],[-72.91076,44.9865],[-72.91003,44.9864],[-72.90925,44.98598],[-72.90887,44.98534],[-72.90867,44.98407],[-72.90911,44.98222],[-72.90948,44.98176],[-72.91007,44.98144],[-72.91008,44.98097],[-72.91036,44.98048],[-72.91132,44.97995],[-72.91107,44.9792],[-72.91135,44.97858],[-72.91122,44.978],[-72.91146,44.97743],[-72.91047,44.97559],[-72.91055,44.97472],[-72.91146,44.97402],[-72.91396,44.97374],[-72.91466,44.97312],[-72.91571,44.97289]]]]}},{"type":"Feature","properties":{"PWSID":"VT0005117","PWS_Name":"FAIRFAX WATER DEPT","Pop_Cat_5":"501-3,300","Population_Served_Count":1550,"Service_Connections_Count":286,"Service_Area_Type":"Residential Area","Model_Method":"Random Forest","boundary_source":"EPA-modeled","is_community":true,"Area_SqKM":2.7293845590908807,"Detailed_Facility_Report":"https://echo.epa.gov/detailed-facility-report?fid=VT0005117&sys=SDWIS"},"geometry":{"type":"MultiPolygon","coordinates":[[[[-72.98779,44.65838],[-72.98748,44.65872],[-72.98717,44.65846],[-72.98673,44.65855],[-72.98693,44.65942],[-72.9867,44.65973],[-72.98587,44.65977],[-72.98486,44.6601],[-72.98448,44.66001],[-72.9844,44.65926],[-72.98464,44.65864],[-72.98714,44.6582],[-72.98779,44.65838]]],[[[-72.98419,44.6708],[-72.9781,44.67133],[-72.974,44.67098],[-72.97428,44.67052],[-72.97645,44.66855],[-72.97804,44.666],[-72.97889,44.66521],[-72.97795,44.66339],[-72.97766,44.66317],[-72.97689,44.663],[-72.9765,44.66258],[-72.9763,44.6617],[-72.97688,44.66044],[-72.97823,44.6593],[-72.97997,44.65884],[-72.98185,44.65857],[-72.98427,44.66273],[-72.98357,44.66445],[-72.98616,44.6706],[-72.98419,44.6708]]],[[[-73.01859,44.67377],[-73.02593,44.67957],[-73.02858,44.68189],[-73.02338,44.69091],[-73.02212,44.69391],[-73.02117,44.69549],[-73.02007,44.69516],[-73.0139,44.69446],[-73.01262,44.68991],[-73.01134,44.68957],[-73.0134,44.6834],[-73.01519,44.68],[-73.01819,44.67341],[-73.01859,44.67377]]]]}},{"type":"Feature","properties":{"PWSID":"VT0005185","PWS_Name":"WASHINGTON FIRE DISTRICT","Pop_Cat_5":"<=500","Population_Served_Count":170,"Service_Connections_Count":65,"Service_Area_Type":"Residential Area","Model_Method":"","boundary_source":"Authoritative (VT/local)","is_community":true,"Area_SqKM":2.6499429349014294,"Detailed_Facility_Report":"https://echo.epa.gov/detailed-facility-report?fid=VT0005185&sys=SDWIS"},"geometry":{"type":"Polygon","coordinates":[[[-72.42761,44.09732],[-72.42938,44.09776],[-72.43017,44.0983],[-72.43042,44.09906],[-72.43,44.1003],[-72.43346,44.10144],[-72.43422,44.10204],[-72.43548,44.10196],[-72.43648,44.10244],[-72.43718,44.10393],[-72.43641,44.1061],[-72.43711,44.10623],[-72.43818,44.10669],[-72.43882,44.10717],[-72.43905,44.10767],[-72.43908,44.10839],[-72.43869,44.10913],[-72.4412,44.11004],[-72.44189,44.11085],[-72.44189,44.11137],[-72.44121,44.11321],[-72.44064,44.11388],[-72.43989,44.11417],[-72.43892,44.11417],[-72.4374,44.11366],[-72.43676,44.11321],[-72.43604,44.11359],[-72.43519,44.11368],[-72.43434,44.11424],[-72.43477,44.11504],[-72.43451,44.11588],[-72.43387,44.11642],[-72.43286,44.11674],[-72.43131,44.11671],[-72.43057,44.11694],[-72.42972,44.11692],[-72.42613,44.11571],[-72.42545,44.11521],[-72.42521,44.11436],[-72.42679,44.10933],[-72.42624,44.10894],[-72.42596,44.10847],[-72.42499,44.10794],[-72.42469,44.10735],[-72.4242,44.1069],[-72.42402,44.10638],[-72.4235,44.10774],[-72.42291,44.10829],[-72.4222,44.10854],[-72.41987,44.10893],[-72.41913,44.10893],[-72.41836,44.10867],[-72.41782,44.1082],[-72.41763,44.10769],[-72.41764,44.10668],[-72.41565,44.1058],[-72.41504,44.10505],[-72.41504,44.10452],[-72.4156,44.1029],[-72.41608,44.10229],[-72.41729,44.1019],[-72.41876,44.10223],[-72.42063,44.09673],[-72.42121,44.09606],[-72.42232,44.09573],[-72.42394,44.09598],[-72.42449,44.09633],[-72.42507,44.09721],[-72.42597,44.09802],[-72.42668,44.0975],[-72.42761,44.09732]]]}},{"type":"Feature","properties":{"PWSID":"VT0005243","PWS_Name":"SOUTH WALLINGFORD WATER CO","Pop_Cat_5":"<=500","Population_Served_Count":63,"Service_Connections_Count":27,"Service_Area_Type":"Residential Area","Model_Method":"","boundary_source":"Authoritative (VT/local)","is_community":true,"Area_SqKM":2.6031817140690627,"Detailed_Facility_Report":"https://echo.epa.gov/detailed-facility-report?fid=VT0005243&sys=SDWIS"},"geometry":{"type":"Polygon","coordinates":[[[-73.00307,43.39707],[-73.00429,43.39735],[-73.00575,43.39815],[-73.00624,43.39864],[-73.00639,43.39916],[-73.00619,43.40247],[-73.00596,43.40297],[-73.00549,43.40336],[-73.00422,43.40365],[-73.00318,43.40548],[-73.00267,43.40586],[-73.00198,43.40606],[-73.00009,43.41014],[-72.99998,43.4123],[-73.0002,43.4143],[-73.00009,43.41656],[-72.99985,43.41715],[-72.99896,43.41772],[-72.99789,43.41781],[-72.99435,43.41641],[-72.99403,43.41692],[-72.99338,43.41731],[-72.99268,43.41745],[-72.99137,43.41742],[-72.99048,43.41716],[-72.98956,43.41638],[-72.98723,43.41605],[-72.98661,43.41563],[-72.98631,43.41501],[-72.98543,43.41482],[-72.98475,43.41433],[-72.98451,43.41383],[-72.98447,43.41259],[-72.98582,43.40882],[-72.98687,43.40826],[-72.98818,43.4083],[-72.98816,43.40703],[-72.98758,43.40536],[-72.98788,43.40452],[-72.98849,43.4041],[-72.98929,43.40392],[-72.99179,43.40425],[-72.99233,43.40158],[-72.99188,43.39761],[-72.99212,43.39693],[-72.99269,43.39648],[-72.99347,43.39626],[-72.99798,43.39639],[-72.99861,43.39665],[-72.9991,43.39715],[-72.99923,43.39784],[-72.99887,43.39849],[-72.9992,43.39858],[-72.99987,43.39785],[-73.00044,43.39753],[-73.00179,43.39714],[-73.00307,43.39707]]]}},{"type":"Feature","properties":{"PWSID":"VT0005112","PWS_Name":"LUNENBURG FIRE DISTRICT 1","Pop_Cat_5":"<=500","Population_Served_Count":250,"Service_Connections_Count":95,"Service_Area_Type":"Residential Area","Model_Method":"","boundary_source":"Authoritative (VT/local)","is_community":true,"Area_SqKM":2.5927693450809457,"Detailed_Facility_Report":"https://echo.epa.gov/detailed-facility-report?fid=VT0005112&sys=SDWIS"},"geometry":{"type":"Polygon","coordinates":[[[-71.69773,44.45912],[-71.69845,44.45923],[-71.69906,44.45953],[-71.6997,44.46026],[-71.69988,44.46077],[-71.6997,44.46158],[-71.69937,44.46205],[-71.6987,44.46244],[-71.69798,44.46257],[-71.69875,44.46402],[-71.69844,44.46494],[-71.6965,44.46615],[-71.69557,44.46636],[-71.69484,44.46629],[-71.69421,44.46602],[-71.69337,44.46487],[-71.69258,44.46512],[-71.69069,44.46534],[-71.68996,44.46527],[-71.68964,44.46539],[-71.69013,44.4674],[-71.68936,44.46892],[-71.68871,44.46944],[-71.68782,44.46966],[-71.68659,44.47069],[-71.68574,44.47104],[-71.68382,44.47102],[-71.68274,44.47046],[-71.68244,44.46979],[-71.68251,44.46773],[-71.68133,44.46751],[-71.67471,44.46725],[-71.67402,44.46708],[-71.67348,44.46673],[-71.6713,44.4666],[-71.67028,44.46599],[-71.66997,44.46494],[-71.66935,44.46423],[-71.66903,44.46241],[-71.66959,44.46155],[-71.66911,44.4608],[-71.66914,44.45915],[-71.66934,44.45865],[-71.66979,44.45823],[-71.67079,44.45792],[-71.67346,44.45795],[-71.67468,44.45756],[-71.67927,44.45787],[-71.6799,44.45737],[-71.6807,44.45716],[-71.68355,44.45522],[-71.68431,44.45493],[-71.6854,44.45497],[-71.68603,44.45523],[-71.6865,44.45569],[-71.68727,44.45569],[-71.68805,44.45595],[-71.68868,44.45643],[-71.6892,44.45727],[-71.69014,44.45729],[-71.69098,44.45765],[-71.69139,44.45809],[-71.69178,44.45902],[-71.69281,44.45954],[-71.69415,44.45943],[-71.69504,44.45959],[-71.69773,44.45912]]]}},{"type":"Feature","properties":{"PWSID":"VT0005176","PWS_Name":"WELLS RIVER WATER SYSTEM","Pop_Cat_5":"<=500","Population_Served_Count":490,"Service_Connections_Count":130,"Service_Area_Type":"Residential Area","Model_Method":"","boundary_source":"Authoritative (VT/local)","is_community":true,"Area_SqKM":2.576531613006704,"Detailed_Facility_Report":"https://echo.epa.gov/detailed-facility-report?fid=VT0005176&sys=SDWIS"},"geometry":{"type":"Polygon","coordinates":[[[-72.04974,44.14402],[-72.05098,44.14436],[-72.05191,44.14506],[-72.05221,44.14564],[-72.05212,44.14625],[-72.05091,44.14862],[-72.05101,44.14917],[-72.05072,44.14995],[-72.052,44.1509],[-72.05315,44.15043],[-72.05419,44.15021],[-72.05492,44.15025],[-72.05567,44.15054],[-72.05616,44.15104],[-72.05628,44.15174],[-72.05598,44.15231],[-72.0553,44.15282],[-72.05612,44.15281],[-72.057,44.15256],[-72.06125,44.15235],[-72.06221,44.15249],[-72.06286,44.15288],[-72.06336,44.15356],[-72.06348,44.15451],[-72.06299,44.15511],[-72.06146,44.15603],[-72.06136,44.15658],[-72.061,44.15704],[-72.05892,44.15838],[-72.05818,44.15863],[-72.05807,44.15946],[-72.05727,44.16011],[-72.0562,44.16028],[-72.05418,44.15993],[-72.05351,44.16059],[-72.05237,44.16087],[-72.0497,44.16023],[-72.04972,44.16084],[-72.04937,44.1614],[-72.04732,44.16255],[-72.04562,44.16301],[-72.04393,44.16312],[-72.04293,44.1634],[-72.0421,44.16336],[-72.04137,44.16309],[-72.04087,44.16271],[-72.04038,44.16201],[-72.04024,44.16142],[-72.04038,44.1608],[-72.04192,44.158],[-72.03852,44.15714],[-72.0379,44.15672],[-72.0376,44.15606],[-72.03791,44.15522],[-72.03944,44.15373],[-72.04001,44.15338],[-72.04009,44.15271],[-72.04079,44.15173],[-72.04135,44.15129],[-72.04198,44.15107],[-72.04197,44.15016],[-72.04084,44.14965],[-72.04015,44.14837],[-72.03993,44.14635],[-72.04005,44.14566],[-72.04064,44.1446],[-72.04165,44.14412],[-72.04274,44.14411],[-72.0435,44.14436],[-72.04469,44.14409],[-72.04577,44.14412],[-72.04694,44.14461],[-72.04747,44.14518],[-72.0487,44.14425],[-72.04974,44.14402]]]}},{"type":"Feature","properties":{"PWSID":"VT0005314","PWS_Name":"SONNENBERG WATER SYSTEM","Pop_Cat_5":"<=500","Population_Served_Count":50,"Service_Connections_Count":22,"Service_Area_Type":"Residential Area","Model_Method":"","boundary_source":"Authoritative (VT/local)","is_community":true,"Area_SqKM":2.5725649471658487,"Detailed_Facility_Report":"https://echo.epa.gov/detailed-facility-report?fid=VT0005314&sys=SDWIS"},"geometry":{"type":"Polygon","coordinates":[[[-72.58623,43.71459],[-72.58736,43.71487],[-72.58799,43.71552],[-72.59024,43.71589],[-72.59087,43.71616],[-72.59144,43.71682],[-72.59149,43.71779],[-72.5942,43.71843],[-72.59464,43.71778],[-72.59544,43.71739],[-72.5964,43.71735],[-72.59727,43.71765],[-72.59778,43.71817],[-72.59868,43.71983],[-72.59929,43.72318],[-72.59906,43.72368],[-72.59858,43.72408],[-72.59733,43.72435],[-72.59562,43.7251],[-72.59171,43.72553],[-72.59118,43.72689],[-72.59116,43.72771],[-72.59033,43.72847],[-72.59113,43.72901],[-72.59138,43.72977],[-72.59044,43.73131],[-72.5906,43.73311],[-72.58999,43.73395],[-72.589,43.73428],[-72.58664,43.73417],[-72.58398,43.73472],[-72.58204,43.73475],[-72.58105,43.73443],[-72.58048,43.73377],[-72.5801,43.72901],[-72.57924,43.72888],[-72.57835,43.72847],[-72.57783,43.72797],[-72.5776,43.7274],[-72.5775,43.72614],[-72.57785,43.7256],[-72.57845,43.72521],[-72.57871,43.72447],[-72.57916,43.72399],[-72.57921,43.72332],[-72.57957,43.72282],[-72.57937,43.72144],[-72.58025,43.71952],[-72.58025,43.71918],[-72.57818,43.71857],[-72.57769,43.71808],[-72.57756,43.71738],[-72.57835,43.71551],[-72.57931,43.71486],[-72.58623,43.71459]]]}},{"type":"Feature","properties":{"PWSID":"VT0005328","PWS_Name":"ROCHESTER WATER SYSTEM","Pop_Cat_5":"<=500","Population_Served_Count":440,"Service_Connections_Count":168,"Service_Area_Type":"Residential Area","Model_Method":"","boundary_source":"Authoritative (VT/local)","is_community":true,"Area_SqKM":2.5608634623712225,"Detailed_Facility_Report":"https://echo.epa.gov/detailed-facility-report?fid=VT0005328&sys=SDWIS"},"geometry":{"type":"MultiPolygon","coordinates":[[[[-72.80857,43.86552],[-72.81039,43.86599],[-72.81148,43.86714],[-72.81159,43.86791],[-72.81238,43.86868],[-72.81334,43.87101],[-72.81373,43.8714],[-72.81501,43.87365],[-72.81488,43.8746],[-72.81573,43.87573],[-72.81549,43.87669],[-72.8166,43.87697],[-72.81723,43.8776],[-72.81828,43.88009],[-72.81799,43.88102],[-72.81704,43.88155],[-72.80904,43.88318],[-72.8081,43.883],[-72.80742,43.88251],[-72.80691,43.8815],[-72.80653,43.87994],[-72.80612,43.87942],[-72.80391,43.87991],[-72.80319,43.87984],[-72.8026,43.87961],[-72.80215,43.8797],[-72.80141,43.88046],[-72.80055,43.88077],[-72.7964,43.88112],[-72.79536,43.88089],[-72.7946,43.88012],[-72.79408,43.87862],[-72.7942,43.87793],[-72.7947,43.87743],[-72.79532,43.87716],[-72.79798,43.8771],[-72.80039,43.87628],[-72.80154,43.87521],[-72.80251,43.87386],[-72.80224,43.87244],[-72.80242,43.87193],[-72.80283,43.87153],[-72.80287,43.87051],[-72.80323,43.87005],[-72.80423,43.86934],[-72.80459,43.86785],[-72.80429,43.86632],[-72.80459,43.86566],[-72.80532,43.8652],[-72.80681,43.86493],[-72.80776,43.86506],[-72.80857,43.86552]]],[[[-72.80429,43.83951],[-72.80552,43.83984],[-72.80615,43.84065],[-72.80979,43.84002],[-72.81051,43.84009],[-72.81115,43.84035],[-72.81169,43.84093],[-72.81258,43.84325],[-72.81256,43.84387],[-72.81216,43.84441],[-72.81039,43.84514],[-72.8031,43.84643],[-72.80225,43.84641],[-72.8015,43.84612],[-72.8009,43.84537],[-72.80077,43.84373],[-72.80082,43.84273],[-72.80122,43.84158],[-72.80166,43.84096],[-72.80306,43.83985],[-72.80429,43.83951]]]]}},{"type":"Feature","properties":{"PWSID":"VT0005262","PWS_Name":"EAST CALAIS FIRE DISTRICT 1","Pop_Cat_5":"<=500","Population_Served_Count":200,"Service_Connections_Count":62,"Service_Area_Type":"Residential Area","Model_Method":"","boundary_source":"Authoritative (VT/local)","is_community":true,"Area_SqKM":2.443351065002665,"Detailed_Facility_Report":"https://echo.epa.gov/detailed-facility-report?fid=VT0005262&sys=SDWIS"},"geometry":{"type":"Polygon","coordinates":[[[-72.4349,44.3607],[-72.43562,44.3608],[-72.43623,44.3611],[-72.43664,44.36154],[-72.43678,44.36214],[-72.43653,44.36276],[-72.43559,44.36392],[-72.43507,44.3643],[-72.4344,44.36575],[-72.4359,44.36655],[-72.4369,44.36615],[-72.43801,44.36623],[-72.44189,44.36776],[-72.44225,44.36821],[-72.44235,44.36874],[-72.44138,44.37153],[-72.44042,44.37206],[-72.4392,44.37206],[-72.43839,44.37228],[-72.43754,44.37222],[-72.43663,44.37189],[-72.43512,44.3739],[-72.43394,44.37435],[-72.43334,44.37513],[-72.43241,44.37554],[-72.43121,44.37549],[-72.42763,44.37416],[-72.42619,44.37581],[-72.4253,44.37626],[-72.42457,44.37633],[-72.4238,44.37617],[-72.42317,44.37647],[-72.42233,44.37657],[-72.42022,44.37591],[-72.41963,44.37546],[-72.41939,44.37488],[-72.41953,44.37427],[-72.42005,44.37364],[-72.41543,44.37198],[-72.41474,44.37148],[-72.41449,44.37072],[-72.41495,44.36982],[-72.41411,44.36945],[-72.41366,44.36893],[-72.41358,44.36832],[-72.41388,44.36774],[-72.4148,44.36719],[-72.42537,44.36296],[-72.4267,44.36293],[-72.42789,44.36356],[-72.42813,44.36342],[-72.42819,44.36274],[-72.42848,44.36226],[-72.42925,44.36178],[-72.42985,44.36098],[-72.43051,44.36059],[-72.43183,44.3605],[-72.43349,44.36111],[-72.43418,44.3608],[-72.4349,44.3607]]]}},{"type":"Feature","properties":{"PWSID":"VT0005452","PWS_Name":"NEW ENGLAND KURN HATTIN HOMES","Pop_Cat_5":"<=500","Population_Served_Count":200,"Service_Connections_Count":26,"Service_Area_Type":"Residential Area","Model_Method":"","boundary_source":"Authoritative (VT/local)","is_community":true,"Area_SqKM":2.437527491033626,"Detailed_Facility_Report":"https://echo.epa.gov/detailed-facility-report?fid=VT0005452&sys=SDWIS"},"geometry":{"type":"Polygon","coordinates":[[[-72.47835,43.05733],[-72.48219,43.05798],[-72.48291,43.05844],[-72.48322,43.05918],[-72.48453,43.05931],[-72.48627,43.05984],[-72.48684,43.06016],[-72.48729,43.06107],[-72.48813,43.06137],[-72.48862,43.06187],[-72.48875,43.06257],[-72.4882,43.06389],[-72.48953,43.06457],[-72.49029,43.06533],[-72.49134,43.06692],[-72.49139,43.06745],[-72.49116,43.06794],[-72.49048,43.06844],[-72.48968,43.06862],[-72.48094,43.06843],[-72.48041,43.06926],[-72.47935,43.06964],[-72.47085,43.06951],[-72.47031,43.07063],[-72.46965,43.0712],[-72.46865,43.07148],[-72.46761,43.0713],[-72.46683,43.07064],[-72.46677,43.06971],[-72.46465,43.06837],[-72.46434,43.06789],[-72.46428,43.06743],[-72.46372,43.06681],[-72.46372,43.06594],[-72.46494,43.06398],[-72.46381,43.06343],[-72.46337,43.06301],[-72.46319,43.06242],[-72.46343,43.06174],[-72.46436,43.06093],[-72.46507,43.06061],[-72.46614,43.06058],[-72.46716,43.06097],[-72.46786,43.06065],[-72.4692,43.06044],[-72.46945,43.05779],[-72.46984,43.05725],[-72.47052,43.0569],[-72.47138,43.05677],[-72.47208,43.05687],[-72.47431,43.058],[-72.47532,43.05828],[-72.4759,43.05883],[-72.47629,43.05995],[-72.47675,43.05801],[-72.47743,43.05751],[-72.47835,43.05733]]]}},{"type":"Feature","properties":{"PWSID":"VT0005313","PWS_Name":"COLD BROOK FIRE DISTRICT 1","Pop_Cat_5":"501-3,300","Population_Served_Count":700,"Service_Connections_Count":300,"Service_Area_Type":"Residential Area","Model_Method":"","boundary_source":"Authoritative (VT/local)","is_community":true,"Area_SqKM":2.4361072847374787,"Detailed_Facility_Report":"https://echo.epa.gov/detailed-facility-report?fid=VT0005313&sys=SDWIS"},"geometry":{"type":"Polygon","coordinates":[[[-72.89243,42.89063],[-72.89335,42.8908],[-72.89396,42.89122],[-72.89427,42.89202],[-72.89486,42.89263],[-72.89497,42.8932],[-72.89548,42.89357],[-72.89619,42.89463],[-72.8962,42.89548],[-72.89659,42.89623],[-72.89662,42.89744],[-72.89716,42.89825],[-72.89708,42.89969],[-72.89656,42.90064],[-72.89502,42.90162],[-72.89398,42.9018],[-72.89279,42.90148],[-72.89228,42.90184],[-72.892,42.90274],[-72.8922,42.90369],[-72.89196,42.90436],[-72.89032,42.90583],[-72.88967,42.9061],[-72.88879,42.9062],[-72.88829,42.9071],[-72.89003,42.90859],[-72.89017,42.90919],[-72.88993,42.90978],[-72.88936,42.91023],[-72.88858,42.91045],[-72.88016,42.91079],[-72.87945,42.91069],[-72.87888,42.91042],[-72.877,42.91011],[-72.87639,42.90969],[-72.87608,42.90903],[-72.87642,42.90352],[-72.87695,42.90265],[-72.87866,42.90179],[-72.87819,42.90144],[-72.87792,42.90095],[-72.87812,42.90001],[-72.87859,42.89961],[-72.87923,42.89938],[-72.88123,42.89942],[-72.8811,42.89859],[-72.88138,42.89757],[-72.8817,42.8971],[-72.88224,42.89675],[-72.88339,42.89657],[-72.88529,42.89703],[-72.88545,42.8968],[-72.88517,42.8952],[-72.8854,42.8947],[-72.88588,42.8943],[-72.88532,42.89164],[-72.8855,42.89113],[-72.88594,42.89071],[-72.88715,42.89037],[-72.88968,42.89045],[-72.8907,42.89087],[-72.89243,42.89063]]]}},{"type":"Feature","properties":{"PWSID":"VT0020184","PWS_Name":"BENNINGTON COLLEGE","Pop_Cat_5":"501-3,300","Population_Served_Count":1000,"Service_Connections_Count":43,"Service_Area_Type":"Residential Area","Model_Method":"","boundary_source":"Authoritative (VT/local)","is_community":true,"Area_SqKM":2.4057655020547677,"Detailed_Facility_Report":"https://echo.epa.gov/detailed-facility-report?fid=VT0020184&sys=SDWIS"},"geometry":{"type":"Polygon","coordinates":[[[-73.22834,42.91076],[-73.23043,42.911],[-73.23202,42.91148],[-73.23246,42.9119],[-73.23265,42.91245],[-73.23319,42.91268],[-73.23363,42.9131],[-73.23382,42.91361],[-73.23373,42.91419],[-73.23537,42.91423],[-73.23566,42.91366],[-73.23626,42.91323],[-73.23694,42.91306],[-73.23773,42.91307],[-73.23855,42.91278],[-73.242,42.91262],[-73.2427,42.91271],[-73.24339,42.91307],[-73.24379,42.9136],[-73.2438,42.91573],[-73.24641,42.91617],[-73.24724,42.91666],[-73.24755,42.91729],[-73.24789,42.92077],[-73.24698,42.92211],[-73.24572,42.92267],[-73.24465,42.92643],[-73.24391,42.92721],[-73.24289,42.92744],[-73.24129,42.92728],[-73.24053,42.92793],[-73.23966,42.92821],[-73.23894,42.92818],[-73.23835,42.92798],[-73.2371,42.92811],[-73.23537,42.92801],[-73.23401,42.92754],[-73.23146,42.92575],[-73.23064,42.92434],[-73.23,42.9224],[-73.22994,42.92163],[-73.23026,42.91964],[-73.22947,42.91873],[-73.22918,42.9169],[-73.22906,42.91674],[-73.22726,42.91662],[-73.2266,42.91642],[-73.22424,42.91512],[-73.22357,42.91416],[-73.22382,42.91317],[-73.22349,42.91219],[-73.224,42.91141],[-73.22494,42.91103],[-73.22834,42.91076]]]}},{"type":"Feature","properties":{"PWSID":"VT0005303","PWS_Name":"VERMONT ACADEMY","Pop_Cat_5":"<=500","Population_Served_Count":305,"Service_Connections_Count":50,"Service_Area_Type":"School","Model_Method":"","boundary_source":"Authoritative (VT/local)","is_community":false,"Area_SqKM":2.3773310985762612,"Detailed_Facility_Report":"https://echo.epa.gov/detailed-facility-report?fid=VT0005303&sys=SDWIS"},"geometry":{"type":"Polygon","coordinates":[[[-72.51194,43.13821],[-72.51287,43.13839],[-72.51391,43.13909],[-72.51416,43.13965],[-72.51432,43.14197],[-72.51496,43.14213],[-72.5155,43.14248],[-72.51581,43.14295],[-72.51586,43.14346],[-72.51832,43.14345],[-72.51902,43.14359],[-72.51986,43.1442],[-72.5201,43.14507],[-72.52048,43.14881],[-72.52038,43.15044],[-72.51969,43.15221],[-72.51915,43.15496],[-72.51859,43.15562],[-72.51884,43.15994],[-72.51918,43.16049],[-72.51917,43.16136],[-72.51848,43.16216],[-72.51772,43.16242],[-72.51697,43.16242],[-72.51643,43.1633],[-72.51525,43.16369],[-72.51453,43.16363],[-72.5124,43.16294],[-72.51151,43.16225],[-72.51129,43.16017],[-72.51164,43.15904],[-72.51107,43.15863],[-72.51079,43.15815],[-72.51107,43.1561],[-72.51077,43.15537],[-72.51101,43.1542],[-72.51159,43.15357],[-72.51085,43.15306],[-72.50828,43.15294],[-72.50733,43.15229],[-72.50714,43.15178],[-72.50711,43.14779],[-72.50606,43.14756],[-72.50538,43.14695],[-72.50528,43.14569],[-72.5048,43.14428],[-72.50485,43.1436],[-72.50462,43.14303],[-72.50438,43.14012],[-72.50473,43.13956],[-72.5055,43.13901],[-72.50557,43.13835],[-72.5061,43.13777],[-72.50683,43.13748],[-72.50801,43.13736],[-72.50899,43.13768],[-72.50957,43.13839],[-72.51194,43.13821]]]}},{"type":"Feature","properties":{"PWSID":"VT0005153","PWS_Name":"HYDE PARK FIRE DISTRICT 1","Pop_Cat_5":"<=500","Population_Served_Count":275,"Service_Connections_Count":93,"Service_Area_Type":"Residential Area","Model_Method":"","boundary_source":"Authoritative (VT/local)","is_community":true,"Area_SqKM":2.365358602693542,"Detailed_Facility_Report":"https://echo.epa.gov/detailed-facility-report?fid=VT0005153&sys=SDWIS"},"geometry":{"type":"Polygon","coordinates":[[[-72.60503,44.66523],[-72.60597,44.66541],[-72.6066,44.66583],[-72.6069,44.6664],[-72.60682,44.66709],[-72.60626,44.66791],[-72.6057,44.66837],[-72.6051,44.66874],[-72.60445,44.6689],[-72.60447,44.66949],[-72.60413,44.67025],[-72.60339,44.67117],[-72.60278,44.67151],[-72.60149,44.6718],[-72.60047,44.67237],[-72.60051,44.67286],[-72.60014,44.67385],[-72.59932,44.67457],[-72.59943,44.67495],[-72.60046,44.67535],[-72.60098,44.67604],[-72.60092,44.67674],[-72.6003,44.67761],[-72.59978,44.67798],[-72.59909,44.67818],[-72.59795,44.67809],[-72.59671,44.67842],[-72.59549,44.67819],[-72.59494,44.6786],[-72.59335,44.67927],[-72.59303,44.67971],[-72.59245,44.6801],[-72.59164,44.68037],[-72.59078,44.68039],[-72.58999,44.68013],[-72.58951,44.67974],[-72.58916,44.67907],[-72.58927,44.67762],[-72.58967,44.67688],[-72.58937,44.67637],[-72.58937,44.67584],[-72.59043,44.67424],[-72.59037,44.67367],[-72.59059,44.67319],[-72.58965,44.67268],[-72.58922,44.67208],[-72.58889,44.67201],[-72.58817,44.67306],[-72.58769,44.67346],[-72.5869,44.67371],[-72.58616,44.67371],[-72.57909,44.6711],[-72.57853,44.67075],[-72.5782,44.67028],[-72.57833,44.66934],[-72.58099,44.66561],[-72.58147,44.66521],[-72.58225,44.66496],[-72.58323,44.66501],[-72.58873,44.66718],[-72.58895,44.66716],[-72.59199,44.66312],[-72.59307,44.66256],[-72.5944,44.66266],[-72.60163,44.66535],[-72.60226,44.66492],[-72.60308,44.66474],[-72.60382,44.66481],[-72.60503,44.66523]]]}},{"type":"Feature","properties":{"PWSID":"VT0005119","PWS_Name":"EAST FAIRFIELD FIRE DISTRICT 1","Pop_Cat_5":"<=500","Population_Served_Count":184,"Service_Connections_Count":70,"Service_Area_Type":"Residential Area","Model_Method":"","boundary_source":"Authoritative (VT/local)","is_community":true,"Area_SqKM":2.351962132338284,"Detailed_Facility_Report":"https://echo.epa.gov/detailed-facility-report?fid=VT0005119&sys=SDWIS"},"geometry":{"type":"Polygon","coordinates":[[[-72.86349,44.77547],[-72.864,44.77457],[-72.86485,44.77407],[-72.86582,44.77398],[-72.8672,44.77427],[-72.86776,44.77461],[-72.86812,44.77517],[-72.86785,44.77669],[-72.87042,44.77744],[-72.87135,44.77849],[-72.87155,44.779],[-72.87144,44.78165],[-72.87099,44.78236],[-72.86982,44.78282],[-72.86769,44.78264],[-72.86756,44.78331],[-72.86706,44.78381],[-72.8663,44.7841],[-72.86528,44.78418],[-72.86496,44.78594],[-72.8653,44.78647],[-72.86523,44.78717],[-72.86544,44.78787],[-72.86525,44.78838],[-72.86484,44.78879],[-72.86387,44.78917],[-72.86272,44.78908],[-72.86177,44.78979],[-72.86056,44.7899],[-72.85757,44.78889],[-72.85695,44.78851],[-72.85664,44.78808],[-72.85305,44.78727],[-72.85228,44.78667],[-72.84965,44.78714],[-72.84893,44.78704],[-72.84831,44.78675],[-72.8479,44.78631],[-72.84775,44.7858],[-72.84807,44.78364],[-72.84835,44.78316],[-72.84896,44.78274],[-72.85022,44.78229],[-72.85314,44.7818],[-72.85287,44.78118],[-72.85302,44.78054],[-72.85291,44.77952],[-72.85262,44.77896],[-72.85146,44.77796],[-72.85128,44.77658],[-72.85082,44.77565],[-72.85129,44.77406],[-72.85178,44.7735],[-72.85243,44.77318],[-72.8542,44.77278],[-72.8611,44.7727],[-72.86204,44.77311],[-72.86249,44.77382],[-72.86198,44.77645],[-72.86367,44.77664],[-72.8634,44.77611],[-72.86349,44.77547]]]}},{"type":"Feature","properties":{"PWSID":"VT0020917","PWS_Name":"JACKSON GORE OKEMO","Pop_Cat_5":"501-3,300","Population_Served_Count":1695,"Service_Connections_Count":5,"Service_Area_Type":"Hotel/Motel","Model_Method":"","boundary_source":"Authoritative (VT/local)","is_community":false,"Area_SqKM":2.3373427577847314,"Detailed_Facility_Report":"https://echo.epa.gov/detailed-facility-report?fid=VT0020917&sys=SDWIS"},"geometry":{"type":"Polygon","coordinates":[[[-72.72264,43.40943],[-72.72414,43.40968],[-72.72549,43.41057],[-72.72998,43.41047],[-72.73108,43.4108],[-72.73255,43.41274],[-72.73245,43.41603],[-72.73186,43.41678],[-72.73077,43.41712],[-72.73035,43.41825],[-72.72999,43.4187],[-72.72891,43.41914],[-72.72963,43.41971],[-72.72988,43.42038],[-72.7296,43.42127],[-72.72887,43.42184],[-72.72702,43.42213],[-72.71893,43.42173],[-72.71915,43.42192],[-72.7207,43.42225],[-72.72153,43.42309],[-72.7224,43.42337],[-72.72299,43.42392],[-72.72313,43.42444],[-72.72303,43.42533],[-72.7225,43.42643],[-72.7223,43.42819],[-72.72174,43.42886],[-72.72088,43.42917],[-72.71655,43.42907],[-72.71578,43.42881],[-72.71458,43.42799],[-72.71191,43.42545],[-72.70984,43.42382],[-72.70853,43.42251],[-72.70837,43.42165],[-72.70865,43.42116],[-72.70916,43.42079],[-72.71192,43.41985],[-72.7131,43.41996],[-72.71453,43.42076],[-72.71656,43.42045],[-72.71529,43.41977],[-72.7139,43.4185],[-72.7137,43.41791],[-72.71389,43.41725],[-72.71336,43.41687],[-72.71291,43.41615],[-72.71295,43.4152],[-72.71384,43.41451],[-72.71465,43.41436],[-72.71627,43.41445],[-72.71676,43.41395],[-72.71762,43.41364],[-72.72246,43.41358],[-72.72246,43.41319],[-72.72181,43.4128],[-72.72083,43.41157],[-72.72064,43.41089],[-72.72083,43.41038],[-72.72133,43.40983],[-72.72193,43.40953],[-72.72264,43.40943]]]}},{"type":"Feature","properties":{"PWSID":"VT0005638","PWS_Name":"CHELSEA WATER SYSTEM","Pop_Cat_5":"<=500","Population_Served_Count":450,"Service_Connections_Count":200,"Service_Area_Type":"Residential Area","Model_Method":"","boundary_source":"Authoritative (VT/local)","is_community":true,"Area_SqKM":2.312448406049018,"Detailed_Facility_Report":"https://echo.epa.gov/detailed-facility-report?fid=VT0005638&sys=SDWIS"},"geometry":{"type":"Polygon","coordinates":[[[-72.45485,43.98474],[-72.45568,43.98488],[-72.45805,43.98596],[-72.45856,43.98666],[-72.45845,43.98744],[-72.45574,43.99044],[-72.45499,43.99073],[-72.45422,43.99077],[-72.45375,43.99131],[-72.45303,43.99164],[-72.45169,43.99192],[-72.4506,43.99175],[-72.45036,43.99228],[-72.45143,43.99423],[-72.45149,43.99552],[-72.452,43.99634],[-72.4526,43.99689],[-72.45327,43.99816],[-72.4544,43.99938],[-72.45444,44.00033],[-72.45408,44.00078],[-72.45346,44.00114],[-72.45187,44.00406],[-72.45089,44.0047],[-72.44973,44.00492],[-72.44802,44.00435],[-72.44688,44.00432],[-72.44594,44.00456],[-72.44522,44.00449],[-72.4445,44.00416],[-72.44405,44.00364],[-72.44376,44.00164],[-72.44451,44.00049],[-72.44665,43.99893],[-72.44662,43.99835],[-72.44332,43.99726],[-72.44253,43.99661],[-72.44239,43.996],[-72.44272,43.99454],[-72.44331,43.99399],[-72.44422,43.99372],[-72.44434,43.99339],[-72.44428,43.99326],[-72.44185,43.99264],[-72.44111,43.99206],[-72.44092,43.99147],[-72.44114,43.98969],[-72.44033,43.98939],[-72.43979,43.98881],[-72.43951,43.9866],[-72.4396,43.98608],[-72.44005,43.98556],[-72.44066,43.98527],[-72.44162,43.98518],[-72.44296,43.98546],[-72.44339,43.98479],[-72.44405,43.98427],[-72.44484,43.98405],[-72.44599,43.98406],[-72.44559,43.98299],[-72.44424,43.98135],[-72.44421,43.98057],[-72.44453,43.98009],[-72.44508,43.97975],[-72.44758,43.97926],[-72.44876,43.97943],[-72.4495,43.98],[-72.44998,43.98276],[-72.45151,43.98283],[-72.45304,43.98317],[-72.45372,43.98367],[-72.45435,43.98479],[-72.45485,43.98474]]]}},{"type":"Feature","properties":{"PWSID":"VT0005590","PWS_Name":"HIGH RIDGE CONDOMINIUM","Pop_Cat_5":"<=500","Population_Served_Count":500,"Service_Connections_Count":118,"Service_Area_Type":"Residential Area","Model_Method":"Random Forest","boundary_source":"EPA-modeled","is_community":true,"Area_SqKM":2.2901938073369243,"Detailed_Facility_Report":"https://echo.epa.gov/detailed-facility-report?fid=VT0005590&sys=SDWIS"},"geometry":{"type":"Polygon","coordinates":[[[-72.77413,43.63213],[-72.77272,43.63253],[-72.76929,43.6304],[-72.76838,43.6251],[-72.76933,43.62415],[-72.77415,43.62628],[-72.77806,43.6251],[-72.78136,43.62597],[-72.78258,43.62749],[-72.78462,43.63144],[-72.78653,43.63331],[-72.78622,43.6347],[-72.78692,43.63943],[-72.78679,43.64065],[-72.78449,43.64169],[-72.78284,43.64321],[-72.78033,43.64699],[-72.77949,43.64875],[-72.77605,43.64863],[-72.77342,43.64638],[-72.77186,43.6432],[-72.77369,43.64007],[-72.77654,43.6377],[-72.77813,43.63607],[-72.77599,43.6338],[-72.77413,43.63213]]]}},{"type":"Feature","properties":{"PWSID":"VT0005330","PWS_Name":"ROYALTON FIRE DISTRICT 1","Pop_Cat_5":"501-3,300","Population_Served_Count":1500,"Service_Connections_Count":375,"Service_Area_Type":"Residential Area","Model_Method":"","boundary_source":"Authoritative (VT/local)","is_community":true,"Area_SqKM":2.2798509577792556,"Detailed_Facility_Report":"https://echo.epa.gov/detailed-facility-report?fid=VT0005330&sys=SDWIS"},"geometry":{"type":"MultiPolygon","coordinates":[[[[-72.51866,43.81357],[-72.51937,43.81368],[-72.52006,43.81403],[-72.5213,43.81532],[-72.5218,43.81625],[-72.52277,43.81599],[-72.52371,43.81613],[-72.52429,43.81645],[-72.52543,43.8176],[-72.527,43.81673],[-72.52785,43.81667],[-72.52864,43.81689],[-72.52933,43.81749],[-72.52972,43.81863],[-72.52934,43.81936],[-72.52834,43.82018],[-72.52738,43.82045],[-72.52678,43.82138],[-72.52779,43.82224],[-72.52804,43.823],[-72.52779,43.82359],[-72.52659,43.82477],[-72.5259,43.82513],[-72.52506,43.82523],[-72.52216,43.8246],[-72.52095,43.82575],[-72.52052,43.82682],[-72.5197,43.82751],[-72.51935,43.82808],[-72.52031,43.82883],[-72.52091,43.83017],[-72.52094,43.83081],[-72.52061,43.83177],[-72.52011,43.83241],[-72.51945,43.8328],[-72.5172,43.83301],[-72.51609,43.83268],[-72.51467,43.83158],[-72.51435,43.83111],[-72.51432,43.83049],[-72.51492,43.82921],[-72.51611,43.82798],[-72.51576,43.82728],[-72.51597,43.82647],[-72.51432,43.82506],[-72.51308,43.82287],[-72.51316,43.822],[-72.51392,43.82134],[-72.51344,43.82064],[-72.51272,43.82047],[-72.51218,43.82012],[-72.51046,43.81825],[-72.50994,43.8175],[-72.50996,43.81676],[-72.50944,43.81646],[-72.50908,43.81601],[-72.50894,43.81478],[-72.5094,43.81384],[-72.50912,43.81267],[-72.50942,43.81209],[-72.50993,43.81172],[-72.51097,43.81142],[-72.51169,43.81139],[-72.51249,43.81161],[-72.51312,43.81212],[-72.5141,43.81197],[-72.51502,43.8122],[-72.51713,43.81405],[-72.51794,43.81368],[-72.51866,43.81357]]],[[[-72.58109,43.79968],[-72.58035,43.79966],[-72.57968,43.79945],[-72.57916,43.79908],[-72.57888,43.7986],[-72.57887,43.79803],[-72.5791,43.79753],[-72.57958,43.79714],[-72.58035,43.79688],[-72.58133,43.79687],[-72.58202,43.79704],[-72.58257,43.79738],[-72.58292,43.79794],[-72.58292,43.79859],[-72.58257,43.79915],[-72.58192,43.79954],[-72.58109,43.79968]]],[[[-72.50701,43.79999],[-72.50805,43.80022],[-72.50895,43.80095],[-72.50949,43.80211],[-72.50931,43.80356],[-72.50891,43.8041],[-72.50834,43.80442],[-72.50626,43.80498],[-72.50529,43.80498],[-72.50438,43.80457],[-72.50379,43.80367],[-72.50429,43.80111],[-72.50461,43.80064],[-72.50516,43.80029],[-72.50701,43.79999]]]]}},{"type":"Feature","properties":{"PWSID":"VT0005115","PWS_Name":"EAST BERKSHIRE FIRE DISTRICT 1","Pop_Cat_5":"<=500","Population_Served_Count":184,"Service_Connections_Count":70,"Service_Area_Type":"Residential Area","Model_Method":"","boundary_source":"Authoritative (VT/local)","is_community":true,"Area_SqKM":2.2622834022252447,"Detailed_Facility_Report":"https://echo.epa.gov/detailed-facility-report?fid=VT0005115&sys=SDWIS"},"geometry":{"type":"Polygon","coordinates":[[[-72.71486,44.9321],[-72.71602,44.93231],[-72.71752,44.933],[-72.71969,44.93355],[-72.7205,44.93408],[-72.72074,44.93458],[-72.72129,44.9377],[-72.72104,44.93838],[-72.72035,44.93887],[-72.71915,44.93905],[-72.71799,44.93873],[-72.71592,44.93851],[-72.71421,44.93775],[-72.71297,44.93655],[-72.71227,44.93671],[-72.71195,44.93767],[-72.7113,44.9382],[-72.70932,44.93891],[-72.7081,44.93885],[-72.70749,44.93856],[-72.70707,44.93813],[-72.70633,44.93655],[-72.70639,44.93577],[-72.70432,44.93611],[-72.70254,44.93612],[-72.70174,44.9359],[-72.70038,44.93466],[-72.69943,44.93417],[-72.6991,44.93369],[-72.69903,44.93311],[-72.69781,44.93256],[-72.69702,44.93132],[-72.69602,44.93146],[-72.694,44.93233],[-72.69242,44.93235],[-72.68803,44.93131],[-72.68733,44.93071],[-72.6872,44.93002],[-72.68801,44.92745],[-72.68892,44.92676],[-72.68964,44.92662],[-72.69914,44.92626],[-72.69939,44.9257],[-72.69987,44.9253],[-72.70054,44.92507],[-72.70128,44.92503],[-72.70441,44.92606],[-72.70518,44.92651],[-72.70613,44.92628],[-72.70823,44.92635],[-72.70888,44.92598],[-72.70959,44.92584],[-72.71043,44.92585],[-72.71122,44.92611],[-72.7119,44.92683],[-72.7118,44.92798],[-72.71196,44.92878],[-72.7132,44.93031],[-72.7133,44.93148],[-72.71435,44.93211],[-72.71486,44.9321]]]}},{"type":"Feature","properties":{"PWSID":"VT0005339","PWS_Name":"ASCUTNEY FIRE DISTRICT #2","Pop_Cat_5":"<=500","Population_Served_Count":485,"Service_Connections_Count":200,"Service_Area_Type":"Mobile Home Park","Model_Method":"","boundary_source":"Authoritative (VT/local)","is_community":false,"Area_SqKM":2.2616771711918533,"Detailed_Facility_Report":"https://echo.epa.gov/detailed-facility-report?fid=VT0005339&sys=SDWIS"},"geometry":{"type":"Polygon","coordinates":[[[-72.41038,43.40216],[-72.41243,43.40236],[-72.41332,43.40292],[-72.41419,43.40315],[-72.4147,43.40352],[-72.415,43.40409],[-72.41532,43.40731],[-72.41456,43.40808],[-72.41389,43.40828],[-72.41325,43.40829],[-72.41289,43.40992],[-72.41321,43.41045],[-72.4132,43.41115],[-72.4122,43.41271],[-72.41184,43.41397],[-72.41112,43.41465],[-72.40998,43.41488],[-72.40968,43.41537],[-72.41034,43.41694],[-72.4098,43.41908],[-72.40912,43.41957],[-72.408,43.41974],[-72.40788,43.41987],[-72.40708,43.42259],[-72.40651,43.42326],[-72.40541,43.42359],[-72.40325,43.42334],[-72.4026,43.4231],[-72.40212,43.42271],[-72.40182,43.42161],[-72.40133,43.4212],[-72.40109,43.42062],[-72.39827,43.42039],[-72.39751,43.41997],[-72.39714,43.41932],[-72.39726,43.41824],[-72.3983,43.41519],[-72.39923,43.41455],[-72.39962,43.41343],[-72.40007,43.41291],[-72.4009,43.41256],[-72.40195,43.41256],[-72.4006,43.41196],[-72.40024,43.41151],[-72.40015,43.41098],[-72.40042,43.40947],[-72.40101,43.40891],[-72.40198,43.40864],[-72.40242,43.40733],[-72.40017,43.40677],[-72.39938,43.40624],[-72.39913,43.40556],[-72.39943,43.40369],[-72.39975,43.40322],[-72.40041,43.40283],[-72.40122,43.40269],[-72.40276,43.40287],[-72.40339,43.40215],[-72.40393,43.4018],[-72.40462,43.40163],[-72.40543,43.40168],[-72.40735,43.40245],[-72.40786,43.40282],[-72.40867,43.40542],[-72.40913,43.40478],[-72.40856,43.40377],[-72.40867,43.40299],[-72.40935,43.40238],[-72.41038,43.40216]]]}},{"type":"Feature","properties":{"PWSID":"VT0005121","PWS_Name":"SOUTH GEORGIA FIRE DISTRICT","Pop_Cat_5":"<=500","Population_Served_Count":500,"Service_Connections_Count":190,"Service_Area_Type":"Residential Area","Model_Method":"","boundary_source":"Authoritative (VT/local)","is_community":true,"Area_SqKM":2.250370327076555,"Detailed_Facility_Report":"https://echo.epa.gov/detailed-facility-report?fid=VT0005121&sys=SDWIS"},"geometry":{"type":"MultiPolygon","coordinates":[[[[-73.11116,44.67798],[-73.11188,44.67808],[-73.11442,44.679],[-73.11539,44.67889],[-73.11633,44.67853],[-73.11879,44.67827],[-73.11953,44.6783],[-73.12018,44.67851],[-73.12088,44.67911],[-73.12102,44.67981],[-73.11969,44.68185],[-73.12351,44.68333],[-73.1243,44.6841],[-73.1243,44.68516],[-73.12384,44.6869],[-73.12336,44.6873],[-73.12265,44.68754],[-73.12263,44.68835],[-73.1218,44.68918],[-73.12075,44.68942],[-73.11933,44.68923],[-73.11911,44.69007],[-73.11873,44.69053],[-73.11886,44.6911],[-73.11852,44.69253],[-73.11807,44.69305],[-73.11723,44.6934],[-73.11633,44.69342],[-73.10869,44.69229],[-73.10797,44.69204],[-73.10737,44.69152],[-73.10717,44.69084],[-73.10753,44.68956],[-73.10786,44.68909],[-73.10818,44.68747],[-73.10326,44.68669],[-73.10256,44.68634],[-73.10214,44.6858],[-73.10222,44.6844],[-73.10283,44.68348],[-73.1035,44.68311],[-73.10442,44.68292],[-73.10516,44.6817],[-73.10584,44.68121],[-73.10691,44.68102],[-73.10825,44.68133],[-73.10851,44.68038],[-73.10934,44.67977],[-73.10929,44.67916],[-73.10959,44.67859],[-73.11032,44.67812],[-73.11116,44.67798]]],[[[-73.0786,44.74245],[-73.07933,44.74254],[-73.08003,44.7429],[-73.08041,44.74335],[-73.0805,44.74392],[-73.0796,44.74972],[-73.07887,44.75041],[-73.0777,44.75064],[-73.07666,44.75037],[-73.07602,44.74974],[-73.07528,44.74751],[-73.07535,44.74628],[-73.07566,44.7449],[-73.07697,44.74313],[-73.07766,44.74263],[-73.0786,44.74245]]]]}},{"type":"Feature","properties":{"PWSID":"VT0005609","PWS_Name":"BULL RUN","Pop_Cat_5":"<=500","Population_Served_Count":420,"Service_Connections_Count":145,"Service_Area_Type":"Residential Area","Model_Method":"","boundary_source":"Authoritative (VT/local)","is_community":true,"Area_SqKM":2.0977619825471154,"Detailed_Facility_Report":"https://echo.epa.gov/detailed-facility-report?fid=VT0005609&sys=SDWIS"},"geometry":{"type":"Polygon","coordinates":[[[-72.71802,43.39758],[-72.71894,43.39776],[-72.71968,43.39833],[-72.71989,43.39893],[-72.71975,43.39965],[-72.72016,43.4002],[-72.72015,43.40113],[-72.72042,43.40136],[-72.72201,43.40117],[-72.72284,43.40116],[-72.7235,43.40132],[-72.72548,43.40112],[-72.72544,43.4],[-72.72563,43.39949],[-72.72655,43.3986],[-72.72758,43.39823],[-72.72905,43.39836],[-72.72997,43.39904],[-72.73105,43.39924],[-72.73173,43.39973],[-72.73214,43.40148],[-72.73181,43.40225],[-72.73231,43.40287],[-72.7324,43.40401],[-72.73431,43.40405],[-72.73537,43.40461],[-72.73568,43.40527],[-72.73575,43.4077],[-72.7355,43.40837],[-72.73482,43.40887],[-72.73414,43.40904],[-72.7326,43.40905],[-72.73257,43.41286],[-72.73227,43.41344],[-72.73166,43.41386],[-72.73086,43.41404],[-72.73014,43.41397],[-72.72951,43.41371],[-72.72898,43.41319],[-72.72499,43.41329],[-72.72418,43.41315],[-72.72345,43.41269],[-72.72314,43.41203],[-72.72338,43.41127],[-72.72434,43.41057],[-72.72378,43.40998],[-72.72298,43.41013],[-72.72226,43.41006],[-72.72163,43.4098],[-72.72115,43.40935],[-72.71846,43.40992],[-72.71739,43.40985],[-72.71678,43.40956],[-72.71634,43.40904],[-72.71624,43.40851],[-72.71645,43.40797],[-72.7145,43.40747],[-72.71372,43.40693],[-72.71347,43.40635],[-72.71361,43.40574],[-72.71531,43.40401],[-72.71469,43.40344],[-72.71458,43.40266],[-72.71398,43.40226],[-72.71366,43.40179],[-72.71363,43.40118],[-72.71407,43.40017],[-72.7146,43.39959],[-72.71557,43.39927],[-72.71575,43.39848],[-72.71624,43.39798],[-72.71698,43.39769],[-72.71802,43.39758]]]}},{"type":"Feature","properties":{"PWSID":"VT0005188","PWS_Name":"ALBANY WATER SYSTEM","Pop_Cat_5":"<=500","Population_Served_Count":200,"Service_Connections_Count":80,"Service_Area_Type":"Residential Area","Model_Method":"","boundary_source":"Authoritative (VT/local)","is_community":true,"Area_SqKM":2.0377635727375143,"Detailed_Facility_Report":"https://echo.epa.gov/detailed-facility-report?fid=VT0005188&sys=SDWIS"},"geometry":{"type":"MultiPolygon","coordinates":[[[[-72.37529,44.72551],[-72.37616,44.7256],[-72.37682,44.72584],[-72.37832,44.7271],[-72.38118,44.72755],[-72.38184,44.72779],[-72.38309,44.72852],[-72.38354,44.72924],[-72.38494,44.72989],[-72.3854,44.73067],[-72.38656,44.73107],[-72.38705,44.73167],[-72.3871,44.7322],[-72.38675,44.73366],[-72.38611,44.73474],[-72.38552,44.73519],[-72.38625,44.73548],[-72.38673,44.73588],[-72.38697,44.73638],[-72.38692,44.7369],[-72.38552,44.73887],[-72.38551,44.73972],[-72.38387,44.74245],[-72.38332,44.74293],[-72.38266,44.74316],[-72.38144,44.7431],[-72.37582,44.74097],[-72.37537,44.74044],[-72.37527,44.73992],[-72.3761,44.73742],[-72.3754,44.73759],[-72.37454,44.73753],[-72.37033,44.73593],[-72.36969,44.7354],[-72.36874,44.73367],[-72.36842,44.73209],[-72.36892,44.73118],[-72.36981,44.73058],[-72.3706,44.73043],[-72.37134,44.73049],[-72.37136,44.73038],[-72.37096,44.72995],[-72.37082,44.72936],[-72.37013,44.7288],[-72.36978,44.72813],[-72.36969,44.72744],[-72.37001,44.72659],[-72.37061,44.72608],[-72.37137,44.72579],[-72.37397,44.72589],[-72.37456,44.72562],[-72.37529,44.72551]]],[[[-72.38744,44.71494],[-72.38833,44.71375],[-72.38955,44.71336],[-72.39072,44.7135],[-72.39138,44.71373],[-72.39186,44.71413],[-72.39211,44.71471],[-72.39198,44.71557],[-72.39157,44.71611],[-72.39004,44.71679],[-72.38932,44.71692],[-72.38836,44.71679],[-72.38763,44.71632],[-72.38728,44.71568],[-72.38744,44.71494]]]]}},{"type":"Feature","properties":{"PWSID":"VT0020847","PWS_Name":"COBB HILL COHOUSING INC","Pop_Cat_5":"<=500","Population_Served_Count":41,"Service_Connections_Count":22,"Service_Area_Type":"Residential Area","Model_Method":"","boundary_source":"Authoritative (VT/local)","is_community":true,"Area_SqKM":1.9197605403443285,"Detailed_Facility_Report":"https://echo.epa.gov/detailed-facility-report?fid=VT0020847&sys=SDWIS"},"geometry":{"type":"Polygon","coordinates":[[[-72.4254,43.54572],[-72.43079,43.54693],[-72.43219,43.54804],[-72.43334,43.54768],[-72.43459,43.54796],[-72.43574,43.54869],[-72.4389,43.55144],[-72.44193,43.55518],[-72.44193,43.55571],[-72.44158,43.55627],[-72.4399,43.55711],[-72.43882,43.55714],[-72.4367,43.55641],[-72.43436,43.56003],[-72.43317,43.56042],[-72.43124,43.56014],[-72.43063,43.56093],[-72.42968,43.5613],[-72.42884,43.56128],[-72.42551,43.56046],[-72.42445,43.55975],[-72.42358,43.5579],[-72.42324,43.55656],[-72.42231,43.55586],[-72.42201,43.55519],[-72.42214,43.55459],[-72.4237,43.552],[-72.42063,43.55087],[-72.42011,43.55049],[-72.41984,43.55001],[-72.41984,43.54948],[-72.42012,43.54899],[-72.42257,43.54736],[-72.4235,43.54622],[-72.42421,43.5459],[-72.4254,43.54572]]]}},{"type":"Feature","properties":{"PWSID":"VT0005012","PWS_Name":"WHITING WATER CORP","Pop_Cat_5":"<=500","Population_Served_Count":61,"Service_Connections_Count":24,"Service_Area_Type":"Residential Area","Model_Method":"","boundary_source":"Authoritative (VT/local)","is_community":true,"Area_SqKM":1.9076751829785052,"Detailed_Facility_Report":"https://echo.epa.gov/detailed-facility-report?fid=VT0005012&sys=SDWIS"},"geometry":{"type":"MultiPolygon","coordinates":[[[[-73.20206,43.85645],[-73.20288,43.85658],[-73.20354,43.85697],[-73.20393,43.8577],[-73.20374,43.8588],[-73.20567,43.85976],[-73.20664,43.86072],[-73.20721,43.86187],[-73.20685,43.86277],[-73.20733,43.86316],[-73.20801,43.86424],[-73.20802,43.86511],[-73.20719,43.86585],[-73.20569,43.86609],[-73.20559,43.86717],[-73.20502,43.86784],[-73.20416,43.86815],[-73.20323,43.86813],[-73.20241,43.86864],[-73.20253,43.86911],[-73.2024,43.87028],[-73.20165,43.87106],[-73.20049,43.87129],[-73.19939,43.87113],[-73.19863,43.87072],[-73.19666,43.87089],[-73.19593,43.87082],[-73.19512,43.87044],[-73.19469,43.86982],[-73.19492,43.86771],[-73.19522,43.86713],[-73.19583,43.86671],[-73.19819,43.86638],[-73.19834,43.86577],[-73.19791,43.86493],[-73.19817,43.86373],[-73.19804,43.86294],[-73.19827,43.86217],[-73.1989,43.8613],[-73.19914,43.86058],[-73.19963,43.86007],[-73.19855,43.85899],[-73.19856,43.85742],[-73.199,43.8569],[-73.19972,43.85657],[-73.20206,43.85645]]],[[[-73.20957,43.84324],[-73.21088,43.84338],[-73.21179,43.84407],[-73.21194,43.84459],[-73.21169,43.84709],[-73.2114,43.84767],[-73.21078,43.84809],[-73.20861,43.84838],[-73.20762,43.84806],[-73.20708,43.84748],[-73.20681,43.84457],[-73.20711,43.844],[-73.20762,43.84362],[-73.20957,43.84324]]],[[[-73.23602,43.89248],[-73.23716,43.89275],[-73.23785,43.89352],[-73.23869,43.89373],[-73.23934,43.89425],[-73.24153,43.89943],[-73.24157,43.90004],[-73.24115,43.90067],[-73.24023,43.90109],[-73.23387,43.90161],[-73.23319,43.90141],[-73.23267,43.90104],[-73.23237,43.90047],[-73.23236,43.89934],[-73.2314,43.89898],[-73.23091,43.89838],[-73.23089,43.89453],[-73.23148,43.89342],[-73.23216,43.89292],[-73.23285,43.89275],[-73.23602,43.89248]]]]}},{"type":"Feature","properties":{"PWSID":"VT0005113","PWS_Name":"LUNENBURG FIRE DISTRICT 2","Pop_Cat_5":"<=500","Population_Served_Count":400,"Service_Connections_Count":115,"Service_Area_Type":"Residential Area","Model_Method":"","boundary_source":"Authoritative (VT/local)","is_community":true,"Area_SqKM":1.7840946727273899,"Detailed_Facility_Report":"https://echo.epa.gov/detailed-facility-report?fid=VT0005113&sys=SDWIS"},"geometry":{"type":"Polygon","coordinates":[[[-71.71712,44.40892],[-71.7194,44.40933],[-71.7214,44.41007],[-71.72305,44.41038],[-71.72721,44.41024],[-71.72978,44.40999],[-71.73214,44.40953],[-71.7331,44.40963],[-71.73394,44.41013],[-71.73431,44.411],[-71.73628,44.41203],[-71.73942,44.4144],[-71.73978,44.41505],[-71.73965,44.41574],[-71.73873,44.41643],[-71.73232,44.41851],[-71.73123,44.41858],[-71.73056,44.41837],[-71.73004,44.41799],[-71.7274,44.4139],[-71.72679,44.41392],[-71.72595,44.41463],[-71.72457,44.41482],[-71.72442,44.41544],[-71.72382,44.41599],[-71.72117,44.41696],[-71.72021,44.41709],[-71.71919,44.4168],[-71.7184,44.41693],[-71.71767,44.41682],[-71.718,44.41793],[-71.71744,44.41879],[-71.71479,44.4197],[-71.71347,44.41966],[-71.71278,44.4193],[-71.71242,44.41884],[-71.71173,44.41511],[-71.71089,44.41436],[-71.70975,44.41132],[-71.70979,44.41071],[-71.71057,44.40994],[-71.71289,44.40917],[-71.71436,44.4089],[-71.71636,44.40903],[-71.71712,44.40892]]]}},{"type":"Feature","properties":{"PWSID":"VT0020734","PWS_Name":"POWNAL FIRE DISTRICT 2","Pop_Cat_5":"<=500","Population_Served_Count":400,"Service_Connections_Count":94,"Service_Area_Type":"Residential Area","Model_Method":"","boundary_source":"Authoritative (VT/local)","is_community":true,"Area_SqKM":1.7766051617477194,"Detailed_Facility_Report":"https://echo.epa.gov/detailed-facility-report?fid=VT0020734&sys=SDWIS"},"geometry":{"type":"Polygon","coordinates":[[[-73.24648,42.77035],[-73.24626,42.77108],[-73.24572,42.77162],[-73.24565,42.77248],[-73.24485,42.77339],[-73.24475,42.77489],[-73.24404,42.77558],[-73.24323,42.77582],[-73.24252,42.77586],[-73.24184,42.7757],[-73.2413,42.77535],[-73.23972,42.77155],[-73.23951,42.77282],[-73.2413,42.77567],[-73.24126,42.77619],[-73.24087,42.77674],[-73.2402,42.7771],[-73.2395,42.77721],[-73.23832,42.7769],[-73.23472,42.77701],[-73.23382,42.77679],[-73.23309,42.77611],[-73.23295,42.77507],[-73.2332,42.77386],[-73.23363,42.77343],[-73.23417,42.77319],[-73.23407,42.77247],[-73.23428,42.77191],[-73.23393,42.77095],[-73.23443,42.77009],[-73.23389,42.76962],[-73.23359,42.76908],[-73.23357,42.76861],[-73.23293,42.76813],[-73.23243,42.76728],[-73.23233,42.76676],[-73.2325,42.76606],[-73.23138,42.76557],[-73.23074,42.76434],[-73.22931,42.7643],[-73.22836,42.76365],[-73.22803,42.7625],[-73.22833,42.76175],[-73.22914,42.76125],[-73.23068,42.76106],[-73.23104,42.7604],[-73.23179,42.75997],[-73.23518,42.75958],[-73.23624,42.75996],[-73.23722,42.76107],[-73.23741,42.76176],[-73.2371,42.76244],[-73.23798,42.76253],[-73.23875,42.76297],[-73.2395,42.76253],[-73.24056,42.76245],[-73.24177,42.76292],[-73.24287,42.76292],[-73.24396,42.7633],[-73.24453,42.76375],[-73.24503,42.76471],[-73.2448,42.76567],[-73.24505,42.76634],[-73.24488,42.76701],[-73.24488,42.76884],[-73.24556,42.76901],[-73.2461,42.76935],[-73.24643,42.76982],[-73.24648,42.77035]]]}},{"type":"Feature","properties":{"PWSID":"VT0005247","PWS_Name":"WEBSTERVILLE WATER SYSTEM","Pop_Cat_5":"<=500","Population_Served_Count":367,"Service_Connections_Count":124,"Service_Area_Type":"Residential Area","Model_Method":"","boundary_source":"Authoritative (VT/local)","is_community":true,"Area_SqKM":1.7710304570828175,"Detailed_Facility_Report":"https://echo.epa.gov/detailed-facility-report?fid=VT0005247&sys=SDWIS"},"geometry":{"type":"Polygon","coordinates":[[[-72.46214,44.15908],[-72.46308,44.15925],[-72.46154,44.15818],[-72.46124,44.15725],[-72.46195,44.15571],[-72.4627,44.15507],[-72.46362,44.15485],[-72.46457,44.15498],[-72.46665,44.15646],[-72.46744,44.15637],[-72.46811,44.1559],[-72.46953,44.15553],[-72.46907,44.15509],[-72.46888,44.15463],[-72.46816,44.15439],[-72.46764,44.15402],[-72.46733,44.15318],[-72.46957,44.14756],[-72.46996,44.14706],[-72.47088,44.14664],[-72.47197,44.14667],[-72.47554,44.14838],[-72.47608,44.14896],[-72.47612,44.14972],[-72.47739,44.151],[-72.47757,44.15246],[-72.4768,44.15365],[-72.4768,44.15423],[-72.47655,44.15472],[-72.47525,44.15573],[-72.47535,44.15657],[-72.47511,44.15732],[-72.4739,44.15815],[-72.47396,44.15885],[-72.47324,44.16061],[-72.47169,44.1619],[-72.47229,44.1625],[-72.47387,44.16295],[-72.47456,44.16345],[-72.47479,44.1643],[-72.47434,44.16501],[-72.47179,44.16621],[-72.47133,44.16676],[-72.47049,44.16711],[-72.46964,44.16713],[-72.4676,44.16667],[-72.46659,44.16688],[-72.46555,44.16665],[-72.46359,44.16516],[-72.46323,44.1647],[-72.46315,44.16409],[-72.46352,44.16257],[-72.46322,44.16232],[-72.46231,44.1624],[-72.46107,44.16211],[-72.46049,44.16178],[-72.46012,44.16133],[-72.46006,44.16063],[-72.46058,44.15968],[-72.4612,44.15926],[-72.46214,44.15908]]]}},{"type":"Feature","properties":{"PWSID":"VT0020508","PWS_Name":"SOLITUDE WATER SYSTEM","Pop_Cat_5":"501-3,300","Population_Served_Count":976,"Service_Connections_Count":160,"Service_Area_Type":"Residential Area","Model_Method":"","boundary_source":"Authoritative (VT/local)","is_community":true,"Area_SqKM":1.7242238903146268,"Detailed_Facility_Report":"https://echo.epa.gov/detailed-facility-report?fid=VT0020508&sys=SDWIS"},"geometry":{"type":"MultiPolygon","coordinates":[[[[-72.7162,43.42158],[-72.71882,43.42201],[-72.71945,43.42253],[-72.7197,43.42339],[-72.7194,43.42405],[-72.71838,43.4246],[-72.71785,43.42548],[-72.71684,43.42609],[-72.7159,43.42622],[-72.71489,43.42595],[-72.71369,43.42506],[-72.71332,43.42461],[-72.71323,43.42409],[-72.71347,43.4235],[-72.71436,43.42285],[-72.71481,43.42205],[-72.71549,43.42169],[-72.7162,43.42158]]],[[[-72.72264,43.40943],[-72.72414,43.40968],[-72.72549,43.41057],[-72.72986,43.41047],[-72.73057,43.41057],[-72.7314,43.41106],[-72.73248,43.41257],[-72.73239,43.4162],[-72.73177,43.41684],[-72.73077,43.41712],[-72.73035,43.41825],[-72.72999,43.4187],[-72.72891,43.41914],[-72.72969,43.41979],[-72.72987,43.42056],[-72.72948,43.42142],[-72.72854,43.42195],[-72.7269,43.42213],[-72.71885,43.42171],[-72.71537,43.41983],[-72.7138,43.41834],[-72.71371,43.41782],[-72.71389,43.41725],[-72.7133,43.41679],[-72.71282,43.41589],[-72.71287,43.41537],[-72.71319,43.4149],[-72.71429,43.41439],[-72.71627,43.41445],[-72.71676,43.41395],[-72.71762,43.41364],[-72.72246,43.41358],[-72.72246,43.41319],[-72.72181,43.4128],[-72.72083,43.41157],[-72.72064,43.41089],[-72.72083,43.41038],[-72.72133,43.40983],[-72.72193,43.40953],[-72.72264,43.40943]]]]}},{"type":"Feature","properties":{"PWSID":"VT0005557","PWS_Name":"WEST WIND WATER SYSTEM","Pop_Cat_5":"<=500","Population_Served_Count":64,"Service_Connections_Count":25,"Service_Area_Type":"Residential Area","Model_Method":"","boundary_source":"Authoritative (VT/local)","is_community":true,"Area_SqKM":1.7132341425127606,"Detailed_Facility_Report":"https://echo.epa.gov/detailed-facility-report?fid=VT0005557&sys=SDWIS"},"geometry":{"type":"Polygon","coordinates":[[[-73.29189,44.31725],[-73.29272,44.31738],[-73.29461,44.31811],[-73.2951,44.3185],[-73.29536,44.31909],[-73.29512,44.31985],[-73.29432,44.32045],[-73.29439,44.32168],[-73.29404,44.32281],[-73.29337,44.32372],[-73.29281,44.32412],[-73.29273,44.32535],[-73.29288,44.32606],[-73.29263,44.32673],[-73.29216,44.32717],[-73.29067,44.32786],[-73.29008,44.32837],[-73.28931,44.32976],[-73.28776,44.33173],[-73.28677,44.33206],[-73.2845,44.33199],[-73.28442,44.33334],[-73.2835,44.33421],[-73.28221,44.33444],[-73.28046,44.33394],[-73.27913,44.3338],[-73.27828,44.33307],[-73.2775,44.33028],[-73.27537,44.32679],[-73.27557,44.32585],[-73.27647,44.32527],[-73.27644,44.32478],[-73.27667,44.32428],[-73.27768,44.32367],[-73.28163,44.32315],[-73.28214,44.32241],[-73.28337,44.322],[-73.28375,44.32151],[-73.28441,44.32116],[-73.28442,44.32043],[-73.28498,44.31976],[-73.28573,44.31946],[-73.28758,44.31922],[-73.28766,44.3184],[-73.28829,44.31776],[-73.28907,44.3175],[-73.29189,44.31725]]]}},{"type":"Feature","properties":{"PWSID":"VT0005191","PWS_Name":"COVENTRY FIRE DISTRICT 1","Pop_Cat_5":"<=500","Population_Served_Count":251,"Service_Connections_Count":70,"Service_Area_Type":"Residential Area","Model_Method":"","boundary_source":"Authoritative (VT/local)","is_community":true,"Area_SqKM":1.6711195991868646,"Detailed_Facility_Report":"https://echo.epa.gov/detailed-facility-report?fid=VT0005191&sys=SDWIS"},"geometry":{"type":"Polygon","coordinates":[[[-72.27114,44.85962],[-72.27202,44.85978],[-72.27389,44.86049],[-72.27444,44.86083],[-72.27481,44.86148],[-72.27466,44.86221],[-72.27633,44.86334],[-72.27656,44.86384],[-72.27648,44.86445],[-72.2758,44.86513],[-72.27492,44.86549],[-72.27454,44.86614],[-72.27337,44.86697],[-72.27378,44.86748],[-72.27391,44.86804],[-72.27375,44.86861],[-72.27336,44.86905],[-72.27239,44.8695],[-72.27128,44.86955],[-72.27051,44.87021],[-72.26969,44.87047],[-72.26773,44.87266],[-72.26665,44.8734],[-72.26558,44.87473],[-72.26455,44.87511],[-72.26342,44.87507],[-72.26228,44.87444],[-72.26167,44.8735],[-72.26189,44.87194],[-72.26267,44.87056],[-72.26214,44.8696],[-72.25973,44.86734],[-72.25954,44.86683],[-72.25967,44.86626],[-72.25918,44.86607],[-72.25819,44.86602],[-72.25715,44.86563],[-72.25588,44.86463],[-72.25551,44.86398],[-72.2556,44.86337],[-72.25624,44.86249],[-72.25718,44.86208],[-72.26098,44.86231],[-72.26225,44.86073],[-72.26325,44.86026],[-72.2636,44.8592],[-72.26457,44.85867],[-72.26727,44.85864],[-72.26839,44.85885],[-72.26924,44.85935],[-72.26956,44.86009],[-72.27041,44.85972],[-72.27114,44.85962]]]}},{"type":"Feature","properties":{"PWSID":"VT0005086","PWS_Name":"RIVERVIEW COMMONS","Pop_Cat_5":"<=500","Population_Served_Count":388,"Service_Connections_Count":148,"Service_Area_Type":"Mobile Home Park","Model_Method":"","boundary_source":"Authoritative (VT/local)","is_community":false,"Area_SqKM":1.6205879798971285,"Detailed_Facility_Report":"https://echo.epa.gov/detailed-facility-report?fid=VT0005086&sys=SDWIS"},"geometry":{"type":"MultiPolygon","coordinates":[[[[-73.00444,44.42635],[-73.00527,44.42649],[-73.00598,44.4269],[-73.00848,44.42528],[-73.01032,44.42464],[-73.01126,44.42415],[-73.01197,44.42401],[-73.0127,44.42408],[-73.01384,44.42445],[-73.01568,44.42554],[-73.01651,44.42652],[-73.01655,44.4273],[-73.01278,44.43371],[-73.01214,44.43424],[-73.01111,44.43451],[-73.01021,44.43445],[-73.00331,44.43247],[-73.00208,44.432],[-73.00155,44.43163],[-73.00127,44.43115],[-73.00126,44.43062],[-73.00215,44.42952],[-73.00148,44.42877],[-73.00155,44.42791],[-73.00196,44.42747],[-73.0033,44.42664],[-73.00444,44.42635]]],[[[-73.0192,44.41445],[-73.01992,44.41455],[-73.02054,44.41484],[-73.02099,44.41536],[-73.02108,44.41598],[-73.02216,44.41636],[-73.02269,44.41705],[-73.02269,44.41757],[-73.02224,44.41856],[-73.02255,44.41907],[-73.02283,44.42028],[-73.02286,44.42165],[-73.02235,44.42234],[-73.02139,44.42271],[-73.01927,44.42285],[-73.01833,44.42268],[-73.01763,44.42219],[-73.01735,44.42151],[-73.01642,44.4211],[-73.01599,44.42048],[-73.01554,44.41827],[-73.01567,44.41569],[-73.01657,44.41499],[-73.0192,44.41445]]],[[[-72.93986,44.38761],[-72.94081,44.38778],[-72.94153,44.38831],[-72.94298,44.38794],[-72.94422,44.38827],[-72.9453,44.38965],[-72.94527,44.39027],[-72.94487,44.39081],[-72.94232,44.39188],[-72.941,44.39172],[-72.93988,44.39187],[-72.93889,44.39155],[-72.93753,44.38975],[-72.93742,44.38897],[-72.93811,44.38816],[-72.93914,44.38771],[-72.93986,44.38761]]]]}},{"type":"Feature","properties":{"PWSID":"VT0005038","PWS_Name":"EAST HARDWICK FIRE DISTRICT 1","Pop_Cat_5":"<=500","Population_Served_Count":350,"Service_Connections_Count":100,"Service_Area_Type":"Residential Area","Model_Method":"","boundary_source":"Authoritative (VT/local)","is_community":true,"Area_SqKM":1.5599090567813778,"Detailed_Facility_Report":"https://echo.epa.gov/detailed-facility-report?fid=VT0005038&sys=SDWIS"},"geometry":{"type":"Polygon","coordinates":[[[-72.30437,44.51351],[-72.30559,44.51383],[-72.30718,44.51482],[-72.30759,44.5154],[-72.30975,44.51486],[-72.31048,44.51493],[-72.31121,44.51526],[-72.31173,44.51575],[-72.31192,44.51625],[-72.31182,44.51678],[-72.31145,44.51723],[-72.31179,44.51791],[-72.3116,44.51859],[-72.31399,44.51819],[-72.31473,44.51819],[-72.3167,44.51893],[-72.31729,44.51938],[-72.31753,44.51997],[-72.31739,44.52057],[-72.31472,44.52444],[-72.31402,44.52493],[-72.31333,44.5251],[-72.31251,44.52505],[-72.3115,44.52479],[-72.30945,44.52396],[-72.30868,44.52524],[-72.30791,44.52592],[-72.30703,44.52622],[-72.30562,44.52627],[-72.3044,44.52591],[-72.30377,44.52528],[-72.30372,44.52438],[-72.30426,44.52324],[-72.30418,44.52268],[-72.30373,44.52247],[-72.30267,44.52223],[-72.30216,44.52227],[-72.30223,44.52298],[-72.30179,44.52361],[-72.30093,44.52403],[-72.29982,44.5242],[-72.2984,44.52403],[-72.29727,44.52318],[-72.29702,44.52251],[-72.29722,44.52191],[-72.29767,44.52149],[-72.2989,44.52085],[-72.29575,44.51823],[-72.2955,44.51764],[-72.2957,44.51696],[-72.2977,44.5156],[-72.29813,44.51494],[-72.29876,44.51452],[-72.29946,44.51435],[-72.30019,44.51439],[-72.3017,44.51514],[-72.30227,44.51492],[-72.30312,44.51384],[-72.30437,44.51351]]]}},{"type":"Feature","properties":{"PWSID":"VT0005158","PWS_Name":"MORRISTOWN CORNERS WATER CORP","Pop_Cat_5":"<=500","Population_Served_Count":150,"Service_Connections_Count":55,"Service_Area_Type":"Residential Area","Model_Method":"","boundary_source":"Authoritative (VT/local)","is_community":true,"Area_SqKM":1.5379602545116022,"Detailed_Facility_Report":"https://echo.epa.gov/detailed-facility-report?fid=VT0005158&sys=SDWIS"},"geometry":{"type":"Polygon","coordinates":[[[-72.63121,44.55753],[-72.63204,44.55767],[-72.63271,44.55805],[-72.63336,44.55961],[-72.63319,44.56077],[-72.63279,44.56121],[-72.63217,44.5615],[-72.62953,44.56183],[-72.62864,44.56162],[-72.62777,44.56108],[-72.62707,44.56193],[-72.62595,44.56226],[-72.62522,44.56219],[-72.6238,44.56175],[-72.62325,44.56259],[-72.62264,44.56288],[-72.62195,44.56299],[-72.62099,44.56406],[-72.61978,44.56445],[-72.61893,44.56435],[-72.61509,44.56299],[-72.61429,44.56233],[-72.61416,44.56164],[-72.61524,44.55758],[-72.61473,44.55679],[-72.6147,44.55618],[-72.61542,44.55466],[-72.61585,44.55421],[-72.61562,44.55366],[-72.61576,44.55305],[-72.61617,44.55261],[-72.61678,44.55232],[-72.61916,44.55198],[-72.62054,44.55196],[-72.62259,44.55257],[-72.62338,44.55321],[-72.62426,44.55288],[-72.62478,44.55233],[-72.62554,44.55204],[-72.62627,44.55201],[-72.62794,44.55232],[-72.62866,44.55268],[-72.62988,44.55383],[-72.63075,44.55433],[-72.63117,44.55476],[-72.63125,44.55592],[-72.63063,44.55687],[-72.63106,44.55753],[-72.63121,44.55753]]]}},{"type":"Feature","properties":{"PWSID":"VT0005058","PWS_Name":"COLCHESTER FIRE DISTRICT 1","Pop_Cat_5":"501-3,300","Population_Served_Count":2066,"Service_Connections_Count":63,"Service_Area_Type":"Residential Area","Model_Method":"","boundary_source":"Authoritative (VT/local)","is_community":true,"Area_SqKM":1.450891311365494,"Detailed_Facility_Report":"https://echo.epa.gov/detailed-facility-report?fid=VT0005058&sys=SDWIS"},"geometry":{"type":"Polygon","coordinates":[[[-73.17016,44.48855],[-73.17187,44.48881],[-73.17272,44.48908],[-73.17332,44.48963],[-73.17346,44.49029],[-73.17281,44.49397],[-73.16947,44.49831],[-73.16899,44.49871],[-73.16833,44.49894],[-73.16759,44.49898],[-73.16407,44.49828],[-73.1633,44.49854],[-73.16307,44.49936],[-73.16142,44.50094],[-73.16081,44.50124],[-73.16009,44.50135],[-73.15925,44.50121],[-73.1569,44.50031],[-73.15263,44.49843],[-73.15225,44.49779],[-73.15242,44.49701],[-73.15594,44.49384],[-73.15696,44.49356],[-73.15862,44.49364],[-73.1593,44.49384],[-73.16011,44.49433],[-73.16144,44.49261],[-73.16102,44.49203],[-73.16076,44.49122],[-73.16093,44.49045],[-73.16178,44.48983],[-73.16336,44.48954],[-73.16354,44.48889],[-73.16408,44.48841],[-73.16486,44.48816],[-73.16676,44.48806],[-73.16844,44.48824],[-73.16934,44.48869],[-73.17016,44.48855]]]}},{"type":"Feature","properties":{"PWSID":"VT0005281","PWS_Name":"MOUNTAIN WATER COMPANY","Pop_Cat_5":"501-3,300","Population_Served_Count":2400,"Service_Connections_Count":652,"Service_Area_Type":"Residential Area","Model_Method":"","boundary_source":"Authoritative (VT/local)","is_community":true,"Area_SqKM":1.405447386196167,"Detailed_Facility_Report":"https://echo.epa.gov/detailed-facility-report?fid=VT0005281&sys=SDWIS"},"geometry":{"type":"MultiPolygon","coordinates":[[[[-72.82887,44.06763],[-72.83053,44.06808],[-72.83098,44.06849],[-72.83117,44.069],[-72.83108,44.06953],[-72.83052,44.07047],[-72.82986,44.07086],[-72.82916,44.071],[-72.82843,44.07093],[-72.82761,44.07065],[-72.82706,44.07018],[-72.82687,44.06967],[-72.82688,44.06903],[-72.82731,44.06824],[-72.82793,44.06782],[-72.82887,44.06763]]],[[[-72.88922,44.13389],[-72.88938,44.13306],[-72.89012,44.13248],[-72.89181,44.13218],[-72.89327,44.1323],[-72.89404,44.13255],[-72.89459,44.13302],[-72.89497,44.13475],[-72.89459,44.13536],[-72.89383,44.13579],[-72.8929,44.1359],[-72.89154,44.13583],[-72.89022,44.13532],[-72.88922,44.13389]]],[[[-72.89142,44.13738],[-72.89229,44.13753],[-72.89382,44.13838],[-72.89543,44.13882],[-72.89706,44.14027],[-72.89859,44.1412],[-72.89938,44.14464],[-72.89913,44.14532],[-72.89845,44.14582],[-72.89776,44.14599],[-72.89679,44.14596],[-72.8955,44.14627],[-72.89462,44.14682],[-72.89378,44.14693],[-72.89257,44.14654],[-72.8917,44.14534],[-72.8914,44.14592],[-72.89093,44.14633],[-72.8897,44.14667],[-72.88887,44.14653],[-72.88812,44.14609],[-72.88645,44.14605],[-72.88554,44.14549],[-72.88522,44.14477],[-72.88453,44.14398],[-72.88419,44.14166],[-72.88438,44.14106],[-72.88512,44.14049],[-72.8862,44.14027],[-72.88616,44.13934],[-72.88674,44.13837],[-72.88723,44.13795],[-72.88811,44.13766],[-72.88888,44.13763],[-72.8898,44.13728],[-72.89142,44.13738]]],[[[-72.82898,44.05348],[-72.83129,44.05403],[-72.83284,44.05483],[-72.83313,44.05532],[-72.83328,44.05631],[-72.83304,44.05685],[-72.83246,44.0573],[-72.83155,44.05753],[-72.82932,44.05746],[-72.82812,44.05725],[-72.82739,44.05679],[-72.82709,44.05622],[-72.82701,44.0547],[-72.82775,44.05382],[-72.82898,44.05348]]]]}},{"type":"Feature","properties":{"PWSID":"VT0020333","PWS_Name":"MALLETTS BAY WATER CO","Pop_Cat_5":"501-3,300","Population_Served_Count":533,"Service_Connections_Count":232,"Service_Area_Type":"Residential Area","Model_Method":"","boundary_source":"Authoritative (VT/local)","is_community":true,"Area_SqKM":1.3948439433278197,"Detailed_Facility_Report":"https://echo.epa.gov/detailed-facility-report?fid=VT0020333&sys=SDWIS"},"geometry":{"type":"Polygon","coordinates":[[[-73.20172,44.49193],[-73.20297,44.49225],[-73.2036,44.49301],[-73.20366,44.49382],[-73.20318,44.49483],[-73.20307,44.49618],[-73.2032,44.4981],[-73.20393,44.49995],[-73.20475,44.50099],[-73.20571,44.50167],[-73.20597,44.50234],[-73.20573,44.50301],[-73.20441,44.50442],[-73.2046,44.50531],[-73.20433,44.5058],[-73.20381,44.50617],[-73.20348,44.507],[-73.20366,44.50773],[-73.20347,44.50833],[-73.20262,44.50895],[-73.2013,44.50913],[-73.19984,44.5088],[-73.19442,44.50809],[-73.19383,44.50777],[-73.19344,44.50729],[-73.19131,44.50645],[-73.1909,44.50601],[-73.19075,44.5055],[-73.19089,44.50498],[-73.19233,44.50289],[-73.1917,44.50251],[-73.19137,44.50204],[-73.19131,44.50151],[-73.19154,44.50101],[-73.19335,44.49915],[-73.19401,44.49891],[-73.19547,44.49878],[-73.20016,44.49254],[-73.20078,44.49211],[-73.20172,44.49193]]]}},{"type":"Feature","properties":{"PWSID":"VT0021272","PWS_Name":"SOUTH FACE VILLAGE AT OKEMO","Pop_Cat_5":"<=500","Population_Served_Count":70,"Service_Connections_Count":28,"Service_Area_Type":"Homeowners Association","Model_Method":"","boundary_source":"Authoritative (VT/local)","is_community":true,"Area_SqKM":1.377650209493956,"Detailed_Facility_Report":"https://echo.epa.gov/detailed-facility-report?fid=VT0021272&sys=SDWIS"},"geometry":{"type":"Polygon","coordinates":[[[-72.72973,43.38534],[-72.73463,43.38537],[-72.73548,43.38555],[-72.73625,43.38539],[-72.74041,43.38541],[-72.74122,43.38558],[-72.74183,43.386],[-72.74215,43.38684],[-72.74099,43.39614],[-72.74075,43.39669],[-72.74018,43.39714],[-72.73915,43.39737],[-72.73107,43.39727],[-72.73026,43.3971],[-72.72965,43.39668],[-72.72928,43.39556],[-72.72949,43.39242],[-72.72924,43.39165],[-72.72823,43.39111],[-72.72764,43.38996],[-72.72799,43.38626],[-72.72871,43.38557],[-72.72973,43.38534]]]}},{"type":"Feature","properties":{"PWSID":"VT0005107","PWS_Name":"CANAAN FD #2","Pop_Cat_5":"<=500","Population_Served_Count":350,"Service_Connections_Count":113,"Service_Area_Type":"Residential Area","Model_Method":"","boundary_source":"Authoritative (VT/local)","is_community":true,"Area_SqKM":1.3669653024369917,"Detailed_Facility_Report":"https://echo.epa.gov/detailed-facility-report?fid=VT0005107&sys=SDWIS"},"geometry":{"type":"Polygon","coordinates":[[[-71.5051,45.00634],[-71.50699,45.00631],[-71.50954,45.00485],[-71.51048,45.00463],[-71.51121,45.00471],[-71.51185,45.00498],[-71.51277,45.00618],[-71.51292,45.00682],[-71.51266,45.00741],[-71.51057,45.0087],[-71.50865,45.01088],[-71.50951,45.01129],[-71.50999,45.0119],[-71.51,45.01324],[-71.50961,45.01388],[-71.50894,45.01426],[-71.50815,45.01439],[-71.50407,45.01433],[-71.50341,45.01444],[-71.49872,45.01448],[-71.49704,45.01443],[-71.49614,45.01416],[-71.49547,45.01343],[-71.49413,45.00808],[-71.4944,45.00732],[-71.49525,45.00678],[-71.49428,45.00644],[-71.49376,45.00606],[-71.49314,45.00439],[-71.49328,45.0037],[-71.49404,45.00285],[-71.49565,45.00218],[-71.49732,45.00235],[-71.49889,45.00337],[-71.49932,45.00433],[-71.5009,45.00597],[-71.50199,45.00643],[-71.50244,45.00679],[-71.5034,45.00641],[-71.5051,45.00634]]]}},{"type":"Feature","properties":{"PWSID":"VT0020466","PWS_Name":"WESTBURY PARK","Pop_Cat_5":"501-3,300","Population_Served_Count":663,"Service_Connections_Count":253,"Service_Area_Type":"Mobile Home Park","Model_Method":"","boundary_source":"Authoritative (VT/local)","is_community":false,"Area_SqKM":1.3392687118410558,"Detailed_Facility_Report":"https://echo.epa.gov/detailed-facility-report?fid=VT0020466&sys=SDWIS"},"geometry":{"type":"Polygon","coordinates":[[[-73.14446,44.50689],[-73.14578,44.50723],[-73.14679,44.50689],[-73.14787,44.50701],[-73.159,44.51129],[-73.15963,44.51171],[-73.15995,44.51237],[-73.15977,44.51305],[-73.15696,44.51699],[-73.15537,44.51808],[-73.15457,44.5183],[-73.15371,44.51825],[-73.14803,44.51639],[-73.14693,44.51667],[-73.14596,44.51659],[-73.1397,44.5132],[-73.13938,44.51254],[-73.13961,44.51179],[-73.14297,44.50743],[-73.14363,44.50703],[-73.14446,44.50689]]]}},{"type":"Feature","properties":{"PWSID":"VT0005427","PWS_Name":"WARNER PLACE WATER SYSTEM","Pop_Cat_5":"<=500","Population_Served_Count":42,"Service_Connections_Count":22,"Service_Area_Type":"Residential Area","Model_Method":"","boundary_source":"Authoritative (VT/local)","is_community":true,"Area_SqKM":1.2621415078261315,"Detailed_Facility_Report":"https://echo.epa.gov/detailed-facility-report?fid=VT0005427&sys=SDWIS"},"geometry":{"type":"Polygon","coordinates":[[[-72.50248,43.12784],[-72.5037,43.12818],[-72.50445,43.12904],[-72.50595,43.12876],[-72.50697,43.12899],[-72.508,43.12991],[-72.50844,43.13107],[-72.50984,43.13167],[-72.5115,43.13186],[-72.51262,43.13251],[-72.51302,43.13295],[-72.51317,43.13346],[-72.51266,43.13522],[-72.51226,43.13565],[-72.51155,43.13598],[-72.50943,43.13602],[-72.50949,43.13658],[-72.50918,43.13737],[-72.50874,43.13779],[-72.508,43.13808],[-72.50729,43.13811],[-72.50616,43.13789],[-72.50534,43.13802],[-72.50463,43.13792],[-72.50374,43.13735],[-72.5033,43.13635],[-72.50236,43.13625],[-72.50149,43.13753],[-72.50067,43.13802],[-72.49918,43.13831],[-72.49627,43.13812],[-72.49544,43.13762],[-72.49513,43.13687],[-72.49546,43.13417],[-72.49548,43.13206],[-72.49594,43.12923],[-72.49643,43.12874],[-72.49716,43.12845],[-72.50085,43.12842],[-72.50167,43.12798],[-72.50248,43.12784]]]}},{"type":"Feature","properties":{"PWSID":"VT0005499","PWS_Name":"COLONIAL ESTATES WATER CORP","Pop_Cat_5":"<=500","Population_Served_Count":300,"Service_Connections_Count":78,"Service_Area_Type":"Residential Area","Model_Method":"","boundary_source":"Authoritative (VT/local)","is_community":true,"Area_SqKM":1.2449420600954704,"Detailed_Facility_Report":"https://echo.epa.gov/detailed-facility-report?fid=VT0005499&sys=SDWIS"},"geometry":{"type":"Polygon","coordinates":[[[-72.95748,43.64671],[-72.9586,43.64688],[-72.96014,43.64685],[-72.96077,43.64711],[-72.96127,43.64761],[-72.96142,43.64854],[-72.961,43.64923],[-72.96149,43.64998],[-72.96159,43.65197],[-72.96121,43.6528],[-72.9601,43.6533],[-72.95686,43.65341],[-72.95456,43.65739],[-72.95282,43.65987],[-72.95204,43.6604],[-72.95097,43.66054],[-72.94957,43.66018],[-72.94889,43.65969],[-72.94863,43.65905],[-72.94533,43.65915],[-72.94432,43.65888],[-72.94368,43.65825],[-72.94334,43.65668],[-72.94345,43.65595],[-72.944,43.65504],[-72.94511,43.65422],[-72.94633,43.65366],[-72.94711,43.65283],[-72.94749,43.65206],[-72.94857,43.65149],[-72.94914,43.6506],[-72.94974,43.6501],[-72.95145,43.64924],[-72.95215,43.64905],[-72.95295,43.64828],[-72.95357,43.64795],[-72.95529,43.6475],[-72.95664,43.64684],[-72.95748,43.64671]]]}},{"type":"Feature","properties":{"PWSID":"VT0005090","PWS_Name":"SOUTH BURLINGTON FIRE DISTRICT","Pop_Cat_5":"<=500","Population_Served_Count":250,"Service_Connections_Count":78,"Service_Area_Type":"Residential Area","Model_Method":"","boundary_source":"Authoritative (VT/local)","is_community":true,"Area_SqKM":1.206761925244335,"Detailed_Facility_Report":"https://echo.epa.gov/detailed-facility-report?fid=VT0005090&sys=SDWIS"},"geometry":{"type":"Polygon","coordinates":[[[-73.21569,44.44481],[-73.21583,44.44429],[-73.21649,44.44351],[-73.21707,44.44319],[-73.21781,44.44305],[-73.21786,44.44291],[-73.2171,44.44245],[-73.21674,44.44173],[-73.2168,44.4406],[-73.21751,44.43986],[-73.21718,44.43923],[-73.21728,44.43853],[-73.21796,44.43783],[-73.21919,44.4375],[-73.22099,44.43757],[-73.22225,44.43824],[-73.22281,44.43934],[-73.22291,44.44124],[-73.22432,44.44141],[-73.22594,44.44117],[-73.22794,44.44123],[-73.22951,44.44148],[-73.23045,44.4414],[-73.23223,44.44162],[-73.23458,44.44273],[-73.23524,44.44345],[-73.23545,44.44415],[-73.23514,44.44513],[-73.23365,44.44656],[-73.23304,44.44771],[-73.23242,44.44814],[-73.2316,44.44832],[-73.21882,44.44777],[-73.21779,44.44718],[-73.21756,44.44624],[-73.21675,44.44611],[-73.21608,44.44573],[-73.21569,44.44481]]]}},{"type":"Feature","properties":{"PWSID":"VT0005534","PWS_Name":"RUTLAND TOWN FIRE DISTRICT 1","Pop_Cat_5":"<=500","Population_Served_Count":401,"Service_Connections_Count":153,"Service_Area_Type":"Residential Area","Model_Method":"","boundary_source":"Authoritative (VT/local)","is_community":true,"Area_SqKM":1.1936210585550382,"Detailed_Facility_Report":"https://echo.epa.gov/detailed-facility-report?fid=VT0005534&sys=SDWIS"},"geometry":{"type":"Polygon","coordinates":[[[-73.01593,43.59999],[-73.01713,43.59971],[-73.01798,43.59977],[-73.01886,43.60022],[-73.01923,43.60087],[-73.01919,43.60139],[-73.01876,43.60216],[-73.01873,43.60278],[-73.01842,43.60325],[-73.01661,43.60463],[-73.01589,43.6049],[-73.01522,43.60494],[-73.01633,43.60605],[-73.01708,43.60719],[-73.01804,43.60906],[-73.01805,43.60976],[-73.01729,43.61053],[-73.01519,43.6112],[-73.01447,43.61128],[-73.01372,43.61112],[-73.01287,43.61141],[-73.01202,43.61139],[-73.01128,43.61111],[-73.01079,43.61062],[-73.01012,43.61062],[-73.00944,43.61042],[-73.00815,43.60958],[-73.00735,43.60737],[-73.00751,43.60662],[-73.00728,43.60618],[-73.00651,43.60546],[-73.00401,43.60545],[-73.00321,43.60524],[-73.00248,43.60455],[-73.00234,43.60343],[-73.00284,43.60257],[-73.00388,43.60195],[-73.00657,43.60174],[-73.00792,43.60185],[-73.00959,43.59899],[-73.0106,43.59838],[-73.01167,43.59835],[-73.013,43.59881],[-73.0137,43.59932],[-73.01453,43.59962],[-73.01505,43.60016],[-73.01593,43.59999]]]}},{"type":"Feature","properties":{"PWSID":"VT0020456","PWS_Name":"KINGSWOOD AT MOUNT SNOW","Pop_Cat_5":"<=500","Population_Served_Count":425,"Service_Connections_Count":113,"Service_Area_Type":"Residential Area","Model_Method":"","boundary_source":"Authoritative (VT/local)","is_community":true,"Area_SqKM":1.1826764740567504,"Detailed_Facility_Report":"https://echo.epa.gov/detailed-facility-report?fid=VT0020456&sys=SDWIS"},"geometry":{"type":"Polygon","coordinates":[[[-72.87518,42.93922],[-72.8833,42.93953],[-72.88445,42.93998],[-72.88491,42.94086],[-72.88454,42.9468],[-72.88844,42.94692],[-72.88911,42.94712],[-72.88962,42.94749],[-72.88993,42.94815],[-72.88991,42.95072],[-72.88973,42.95123],[-72.8893,42.95165],[-72.88809,42.95199],[-72.88216,42.9518],[-72.88148,42.95163],[-72.88089,42.95123],[-72.8798,42.95114],[-72.87901,42.95076],[-72.87859,42.95013],[-72.87864,42.94922],[-72.8781,42.94879],[-72.87781,42.94832],[-72.87793,42.94731],[-72.87748,42.94645],[-72.87653,42.94583],[-72.87569,42.94557],[-72.87516,42.9451],[-72.87341,42.94093],[-72.87338,42.94031],[-72.87372,42.93975],[-72.87436,42.93936],[-72.87518,42.93922]]]}},{"type":"Feature","properties":{"PWSID":"VT0005181","PWS_Name":"THETFORD WATER COOP INC","Pop_Cat_5":"<=500","Population_Served_Count":115,"Service_Connections_Count":40,"Service_Area_Type":"Residential Area","Model_Method":"","boundary_source":"Authoritative (VT/local)","is_community":true,"Area_SqKM":1.1746576016371835,"Detailed_Facility_Report":"https://echo.epa.gov/detailed-facility-report?fid=VT0005181&sys=SDWIS"},"geometry":{"type":"Polygon","coordinates":[[[-72.22964,43.81142],[-72.2309,43.81169],[-72.23155,43.81208],[-72.23194,43.8129],[-72.2316,43.81402],[-72.2326,43.81487],[-72.23285,43.81555],[-72.23395,43.81572],[-72.23474,43.81638],[-72.23483,43.81876],[-72.23448,43.81931],[-72.23388,43.81968],[-72.23409,43.81997],[-72.23483,43.82035],[-72.23534,43.82095],[-72.23564,43.82158],[-72.23555,43.82219],[-72.23472,43.82292],[-72.23231,43.82358],[-72.23117,43.82329],[-72.22969,43.82211],[-72.22887,43.82377],[-72.22835,43.82414],[-72.22768,43.82434],[-72.22552,43.82426],[-72.22334,43.82379],[-72.22246,43.82333],[-72.2221,43.82269],[-72.22215,43.82216],[-72.22279,43.82097],[-72.2232,43.82053],[-72.22381,43.82024],[-72.22569,43.82016],[-72.22581,43.81975],[-72.22494,43.81948],[-72.22436,43.81903],[-72.22412,43.81844],[-72.2242,43.81763],[-72.22382,43.8171],[-72.22163,43.81698],[-72.22071,43.81656],[-72.22027,43.81585],[-72.2204,43.81511],[-72.22085,43.81459],[-72.22169,43.81424],[-72.2242,43.81429],[-72.22386,43.8138],[-72.22383,43.81319],[-72.22419,43.81238],[-72.22488,43.81189],[-72.22581,43.81171],[-72.22832,43.81182],[-72.22893,43.81152],[-72.22964,43.81142]]]}},{"type":"Feature","properties":{"PWSID":"VT0005652","PWS_Name":"JERICHO EAST HOME OWNERS ASSOCIATION","Pop_Cat_5":"<=500","Population_Served_Count":300,"Service_Connections_Count":74,"Service_Area_Type":"Residential Area","Model_Method":"","boundary_source":"Authoritative (VT/local)","is_community":true,"Area_SqKM":1.1699568913763079,"Detailed_Facility_Report":"https://echo.epa.gov/detailed-facility-report?fid=VT0005652&sys=SDWIS"},"geometry":{"type":"Polygon","coordinates":[[[-72.96519,44.50169],[-72.96624,44.50191],[-72.96866,44.50336],[-72.96933,44.50358],[-72.97332,44.50572],[-72.97386,44.5063],[-72.974,44.50712],[-72.97371,44.50769],[-72.97131,44.51008],[-72.97222,44.51062],[-72.97258,44.51118],[-72.97252,44.51188],[-72.97198,44.51246],[-72.97111,44.51277],[-72.96899,44.51292],[-72.96803,44.51337],[-72.96673,44.51371],[-72.96588,44.51386],[-72.96504,44.51376],[-72.96414,44.51423],[-72.96245,44.51446],[-72.96165,44.51425],[-72.96113,44.51388],[-72.9606,44.51249],[-72.96069,44.51197],[-72.96106,44.51151],[-72.96164,44.51119],[-72.96249,44.51097],[-72.96217,44.51051],[-72.96213,44.50993],[-72.96001,44.5104],[-72.95893,44.51027],[-72.95801,44.50958],[-72.95775,44.50842],[-72.95804,44.50784],[-72.9637,44.50222],[-72.96436,44.50183],[-72.96519,44.50169]]]}},{"type":"Feature","properties":{"PWSID":"VT0020449","PWS_Name":"WAKE ROBIN CORP","Pop_Cat_5":"501-3,300","Population_Served_Count":519,"Service_Connections_Count":280,"Service_Area_Type":"Residential Area","Model_Method":"","boundary_source":"Authoritative (VT/local)","is_community":true,"Area_SqKM":1.1111695523838176,"Detailed_Facility_Report":"https://echo.epa.gov/detailed-facility-report?fid=VT0020449&sys=SDWIS"},"geometry":{"type":"Polygon","coordinates":[[[-73.25353,44.35154],[-73.25425,44.35164],[-73.25486,44.35193],[-73.25532,44.35245],[-73.25542,44.35297],[-73.25492,44.35695],[-73.25453,44.3586],[-73.25354,44.3609],[-73.2524,44.36263],[-73.25172,44.36313],[-73.25028,44.36344],[-73.24949,44.36394],[-73.24882,44.36414],[-73.24808,44.36415],[-73.24741,44.36395],[-73.24471,44.3642],[-73.24376,44.36403],[-73.24307,44.36354],[-73.24281,44.36287],[-73.24416,44.35935],[-73.24318,44.3543],[-73.24341,44.35354],[-73.24389,44.35314],[-73.24455,44.3529],[-73.25353,44.35154]]]}},{"type":"Feature","properties":{"PWSID":"VT0005207","PWS_Name":"WESTFIELD FIRE DISTRICT 1","Pop_Cat_5":"<=500","Population_Served_Count":120,"Service_Connections_Count":37,"Service_Area_Type":"Residential Area","Model_Method":"","boundary_source":"Authoritative (VT/local)","is_community":true,"Area_SqKM":1.1051962026933486,"Detailed_Facility_Report":"https://echo.epa.gov/detailed-facility-report?fid=VT0005207&sys=SDWIS"},"geometry":{"type":"Polygon","coordinates":[[[-72.42858,44.88345],[-72.43004,44.88367],[-72.4309,44.88417],[-72.43121,44.88483],[-72.43105,44.88596],[-72.43155,44.88641],[-72.43174,44.88692],[-72.43704,44.88692],[-72.43797,44.88733],[-72.43843,44.88805],[-72.43829,44.88984],[-72.43768,44.89059],[-72.4368,44.8909],[-72.43573,44.89089],[-72.43457,44.89132],[-72.43414,44.89169],[-72.4335,44.89196],[-72.43233,44.89197],[-72.43226,44.8925],[-72.43305,44.89333],[-72.43328,44.89382],[-72.43312,44.89611],[-72.43257,44.89692],[-72.43148,44.89731],[-72.42983,44.89727],[-72.42887,44.89674],[-72.42855,44.89608],[-72.42874,44.89446],[-72.42814,44.89387],[-72.428,44.89328],[-72.42755,44.89299],[-72.42737,44.89292],[-72.42471,44.89418],[-72.42372,44.89418],[-72.42285,44.89381],[-72.42153,44.89403],[-72.42035,44.89358],[-72.41943,44.89232],[-72.41956,44.89162],[-72.42006,44.89113],[-72.42154,44.89044],[-72.42246,44.89031],[-72.42291,44.88963],[-72.42429,44.88882],[-72.42547,44.88858],[-72.42567,44.88791],[-72.42621,44.88744],[-72.42683,44.88428],[-72.42753,44.88368],[-72.42858,44.88345]]]}},{"type":"Feature","properties":{"PWSID":"VT0005201","PWS_Name":"JAY PEAK SUBDIVISION II","Pop_Cat_5":"<=500","Population_Served_Count":66,"Service_Connections_Count":24,"Service_Area_Type":"Residential Area","Model_Method":"","boundary_source":"Authoritative (VT/local)","is_community":true,"Area_SqKM":1.1024425164649474,"Detailed_Facility_Report":"https://echo.epa.gov/detailed-facility-report?fid=VT0005201&sys=SDWIS"},"geometry":{"type":"Polygon","coordinates":[[[-72.47573,44.94137],[-72.47645,44.94147],[-72.47885,44.94228],[-72.4796,44.94285],[-72.47978,44.94362],[-72.47924,44.94445],[-72.47997,44.94477],[-72.48043,44.94529],[-72.48115,44.9482],[-72.4811,44.94873],[-72.4807,44.94927],[-72.47999,44.94963],[-72.47735,44.9498],[-72.47696,44.9502],[-72.47635,44.95049],[-72.4753,44.9506],[-72.47317,44.9513],[-72.472,44.95132],[-72.47091,44.95077],[-72.47031,44.94939],[-72.46766,44.94923],[-72.46693,44.94891],[-72.46651,44.94847],[-72.46639,44.94778],[-72.46686,44.94661],[-72.46619,44.94209],[-72.46687,44.94136],[-72.46753,44.94113],[-72.46824,44.94108],[-72.46878,44.94033],[-72.46987,44.93994],[-72.47108,44.94008],[-72.47196,44.9407],[-72.47275,44.94049],[-72.47361,44.94055],[-72.47573,44.94137]]]}},{"type":"Feature","properties":{"PWSID":"VT0005441","PWS_Name":"MCINDOE FALLS FIRE DISTRICT 3","Pop_Cat_5":"<=500","Population_Served_Count":176,"Service_Connections_Count":67,"Service_Area_Type":"Residential Area","Model_Method":"","boundary_source":"Authoritative (VT/local)","is_community":true,"Area_SqKM":1.0569151337572982,"Detailed_Facility_Report":"https://echo.epa.gov/detailed-facility-report?fid=VT0005441&sys=SDWIS"},"geometry":{"type":"Polygon","coordinates":[[[-72.06234,44.25512],[-72.06306,44.25523],[-72.06375,44.25559],[-72.06604,44.25813],[-72.0669,44.25921],[-72.06906,44.26301],[-72.0697,44.26457],[-72.07015,44.26504],[-72.07226,44.26908],[-72.07259,44.27018],[-72.0728,44.27168],[-72.07239,44.27222],[-72.0717,44.27257],[-72.07085,44.27267],[-72.0686,44.27249],[-72.06795,44.27235],[-72.06737,44.27202],[-72.06697,44.27148],[-72.0663,44.26939],[-72.06215,44.26572],[-72.06101,44.26417],[-72.06075,44.26349],[-72.06063,44.26226],[-72.06024,44.26162],[-72.05927,44.25688],[-72.05958,44.25631],[-72.06059,44.25551],[-72.06234,44.25512]]]}},{"type":"Feature","properties":{"PWSID":"VT0005184","PWS_Name":"EAST THETFORD WATER CO","Pop_Cat_5":"<=500","Population_Served_Count":250,"Service_Connections_Count":41,"Service_Area_Type":"Residential Area","Model_Method":"","boundary_source":"Authoritative (VT/local)","is_community":true,"Area_SqKM":1.0566619397117785,"Detailed_Facility_Report":"https://echo.epa.gov/detailed-facility-report?fid=VT0005184&sys=SDWIS"},"geometry":{"type":"MultiPolygon","coordinates":[[[[-72.20503,43.81002],[-72.2066,43.81018],[-72.2075,43.81087],[-72.20778,43.81365],[-72.20739,43.81447],[-72.20651,43.81492],[-72.2052,43.81501],[-72.20439,43.81483],[-72.20342,43.81427],[-72.20289,43.81533],[-72.2021,43.81587],[-72.1997,43.81623],[-72.19844,43.81595],[-72.19786,43.81539],[-72.19774,43.8147],[-72.19844,43.81329],[-72.19929,43.81227],[-72.19984,43.81192],[-72.20073,43.81172],[-72.20111,43.81108],[-72.20173,43.81066],[-72.20503,43.81002]]],[[[-72.18872,43.80732],[-72.18965,43.8075],[-72.19033,43.808],[-72.19057,43.80858],[-72.19055,43.80982],[-72.19115,43.81001],[-72.19166,43.81038],[-72.19206,43.81165],[-72.19357,43.81277],[-72.19387,43.81361],[-72.19349,43.81434],[-72.19272,43.81476],[-72.19187,43.81493],[-72.18941,43.81504],[-72.18951,43.81725],[-72.18936,43.81776],[-72.18857,43.81841],[-72.18725,43.81866],[-72.18634,43.81844],[-72.18576,43.81799],[-72.18217,43.81249],[-72.18203,43.81188],[-72.18235,43.81122],[-72.18297,43.8108],[-72.1845,43.81044],[-72.18599,43.81035],[-72.18617,43.8085],[-72.18647,43.80793],[-72.18731,43.80743],[-72.18872,43.80732]]]]}},{"type":"Feature","properties":{"PWSID":"VT0005630","PWS_Name":"GREENSPRINGS","Pop_Cat_5":"<=500","Population_Served_Count":485,"Service_Connections_Count":184,"Service_Area_Type":"Residential Area","Model_Method":"","boundary_source":"Authoritative (VT/local)","is_community":true,"Area_SqKM":1.0381506310024984,"Detailed_Facility_Report":"https://echo.epa.gov/detailed-facility-report?fid=VT0005630&sys=SDWIS"},"geometry":{"type":"Polygon","coordinates":[[[-72.88134,42.96197],[-72.88582,42.96237],[-72.88687,42.96292],[-72.88719,42.96367],[-72.88691,42.96649],[-72.88788,42.96667],[-72.88861,42.96724],[-72.88922,42.97013],[-72.88873,42.97082],[-72.88779,42.97119],[-72.8827,42.97111],[-72.88252,42.97249],[-72.88212,42.97293],[-72.88153,42.97323],[-72.88082,42.97333],[-72.87842,42.97322],[-72.8774,42.97279],[-72.87694,42.9719],[-72.87611,42.97123],[-72.8754,42.97099],[-72.87406,42.9701],[-72.87383,42.9696],[-72.87396,42.96878],[-72.87362,42.96814],[-72.87362,42.96741],[-72.87437,42.96639],[-72.87502,42.96605],[-72.87582,42.96586],[-72.87707,42.96593],[-72.87789,42.96643],[-72.87926,42.96681],[-72.8796,42.9629],[-72.88032,42.96221],[-72.88134,42.96197]]]}},{"type":"Feature","properties":{"PWSID":"VT0005385","PWS_Name":"MANSFIELD VIEW WATER CORP","Pop_Cat_5":"<=500","Population_Served_Count":121,"Service_Connections_Count":46,"Service_Area_Type":"Residential Area","Model_Method":"","boundary_source":"Authoritative (VT/local)","is_community":true,"Area_SqKM":1.0372030760794189,"Detailed_Facility_Report":"https://echo.epa.gov/detailed-facility-report?fid=VT0005385&sys=SDWIS"},"geometry":{"type":"Polygon","coordinates":[[[-72.64403,44.47571],[-72.64514,44.47594],[-72.64814,44.4772],[-72.65222,44.47861],[-72.65281,44.47906],[-72.65305,44.4796],[-72.655,44.48105],[-72.65525,44.48181],[-72.65472,44.48304],[-72.65468,44.48373],[-72.65431,44.4843],[-72.65456,44.48482],[-72.65448,44.48543],[-72.65394,44.48601],[-72.65262,44.48667],[-72.65079,44.48696],[-72.64973,44.4875],[-72.64841,44.4874],[-72.64628,44.48614],[-72.64596,44.48539],[-72.64621,44.48471],[-72.64553,44.48439],[-72.64515,44.484],[-72.64437,44.48401],[-72.64331,44.4837],[-72.64261,44.4833],[-72.64073,44.48278],[-72.64004,44.48229],[-72.6398,44.48179],[-72.63983,44.48132],[-72.63932,44.48063],[-72.63942,44.47985],[-72.64151,44.47823],[-72.64155,44.47748],[-72.64253,44.47624],[-72.6432,44.47585],[-72.64403,44.47571]]]}},{"type":"Feature","properties":{"PWSID":"VT0020092","PWS_Name":"STERLING VIEW COOPERATIVE COMMUNITY INC","Pop_Cat_5":"<=500","Population_Served_Count":290,"Service_Connections_Count":115,"Service_Area_Type":"Mobile Home Park","Model_Method":"","boundary_source":"Authoritative (VT/local)","is_community":false,"Area_SqKM":1.0358615682982766,"Detailed_Facility_Report":"https://echo.epa.gov/detailed-facility-report?fid=VT0020092&sys=SDWIS"},"geometry":{"type":"Polygon","coordinates":[[[-72.64276,44.60443],[-72.64371,44.60461],[-72.6444,44.6051],[-72.64494,44.60608],[-72.64578,44.60701],[-72.64593,44.60757],[-72.64733,44.60899],[-72.64746,44.6103],[-72.64687,44.6115],[-72.64583,44.6121],[-72.64393,44.61268],[-72.64319,44.61264],[-72.64237,44.6124],[-72.64151,44.61365],[-72.64354,44.61444],[-72.64399,44.61496],[-72.64408,44.61557],[-72.64296,44.61706],[-72.64224,44.61738],[-72.64151,44.61745],[-72.64079,44.61732],[-72.63334,44.61465],[-72.6327,44.61412],[-72.6325,44.61344],[-72.6339,44.61122],[-72.63422,44.61039],[-72.63504,44.60971],[-72.63779,44.60615],[-72.63856,44.60572],[-72.63973,44.60565],[-72.64082,44.60532],[-72.64171,44.60466],[-72.64276,44.60443]]]}},{"type":"Feature","properties":{"PWSID":"VT0005399","PWS_Name":"WINDY HILL ACRES MHP","Pop_Cat_5":"<=500","Population_Served_Count":139,"Service_Connections_Count":39,"Service_Area_Type":"Mobile Home Park","Model_Method":"","boundary_source":"Authoritative (VT/local)","is_community":false,"Area_SqKM":1.0255712165360917,"Detailed_Facility_Report":"https://echo.epa.gov/detailed-facility-report?fid=VT0005399&sys=SDWIS"},"geometry":{"type":"Polygon","coordinates":[[[-72.45571,43.3312],[-72.46442,43.33172],[-72.46528,43.33203],[-72.46581,43.33261],[-72.46572,43.33436],[-72.4653,43.33518],[-72.46493,43.33759],[-72.46421,43.33828],[-72.46299,43.33851],[-72.46219,43.34128],[-72.46179,43.34172],[-72.46107,43.34204],[-72.45463,43.34192],[-72.45377,43.34162],[-72.45324,43.34103],[-72.45315,43.34051],[-72.4539,43.33229],[-72.45459,43.33148],[-72.45571,43.3312]]]}},{"type":"Feature","properties":{"PWSID":"VT0005116","PWS_Name":"ENOSBURG FALLS WATER SYSTEM","Pop_Cat_5":"501-3,300","Population_Served_Count":1700,"Service_Connections_Count":591,"Service_Area_Type":"Residential Area","Model_Method":"","boundary_source":"Authoritative (VT/local)","is_community":true,"Area_SqKM":0.9916196668595717,"Detailed_Facility_Report":"https://echo.epa.gov/detailed-facility-report?fid=VT0005116&sys=SDWIS"},"geometry":{"type":"Polygon","coordinates":[[[-72.81809,44.90602],[-72.82035,44.90637],[-72.82127,44.90694],[-72.82151,44.90779],[-72.82089,44.90932],[-72.82048,44.90976],[-72.81975,44.91008],[-72.81901,44.91015],[-72.81697,44.90991],[-72.81541,44.91071],[-72.81533,44.91245],[-72.81497,44.91291],[-72.81427,44.91326],[-72.81329,44.91336],[-72.80928,44.91272],[-72.80854,44.91253],[-72.80796,44.91217],[-72.80412,44.91142],[-72.80297,44.91224],[-72.80175,44.91266],[-72.8009,44.91273],[-72.79989,44.9124],[-72.799,44.91153],[-72.79882,44.91006],[-72.79953,44.90911],[-72.80062,44.90873],[-72.80276,44.90887],[-72.80323,44.90805],[-72.80481,44.9072],[-72.80701,44.90706],[-72.80962,44.9061],[-72.81168,44.90568],[-72.81344,44.90565],[-72.81682,44.90591],[-72.81754,44.90608],[-72.81809,44.90602]]]}},{"type":"Feature","properties":{"PWSID":"VT0005594","PWS_Name":"WINDY HOLLOW","Pop_Cat_5":"<=500","Population_Served_Count":118,"Service_Connections_Count":45,"Service_Area_Type":"Mobile Home Park","Model_Method":"","boundary_source":"Authoritative (VT/local)","is_community":false,"Area_SqKM":0.9372050170595966,"Detailed_Facility_Report":"https://echo.epa.gov/detailed-facility-report?fid=VT0005594&sys=SDWIS"},"geometry":{"type":"MultiPolygon","coordinates":[[[[-73.20587,43.61176],[-73.20745,43.61161],[-73.2081,43.61229],[-73.20907,43.61256],[-73.20915,43.61303],[-73.2089,43.61405],[-73.20855,43.61451],[-73.20798,43.61484],[-73.20703,43.61498],[-73.20574,43.61476],[-73.2051,43.6145],[-73.20466,43.61408],[-73.20446,43.61349],[-73.20469,43.61254],[-73.20517,43.61204],[-73.20587,43.61176]]],[[[-73.23371,43.58607],[-73.237,43.58618],[-73.23775,43.58646],[-73.23823,43.58694],[-73.24326,43.5869],[-73.24396,43.58703],[-73.24454,43.58735],[-73.245,43.58815],[-73.2448,43.5917],[-73.24451,43.59228],[-73.24381,43.59274],[-73.24373,43.59347],[-73.24321,43.59405],[-73.24235,43.59437],[-73.24008,43.59452],[-73.23832,43.59372],[-73.23779,43.59315],[-73.23703,43.59287],[-73.23541,43.59258],[-73.23489,43.59221],[-73.23462,43.59177],[-73.23302,43.59222],[-73.23231,43.59212],[-73.23162,43.59177],[-73.22998,43.58899],[-73.22994,43.5882],[-73.23059,43.58748],[-73.23124,43.58724],[-73.2319,43.5872],[-73.23249,43.58642],[-73.23371,43.58607]]]]}},{"type":"Feature","properties":{"PWSID":"VT0021515","PWS_Name":"NORTHWOODS VILLAGE APARTMENTS","Pop_Cat_5":"<=500","Population_Served_Count":130,"Service_Connections_Count":52,"Service_Area_Type":"Residential Area","Model_Method":"","boundary_source":"Authoritative (VT/local)","is_community":true,"Area_SqKM":0.9282475937669554,"Detailed_Facility_Report":"https://echo.epa.gov/detailed-facility-report?fid=VT0021515&sys=SDWIS"},"geometry":{"type":"Polygon","coordinates":[[[-72.44457,44.27934],[-72.44561,44.27957],[-72.44631,44.28017],[-72.44923,44.28706],[-72.44919,44.28784],[-72.44846,44.28853],[-72.43914,44.29297],[-72.43834,44.29318],[-72.43749,44.29312],[-72.43595,44.29252],[-72.43541,44.29165],[-72.43555,44.29105],[-72.43717,44.28875],[-72.43697,44.28822],[-72.43706,44.2877],[-72.43887,44.28536],[-72.44004,44.28464],[-72.44103,44.28436],[-72.44116,44.28406],[-72.44086,44.28326],[-72.44095,44.28265],[-72.44301,44.27994],[-72.44363,44.27952],[-72.44457,44.27934]]]}},{"type":"Feature","properties":{"PWSID":"VT0005523","PWS_Name":"STOWE FIRE DISTRICT 4","Pop_Cat_5":"<=500","Population_Served_Count":120,"Service_Connections_Count":47,"Service_Area_Type":"Residential Area","Model_Method":"","boundary_source":"Authoritative (VT/local)","is_community":true,"Area_SqKM":0.9270456142937126,"Detailed_Facility_Report":"https://echo.epa.gov/detailed-facility-report?fid=VT0005523&sys=SDWIS"},"geometry":{"type":"Polygon","coordinates":[[[-72.64122,44.47974],[-72.64194,44.47984],[-72.64382,44.4805],[-72.64467,44.4802],[-72.64565,44.48024],[-72.6467,44.48063],[-72.64724,44.4811],[-72.64744,44.48178],[-72.64803,44.48228],[-72.64823,44.48287],[-72.64745,44.48869],[-72.64704,44.48912],[-72.64631,44.48945],[-72.64217,44.48993],[-72.63992,44.48983],[-72.63927,44.48968],[-72.63847,44.48978],[-72.63593,44.4896],[-72.63523,44.48925],[-72.6348,44.48862],[-72.63493,44.48647],[-72.63534,44.48603],[-72.63588,44.48576],[-72.63715,44.48423],[-72.63965,44.48034],[-72.64028,44.47992],[-72.64122,44.47974]]]}},{"type":"Feature","properties":{"PWSID":"VT0005631","PWS_Name":"WOODS AT KILLINGTON","Pop_Cat_5":"<=500","Population_Served_Count":450,"Service_Connections_Count":109,"Service_Area_Type":"Residential Area","Model_Method":"","boundary_source":"Authoritative (VT/local)","is_community":true,"Area_SqKM":0.9242543714141935,"Detailed_Facility_Report":"https://echo.epa.gov/detailed-facility-report?fid=VT0005631&sys=SDWIS"},"geometry":{"type":"Polygon","coordinates":[[[-72.79519,43.65394],[-72.806,43.65677],[-72.8069,43.65734],[-72.80712,43.65828],[-72.80569,43.66119],[-72.80571,43.66193],[-72.80463,43.66411],[-72.8039,43.66469],[-72.80261,43.66484],[-72.80129,43.66437],[-72.80075,43.66351],[-72.80104,43.66257],[-72.79962,43.66201],[-72.79707,43.66175],[-72.79342,43.6607],[-72.79254,43.66037],[-72.79168,43.65978],[-72.79145,43.65928],[-72.79149,43.65875],[-72.79347,43.65477],[-72.79416,43.65417],[-72.79519,43.65394]]]}},{"type":"Feature","properties":{"PWSID":"VT0020455","PWS_Name":"DEEPWOOD PARK","Pop_Cat_5":"<=500","Population_Served_Count":90,"Service_Connections_Count":44,"Service_Area_Type":"Residential Area","Model_Method":"","boundary_source":"Authoritative (VT/local)","is_community":true,"Area_SqKM":0.898525865326255,"Detailed_Facility_Report":"https://echo.epa.gov/detailed-facility-report?fid=VT0020455&sys=SDWIS"},"geometry":{"type":"Polygon","coordinates":[[[-72.61903,42.86997],[-72.62003,42.87004],[-72.6207,42.87024],[-72.6212,42.87061],[-72.62148,42.8711],[-72.62129,42.87371],[-72.62141,42.87428],[-72.62118,42.87539],[-72.62086,42.87586],[-72.62022,42.87625],[-72.61939,42.87639],[-72.61866,42.87763],[-72.61823,42.87805],[-72.61738,42.87836],[-72.61622,42.87835],[-72.61562,42.87921],[-72.61487,42.87964],[-72.61421,42.87974],[-72.60964,42.87973],[-72.60864,42.87945],[-72.60802,42.87881],[-72.60796,42.87812],[-72.60912,42.87523],[-72.60951,42.87479],[-72.61009,42.8745],[-72.61025,42.87172],[-72.61062,42.87107],[-72.61271,42.87006],[-72.61469,42.87001],[-72.61579,42.87052],[-72.61677,42.87189],[-72.61765,42.87043],[-72.61821,42.87011],[-72.61903,42.86997]]]}},{"type":"Feature","properties":{"PWSID":"VT0005104","PWS_Name":"BLOOMFIELD WATER SYSTEM","Pop_Cat_5":"<=500","Population_Served_Count":50,"Service_Connections_Count":19,"Service_Area_Type":"Residential Area","Model_Method":"","boundary_source":"Authoritative (VT/local)","is_community":true,"Area_SqKM":0.8965611126086895,"Detailed_Facility_Report":"https://echo.epa.gov/detailed-facility-report?fid=VT0005104&sys=SDWIS"},"geometry":{"type":"Polygon","coordinates":[[[-71.63218,44.75177],[-71.63369,44.75209],[-71.63436,44.75248],[-71.63472,44.75293],[-71.63553,44.75322],[-71.63631,44.75374],[-71.63659,44.75428],[-71.63851,44.75628],[-71.63846,44.75707],[-71.63781,44.75769],[-71.63452,44.75942],[-71.63359,44.75964],[-71.63258,44.75959],[-71.63171,44.75923],[-71.63031,44.75962],[-71.62841,44.75941],[-71.62757,44.75905],[-71.62666,44.75809],[-71.62334,44.75977],[-71.62253,44.75998],[-71.62134,44.75981],[-71.61957,44.75875],[-71.61925,44.75828],[-71.61921,44.75775],[-71.61945,44.75725],[-71.61995,44.75686],[-71.62319,44.75528],[-71.62601,44.75355],[-71.6284,44.7528],[-71.6304,44.75185],[-71.63218,44.75177]]]}},{"type":"Feature","properties":{"PWSID":"VT0005325","PWS_Name":"OKEMO TRAILSIDE CONDOMINIUM","Pop_Cat_5":"501-3,300","Population_Served_Count":540,"Service_Connections_Count":206,"Service_Area_Type":"Residential Area","Model_Method":"","boundary_source":"Authoritative (VT/local)","is_community":true,"Area_SqKM":0.8945682209829648,"Detailed_Facility_Report":"https://echo.epa.gov/detailed-facility-report?fid=VT0005325&sys=SDWIS"},"geometry":{"type":"Polygon","coordinates":[[[-72.73118,43.39458],[-72.73926,43.39467],[-72.73996,43.39481],[-72.74054,43.39513],[-72.741,43.39602],[-72.74074,43.40064],[-72.74056,43.40118],[-72.74012,43.4016],[-72.73949,43.40187],[-72.73858,43.40196],[-72.73804,43.40244],[-72.73716,43.40271],[-72.7317,43.40283],[-72.731,43.40269],[-72.73042,43.40237],[-72.73005,43.4019],[-72.72928,43.40142],[-72.72852,43.40049],[-72.72833,43.40001],[-72.72755,43.39929],[-72.72737,43.39603],[-72.72767,43.39537],[-72.72839,43.39491],[-72.73118,43.39458]]]}},{"type":"Feature","properties":{"PWSID":"VT0005633","PWS_Name":"INTERVALE AT STRATTON","Pop_Cat_5":"<=500","Population_Served_Count":241,"Service_Connections_Count":90,"Service_Area_Type":"Residential Area","Model_Method":"","boundary_source":"Authoritative (VT/local)","is_community":true,"Area_SqKM":0.8941461805689718,"Detailed_Facility_Report":"https://echo.epa.gov/detailed-facility-report?fid=VT0005633&sys=SDWIS"},"geometry":{"type":"Polygon","coordinates":[[[-72.88533,43.13318],[-72.88989,43.13386],[-72.89088,43.13434],[-72.89127,43.13512],[-72.89267,43.13603],[-72.89372,43.13759],[-72.89381,43.1382],[-72.89357,43.13871],[-72.89433,43.13929],[-72.89464,43.13995],[-72.89446,43.14064],[-72.89393,43.14111],[-72.89033,43.14227],[-72.88963,43.14237],[-72.88724,43.14234],[-72.88618,43.14188],[-72.88273,43.14186],[-72.88162,43.14136],[-72.88125,43.14071],[-72.88162,43.13955],[-72.8811,43.13823],[-72.88098,43.13692],[-72.88132,43.13526],[-72.8819,43.13444],[-72.88288,43.13375],[-72.88399,43.13334],[-72.88533,43.13318]]]}},{"type":"Feature","properties":{"PWSID":"VT0005476","PWS_Name":"JERICHO FIRE DISTRICT 1","Pop_Cat_5":"<=500","Population_Served_Count":190,"Service_Connections_Count":72,"Service_Area_Type":"Residential Area","Model_Method":"","boundary_source":"Authoritative (VT/local)","is_community":true,"Area_SqKM":0.8908664823892829,"Detailed_Facility_Report":"https://echo.epa.gov/detailed-facility-report?fid=VT0005476&sys=SDWIS"},"geometry":{"type":"Polygon","coordinates":[[[-72.96516,44.51373],[-72.96621,44.51396],[-72.97013,44.51608],[-72.9706,44.51688],[-72.9704,44.51794],[-72.97139,44.51783],[-72.97338,44.51824],[-72.97408,44.51859],[-72.97449,44.51913],[-72.97452,44.51974],[-72.97417,44.5203],[-72.97012,44.52396],[-72.96919,44.52438],[-72.96834,44.5244],[-72.96755,44.52415],[-72.95913,44.5194],[-72.95854,44.51874],[-72.9586,44.51712],[-72.95911,44.51643],[-72.96274,44.51488],[-72.96422,44.51392],[-72.96516,44.51373]]]}},{"type":"Feature","properties":{"PWSID":"VT0005046","PWS_Name":"ST JOHNSBURY CENTER F D 1","Pop_Cat_5":"<=500","Population_Served_Count":370,"Service_Connections_Count":103,"Service_Area_Type":"Residential Area","Model_Method":"","boundary_source":"Authoritative (VT/local)","is_community":true,"Area_SqKM":0.877929370300087,"Detailed_Facility_Report":"https://echo.epa.gov/detailed-facility-report?fid=VT0005046&sys=SDWIS"},"geometry":{"type":"MultiPolygon","coordinates":[[[[-72.01439,44.45065],[-72.01517,44.45078],[-72.01663,44.45072],[-72.01763,44.45121],[-72.01798,44.45177],[-72.01824,44.45362],[-72.01866,44.45474],[-72.01848,44.45624],[-72.017,44.45931],[-72.0164,44.45986],[-72.01538,44.46014],[-72.01409,44.45985],[-72.01361,44.45946],[-72.01338,44.45897],[-72.01224,44.45895],[-72.0114,44.45859],[-72.01095,44.45807],[-72.01088,44.4574],[-72.01023,44.45696],[-72.00977,44.45614],[-72.00921,44.45652],[-72.00853,44.45672],[-72.00571,44.45667],[-72.00463,44.45611],[-72.00425,44.45497],[-72.00435,44.45445],[-72.00481,44.45393],[-72.00673,44.45332],[-72.00831,44.45341],[-72.00973,44.45412],[-72.00978,44.4533],[-72.01038,44.45269],[-72.0105,44.45195],[-72.01096,44.45143],[-72.01168,44.45111],[-72.01439,44.45065]]],[[[-72.00201,44.51851],[-72.00306,44.51874],[-72.00375,44.51935],[-72.00389,44.51986],[-72.00375,44.52173],[-72.00329,44.52225],[-72.00244,44.52259],[-72.00022,44.52244],[-71.99958,44.52217],[-71.99909,44.52167],[-71.99895,44.52115],[-71.9991,44.52052],[-71.99949,44.51994],[-72.00068,44.5189],[-72.00129,44.51861],[-72.00201,44.51851]]]]}},{"type":"Feature","properties":{"PWSID":"VT0005592","PWS_Name":"PIPER RIDGE CONDOMINIUM","Pop_Cat_5":"<=500","Population_Served_Count":362,"Service_Connections_Count":90,"Service_Area_Type":"Residential Area","Model_Method":"","boundary_source":"Authoritative (VT/local)","is_community":true,"Area_SqKM":0.8747237297711375,"Detailed_Facility_Report":"https://echo.epa.gov/detailed-facility-report?fid=VT0005592&sys=SDWIS"},"geometry":{"type":"Polygon","coordinates":[[[-72.88939,43.11887],[-72.89021,43.11901],[-72.89086,43.11936],[-72.8919,43.12011],[-72.89225,43.12067],[-72.89192,43.12691],[-72.89162,43.12757],[-72.89101,43.128],[-72.89021,43.12818],[-72.88765,43.12812],[-72.88655,43.12762],[-72.88376,43.12779],[-72.88221,43.12809],[-72.88107,43.12787],[-72.88055,43.1275],[-72.88028,43.12701],[-72.88023,43.12483],[-72.88091,43.12311],[-72.88138,43.12272],[-72.88196,43.1225],[-72.8821,43.12021],[-72.88239,43.11964],[-72.8829,43.11927],[-72.88368,43.11905],[-72.88939,43.11887]]]}},{"type":"Feature","properties":{"PWSID":"VT0005397","PWS_Name":"BATTLEGROUND CONDOMINIUM","Pop_Cat_5":"<=500","Population_Served_Count":166,"Service_Connections_Count":63,"Service_Area_Type":"Residential Area","Model_Method":"","boundary_source":"Authoritative (VT/local)","is_community":true,"Area_SqKM":0.8504062131326448,"Detailed_Facility_Report":"https://echo.epa.gov/detailed-facility-report?fid=VT0005397&sys=SDWIS"},"geometry":{"type":"Polygon","coordinates":[[[-72.88902,44.19429],[-72.88973,44.19439],[-72.89035,44.19468],[-72.89312,44.19735],[-72.89437,44.19727],[-72.89538,44.19775],[-72.89631,44.19901],[-72.89748,44.20154],[-72.89829,44.20275],[-72.90033,44.20304],[-72.90156,44.20345],[-72.90211,44.20379],[-72.90244,44.20426],[-72.90249,44.20479],[-72.90226,44.20529],[-72.90175,44.20572],[-72.90097,44.20598],[-72.89959,44.20606],[-72.89819,44.2057],[-72.89744,44.20578],[-72.89633,44.20564],[-72.89478,44.20483],[-72.89402,44.20503],[-72.89329,44.205],[-72.88919,44.20336],[-72.88714,44.20284],[-72.88648,44.20245],[-72.88609,44.20163],[-72.88647,44.20081],[-72.88724,44.20038],[-72.889,44.20001],[-72.88873,44.19928],[-72.88761,44.19868],[-72.88715,44.19816],[-72.88694,44.19597],[-72.88708,44.19545],[-72.88761,44.19475],[-72.88819,44.19443],[-72.88902,44.19429]]]}},{"type":"Feature","properties":{"PWSID":"VT0005182","PWS_Name":"UNION WATER CO","Pop_Cat_5":"<=500","Population_Served_Count":61,"Service_Connections_Count":23,"Service_Area_Type":"Residential Area","Model_Method":"","boundary_source":"Authoritative (VT/local)","is_community":true,"Area_SqKM":0.8391932669058819,"Detailed_Facility_Report":"https://echo.epa.gov/detailed-facility-report?fid=VT0005182&sys=SDWIS"},"geometry":{"type":"Polygon","coordinates":[[[-72.183,43.83778],[-72.18431,43.83804],[-72.18931,43.83951],[-72.19089,43.84068],[-72.19129,43.84122],[-72.19129,43.84192],[-72.19059,43.84303],[-72.19127,43.84342],[-72.19168,43.84386],[-72.19182,43.84437],[-72.19171,43.84505],[-72.19119,43.84568],[-72.19088,43.84668],[-72.19034,43.84715],[-72.18933,43.84743],[-72.18747,43.84726],[-72.1886,43.84815],[-72.18889,43.84958],[-72.18842,43.85047],[-72.18736,43.85091],[-72.1859,43.85091],[-72.18498,43.8505],[-72.18435,43.84938],[-72.18358,43.8488],[-72.18274,43.84697],[-72.18244,43.8454],[-72.18274,43.84483],[-72.18329,43.84444],[-72.18347,43.84371],[-72.18247,43.8432],[-72.18202,43.84268],[-72.1819,43.842],[-72.18144,43.84134],[-72.18113,43.83913],[-72.18128,43.83861],[-72.18168,43.83817],[-72.18229,43.83788],[-72.183,43.83778]]]}},{"type":"Feature","properties":{"PWSID":"VT0005110","PWS_Name":"AQUA HAVEN","Pop_Cat_5":"<=500","Population_Served_Count":150,"Service_Connections_Count":42,"Service_Area_Type":"Residential Area","Model_Method":"","boundary_source":"Authoritative (VT/local)","is_community":true,"Area_SqKM":0.8359815080134578,"Detailed_Facility_Report":"https://echo.epa.gov/detailed-facility-report?fid=VT0005110&sys=SDWIS"},"geometry":{"type":"Polygon","coordinates":[[[-71.89004,44.63859],[-71.89088,44.63873],[-71.89146,44.63906],[-71.89183,44.63951],[-71.89214,44.64052],[-71.89449,44.64179],[-71.895,44.64232],[-71.89525,44.64298],[-71.89475,44.64469],[-71.89426,44.64509],[-71.89309,44.64554],[-71.89343,44.64652],[-71.89316,44.6473],[-71.89153,44.64846],[-71.8905,44.64873],[-71.8885,44.64848],[-71.88759,44.64778],[-71.88656,44.64764],[-71.88562,44.64702],[-71.88458,44.64714],[-71.88365,44.64691],[-71.88296,44.6463],[-71.88286,44.64553],[-71.88197,44.64496],[-71.88166,44.6443],[-71.88176,44.64377],[-71.88222,44.64326],[-71.88211,44.6427],[-71.88236,44.64212],[-71.88357,44.64142],[-71.88501,44.64006],[-71.88603,44.63969],[-71.88643,44.63917],[-71.88713,44.63882],[-71.89004,44.63859]]]}},{"type":"Feature","properties":{"PWSID":"VT0005137","PWS_Name":"ALBURGH FIRE DISTRICT 1","Pop_Cat_5":"<=500","Population_Served_Count":87,"Service_Connections_Count":27,"Service_Area_Type":"Residential Area","Model_Method":"","boundary_source":"Authoritative (VT/local)","is_community":true,"Area_SqKM":0.8242102346916521,"Detailed_Facility_Report":"https://echo.epa.gov/detailed-facility-report?fid=VT0005137&sys=SDWIS"},"geometry":{"type":"Polygon","coordinates":[[[-73.22559,44.9873],[-73.22675,44.98757],[-73.22744,44.98829],[-73.22746,44.98913],[-73.2279,44.98969],[-73.22801,44.99042],[-73.22799,44.99203],[-73.22769,44.9926],[-73.22707,44.99302],[-73.22525,44.99369],[-73.22502,44.99442],[-73.22465,44.99487],[-73.22396,44.99524],[-73.22278,44.99548],[-73.22214,44.99624],[-73.22155,44.99657],[-73.22084,44.99671],[-73.21927,44.99673],[-73.21829,44.99643],[-73.21753,44.99642],[-73.21684,44.99622],[-73.21609,44.99553],[-73.21602,44.99448],[-73.21551,44.99394],[-73.21536,44.99342],[-73.21562,44.99188],[-73.21606,44.99131],[-73.21588,44.98988],[-73.21688,44.98837],[-73.218,44.98766],[-73.2188,44.98744],[-73.22559,44.9873]]]}},{"type":"Feature","properties":{"PWSID":"VT0005033","PWS_Name":"BURKE FIRE DISTRICT 1","Pop_Cat_5":"<=500","Population_Served_Count":142,"Service_Connections_Count":54,"Service_Area_Type":"Residential Area","Model_Method":"Random Forest","boundary_source":"EPA-modeled","is_community":true,"Area_SqKM":0.8099826105598472,"Detailed_Facility_Report":"https://echo.epa.gov/detailed-facility-report?fid=VT0005033&sys=SDWIS"},"geometry":{"type":"Polygon","coordinates":[[[-71.94875,44.5828],[-71.94848,44.58398],[-71.94639,44.58788],[-71.9468,44.58792],[-71.94711,44.58814],[-71.94567,44.58903],[-71.94468,44.59108],[-71.94247,44.59379],[-71.94195,44.59392],[-71.94092,44.59385],[-71.94002,44.59321],[-71.93943,44.5935],[-71.9394,44.59383],[-71.93963,44.59402],[-71.94063,44.59419],[-71.94083,44.59478],[-71.94025,44.59557],[-71.93944,44.59749],[-71.93806,44.59782],[-71.93791,44.59825],[-71.93801,44.59891],[-71.93367,44.59673],[-71.93539,44.59521],[-71.93954,44.59026],[-71.93864,44.59009],[-71.93885,44.58891],[-71.93856,44.58838],[-71.94282,44.58433],[-71.94345,44.58327],[-71.94361,44.58184],[-71.94872,44.58253],[-71.94875,44.5828]]]}},{"type":"Feature","properties":{"PWSID":"VT0005578","PWS_Name":"BEARS CROSSING WATER SYSTEM","Pop_Cat_5":"<=500","Population_Served_Count":333,"Service_Connections_Count":128,"Service_Area_Type":"Residential Area","Model_Method":"","boundary_source":"Authoritative (VT/local)","is_community":true,"Area_SqKM":0.808709270197361,"Detailed_Facility_Report":"https://echo.epa.gov/detailed-facility-report?fid=VT0005578&sys=SDWIS"},"geometry":{"type":"Polygon","coordinates":[[[-72.88831,42.94459],[-72.90353,42.94502],[-72.90432,42.9454],[-72.90475,42.94603],[-72.90444,42.94887],[-72.90391,42.94945],[-72.90306,42.94976],[-72.89783,42.94973],[-72.89722,42.95005],[-72.89653,42.95019],[-72.895,42.95007],[-72.89405,42.94972],[-72.8877,42.94956],[-72.88699,42.94924],[-72.88651,42.94863],[-72.88649,42.94585],[-72.88667,42.94534],[-72.8871,42.94492],[-72.88831,42.94459]]]}},{"type":"Feature","properties":{"PWSID":"VT0005312","PWS_Name":"CHIMNEY HILL","Pop_Cat_5":"501-3,300","Population_Served_Count":2594,"Service_Connections_Count":545,"Service_Area_Type":"Residential Area","Model_Method":"Random Forest","boundary_source":"EPA-modeled","is_community":true,"Area_SqKM":0.7981529299110046,"Detailed_Facility_Report":"https://echo.epa.gov/detailed-facility-report?fid=VT0005312&sys=SDWIS"},"geometry":{"type":"Polygon","coordinates":[[[-73.0128,42.81714],[-73.01315,42.81732],[-73.01268,42.81853],[-73.01118,42.82056],[-73.01185,42.8204],[-73.01207,42.82104],[-73.0125,42.82144],[-73.01441,42.8196],[-73.0156,42.81898],[-73.01551,42.82137],[-73.01457,42.8216],[-73.01386,42.82198],[-73.01338,42.82264],[-73.01293,42.82295],[-73.01353,42.8235],[-73.01324,42.82474],[-73.01346,42.8258],[-73.01162,42.826],[-73.01045,42.82629],[-73.01022,42.82725],[-73.00998,42.82746],[-73.00955,42.8275],[-73.00908,42.82834],[-73.00812,42.82855],[-73.00694,42.82842],[-73.00564,42.82772],[-73.0043,42.82655],[-73.00368,42.82572],[-73.00318,42.82559],[-73.00242,42.82602],[-73.00228,42.82521],[-73.00355,42.82269],[-73.0041,42.82184],[-73.00594,42.8198],[-73.00635,42.81864],[-73.00634,42.81767],[-73.00734,42.81731],[-73.00827,42.81723],[-73.00971,42.81797],[-73.01038,42.81798],[-73.01081,42.81768],[-73.01129,42.81769],[-73.0128,42.81714]]]}},{"type":"Feature","properties":{"PWSID":"VT0005426","PWS_Name":"RICHMOND FIRE DISTRICT 1","Pop_Cat_5":"<=500","Population_Served_Count":56,"Service_Connections_Count":22,"Service_Area_Type":"Residential Area","Model_Method":"","boundary_source":"Authoritative (VT/local)","is_community":true,"Area_SqKM":0.7968294065333913,"Detailed_Facility_Report":"https://echo.epa.gov/detailed-facility-report?fid=VT0005426&sys=SDWIS"},"geometry":{"type":"Polygon","coordinates":[[[-72.9414,44.36427],[-72.94322,44.36447],[-72.94797,44.36572],[-72.94871,44.36618],[-72.94903,44.36684],[-72.94878,44.36761],[-72.94737,44.36896],[-72.94781,44.37014],[-72.94747,44.37184],[-72.94761,44.37322],[-72.94736,44.37381],[-72.94634,44.37442],[-72.94391,44.37472],[-72.94227,44.37514],[-72.9388,44.37439],[-72.93817,44.37398],[-72.93785,44.37332],[-72.9381,44.37255],[-72.93987,44.37066],[-72.93841,44.36831],[-72.93837,44.36753],[-72.93984,44.36488],[-72.94057,44.36441],[-72.9414,44.36427]]]}},{"type":"Feature","properties":{"PWSID":"VT0008300","PWS_Name":"CENTRAL VERMONT MEDICAL CENTER","Pop_Cat_5":"501-3,300","Population_Served_Count":1528,"Service_Connections_Count":3,"Service_Area_Type":"Medical Facility","Model_Method":"","boundary_source":"Authoritative (VT/local)","is_community":false,"Area_SqKM":0.7849789864484232,"Detailed_Facility_Report":"https://echo.epa.gov/detailed-facility-report?fid=VT0008300&sys=SDWIS"},"geometry":{"type":"Polygon","coordinates":[[[-72.5615,44.21536],[-72.56388,44.21584],[-72.56474,44.21645],[-72.5649,44.21731],[-72.56383,44.21971],[-72.56568,44.2212],[-72.56599,44.22195],[-72.56532,44.22376],[-72.56367,44.22712],[-72.56303,44.22764],[-72.56198,44.22787],[-72.55762,44.22693],[-72.55699,44.22666],[-72.55641,44.226],[-72.55609,44.22424],[-72.55642,44.22182],[-72.55709,44.22103],[-72.55773,44.21884],[-72.55859,44.21798],[-72.55912,44.21694],[-72.56001,44.21589],[-72.56067,44.2155],[-72.5615,44.21536]]]}},{"type":"Feature","properties":{"PWSID":"VT0005007","PWS_Name":"LAZY BROOK MHP","Pop_Cat_5":"<=500","Population_Served_Count":205,"Service_Connections_Count":81,"Service_Area_Type":"Mobile Home Park","Model_Method":"","boundary_source":"Authoritative (VT/local)","is_community":false,"Area_SqKM":0.7236223874358075,"Detailed_Facility_Report":"https://echo.epa.gov/detailed-facility-report?fid=VT0005007&sys=SDWIS"},"geometry":{"type":"MultiPolygon","coordinates":[[[[-73.01118,44.29901],[-73.01339,44.29943],[-73.01435,44.30002],[-73.01571,44.30047],[-73.01747,44.30075],[-73.01808,44.30104],[-73.0185,44.30148],[-73.01864,44.302],[-73.01848,44.30339],[-73.018,44.304],[-73.01669,44.30446],[-73.01384,44.3041],[-73.01304,44.30448],[-73.01207,44.30453],[-73.01129,44.30428],[-73.00917,44.30285],[-73.00872,44.30238],[-73.00858,44.30178],[-73.00945,44.29985],[-73.01013,44.29925],[-73.01118,44.29901]]],[[[-73.01195,44.2869],[-73.01483,44.28748],[-73.01564,44.28786],[-73.01601,44.28832],[-73.01629,44.2894],[-73.01673,44.29015],[-73.01673,44.29085],[-73.01634,44.29139],[-73.01576,44.29171],[-73.01301,44.29218],[-73.01204,44.29296],[-73.0114,44.29322],[-73.01048,44.2934],[-73.00975,44.29336],[-73.00882,44.29295],[-73.00836,44.29224],[-73.00865,44.28834],[-73.00897,44.28787],[-73.00952,44.28752],[-73.01195,44.2869]]]]}},{"type":"Feature","properties":{"PWSID":"VT0005403","PWS_Name":"FAIRFAX FIRE DISTRICT 1","Pop_Cat_5":"<=500","Population_Served_Count":80,"Service_Connections_Count":31,"Service_Area_Type":"Residential Area","Model_Method":"","boundary_source":"Authoritative (VT/local)","is_community":true,"Area_SqKM":0.7203503404314521,"Detailed_Facility_Report":"https://echo.epa.gov/detailed-facility-report?fid=VT0005403&sys=SDWIS"},"geometry":{"type":"Polygon","coordinates":[[[-73.05437,44.7507],[-73.05542,44.75092],[-73.05613,44.75152],[-73.05779,44.75608],[-73.05761,44.75659],[-73.05716,44.75701],[-73.05568,44.75744],[-73.05635,44.75952],[-73.05633,44.76083],[-73.05676,44.7621],[-73.05662,44.76271],[-73.05572,44.76341],[-73.0536,44.76376],[-73.05267,44.76354],[-73.05195,44.76292],[-73.05086,44.76248],[-73.05049,44.76203],[-73.05038,44.76152],[-73.04982,44.76114],[-73.04943,44.76047],[-73.04938,44.75966],[-73.05004,44.75889],[-73.04971,44.75769],[-73.0502,44.75694],[-73.04934,44.75375],[-73.04953,44.75324],[-73.04998,44.75282],[-73.05061,44.75256],[-73.05156,44.7524],[-73.05164,44.75178],[-73.05218,44.75119],[-73.05281,44.75093],[-73.05437,44.7507]]]}},{"type":"Feature","properties":{"PWSID":"VT0005294","PWS_Name":"MAGIC VILLAGE WATER COOP","Pop_Cat_5":"<=500","Population_Served_Count":308,"Service_Connections_Count":77,"Service_Area_Type":"Residential Area","Model_Method":"","boundary_source":"Authoritative (VT/local)","is_community":true,"Area_SqKM":0.7169892695212847,"Detailed_Facility_Report":"https://echo.epa.gov/detailed-facility-report?fid=VT0005294&sys=SDWIS"},"geometry":{"type":"Polygon","coordinates":[[[-72.77043,43.20116],[-72.77136,43.20134],[-72.77249,43.20204],[-72.77273,43.20263],[-72.77259,43.20325],[-72.77445,43.20495],[-72.77472,43.20675],[-72.77419,43.20762],[-72.77247,43.2085],[-72.77249,43.20922],[-72.77192,43.20989],[-72.77107,43.2102],[-72.7693,43.21031],[-72.7685,43.21014],[-72.76664,43.20909],[-72.76583,43.20895],[-72.76518,43.20856],[-72.76483,43.208],[-72.76464,43.20675],[-72.76376,43.20651],[-72.76315,43.20609],[-72.76239,43.2049],[-72.76233,43.2041],[-72.7627,43.20337],[-72.76411,43.20238],[-72.76625,43.20199],[-72.76729,43.20145],[-72.76855,43.20153],[-72.77043,43.20116]]]}},{"type":"Feature","properties":{"PWSID":"VT0005048","PWS_Name":"SUTTON WATER SYSTEM","Pop_Cat_5":"<=500","Population_Served_Count":185,"Service_Connections_Count":23,"Service_Area_Type":"Residential Area","Model_Method":"","boundary_source":"Authoritative (VT/local)","is_community":true,"Area_SqKM":0.7156015320801711,"Detailed_Facility_Report":"https://echo.epa.gov/detailed-facility-report?fid=VT0005048&sys=SDWIS"},"geometry":{"type":"Polygon","coordinates":[[[-72.02259,44.62902],[-72.02191,44.62767],[-72.02216,44.62682],[-72.02308,44.62625],[-72.02418,44.62602],[-72.02492,44.62606],[-72.026,44.62662],[-72.02678,44.62808],[-72.02764,44.6287],[-72.02783,44.62938],[-72.02846,44.62971],[-72.03128,44.63016],[-72.03213,44.63066],[-72.03243,44.6315],[-72.03178,44.63408],[-72.03142,44.63464],[-72.03085,44.63499],[-72.03165,44.63553],[-72.03231,44.63681],[-72.03213,44.63759],[-72.03148,44.63811],[-72.03032,44.63845],[-72.02924,44.63832],[-72.02858,44.63793],[-72.02782,44.63699],[-72.02673,44.63671],[-72.02579,44.6358],[-72.02375,44.63551],[-72.02279,44.63498],[-72.02249,44.6344],[-72.02247,44.63335],[-72.02281,44.63244],[-72.02329,44.63181],[-72.02383,44.63143],[-72.02306,44.62999],[-72.02297,44.62945],[-72.02259,44.62902]]]}},{"type":"Feature","properties":{"PWSID":"VT0005168","PWS_Name":"STOWE F D 2 GOLD BROOK CIRCLE","Pop_Cat_5":"<=500","Population_Served_Count":86,"Service_Connections_Count":35,"Service_Area_Type":"Residential Area","Model_Method":"","boundary_source":"Authoritative (VT/local)","is_community":true,"Area_SqKM":0.7139153890687954,"Detailed_Facility_Report":"https://echo.epa.gov/detailed-facility-report?fid=VT0005168&sys=SDWIS"},"geometry":{"type":"Polygon","coordinates":[[[-72.6965,44.43743],[-72.69733,44.43757],[-72.69835,44.43811],[-72.69867,44.43764],[-72.69937,44.43721],[-72.70061,44.43694],[-72.70294,44.43768],[-72.70349,44.43832],[-72.70468,44.44051],[-72.70443,44.44127],[-72.70324,44.44239],[-72.70228,44.44276],[-72.70117,44.44268],[-72.70039,44.44304],[-72.69927,44.44327],[-72.69664,44.44314],[-72.69522,44.44346],[-72.6917,44.44373],[-72.69087,44.44359],[-72.69013,44.4432],[-72.68884,44.44307],[-72.68814,44.44272],[-72.68774,44.44218],[-72.68771,44.44157],[-72.68906,44.43985],[-72.6903,44.43951],[-72.69179,44.43983],[-72.69253,44.43889],[-72.69395,44.43771],[-72.69475,44.43749],[-72.69567,44.43757],[-72.6965,44.43743]]]}},{"type":"Feature","properties":{"PWSID":"VT0005655","PWS_Name":"HOLBROOK BAY COMMONS","Pop_Cat_5":"<=500","Population_Served_Count":95,"Service_Connections_Count":36,"Service_Area_Type":"Residential Area","Model_Method":"","boundary_source":"Authoritative (VT/local)","is_community":true,"Area_SqKM":0.6985056747417923,"Detailed_Facility_Report":"https://echo.epa.gov/detailed-facility-report?fid=VT0005655&sys=SDWIS"},"geometry":{"type":"Polygon","coordinates":[[[-72.24331,44.95487],[-72.24436,44.9551],[-72.24506,44.95571],[-72.24564,44.9577],[-72.24697,44.96068],[-72.24683,44.96129],[-72.24632,44.96179],[-72.24677,44.96332],[-72.24631,44.96459],[-72.24549,44.96528],[-72.24419,44.96565],[-72.24299,44.96553],[-72.24187,44.96512],[-72.24124,44.96461],[-72.24046,44.96343],[-72.23936,44.96411],[-72.23851,44.9644],[-72.23778,44.96446],[-72.23705,44.96434],[-72.23643,44.96405],[-72.23589,44.96318],[-72.23639,44.96111],[-72.23802,44.95938],[-72.2389,44.95793],[-72.24196,44.95527],[-72.24258,44.95497],[-72.24331,44.95487]]]}},{"type":"Feature","properties":{"PWSID":"VT0020091","PWS_Name":"VILLAGE AT ORMSBY HILL HOA","Pop_Cat_5":"<=500","Population_Served_Count":52,"Service_Connections_Count":20,"Service_Area_Type":"Residential Area","Model_Method":"","boundary_source":"Authoritative (VT/local)","is_community":true,"Area_SqKM":0.6978494070680614,"Detailed_Facility_Report":"https://echo.epa.gov/detailed-facility-report?fid=VT0020091&sys=SDWIS"},"geometry":{"type":"Polygon","coordinates":[[[-73.08364,43.13983],[-73.09081,43.14019],[-73.09158,43.14044],[-73.09211,43.14091],[-73.09228,43.14177],[-73.09179,43.14292],[-73.09127,43.14339],[-73.09143,43.14414],[-73.091,43.14541],[-73.09052,43.14591],[-73.08982,43.1462],[-73.0895,43.14669],[-73.08885,43.14709],[-73.08768,43.14721],[-73.07984,43.14563],[-73.07913,43.14535],[-73.07869,43.14494],[-73.07849,43.14443],[-73.07851,43.14331],[-73.07888,43.14257],[-73.08191,43.14067],[-73.08252,43.14012],[-73.08364,43.13983]]]}},{"type":"Feature","properties":{"PWSID":"VT0020737","PWS_Name":"SHATTUCK HILL MHP","Pop_Cat_5":"<=500","Population_Served_Count":129,"Service_Connections_Count":53,"Service_Area_Type":"Mobile Home Park","Model_Method":"","boundary_source":"Authoritative (VT/local)","is_community":false,"Area_SqKM":0.693701337365262,"Detailed_Facility_Report":"https://echo.epa.gov/detailed-facility-report?fid=VT0020737&sys=SDWIS"},"geometry":{"type":"Polygon","coordinates":[[[-72.16691,44.95044],[-72.16993,44.95109],[-72.17052,44.95154],[-72.17077,44.95222],[-72.16833,44.96423],[-72.16762,44.96503],[-72.16646,44.96531],[-72.1648,44.96524],[-72.1641,44.96507],[-72.16341,44.96457],[-72.16316,44.96389],[-72.16442,44.9579],[-72.16405,44.95744],[-72.16396,44.95692],[-72.16487,44.9521],[-72.16511,44.95135],[-72.16548,44.95089],[-72.16607,44.95057],[-72.16691,44.95044]]]}},{"type":"Feature","properties":{"PWSID":"VT0005042","PWS_Name":"PEACHAM FIRE DISTRICT 1","Pop_Cat_5":"<=500","Population_Served_Count":150,"Service_Connections_Count":57,"Service_Area_Type":"Residential Area","Model_Method":"Decision Tree","boundary_source":"EPA-modeled","is_community":true,"Area_SqKM":0.6877232971666731,"Detailed_Facility_Report":"https://echo.epa.gov/detailed-facility-report?fid=VT0005042&sys=SDWIS"},"geometry":{"type":"Polygon","coordinates":[[[-72.17879,44.32151],[-72.17284,44.32662],[-72.17067,44.32829],[-72.17024,44.32838],[-72.16949,44.32773],[-72.16723,44.32507],[-72.16579,44.32139],[-72.16561,44.3202],[-72.16586,44.31977],[-72.16691,44.31888],[-72.16717,44.31897],[-72.16725,44.31818],[-72.16853,44.31806],[-72.17547,44.31998],[-72.17879,44.32151]]]}},{"type":"Feature","properties":{"PWSID":"VT0005169","PWS_Name":"WATERVILLE FIRE DISTRICT 1","Pop_Cat_5":"<=500","Population_Served_Count":84,"Service_Connections_Count":48,"Service_Area_Type":"Residential Area","Model_Method":"","boundary_source":"Authoritative (VT/local)","is_community":true,"Area_SqKM":0.6816314486286198,"Detailed_Facility_Report":"https://echo.epa.gov/detailed-facility-report?fid=VT0005169&sys=SDWIS"},"geometry":{"type":"Polygon","coordinates":[[[-72.77014,44.68463],[-72.77169,44.68495],[-72.77247,44.68572],[-72.7725,44.68634],[-72.77197,44.68706],[-72.77196,44.68736],[-72.77237,44.68907],[-72.77296,44.69049],[-72.77293,44.69125],[-72.77202,44.6923],[-72.77105,44.69298],[-72.77048,44.6932],[-72.76904,44.69485],[-72.76805,44.69522],[-72.76702,44.6959],[-72.76556,44.69595],[-72.76455,44.69547],[-72.76416,44.69474],[-72.76461,44.69368],[-72.76431,44.69296],[-72.76436,44.69243],[-72.76468,44.69196],[-72.76532,44.69157],[-72.76373,44.69147],[-72.76275,44.69082],[-72.76255,44.69023],[-72.76274,44.68805],[-72.76322,44.68744],[-72.76407,44.68709],[-72.76751,44.68713],[-72.76779,44.68697],[-72.76865,44.68516],[-72.76931,44.68477],[-72.77014,44.68463]]]}},{"type":"Feature","properties":{"PWSID":"VT0020867","PWS_Name":"OAK HILL ESTATES WATER SYSTEM","Pop_Cat_5":"<=500","Population_Served_Count":52,"Service_Connections_Count":20,"Service_Area_Type":"Residential Area","Model_Method":"","boundary_source":"Authoritative (VT/local)","is_community":true,"Area_SqKM":0.668238191114014,"Detailed_Facility_Report":"https://echo.epa.gov/detailed-facility-report?fid=VT0020867&sys=SDWIS"},"geometry":{"type":"Polygon","coordinates":[[[-73.11613,44.42563],[-73.1172,44.42582],[-73.11795,44.42566],[-73.11868,44.42572],[-73.12047,44.42624],[-73.12122,44.42681],[-73.12136,44.42775],[-73.11966,44.43087],[-73.11741,44.43184],[-73.1167,44.43198],[-73.11563,44.4318],[-73.11466,44.4312],[-73.1138,44.43281],[-73.11287,44.43369],[-73.11203,44.43404],[-73.11,44.43425],[-73.10687,44.43335],[-73.10632,44.43277],[-73.10625,44.43207],[-73.10832,44.42868],[-73.10901,44.42831],[-73.10985,44.42821],[-73.11315,44.42884],[-73.11394,44.42802],[-73.11457,44.42624],[-73.11519,44.42582],[-73.11613,44.42563]]]}},{"type":"Feature","properties":{"PWSID":"VT0005555","PWS_Name":"WEST BURKE HOUSING","Pop_Cat_5":"<=500","Population_Served_Count":40,"Service_Connections_Count":15,"Service_Area_Type":"Other Residential","Model_Method":"Random Forest","boundary_source":"EPA-modeled","is_community":true,"Area_SqKM":0.6665045856987046,"Detailed_Facility_Report":"https://echo.epa.gov/detailed-facility-report?fid=VT0005555&sys=SDWIS"},"geometry":{"type":"MultiPolygon","coordinates":[[[[-71.98531,44.63936],[-71.98487,44.64019],[-71.98285,44.63983],[-71.98171,44.63869],[-71.98149,44.63818],[-71.98216,44.63775],[-71.98221,44.63729],[-71.98527,44.63882],[-71.98531,44.63936]]],[[[-71.98108,44.63841],[-71.98209,44.63965],[-71.98213,44.63999],[-71.98185,44.64093],[-71.98083,44.64159],[-71.9843,44.64169],[-71.983,44.64664],[-71.98208,44.64984],[-71.98135,44.65222],[-71.98243,44.64851],[-71.98229,44.64745],[-71.97986,44.64587],[-71.97847,44.64335],[-71.97841,44.64229],[-71.97894,44.64239],[-71.97949,44.64222],[-71.97955,44.64153],[-71.97826,44.6398],[-71.97792,44.63719],[-71.97675,44.63544],[-71.97871,44.63477],[-71.98149,44.63818],[-71.98108,44.63841]]],[[[-71.95509,44.67371],[-71.95437,44.67524],[-71.9536,44.67632],[-71.95376,44.67746],[-71.952,44.67807],[-71.95108,44.67821],[-71.95088,44.67474],[-71.95114,44.67275],[-71.9517,44.67134],[-71.95316,44.66904],[-71.95489,44.66989],[-71.95469,44.67136],[-71.95515,44.67291],[-71.95509,44.67371]]]]}},{"type":"Feature","properties":{"PWSID":"VT0005637","PWS_Name":"TUCKERVILLE MHP","Pop_Cat_5":"<=500","Population_Served_Count":60,"Service_Connections_Count":24,"Service_Area_Type":"Mobile Home Park","Model_Method":"","boundary_source":"Authoritative (VT/local)","is_community":false,"Area_SqKM":0.6650647778033997,"Detailed_Facility_Report":"https://echo.epa.gov/detailed-facility-report?fid=VT0005637&sys=SDWIS"},"geometry":{"type":"Polygon","coordinates":[[[-72.70993,43.3704],[-72.71495,43.37043],[-72.71606,43.37076],[-72.7175,43.37065],[-72.71829,43.37086],[-72.71886,43.37131],[-72.71911,43.37197],[-72.71963,43.37235],[-72.71991,43.37284],[-72.72002,43.37515],[-72.71937,43.37638],[-72.71875,43.37711],[-72.71853,43.37802],[-72.71718,43.379],[-72.71589,43.37916],[-72.71385,43.37851],[-72.71323,43.37788],[-72.71314,43.37709],[-72.71228,43.37683],[-72.71169,43.37627],[-72.71152,43.37439],[-72.70938,43.37432],[-72.70873,43.37408],[-72.70825,43.37369],[-72.708,43.37301],[-72.70818,43.37132],[-72.7089,43.37063],[-72.70993,43.3704]]]}},{"type":"Feature","properties":{"PWSID":"VT0005057","PWS_Name":"HILLCREST MHP INC","Pop_Cat_5":"501-3,300","Population_Served_Count":615,"Service_Connections_Count":235,"Service_Area_Type":"Mobile Home Park","Model_Method":"","boundary_source":"Authoritative (VT/local)","is_community":false,"Area_SqKM":0.6638036172542028,"Detailed_Facility_Report":"https://echo.epa.gov/detailed-facility-report?fid=VT0005057&sys=SDWIS"},"geometry":{"type":"Polygon","coordinates":[[[-73.16138,44.54871],[-73.16263,44.54904],[-73.16327,44.54989],[-73.16459,44.55007],[-73.16545,44.55081],[-73.16975,44.55243],[-73.17049,44.55311],[-73.1706,44.55364],[-73.17038,44.55419],[-73.16724,44.55847],[-73.16622,44.55908],[-73.16549,44.55915],[-73.16473,44.559],[-73.16177,44.55789],[-73.16103,44.55721],[-73.16073,44.55552],[-73.16126,44.55339],[-73.15984,44.55285],[-73.15925,44.55241],[-73.15871,44.55039],[-73.15901,44.54972],[-73.1599,44.54907],[-73.16054,44.54881],[-73.16138,44.54871]]]}},{"type":"Feature","properties":{"PWSID":"VT0005199","PWS_Name":"GREENSBORO BEND FIRE DISTRICT #2","Pop_Cat_5":"<=500","Population_Served_Count":71,"Service_Connections_Count":17,"Service_Area_Type":"Residential Area","Model_Method":"","boundary_source":"Authoritative (VT/local)","is_community":true,"Area_SqKM":0.6628959706419634,"Detailed_Facility_Report":"https://echo.epa.gov/detailed-facility-report?fid=VT0005199&sys=SDWIS"},"geometry":{"type":"Polygon","coordinates":[[[-72.26511,44.5436],[-72.26732,44.54414],[-72.26801,44.5445],[-72.26851,44.5453],[-72.26851,44.54624],[-72.26788,44.54708],[-72.26623,44.54794],[-72.26511,44.54998],[-72.26441,44.55059],[-72.26375,44.55086],[-72.26318,44.55182],[-72.2637,44.5522],[-72.26398,44.55269],[-72.26398,44.55321],[-72.26369,44.55372],[-72.26283,44.55432],[-72.26162,44.55443],[-72.25978,44.55385],[-72.25903,44.55312],[-72.25525,44.5519],[-72.25466,44.55134],[-72.25455,44.55056],[-72.25613,44.54834],[-72.25682,44.54785],[-72.25813,44.5477],[-72.26029,44.54835],[-72.26118,44.54682],[-72.26248,44.54608],[-72.26361,44.54412],[-72.26428,44.54374],[-72.26511,44.5436]]]}},{"type":"Feature","properties":{"PWSID":"VT0020002","PWS_Name":"NORTH HARBOR","Pop_Cat_5":"<=500","Population_Served_Count":225,"Service_Connections_Count":56,"Service_Area_Type":"Residential Area","Model_Method":"","boundary_source":"Authoritative (VT/local)","is_community":true,"Area_SqKM":0.6597355321817946,"Detailed_Facility_Report":"https://echo.epa.gov/detailed-facility-report?fid=VT0020002&sys=SDWIS"},"geometry":{"type":"Polygon","coordinates":[[[-73.19472,44.59981],[-73.19555,44.59994],[-73.19651,44.60044],[-73.19771,44.6005],[-73.19922,44.60123],[-73.19998,44.60111],[-73.2007,44.60121],[-73.20156,44.6017],[-73.20201,44.60269],[-73.20199,44.6033],[-73.20005,44.6058],[-73.19884,44.6062],[-73.19748,44.60592],[-73.19613,44.60668],[-73.19443,44.60671],[-73.1936,44.60653],[-73.19298,44.60613],[-73.19187,44.6065],[-73.19089,44.60646],[-73.18728,44.6051],[-73.18678,44.6045],[-73.18677,44.6038],[-73.18856,44.60164],[-73.18941,44.60128],[-73.19038,44.60128],[-73.19167,44.60174],[-73.19253,44.60228],[-73.19218,44.60135],[-73.19249,44.6006],[-73.19322,44.60014],[-73.19472,44.59981]]]}},{"type":"Feature","properties":{"PWSID":"VT0005006","PWS_Name":"BROOKSIDE MHP","Pop_Cat_5":"<=500","Population_Served_Count":135,"Service_Connections_Count":51,"Service_Area_Type":"Mobile Home Park","Model_Method":"","boundary_source":"Authoritative (VT/local)","is_community":false,"Area_SqKM":0.6508319264283814,"Detailed_Facility_Report":"https://echo.epa.gov/detailed-facility-report?fid=VT0005006&sys=SDWIS"},"geometry":{"type":"Polygon","coordinates":[[[-73.06355,44.21425],[-73.06427,44.21435],[-73.06489,44.21464],[-73.0653,44.21507],[-73.06549,44.2156],[-73.06532,44.21647],[-73.06462,44.21711],[-73.06494,44.21774],[-73.06489,44.21844],[-73.06403,44.2194],[-73.06457,44.22081],[-73.06457,44.22134],[-73.06415,44.22196],[-73.06346,44.22232],[-73.06109,44.22249],[-73.06031,44.22224],[-73.05975,44.22174],[-73.05908,44.22173],[-73.0584,44.22153],[-73.05765,44.22082],[-73.05676,44.2206],[-73.05555,44.21988],[-73.05522,44.21941],[-73.05503,44.21852],[-73.05427,44.21824],[-73.05372,44.21766],[-73.05345,44.21571],[-73.05395,44.21502],[-73.05491,44.21464],[-73.05747,44.21444],[-73.05827,44.21465],[-73.05882,44.21505],[-73.06067,44.21494],[-73.06139,44.21461],[-73.06236,44.21456],[-73.06355,44.21425]]]}},{"type":"Feature","properties":{"PWSID":"VT0005429","PWS_Name":"RUTLAND TOWN FIRE DISTRICT 5","Pop_Cat_5":"<=500","Population_Served_Count":110,"Service_Connections_Count":40,"Service_Area_Type":"Residential Area","Model_Method":"","boundary_source":"Authoritative (VT/local)","is_community":true,"Area_SqKM":0.646819493294926,"Detailed_Facility_Report":"https://echo.epa.gov/detailed-facility-report?fid=VT0005429&sys=SDWIS"},"geometry":{"type":"Polygon","coordinates":[[[-72.94101,43.59875],[-72.94357,43.59872],[-72.94437,43.59911],[-72.9448,43.59973],[-72.94537,43.60818],[-72.94492,43.60898],[-72.94388,43.60942],[-72.93985,43.60949],[-72.93901,43.60915],[-72.9385,43.60846],[-72.93848,43.60643],[-72.93791,43.60111],[-72.93799,43.59988],[-72.93833,43.59932],[-72.93898,43.59893],[-72.94101,43.59875]]]}},{"type":"Feature","properties":{"PWSID":"VT0005424","PWS_Name":"MERRIMAC MANOR MHP","Pop_Cat_5":"<=500","Population_Served_Count":122,"Service_Connections_Count":49,"Service_Area_Type":"Mobile Home Park","Model_Method":"","boundary_source":"Authoritative (VT/local)","is_community":false,"Area_SqKM":0.6452439076833566,"Detailed_Facility_Report":"https://echo.epa.gov/detailed-facility-report?fid=VT0005424&sys=SDWIS"},"geometry":{"type":"Polygon","coordinates":[[[-72.39614,43.67462],[-72.39685,43.67473],[-72.39745,43.67502],[-72.39923,43.67686],[-72.39987,43.67776],[-72.40001,43.67828],[-72.39928,43.67981],[-72.40174,43.68162],[-72.40259,43.6833],[-72.40302,43.68472],[-72.40289,43.68541],[-72.4023,43.68597],[-72.40048,43.68679],[-72.39951,43.68679],[-72.3986,43.68637],[-72.39636,43.68374],[-72.39446,43.68209],[-72.39323,43.68134],[-72.39284,43.6808],[-72.39248,43.67893],[-72.39262,43.67833],[-72.3934,43.67768],[-72.39459,43.67522],[-72.39521,43.6748],[-72.39614,43.67462]]]}},{"type":"Feature","properties":{"PWSID":"VT0021384","PWS_Name":"CONCORD ESTATES MHP, LLC.","Pop_Cat_5":"<=500","Population_Served_Count":60,"Service_Connections_Count":31,"Service_Area_Type":"Mobile Home Park","Model_Method":"","boundary_source":"Authoritative (VT/local)","is_community":false,"Area_SqKM":0.6416238043928759,"Detailed_Facility_Report":"https://echo.epa.gov/detailed-facility-report?fid=VT0021384&sys=SDWIS"},"geometry":{"type":"Polygon","coordinates":[[[-71.86409,44.46227],[-71.86481,44.46237],[-71.86542,44.46267],[-71.86677,44.46415],[-71.86686,44.46467],[-71.86668,44.46524],[-71.86689,44.46613],[-71.86666,44.46684],[-71.86674,44.46786],[-71.86634,44.4684],[-71.8656,44.46882],[-71.86518,44.46926],[-71.86412,44.46964],[-71.86377,44.47015],[-71.86325,44.47048],[-71.86308,44.47103],[-71.86258,44.47153],[-71.86109,44.47218],[-71.85999,44.4722],[-71.85852,44.47154],[-71.85791,44.47072],[-71.85618,44.46984],[-71.85553,44.46896],[-71.85553,44.46826],[-71.85603,44.46766],[-71.85775,44.46669],[-71.85895,44.46537],[-71.86016,44.46366],[-71.86207,44.46249],[-71.86409,44.46227]]]}},{"type":"Feature","properties":{"PWSID":"VT0005657","PWS_Name":"CLUB SUGARBUSH WATER SYSTEM","Pop_Cat_5":"<=500","Population_Served_Count":245,"Service_Connections_Count":59,"Service_Area_Type":"Residential Area","Model_Method":"","boundary_source":"Authoritative (VT/local)","is_community":true,"Area_SqKM":0.6408252182105265,"Detailed_Facility_Report":"https://echo.epa.gov/detailed-facility-report?fid=VT0005657&sys=SDWIS"},"geometry":{"type":"MultiPolygon","coordinates":[[[[-72.88179,44.14173],[-72.8828,44.14193],[-72.88365,44.14229],[-72.88414,44.14268],[-72.88445,44.14335],[-72.88422,44.14411],[-72.88456,44.14454],[-72.88466,44.14506],[-72.88414,44.14701],[-72.88335,44.1478],[-72.88374,44.14853],[-72.88357,44.14931],[-72.88272,44.14992],[-72.88152,44.15031],[-72.88076,44.15038],[-72.87955,44.14999],[-72.87904,44.14941],[-72.87895,44.14876],[-72.8782,44.14859],[-72.87758,44.14817],[-72.87728,44.1476],[-72.87728,44.14657],[-72.87661,44.14644],[-72.87603,44.14612],[-72.87566,44.14567],[-72.87556,44.14514],[-72.87581,44.14456],[-72.87644,44.14397],[-72.87709,44.14374],[-72.87783,44.1437],[-72.87815,44.14322],[-72.87866,44.14288],[-72.88008,44.14241],[-72.88093,44.14188],[-72.88179,44.14173]]],[[[-72.89209,44.13431],[-72.89247,44.13381],[-72.89305,44.13348],[-72.89375,44.13335],[-72.89448,44.13341],[-72.89521,44.1337],[-72.89565,44.13411],[-72.89585,44.13462],[-72.89575,44.13514],[-72.89537,44.13565],[-72.89479,44.13597],[-72.89409,44.13611],[-72.89336,44.13604],[-72.89263,44.13576],[-72.89219,44.13534],[-72.89199,44.13483],[-72.89209,44.13431]]],[[[-72.81035,44.13639],[-72.81131,44.13655],[-72.81201,44.13686],[-72.81271,44.13766],[-72.8127,44.1383],[-72.81247,44.1388],[-72.81189,44.13925],[-72.81122,44.13946],[-72.81049,44.13946],[-72.80939,44.13916],[-72.80877,44.13874],[-72.80849,44.13825],[-72.80852,44.13749],[-72.80887,44.13693],[-72.80952,44.13654],[-72.81035,44.13639]]]]}},{"type":"Feature","properties":{"PWSID":"VT0020855","PWS_Name":"COLONIAL ESTATES HOMEOWNERS ASSN","Pop_Cat_5":"<=500","Population_Served_Count":79,"Service_Connections_Count":30,"Service_Area_Type":"Residential Area","Model_Method":"Random Forest","boundary_source":"EPA-modeled","is_community":true,"Area_SqKM":0.6384416628548434,"Detailed_Facility_Report":"https://echo.epa.gov/detailed-facility-report?fid=VT0020855&sys=SDWIS"},"geometry":{"type":"MultiPolygon","coordinates":[[[[-73.01248,44.64951],[-73.01182,44.65013],[-73.0106,44.65202],[-73.00929,44.65586],[-73.00913,44.65514],[-73.00851,44.65442],[-73.00752,44.65392],[-73.00615,44.65372],[-73.00673,44.65203],[-73.00697,44.65178],[-73.00757,44.65173],[-73.00857,44.65052],[-73.01036,44.64933],[-73.0113,44.64906],[-73.0122,44.6492],[-73.01261,44.64942],[-73.01248,44.64951]]],[[[-72.98947,44.65329],[-72.98924,44.6557],[-72.98779,44.65838],[-72.98714,44.6582],[-72.98499,44.65866],[-72.98185,44.65857],[-72.9816,44.65308],[-72.98277,44.65258],[-72.98568,44.65181],[-72.98589,44.65164],[-72.98577,44.65138],[-72.98504,44.65109],[-72.98469,44.65031],[-72.98412,44.65001],[-72.9845,44.64964],[-72.98613,44.64885],[-72.98656,44.64885],[-72.98695,44.64903],[-72.98831,44.65076],[-72.9893,44.6517],[-72.98947,44.65329]]]]}},{"type":"Feature","properties":{"PWSID":"VT0005095","PWS_Name":"ST GEORGE COMMUNITY COOPERATIVE","Pop_Cat_5":"<=500","Population_Served_Count":420,"Service_Connections_Count":120,"Service_Area_Type":"Mobile Home Park","Model_Method":"","boundary_source":"Authoritative (VT/local)","is_community":false,"Area_SqKM":0.6309645233474043,"Detailed_Facility_Report":"https://echo.epa.gov/detailed-facility-report?fid=VT0005095&sys=SDWIS"},"geometry":{"type":"Polygon","coordinates":[[[-73.1268,44.37165],[-73.12772,44.37172],[-73.12838,44.37195],[-73.12887,44.37234],[-73.12913,44.37293],[-73.129,44.3747],[-73.12786,44.38034],[-73.12737,44.38084],[-73.12658,44.38114],[-73.1261,44.38162],[-73.12535,44.38192],[-73.12414,44.38194],[-73.12327,44.38158],[-73.12194,44.38171],[-73.12121,44.38161],[-73.12036,44.38112],[-73.12004,44.38037],[-73.12017,44.37885],[-73.12064,44.37819],[-73.12111,44.37405],[-73.1219,44.37339],[-73.12339,44.37316],[-73.12433,44.37262],[-73.12511,44.37244],[-73.12587,44.37183],[-73.1268,44.37165]]]}},{"type":"Feature","properties":{"PWSID":"VT0005635","PWS_Name":"WINTERPLACE WATER SYSTEM","Pop_Cat_5":"501-3,300","Population_Served_Count":700,"Service_Connections_Count":258,"Service_Area_Type":"Residential Area","Model_Method":"","boundary_source":"Authoritative (VT/local)","is_community":true,"Area_SqKM":0.6279684953437681,"Detailed_Facility_Report":"https://echo.epa.gov/detailed-facility-report?fid=VT0005635&sys=SDWIS"},"geometry":{"type":"Polygon","coordinates":[[[-72.72153,43.4065],[-72.72235,43.40664],[-72.72347,43.4072],[-72.72449,43.4071],[-72.72547,43.40742],[-72.72715,43.4091],[-72.72796,43.40943],[-72.72843,43.40983],[-72.72868,43.4105],[-72.7285,43.4111],[-72.72755,43.41212],[-72.72612,43.41301],[-72.72547,43.41324],[-72.71794,43.41346],[-72.71712,43.41332],[-72.7164,43.41286],[-72.71609,43.4122],[-72.71624,43.40851],[-72.71643,43.408],[-72.71738,43.40735],[-72.72153,43.4065]]]}},{"type":"Feature","properties":{"PWSID":"VT0005255","PWS_Name":"BERLIN WATER CO INC","Pop_Cat_5":"<=500","Population_Served_Count":139,"Service_Connections_Count":55,"Service_Area_Type":"Mobile Home Park","Model_Method":"","boundary_source":"Authoritative (VT/local)","is_community":false,"Area_SqKM":0.6245930512239858,"Detailed_Facility_Report":"https://echo.epa.gov/detailed-facility-report?fid=VT0005255&sys=SDWIS"},"geometry":{"type":"Polygon","coordinates":[[[-72.53472,44.21311],[-72.53586,44.21339],[-72.54255,44.21765],[-72.5438,44.21799],[-72.54549,44.2188],[-72.5459,44.21924],[-72.54604,44.21975],[-72.5459,44.22027],[-72.54549,44.22071],[-72.54488,44.221],[-72.54406,44.2211],[-72.54278,44.22205],[-72.54108,44.22223],[-72.54036,44.22216],[-72.53963,44.22184],[-72.53687,44.22128],[-72.53615,44.22096],[-72.5356,44.22009],[-72.53592,44.21924],[-72.53465,44.21875],[-72.53374,44.21777],[-72.53206,44.21685],[-72.53161,44.21614],[-72.53161,44.21518],[-72.53221,44.21435],[-72.53368,44.21334],[-72.53472,44.21311]]]}},{"type":"Feature","properties":{"PWSID":"VT0005049","PWS_Name":"WHEELOCK FIRE DISTRICT 1","Pop_Cat_5":"<=500","Population_Served_Count":50,"Service_Connections_Count":21,"Service_Area_Type":"Residential Area","Model_Method":"","boundary_source":"Authoritative (VT/local)","is_community":true,"Area_SqKM":0.6135946875032078,"Detailed_Facility_Report":"https://echo.epa.gov/detailed-facility-report?fid=VT0005049&sys=SDWIS"},"geometry":{"type":"Polygon","coordinates":[[[-72.08401,44.5847],[-72.08473,44.58481],[-72.08534,44.5851],[-72.08584,44.58571],[-72.0866,44.58617],[-72.08736,44.58713],[-72.08985,44.58759],[-72.09123,44.58841],[-72.09183,44.58923],[-72.09191,44.58984],[-72.09109,44.59108],[-72.0905,44.59153],[-72.08969,44.59174],[-72.08886,44.59168],[-72.08795,44.59202],[-72.08697,44.59197],[-72.08519,44.59129],[-72.08449,44.59052],[-72.08366,44.5907],[-72.08281,44.59059],[-72.08061,44.58969],[-72.07982,44.5895],[-72.07769,44.5886],[-72.07717,44.58822],[-72.07689,44.58773],[-72.07689,44.58721],[-72.07745,44.58567],[-72.07805,44.58512],[-72.07907,44.58465],[-72.08004,44.58456],[-72.08074,44.58473],[-72.08225,44.58546],[-72.08306,44.58488],[-72.08401,44.5847]]]}},{"type":"Feature","properties":{"PWSID":"VT0005556","PWS_Name":"GEORGIA STATION","Pop_Cat_5":"<=500","Population_Served_Count":120,"Service_Connections_Count":51,"Service_Area_Type":"Residential Area","Model_Method":"","boundary_source":"Authoritative (VT/local)","is_community":true,"Area_SqKM":0.6081063298324263,"Detailed_Facility_Report":"https://echo.epa.gov/detailed-facility-report?fid=VT0005556&sys=SDWIS"},"geometry":{"type":"Polygon","coordinates":[[[-73.14301,44.69029],[-73.14385,44.69042],[-73.14683,44.69154],[-73.14742,44.69198],[-73.14767,44.69248],[-73.14702,44.69581],[-73.14665,44.69666],[-73.14589,44.69789],[-73.14472,44.69834],[-73.13935,44.69761],[-73.13828,44.69717],[-73.13773,44.6964],[-73.13787,44.6952],[-73.13723,44.69429],[-73.13673,44.69287],[-73.13677,44.69234],[-73.13717,44.6918],[-73.1393,44.69078],[-73.14301,44.69029]]]}},{"type":"Feature","properties":{"PWSID":"VT0005100","PWS_Name":"WILLISTON FIRE DISTRICT 1","Pop_Cat_5":"<=500","Population_Served_Count":212,"Service_Connections_Count":82,"Service_Area_Type":"Mobile Home Park","Model_Method":"","boundary_source":"Authoritative (VT/local)","is_community":false,"Area_SqKM":0.60512276119323,"Detailed_Facility_Report":"https://echo.epa.gov/detailed-facility-report?fid=VT0005100&sys=SDWIS"},"geometry":{"type":"Polygon","coordinates":[[[-73.10028,44.41706],[-73.101,44.41716],[-73.10236,44.41765],[-73.1031,44.41833],[-73.10317,44.41903],[-73.10276,44.4197],[-73.10279,44.42029],[-73.10248,44.42096],[-73.10283,44.42151],[-73.10302,44.4227],[-73.10216,44.4247],[-73.10012,44.42816],[-73.09933,44.4287],[-73.09825,44.42884],[-73.09706,44.42856],[-73.0963,44.42799],[-73.09611,44.42731],[-73.09643,44.42624],[-73.09518,44.42508],[-73.095,44.42431],[-73.09686,44.42083],[-73.09642,44.42032],[-73.09623,44.41951],[-73.09708,44.41791],[-73.09752,44.41749],[-73.09816,44.41723],[-73.0994,44.41723],[-73.10028,44.41706]]]}},{"type":"Feature","properties":{"PWSID":"VT0005378","PWS_Name":"RUTLAND TOWN FIRE DISTRICT 6","Pop_Cat_5":"<=500","Population_Served_Count":137,"Service_Connections_Count":52,"Service_Area_Type":"Residential Area","Model_Method":"","boundary_source":"Authoritative (VT/local)","is_community":true,"Area_SqKM":0.5861722993156276,"Detailed_Facility_Report":"https://echo.epa.gov/detailed-facility-report?fid=VT0005378&sys=SDWIS"},"geometry":{"type":"Polygon","coordinates":[[[-72.94188,43.60188],[-72.94311,43.60221],[-72.94371,43.60296],[-72.94381,43.60388],[-72.94364,43.60437],[-72.94392,43.605],[-72.94405,43.60761],[-72.94374,43.60836],[-72.94313,43.60878],[-72.94127,43.6093],[-72.94077,43.60967],[-72.9401,43.60988],[-72.93605,43.61004],[-72.93497,43.60982],[-72.93354,43.6084],[-72.93341,43.60746],[-72.93432,43.60616],[-72.93499,43.60572],[-72.93545,43.60515],[-72.93617,43.60482],[-72.93706,43.60473],[-72.93699,43.60325],[-72.93729,43.60258],[-72.9378,43.60221],[-72.93847,43.602],[-72.93952,43.60195],[-72.94021,43.60208],[-72.94188,43.60188]]]}},{"type":"Feature","properties":{"PWSID":"VT0020885","PWS_Name":"RUTLAND TOWN FIRE DISTRICT 4","Pop_Cat_5":"<=500","Population_Served_Count":136,"Service_Connections_Count":52,"Service_Area_Type":"Residential Area","Model_Method":"","boundary_source":"Authoritative (VT/local)","is_community":true,"Area_SqKM":0.5752978996372866,"Detailed_Facility_Report":"https://echo.epa.gov/detailed-facility-report?fid=VT0020885&sys=SDWIS"},"geometry":{"type":"Polygon","coordinates":[[[-72.94202,43.62155],[-72.94315,43.62182],[-72.94385,43.62263],[-72.94415,43.62781],[-72.94391,43.62849],[-72.94323,43.62899],[-72.94195,43.62928],[-72.93887,43.62869],[-72.93787,43.62893],[-72.93679,43.62894],[-72.9361,43.62877],[-72.93549,43.62836],[-72.93517,43.6277],[-72.93505,43.62515],[-72.9353,43.62455],[-72.93504,43.62403],[-72.935,43.62302],[-72.93525,43.62234],[-72.93582,43.62189],[-72.93661,43.62167],[-72.94202,43.62155]]]}},{"type":"Feature","properties":{"PWSID":"VT0005525","PWS_Name":"STERLING RIDGE WATER","Pop_Cat_5":"<=500","Population_Served_Count":66,"Service_Connections_Count":25,"Service_Area_Type":"Residential Area","Model_Method":"Random Forest","boundary_source":"EPA-modeled","is_community":true,"Area_SqKM":0.570001111639195,"Detailed_Facility_Report":"https://echo.epa.gov/detailed-facility-report?fid=VT0005525&sys=SDWIS"},"geometry":{"type":"Polygon","coordinates":[[[-72.88366,44.14315],[-72.8823,44.14379],[-72.8814,44.14403],[-72.88049,44.14399],[-72.87982,44.14437],[-72.87875,44.14439],[-72.87845,44.14459],[-72.87829,44.14502],[-72.87575,44.14496],[-72.87522,44.14473],[-72.87471,44.14361],[-72.874,44.14303],[-72.87062,44.14186],[-72.86925,44.14171],[-72.86757,44.14182],[-72.86699,44.1417],[-72.8665,44.14137],[-72.86548,44.14007],[-72.86358,44.1392],[-72.8617,44.13919],[-72.85726,44.14026],[-72.85593,44.14034],[-72.85124,44.1393],[-72.84603,44.13721],[-72.84611,44.13703],[-72.84706,44.13737],[-72.84757,44.13739],[-72.84883,44.13729],[-72.8495,44.13695],[-72.85193,44.13777],[-72.85293,44.13853],[-72.85475,44.13849],[-72.8561,44.13877],[-72.85686,44.13873],[-72.85764,44.13914],[-72.85802,44.13907],[-72.85855,44.13869],[-72.86086,44.13831],[-72.86267,44.1382],[-72.86359,44.13831],[-72.86531,44.13882],[-72.86642,44.13977],[-72.86659,44.14027],[-72.86686,44.14044],[-72.86821,44.14057],[-72.86889,44.13999],[-72.86929,44.13993],[-72.86975,44.14006],[-72.87033,44.13966],[-72.87093,44.13959],[-72.87258,44.13997],[-72.87387,44.14002],[-72.87471,44.14023],[-72.87552,44.141],[-72.87702,44.14117],[-72.87761,44.1414],[-72.87938,44.1414],[-72.88144,44.14271],[-72.88366,44.14315]]]}},{"type":"Feature","properties":{"PWSID":"VT0005375","PWS_Name":"TALL TIMBERS MHP","Pop_Cat_5":"<=500","Population_Served_Count":275,"Service_Connections_Count":105,"Service_Area_Type":"Mobile Home Park","Model_Method":"","boundary_source":"Authoritative (VT/local)","is_community":false,"Area_SqKM":0.5683343683353698,"Detailed_Facility_Report":"https://echo.epa.gov/detailed-facility-report?fid=VT0005375&sys=SDWIS"},"geometry":{"type":"Polygon","coordinates":[[[-72.3964,43.62822],[-72.39722,43.62836],[-72.3992,43.62918],[-72.39964,43.6297],[-72.39973,43.63026],[-72.40154,43.63139],[-72.40193,43.63221],[-72.40106,43.63418],[-72.40057,43.63468],[-72.39958,43.635],[-72.39831,43.63491],[-72.39715,43.63549],[-72.39614,43.63565],[-72.39296,43.6352],[-72.39213,43.63485],[-72.39165,43.63424],[-72.39141,43.63297],[-72.39084,43.63224],[-72.38995,43.63172],[-72.38964,43.63097],[-72.38989,43.6303],[-72.39057,43.6298],[-72.39126,43.62963],[-72.39192,43.62966],[-72.39569,43.62832],[-72.3964,43.62822]]]}},{"type":"Feature","properties":{"PWSID":"VT0005654","PWS_Name":"CHIMNEY HILL COLCHESTER","Pop_Cat_5":"<=500","Population_Served_Count":42,"Service_Connections_Count":16,"Service_Area_Type":"Residential Area","Model_Method":"","boundary_source":"Authoritative (VT/local)","is_community":true,"Area_SqKM":0.5676345127358956,"Detailed_Facility_Report":"https://echo.epa.gov/detailed-facility-report?fid=VT0005654&sys=SDWIS"},"geometry":{"type":"Polygon","coordinates":[[[-73.1714,44.59155],[-73.17223,44.59169],[-73.17731,44.59361],[-73.17807,44.59418],[-73.17824,44.59504],[-73.17743,44.59647],[-73.17925,44.59763],[-73.17993,44.59834],[-73.18013,44.59893],[-73.17999,44.59945],[-73.17947,44.60011],[-73.17875,44.60089],[-73.17817,44.60121],[-73.17746,44.60135],[-73.17661,44.60126],[-73.17276,44.59985],[-73.172,44.59928],[-73.16953,44.593],[-73.16962,44.59248],[-73.17006,44.59196],[-73.17067,44.59166],[-73.1714,44.59155]]]}},{"type":"Feature","properties":{"PWSID":"VT0005134","PWS_Name":"HOMESTEAD ACRES MHP","Pop_Cat_5":"<=500","Population_Served_Count":81,"Service_Connections_Count":31,"Service_Area_Type":"Mobile Home Park","Model_Method":"","boundary_source":"Authoritative (VT/local)","is_community":false,"Area_SqKM":0.5615475709977636,"Detailed_Facility_Report":"https://echo.epa.gov/detailed-facility-report?fid=VT0005134&sys=SDWIS"},"geometry":{"type":"Polygon","coordinates":[[[-73.05727,44.85136],[-73.05811,44.8515],[-73.06311,44.8533],[-73.06364,44.85367],[-73.06392,44.85414],[-73.06541,44.85471],[-73.066,44.85537],[-73.06601,44.85607],[-73.06543,44.85674],[-73.0605,44.85895],[-73.05928,44.8589],[-73.05426,44.85721],[-73.05367,44.85689],[-73.05325,44.85635],[-73.05333,44.85548],[-73.05563,44.85204],[-73.05632,44.85155],[-73.05727,44.85136]]]}},{"type":"Feature","properties":{"PWSID":"VT0005066","PWS_Name":"ESSEX JCT WATER DEPT","Pop_Cat_5":"3,301-10,000","Population_Served_Count":9500,"Service_Connections_Count":3300,"Service_Area_Type":"Residential Area","Model_Method":"","boundary_source":"Authoritative (VT/local)","is_community":true,"Area_SqKM":0.5270582614887278,"Detailed_Facility_Report":"https://echo.epa.gov/detailed-facility-report?fid=VT0005066&sys=SDWIS"},"geometry":{"type":"MultiPolygon","coordinates":[[[[-73.09663,44.49972],[-73.09735,44.49982],[-73.0987,44.50032],[-73.09923,44.50069],[-73.09952,44.50118],[-73.09949,44.50179],[-73.09891,44.50282],[-73.09976,44.50342],[-73.09993,44.50428],[-73.0993,44.5053],[-73.09826,44.50574],[-73.09728,44.5057],[-73.09617,44.50526],[-73.09498,44.50521],[-73.09282,44.50437],[-73.0914,44.50339],[-73.091,44.50282],[-73.09057,44.5015],[-73.09099,44.49928],[-73.09144,44.49876],[-73.09205,44.49846],[-73.09314,44.49838],[-73.0946,44.49887],[-73.09525,44.49939],[-73.09545,44.50003],[-73.09663,44.49972]]],[[[-73.08757,44.48228],[-73.08916,44.48253],[-73.08975,44.48297],[-73.08999,44.48347],[-73.08992,44.48408],[-73.08941,44.4848],[-73.08879,44.48523],[-73.0881,44.4854],[-73.08715,44.48536],[-73.08647,44.48516],[-73.08588,44.48472],[-73.08564,44.48422],[-73.08573,44.48338],[-73.08608,44.48282],[-73.08674,44.48242],[-73.08757,44.48228]]]]}},{"type":"Feature","properties":{"PWSID":"VT0005152","PWS_Name":"ELMORE WATER DISTRICT","Pop_Cat_5":"<=500","Population_Served_Count":32,"Service_Connections_Count":14,"Service_Area_Type":"Residential Area","Model_Method":"","boundary_source":"Authoritative (VT/local)","is_community":true,"Area_SqKM":0.5234765693583734,"Detailed_Facility_Report":"https://echo.epa.gov/detailed-facility-report?fid=VT0005152&sys=SDWIS"},"geometry":{"type":"Polygon","coordinates":[[[-72.52275,44.53746],[-72.52359,44.5376],[-72.52425,44.53798],[-72.52463,44.53863],[-72.52537,44.53925],[-72.52553,44.54008],[-72.52662,44.54016],[-72.52746,44.54066],[-72.52784,44.5417],[-72.52764,44.5424],[-72.52812,44.54332],[-72.52773,44.54414],[-72.52671,44.54469],[-72.52577,44.54487],[-72.52475,44.54467],[-72.52376,44.54522],[-72.52293,44.54536],[-72.52178,44.54508],[-72.52025,44.5441],[-72.51983,44.54365],[-72.51907,44.54355],[-72.51788,44.54305],[-72.51733,44.54258],[-72.51714,44.54198],[-72.51733,44.54139],[-72.51982,44.5381],[-72.52099,44.53751],[-72.52275,44.53746]]]}},{"type":"Feature","properties":{"PWSID":"VT0005076","PWS_Name":"HUNTINGTON FIRE DISTRICT 1","Pop_Cat_5":"<=500","Population_Served_Count":120,"Service_Connections_Count":46,"Service_Area_Type":"Residential Area","Model_Method":"","boundary_source":"Authoritative (VT/local)","is_community":true,"Area_SqKM":0.5223995607650201,"Detailed_Facility_Report":"https://echo.epa.gov/detailed-facility-report?fid=VT0005076&sys=SDWIS"},"geometry":{"type":"Polygon","coordinates":[[[-72.98326,44.31797],[-72.98552,44.3181],[-72.9868,44.31874],[-72.98732,44.31946],[-72.98737,44.32065],[-72.9883,44.32208],[-72.98821,44.3226],[-72.98748,44.32381],[-72.98622,44.32453],[-72.98514,44.32562],[-72.98402,44.32595],[-72.9833,44.32589],[-72.97905,44.3247],[-72.97842,44.32428],[-72.9781,44.32362],[-72.97823,44.32302],[-72.98052,44.31898],[-72.98154,44.31823],[-72.98326,44.31797]]]}},{"type":"Feature","properties":{"PWSID":"VT0005615","PWS_Name":"TIMBERCREEK CONDOMINIUM","Pop_Cat_5":"501-3,300","Population_Served_Count":1116,"Service_Connections_Count":213,"Service_Area_Type":"Residential Area","Model_Method":"","boundary_source":"Authoritative (VT/local)","is_community":true,"Area_SqKM":0.5196489119199759,"Detailed_Facility_Report":"https://echo.epa.gov/detailed-facility-report?fid=VT0005615&sys=SDWIS"},"geometry":{"type":"MultiPolygon","coordinates":[[[[-72.88939,42.95993],[-72.8965,42.96001],[-72.89715,42.96024],[-72.89762,42.96063],[-72.89786,42.96113],[-72.89781,42.96166],[-72.8975,42.96213],[-72.89454,42.96489],[-72.89332,42.96529],[-72.89042,42.9655],[-72.88968,42.96521],[-72.88924,42.96479],[-72.88887,42.96357],[-72.88819,42.96297],[-72.88758,42.96146],[-72.88762,42.96093],[-72.88801,42.96039],[-72.88869,42.96003],[-72.88939,42.95993]]],[[[-72.88203,42.97531],[-72.88389,42.97541],[-72.88452,42.97567],[-72.88496,42.97609],[-72.88515,42.97659],[-72.88507,42.97743],[-72.88475,42.9779],[-72.88411,42.97829],[-72.8833,42.97844],[-72.88155,42.97836],[-72.8809,42.97813],[-72.88037,42.97766],[-72.88018,42.97706],[-72.88039,42.97606],[-72.88112,42.97549],[-72.88203,42.97531]]]]}},{"type":"Feature","properties":{"PWSID":"VT0005162","PWS_Name":"PINECREST MOBILE HOME PARK","Pop_Cat_5":"<=500","Population_Served_Count":139,"Service_Connections_Count":53,"Service_Area_Type":"Mobile Home Park","Model_Method":"","boundary_source":"Authoritative (VT/local)","is_community":false,"Area_SqKM":0.4960243571040558,"Detailed_Facility_Report":"https://echo.epa.gov/detailed-facility-report?fid=VT0005162&sys=SDWIS"},"geometry":{"type":"MultiPolygon","coordinates":[[[[-72.59349,44.57434],[-72.59393,44.57372],[-72.59445,44.57335],[-72.59513,44.57315],[-72.59587,44.57315],[-72.59704,44.57348],[-72.59762,44.5738],[-72.59803,44.57434],[-72.59806,44.57495],[-72.59707,44.57624],[-72.59631,44.57653],[-72.59545,44.57655],[-72.59413,44.57606],[-72.59361,44.57569],[-72.59329,44.57503],[-72.59349,44.57434]]],[[[-72.62489,44.52603],[-72.62619,44.52609],[-72.62747,44.52657],[-72.62788,44.52701],[-72.62817,44.52783],[-72.62869,44.52834],[-72.62883,44.52886],[-72.62869,44.52937],[-72.62655,44.53268],[-72.62593,44.5331],[-72.62498,44.53328],[-72.62426,44.53318],[-72.62109,44.53205],[-72.62045,44.53152],[-72.62025,44.53093],[-72.62166,44.52807],[-72.62364,44.52637],[-72.62489,44.52603]]]]}},{"type":"Feature","properties":{"PWSID":"VT0021199","PWS_Name":"NOTCHBROOK III","Pop_Cat_5":"<=500","Population_Served_Count":39,"Service_Connections_Count":15,"Service_Area_Type":"Residential Area","Model_Method":"","boundary_source":"Authoritative (VT/local)","is_community":true,"Area_SqKM":0.490425380605649,"Detailed_Facility_Report":"https://echo.epa.gov/detailed-facility-report?fid=VT0021199&sys=SDWIS"},"geometry":{"type":"Polygon","coordinates":[[[-72.76108,44.51587],[-72.76181,44.51597],[-72.76561,44.51726],[-72.7661,44.51765],[-72.76709,44.51906],[-72.76707,44.51967],[-72.76636,44.52099],[-72.76609,44.52245],[-72.76555,44.52292],[-72.76361,44.52378],[-72.76165,44.52372],[-72.75998,44.52322],[-72.75846,44.52242],[-72.75794,44.52173],[-72.75771,44.52068],[-72.75787,44.51991],[-72.75815,44.51939],[-72.75876,44.51897],[-72.75868,44.51836],[-72.75904,44.51726],[-72.75975,44.51627],[-72.76036,44.51598],[-72.76108,44.51587]]]}},{"type":"Feature","properties":{"PWSID":"VT0005052","PWS_Name":"FERNWOOD MANOR MHP","Pop_Cat_5":"<=500","Population_Served_Count":250,"Service_Connections_Count":78,"Service_Area_Type":"Mobile Home Park","Model_Method":"","boundary_source":"Authoritative (VT/local)","is_community":false,"Area_SqKM":0.48878677911949747,"Detailed_Facility_Report":"https://echo.epa.gov/detailed-facility-report?fid=VT0005052&sys=SDWIS"},"geometry":{"type":"Polygon","coordinates":[[[-72.8614,44.36731],[-72.86717,44.36873],[-72.87113,44.3701],[-72.87162,44.3707],[-72.87165,44.37131],[-72.87126,44.37219],[-72.86999,44.37372],[-72.86915,44.37407],[-72.86761,44.37415],[-72.86029,44.37184],[-72.85975,44.37106],[-72.86009,44.36992],[-72.85959,44.36902],[-72.85956,44.3684],[-72.86025,44.36759],[-72.8614,44.36731]]]}},{"type":"Feature","properties":{"PWSID":"VT0005237","PWS_Name":"GRANDVIEW ACRES WATER COOP","Pop_Cat_5":"<=500","Population_Served_Count":102,"Service_Connections_Count":35,"Service_Area_Type":"Residential Area","Model_Method":"","boundary_source":"Authoritative (VT/local)","is_community":true,"Area_SqKM":0.48175997100193857,"Detailed_Facility_Report":"https://echo.epa.gov/detailed-facility-report?fid=VT0005237&sys=SDWIS"},"geometry":{"type":"Polygon","coordinates":[[[-72.94571,43.60882],[-72.94664,43.60899],[-72.94726,43.60941],[-72.94754,43.6099],[-72.94763,43.61094],[-72.94739,43.61161],[-72.94663,43.61214],[-72.94667,43.61335],[-72.94598,43.61416],[-72.94602,43.6154],[-72.94566,43.61605],[-72.94479,43.61651],[-72.94328,43.6166],[-72.94076,43.61564],[-72.93986,43.61561],[-72.93921,43.61538],[-72.93851,43.61458],[-72.93831,43.61237],[-72.93854,43.61187],[-72.93921,43.61137],[-72.94018,43.61001],[-72.94117,43.60953],[-72.94334,43.60938],[-72.94422,43.60892],[-72.94571,43.60882]]]}},{"type":"Feature","properties":{"PWSID":"VT0005041","PWS_Name":"LYN HAVEN FIRE DISTRICT 1","Pop_Cat_5":"<=500","Population_Served_Count":100,"Service_Connections_Count":38,"Service_Area_Type":"Mobile Home Park","Model_Method":"","boundary_source":"Authoritative (VT/local)","is_community":false,"Area_SqKM":0.474409023261643,"Detailed_Facility_Report":"https://echo.epa.gov/detailed-facility-report?fid=VT0005041&sys=SDWIS"},"geometry":{"type":"MultiPolygon","coordinates":[[[[-71.98634,44.58186],[-71.99129,44.58255],[-71.99195,44.58279],[-71.99243,44.58319],[-71.99279,44.58419],[-71.99274,44.58471],[-71.99241,44.58518],[-71.99184,44.58554],[-71.99198,44.58627],[-71.99157,44.58706],[-71.99082,44.58763],[-71.98963,44.5878],[-71.98518,44.58716],[-71.9845,44.58695],[-71.98392,44.5865],[-71.98369,44.58565],[-71.98454,44.58276],[-71.98529,44.58208],[-71.98634,44.58186]]],[[[-72.01113,44.5129],[-72.01266,44.51333],[-72.01311,44.51375],[-72.01329,44.51425],[-72.01278,44.51571],[-72.01215,44.51612],[-72.01133,44.5163],[-72.00983,44.51597],[-72.00929,44.51549],[-72.00911,44.51498],[-72.00927,44.51398],[-72.00956,44.51349],[-72.01018,44.51308],[-72.01113,44.5129]]]]}},{"type":"Feature","properties":{"PWSID":"VT0005538","PWS_Name":"RIVER ROAD APARTMENTS","Pop_Cat_5":"<=500","Population_Served_Count":50,"Service_Connections_Count":19,"Service_Area_Type":"Residential Area","Model_Method":"","boundary_source":"Authoritative (VT/local)","is_community":true,"Area_SqKM":0.4735475705452415,"Detailed_Facility_Report":"https://echo.epa.gov/detailed-facility-report?fid=VT0005538&sys=SDWIS"},"geometry":{"type":"Polygon","coordinates":[[[-72.70228,44.45079],[-72.703,44.45089],[-72.70394,44.45127],[-72.70472,44.45115],[-72.70544,44.45125],[-72.70789,44.45218],[-72.70859,44.45278],[-72.70867,44.45365],[-72.70777,44.45497],[-72.70807,44.45553],[-72.70799,44.45614],[-72.70719,44.45729],[-72.70635,44.45779],[-72.70563,44.4579],[-72.7049,44.4578],[-72.70007,44.4561],[-72.69938,44.4556],[-72.69913,44.45499],[-72.69849,44.45473],[-72.69799,44.45423],[-72.69786,44.45354],[-72.6983,44.45283],[-72.70124,44.45102],[-72.70228,44.45079]]]}},{"type":"Feature","properties":{"PWSID":"VT0005220","PWS_Name":"EASTRIDGE ACRES ASSOCIATION","Pop_Cat_5":"<=500","Population_Served_Count":95,"Service_Connections_Count":35,"Service_Area_Type":"Residential Area","Model_Method":"","boundary_source":"Authoritative (VT/local)","is_community":true,"Area_SqKM":0.4724078493842648,"Detailed_Facility_Report":"https://echo.epa.gov/detailed-facility-report?fid=VT0005220&sys=SDWIS"},"geometry":{"type":"Polygon","coordinates":[[[-72.93598,43.60849],[-72.93721,43.60882],[-72.93783,43.60966],[-72.93797,43.61242],[-72.93763,43.61298],[-72.93698,43.61337],[-72.93628,43.61351],[-72.92917,43.6137],[-72.9272,43.61292],[-72.92633,43.61209],[-72.92614,43.6114],[-72.92647,43.6105],[-72.927,43.61006],[-72.9278,43.60976],[-72.92919,43.60885],[-72.92989,43.60871],[-72.93598,43.60849]]]}},{"type":"Feature","properties":{"PWSID":"VT0005258","PWS_Name":"WESTONS MOBILE HOME PARK","Pop_Cat_5":"<=500","Population_Served_Count":218,"Service_Connections_Count":83,"Service_Area_Type":"Mobile Home Park","Model_Method":"","boundary_source":"Authoritative (VT/local)","is_community":false,"Area_SqKM":0.4690756546836888,"Detailed_Facility_Report":"https://echo.epa.gov/detailed-facility-report?fid=VT0005258&sys=SDWIS"},"geometry":{"type":"Polygon","coordinates":[[[-72.59517,44.2387],[-72.59635,44.23898],[-72.59701,44.23966],[-72.5978,44.24012],[-72.59865,44.24113],[-72.59874,44.24193],[-72.59846,44.24242],[-72.59795,44.24279],[-72.59727,44.243],[-72.59652,44.24299],[-72.59594,44.24411],[-72.59453,44.24554],[-72.59378,44.24583],[-72.59293,44.24585],[-72.59091,44.24533],[-72.59016,44.24476],[-72.58996,44.24416],[-72.59019,44.24348],[-72.58925,44.24278],[-72.58889,44.24222],[-72.58892,44.23953],[-72.58944,44.23884],[-72.5904,44.23847],[-72.59197,44.23849],[-72.59261,44.23876],[-72.59302,44.23912],[-72.59363,44.23928],[-72.59434,44.23884],[-72.59517,44.2387]]]}},{"type":"Feature","properties":{"PWSID":"VT0005629","PWS_Name":"WINHALL ACRES","Pop_Cat_5":"<=500","Population_Served_Count":84,"Service_Connections_Count":34,"Service_Area_Type":"Residential Area","Model_Method":"","boundary_source":"Authoritative (VT/local)","is_community":true,"Area_SqKM":0.468780868256911,"Detailed_Facility_Report":"https://echo.epa.gov/detailed-facility-report?fid=VT0005629&sys=SDWIS"},"geometry":{"type":"Polygon","coordinates":[[[-72.87865,43.14395],[-72.87957,43.14413],[-72.88019,43.14455],[-72.88107,43.14638],[-72.88106,43.14713],[-72.88178,43.14745],[-72.88222,43.14797],[-72.88231,43.14858],[-72.88163,43.15081],[-72.88111,43.15139],[-72.88013,43.15172],[-72.87529,43.15155],[-72.87449,43.15117],[-72.87404,43.15045],[-72.87438,43.14603],[-72.87474,43.14557],[-72.87562,43.14501],[-72.87634,43.14431],[-72.87701,43.1441],[-72.87865,43.14395]]]}},{"type":"Feature","properties":{"PWSID":"VT0005571","PWS_Name":"TELEMARK VILLAGE","Pop_Cat_5":"<=500","Population_Served_Count":82,"Service_Connections_Count":31,"Service_Area_Type":"Residential Area","Model_Method":"","boundary_source":"Authoritative (VT/local)","is_community":true,"Area_SqKM":0.46603999199679236,"Detailed_Facility_Report":"https://echo.epa.gov/detailed-facility-report?fid=VT0005571&sys=SDWIS"},"geometry":{"type":"Polygon","coordinates":[[[-72.80574,43.66915],[-72.80646,43.66925],[-72.80706,43.66954],[-72.80823,43.67058],[-72.80855,43.67124],[-72.80704,43.67482],[-72.80626,43.67548],[-72.80545,43.67566],[-72.8042,43.67558],[-72.80146,43.67425],[-72.80051,43.67404],[-72.79837,43.6741],[-72.79765,43.67378],[-72.79692,43.67309],[-72.79668,43.67259],[-72.79673,43.67206],[-72.79705,43.67159],[-72.79759,43.67124],[-72.79967,43.67055],[-72.80094,43.67039],[-72.80142,43.66992],[-72.80204,43.66965],[-72.80574,43.66915]]]}},{"type":"Feature","properties":{"PWSID":"VT0021057","PWS_Name":"OUTLOOK AT MOUNT SNOW","Pop_Cat_5":"<=500","Population_Served_Count":96,"Service_Connections_Count":14,"Service_Area_Type":"Residential Area","Model_Method":"","boundary_source":"Authoritative (VT/local)","is_community":true,"Area_SqKM":0.4657240578551007,"Detailed_Facility_Report":"https://echo.epa.gov/detailed-facility-report?fid=VT0021057&sys=SDWIS"},"geometry":{"type":"Polygon","coordinates":[[[-72.8924,42.96877],[-72.89441,42.96888],[-72.8954,42.96936],[-72.89627,42.97061],[-72.89667,42.97221],[-72.89657,42.97283],[-72.89614,42.97335],[-72.89554,42.97365],[-72.89466,42.97376],[-72.89367,42.97365],[-72.89332,42.97425],[-72.89256,42.97468],[-72.89027,42.97508],[-72.88944,42.97502],[-72.8885,42.97449],[-72.88795,42.97329],[-72.88684,42.97178],[-72.88611,42.97122],[-72.88583,42.97009],[-72.88592,42.96956],[-72.88645,42.96898],[-72.88742,42.96865],[-72.88873,42.96872],[-72.88974,42.96933],[-72.89083,42.96943],[-72.89148,42.96895],[-72.8924,42.96877]]]}},{"type":"Feature","properties":{"PWSID":"VT0020744","PWS_Name":"DERBY MHP","Pop_Cat_5":"<=500","Population_Served_Count":265,"Service_Connections_Count":101,"Service_Area_Type":"Mobile Home Park","Model_Method":"","boundary_source":"Authoritative (VT/local)","is_community":false,"Area_SqKM":0.45962455784626627,"Detailed_Facility_Report":"https://echo.epa.gov/detailed-facility-report?fid=VT0020744&sys=SDWIS"},"geometry":{"type":"Polygon","coordinates":[[[-72.12197,44.95809],[-72.12402,44.95849],[-72.12527,44.95938],[-72.12564,44.95983],[-72.1269,44.96019],[-72.12753,44.96083],[-72.12763,44.96136],[-72.12729,44.9621],[-72.12748,44.96269],[-72.12728,44.96329],[-72.12652,44.96416],[-72.12504,44.96476],[-72.11938,44.96484],[-72.11837,44.96451],[-72.11783,44.96393],[-72.11777,44.96323],[-72.11914,44.95929],[-72.1199,44.95872],[-72.12124,44.95819],[-72.12197,44.95809]]]}},{"type":"Feature","properties":{"PWSID":"VT0005524","PWS_Name":"SNOWSIDE CONDOMINIUM","Pop_Cat_5":"<=500","Population_Served_Count":63,"Service_Connections_Count":24,"Service_Area_Type":"Residential Area","Model_Method":"","boundary_source":"Authoritative (VT/local)","is_community":true,"Area_SqKM":0.4591107500958638,"Detailed_Facility_Report":"https://echo.epa.gov/detailed-facility-report?fid=VT0005524&sys=SDWIS"},"geometry":{"type":"Polygon","coordinates":[[[-72.89263,44.17201],[-72.89346,44.17214],[-72.89888,44.17405],[-72.89944,44.1744],[-72.89979,44.17496],[-72.89964,44.17582],[-72.89808,44.17751],[-72.89619,44.17946],[-72.89514,44.17989],[-72.89417,44.17985],[-72.89316,44.17927],[-72.89185,44.17906],[-72.89123,44.17864],[-72.89094,44.17816],[-72.89127,44.17652],[-72.89119,44.17592],[-72.8903,44.1753],[-72.89012,44.1743],[-72.89078,44.17351],[-72.89082,44.17302],[-72.89115,44.17254],[-72.8918,44.17215],[-72.89263,44.17201]]]}},{"type":"Feature","properties":{"PWSID":"VT0005238","PWS_Name":"PICO VILLAGE WATER CORP","Pop_Cat_5":"<=500","Population_Served_Count":89,"Service_Connections_Count":34,"Service_Area_Type":"Residential Area","Model_Method":"","boundary_source":"Authoritative (VT/local)","is_community":true,"Area_SqKM":0.45264382251897856,"Detailed_Facility_Report":"https://echo.epa.gov/detailed-facility-report?fid=VT0005238&sys=SDWIS"},"geometry":{"type":"Polygon","coordinates":[[[-72.85067,43.65641],[-72.85149,43.65654],[-72.85215,43.65693],[-72.8525,43.65749],[-72.85244,43.65818],[-72.85169,43.65964],[-72.85128,43.66009],[-72.8507,43.66158],[-72.84952,43.66239],[-72.84973,43.66344],[-72.84886,43.66514],[-72.84785,43.66575],[-72.84665,43.66575],[-72.84556,43.66545],[-72.84498,43.66513],[-72.84416,43.66373],[-72.84434,43.66216],[-72.8447,43.6617],[-72.84526,43.66139],[-72.84484,43.66045],[-72.84492,43.65984],[-72.84577,43.65893],[-72.84655,43.65841],[-72.84748,43.65697],[-72.84795,43.65657],[-72.84939,43.65618],[-72.85067,43.65641]]]}},{"type":"Feature","properties":{"PWSID":"VT0005532","PWS_Name":"VERNON GREEN NURSING HOME","Pop_Cat_5":"<=500","Population_Served_Count":96,"Service_Connections_Count":17,"Service_Area_Type":"Medical Facility","Model_Method":"","boundary_source":"Authoritative (VT/local)","is_community":false,"Area_SqKM":0.4441441794459836,"Detailed_Facility_Report":"https://echo.epa.gov/detailed-facility-report?fid=VT0005532&sys=SDWIS"},"geometry":{"type":"Polygon","coordinates":[[[-72.50958,42.7606],[-72.51079,42.76094],[-72.5114,42.76178],[-72.51143,42.76295],[-72.51088,42.76375],[-72.51101,42.76475],[-72.51065,42.7654],[-72.50978,42.76586],[-72.50863,42.76586],[-72.50794,42.76661],[-72.50617,42.76729],[-72.50467,42.76737],[-72.50357,42.76772],[-72.50233,42.76744],[-72.50165,42.76664],[-72.50146,42.76578],[-72.50157,42.76494],[-72.502,42.76443],[-72.50431,42.76275],[-72.50523,42.76134],[-72.50647,42.76077],[-72.50958,42.7606]]]}},{"type":"Feature","properties":{"PWSID":"VT0020031","PWS_Name":"VERNON HALL","Pop_Cat_5":"<=500","Population_Served_Count":50,"Service_Connections_Count":2,"Service_Area_Type":"Residential Area","Model_Method":"","boundary_source":"Authoritative (VT/local)","is_community":true,"Area_SqKM":0.4441441792861839,"Detailed_Facility_Report":"https://echo.epa.gov/detailed-facility-report?fid=VT0020031&sys=SDWIS"},"geometry":{"type":"Polygon","coordinates":[[[-72.50769,42.7603],[-72.50889,42.76063],[-72.5095,42.76147],[-72.50953,42.76265],[-72.50899,42.76345],[-72.50911,42.76445],[-72.50875,42.7651],[-72.50789,42.76555],[-72.50673,42.76556],[-72.50604,42.7663],[-72.50428,42.76699],[-72.50278,42.76707],[-72.50167,42.76742],[-72.50043,42.76714],[-72.49975,42.76634],[-72.49956,42.76548],[-72.49967,42.76464],[-72.5001,42.76412],[-72.50242,42.76245],[-72.50334,42.76104],[-72.50457,42.76047],[-72.50769,42.7603]]]}},{"type":"Feature","properties":{"PWSID":"VT0005502","PWS_Name":"WASHINGTON NORTH MHP","Pop_Cat_5":"<=500","Population_Served_Count":63,"Service_Connections_Count":23,"Service_Area_Type":"Mobile Home Park","Model_Method":"","boundary_source":"Authoritative (VT/local)","is_community":false,"Area_SqKM":0.4439790124790873,"Detailed_Facility_Report":"https://echo.epa.gov/detailed-facility-report?fid=VT0005502&sys=SDWIS"},"geometry":{"type":"Polygon","coordinates":[[[-72.43822,44.10913],[-72.44008,44.10964],[-72.44081,44.11033],[-72.44089,44.11094],[-72.44055,44.11185],[-72.44134,44.11229],[-72.44172,44.11302],[-72.44115,44.11483],[-72.44024,44.1154],[-72.43849,44.11562],[-72.43422,44.11542],[-72.43353,44.11525],[-72.43291,44.11483],[-72.43195,44.11352],[-72.43192,44.11233],[-72.4322,44.11152],[-72.43279,44.11107],[-72.4338,44.11084],[-72.43425,44.1106],[-72.43459,44.11002],[-72.43522,44.1096],[-72.43603,44.10942],[-72.43688,44.10953],[-72.4375,44.10923],[-72.43822,44.10913]]]}},{"type":"Feature","properties":{"PWSID":"VT0021207","PWS_Name":"KILLINGTON GATEWAY I CONDO ASSOCIATION","Pop_Cat_5":"<=500","Population_Served_Count":68,"Service_Connections_Count":26,"Service_Area_Type":"Residential Area","Model_Method":"","boundary_source":"Authoritative (VT/local)","is_community":true,"Area_SqKM":0.4390191259451133,"Detailed_Facility_Report":"https://echo.epa.gov/detailed-facility-report?fid=VT0021207&sys=SDWIS"},"geometry":{"type":"Polygon","coordinates":[[[-72.88265,43.6508],[-72.88378,43.65107],[-72.88444,43.65176],[-72.8857,43.65496],[-72.88551,43.65564],[-72.88498,43.65612],[-72.88397,43.6564],[-72.88122,43.65634],[-72.88026,43.65597],[-72.87976,43.65533],[-72.87578,43.65607],[-72.87484,43.65594],[-72.87418,43.65555],[-72.87386,43.65508],[-72.87382,43.65447],[-72.87461,43.65289],[-72.87514,43.65241],[-72.87579,43.65218],[-72.88265,43.6508]]]}},{"type":"Feature","properties":{"PWSID":"VT0021208","PWS_Name":"KILLINGTON GATEWAY II CONDO ASSOC INC","Pop_Cat_5":"<=500","Population_Served_Count":73,"Service_Connections_Count":28,"Service_Area_Type":"Residential Area","Model_Method":"","boundary_source":"Authoritative (VT/local)","is_community":true,"Area_SqKM":0.4390191056530194,"Detailed_Facility_Report":"https://echo.epa.gov/detailed-facility-report?fid=VT0021208&sys=SDWIS"},"geometry":{"type":"Polygon","coordinates":[[[-72.88457,43.6511],[-72.8857,43.65137],[-72.88636,43.65206],[-72.88762,43.65525],[-72.88744,43.65594],[-72.88691,43.65642],[-72.8859,43.65669],[-72.88314,43.65664],[-72.88219,43.65627],[-72.88169,43.65562],[-72.8777,43.65637],[-72.87676,43.65623],[-72.8761,43.65585],[-72.87578,43.65538],[-72.87575,43.65476],[-72.87653,43.65319],[-72.87707,43.65271],[-72.87772,43.65247],[-72.88457,43.6511]]]}},{"type":"Feature","properties":{"PWSID":"VT0005381","PWS_Name":"SHEFFIELD FIRE DISTRICT 1","Pop_Cat_5":"<=500","Population_Served_Count":50,"Service_Connections_Count":20,"Service_Area_Type":"Residential Area","Model_Method":"Random Forest","boundary_source":"EPA-modeled","is_community":true,"Area_SqKM":0.43753011241855316,"Detailed_Facility_Report":"https://echo.epa.gov/detailed-facility-report?fid=VT0005381&sys=SDWIS"},"geometry":{"type":"Polygon","coordinates":[[[-72.11684,44.59758],[-72.11667,44.5985],[-72.11587,44.60024],[-72.11546,44.60097],[-72.11469,44.60178],[-72.11538,44.60204],[-72.11687,44.60228],[-72.11807,44.60163],[-72.11936,44.60163],[-72.12013,44.60178],[-72.12123,44.60139],[-72.12222,44.60138],[-72.12174,44.60148],[-72.11948,44.60507],[-72.11874,44.60435],[-72.11645,44.60323],[-72.11633,44.604],[-72.11512,44.60376],[-72.1151,44.6035],[-72.11536,44.60349],[-72.11483,44.60302],[-72.11542,44.60264],[-72.11136,44.60048],[-72.10932,44.59901],[-72.10708,44.59769],[-72.10723,44.59739],[-72.10802,44.59783],[-72.10834,44.59785],[-72.11011,44.5974],[-72.11129,44.5964],[-72.11222,44.59633],[-72.11273,44.59547],[-72.11353,44.59533],[-72.11412,44.59488],[-72.11458,44.59478],[-72.1148,44.59431],[-72.11526,44.59422],[-72.11621,44.59572],[-72.11684,44.59758]]]}},{"type":"Feature","properties":{"PWSID":"VT0005518","PWS_Name":"LIMEHURST MHP","Pop_Cat_5":"<=500","Population_Served_Count":87,"Service_Connections_Count":33,"Service_Area_Type":"Mobile Home Park","Model_Method":"","boundary_source":"Authoritative (VT/local)","is_community":false,"Area_SqKM":0.4365090039290129,"Detailed_Facility_Report":"https://echo.epa.gov/detailed-facility-report?fid=VT0005518&sys=SDWIS"},"geometry":{"type":"Polygon","coordinates":[[[-72.54774,44.09695],[-72.54991,44.09735],[-72.55068,44.09778],[-72.55105,44.09842],[-72.55116,44.09998],[-72.54996,44.1018],[-72.54938,44.10224],[-72.54882,44.1047],[-72.5484,44.10532],[-72.54735,44.10576],[-72.54486,44.10607],[-72.54413,44.10603],[-72.54347,44.1058],[-72.54299,44.1054],[-72.54276,44.10491],[-72.5428,44.10438],[-72.54371,44.10272],[-72.54443,44.10216],[-72.54435,44.10156],[-72.54476,44.10016],[-72.54544,44.09936],[-72.54565,44.0981],[-72.5466,44.09722],[-72.54774,44.09695]]]}},{"type":"Feature","properties":{"PWSID":"VT0005636","PWS_Name":"SEASONS ON MOUNT SNOW","Pop_Cat_5":"501-3,300","Population_Served_Count":623,"Service_Connections_Count":235,"Service_Area_Type":"Residential Area","Model_Method":"","boundary_source":"Authoritative (VT/local)","is_community":true,"Area_SqKM":0.43136771316864303,"Detailed_Facility_Report":"https://echo.epa.gov/detailed-facility-report?fid=VT0005636&sys=SDWIS"},"geometry":{"type":"Polygon","coordinates":[[[-72.88939,42.95993],[-72.89615,42.95997],[-72.89695,42.96014],[-72.89749,42.96049],[-72.89784,42.96105],[-72.89809,42.96265],[-72.89785,42.96333],[-72.89738,42.96373],[-72.89669,42.964],[-72.89609,42.96455],[-72.89499,42.96491],[-72.89332,42.96529],[-72.89191,42.96531],[-72.89113,42.96553],[-72.88997,42.96536],[-72.88919,42.96471],[-72.88887,42.96357],[-72.88819,42.96297],[-72.88757,42.96137],[-72.8877,42.96077],[-72.88809,42.96033],[-72.88869,42.96003],[-72.88939,42.95993]]]}},{"type":"Feature","properties":{"PWSID":"VT0005586","PWS_Name":"BLAKE HILL","Pop_Cat_5":"<=500","Population_Served_Count":69,"Service_Connections_Count":26,"Service_Area_Type":"Residential Area","Model_Method":"","boundary_source":"Authoritative (VT/local)","is_community":true,"Area_SqKM":0.424992209221051,"Detailed_Facility_Report":"https://echo.epa.gov/detailed-facility-report?fid=VT0005586&sys=SDWIS"},"geometry":{"type":"Polygon","coordinates":[[[-72.49599,43.63057],[-72.49703,43.6308],[-72.49771,43.6314],[-72.49941,43.63511],[-72.49933,43.63598],[-72.49884,43.63647],[-72.49809,43.63676],[-72.49497,43.63706],[-72.49448,43.63736],[-72.4938,43.63753],[-72.49234,43.63744],[-72.4912,43.63692],[-72.49014,43.63567],[-72.48994,43.63497],[-72.49006,43.63342],[-72.49074,43.63282],[-72.49253,43.63224],[-72.49507,43.63075],[-72.49599,43.63057]]]}},{"type":"Feature","properties":{"PWSID":"VT0005517","PWS_Name":"POWNAL FIRE DISTRICT 3","Pop_Cat_5":"<=500","Population_Served_Count":60,"Service_Connections_Count":22,"Service_Area_Type":"Residential Area","Model_Method":"","boundary_source":"Authoritative (VT/local)","is_community":true,"Area_SqKM":0.4233375163034641,"Detailed_Facility_Report":"https://echo.epa.gov/detailed-facility-report?fid=VT0005517&sys=SDWIS"},"geometry":{"type":"Polygon","coordinates":[[[-73.2133,42.74401],[-73.21421,42.74419],[-73.21495,42.74475],[-73.21568,42.74763],[-73.21544,42.74822],[-73.21481,42.7487],[-73.21505,42.75014],[-73.21451,42.75095],[-73.21436,42.75178],[-73.21364,42.75235],[-73.2126,42.75254],[-73.21129,42.75231],[-73.21054,42.75189],[-73.20985,42.75097],[-73.20965,42.75029],[-73.20898,42.75005],[-73.20844,42.74958],[-73.20792,42.74834],[-73.20815,42.74775],[-73.20917,42.7467],[-73.20918,42.74604],[-73.20957,42.74549],[-73.21215,42.74429],[-73.2133,42.74401]]]}},{"type":"Feature","properties":{"PWSID":"VT0005056","PWS_Name":"PINE RIDGE WATER SYSTEM","Pop_Cat_5":"<=500","Population_Served_Count":46,"Service_Connections_Count":19,"Service_Area_Type":"Residential Area","Model_Method":"","boundary_source":"Authoritative (VT/local)","is_community":true,"Area_SqKM":0.4232453595006956,"Detailed_Facility_Report":"https://echo.epa.gov/detailed-facility-report?fid=VT0005056&sys=SDWIS"},"geometry":{"type":"Polygon","coordinates":[[[-73.23283,44.32259],[-73.23377,44.32277],[-73.23448,44.32328],[-73.23609,44.32322],[-73.23709,44.32354],[-73.23819,44.32473],[-73.23827,44.326],[-73.23733,44.3273],[-73.23661,44.32776],[-73.23143,44.32841],[-73.23047,44.32805],[-73.22992,44.32733],[-73.22873,44.32719],[-73.22795,44.32677],[-73.22759,44.32621],[-73.22736,44.32482],[-73.22764,44.32433],[-73.22826,44.32391],[-73.23019,44.32338],[-73.23105,44.32285],[-73.23283,44.32259]]]}},{"type":"Feature","properties":{"PWSID":"VT0005617","PWS_Name":"DAIRY CENTER","Pop_Cat_5":"<=500","Population_Served_Count":109,"Service_Connections_Count":27,"Service_Area_Type":"Residential Area","Model_Method":"","boundary_source":"Authoritative (VT/local)","is_community":true,"Area_SqKM":0.42240947322620986,"Detailed_Facility_Report":"https://echo.epa.gov/detailed-facility-report?fid=VT0005617&sys=SDWIS"},"geometry":{"type":"Polygon","coordinates":[[[-72.7531,44.91963],[-72.75722,44.92],[-72.75806,44.92015],[-72.75867,44.92045],[-72.75909,44.92088],[-72.75924,44.9214],[-72.75907,44.92273],[-72.75859,44.92333],[-72.75737,44.92373],[-72.74983,44.92395],[-72.74805,44.92379],[-72.74711,44.92338],[-72.74638,44.92254],[-72.74619,44.92203],[-72.74633,44.92142],[-72.74683,44.92092],[-72.74881,44.9199],[-72.75084,44.91967],[-72.7531,44.91963]]]}},{"type":"Feature","properties":{"PWSID":"VT0005171","PWS_Name":"MOBILE ACRES MHP","Pop_Cat_5":"<=500","Population_Served_Count":252,"Service_Connections_Count":96,"Service_Area_Type":"Mobile Home Park","Model_Method":"","boundary_source":"Authoritative (VT/local)","is_community":false,"Area_SqKM":0.4221150382727417,"Detailed_Facility_Report":"https://echo.epa.gov/detailed-facility-report?fid=VT0005171&sys=SDWIS"},"geometry":{"type":"Polygon","coordinates":[[[-72.69854,43.92921],[-72.69936,43.92935],[-72.7001,43.92978],[-72.70107,43.92939],[-72.70294,43.92936],[-72.70507,43.93021],[-72.70571,43.93073],[-72.70606,43.93154],[-72.70666,43.93227],[-72.70669,43.93289],[-72.70634,43.93345],[-72.70569,43.93384],[-72.7037,43.93428],[-72.70282,43.93471],[-72.70165,43.93485],[-72.70096,43.93468],[-72.69873,43.93356],[-72.69544,43.93243],[-72.69496,43.93204],[-72.69472,43.93154],[-72.69502,43.93061],[-72.69637,43.92974],[-72.69732,43.92941],[-72.69854,43.92921]]]}},{"type":"Feature","properties":{"PWSID":"VT0005450","PWS_Name":"WESTFORD FIRE DISTRICT 1","Pop_Cat_5":"<=500","Population_Served_Count":50,"Service_Connections_Count":23,"Service_Area_Type":"Residential Area","Model_Method":"","boundary_source":"Authoritative (VT/local)","is_community":true,"Area_SqKM":0.416738930362117,"Detailed_Facility_Report":"https://echo.epa.gov/detailed-facility-report?fid=VT0005450&sys=SDWIS"},"geometry":{"type":"Polygon","coordinates":[[[-73.03371,44.62499],[-73.03487,44.62526],[-73.03551,44.6259],[-73.0362,44.62839],[-73.03596,44.62949],[-73.03511,44.63011],[-73.03371,44.63036],[-73.03324,44.63161],[-73.03233,44.63219],[-73.03125,44.63227],[-73.0288,44.63179],[-73.02799,44.63126],[-73.02774,44.63059],[-73.02892,44.62621],[-73.02937,44.62579],[-73.03112,44.62488],[-73.03185,44.6248],[-73.03371,44.62499]]]}},{"type":"Feature","properties":{"PWSID":"VT0005619","PWS_Name":"GLAZE BROOK","Pop_Cat_5":"<=500","Population_Served_Count":220,"Service_Connections_Count":47,"Service_Area_Type":"Residential Area","Model_Method":"","boundary_source":"Authoritative (VT/local)","is_community":true,"Area_SqKM":0.4165613006182962,"Detailed_Facility_Report":"https://echo.epa.gov/detailed-facility-report?fid=VT0005619&sys=SDWIS"},"geometry":{"type":"Polygon","coordinates":[[[-72.7916,43.63488],[-72.79433,43.63546],[-72.79527,43.63521],[-72.79674,43.63532],[-72.80027,43.63646],[-72.80071,43.63698],[-72.80078,43.63768],[-72.79903,43.6404],[-72.7982,43.64075],[-72.79724,43.64075],[-72.79341,43.63918],[-72.79235,43.63925],[-72.79106,43.63901],[-72.79046,43.63872],[-72.79001,43.6382],[-72.78992,43.63762],[-72.78943,43.63707],[-72.78937,43.63638],[-72.78964,43.63589],[-72.79038,43.63522],[-72.7916,43.63488]]]}},{"type":"Feature","properties":{"PWSID":"VT0005291","PWS_Name":"MOUNT SNOW VILLAGE ASSOCIATION","Pop_Cat_5":"<=500","Population_Served_Count":123,"Service_Connections_Count":45,"Service_Area_Type":"Residential Area","Model_Method":"","boundary_source":"Authoritative (VT/local)","is_community":true,"Area_SqKM":0.4159878696080327,"Detailed_Facility_Report":"https://echo.epa.gov/detailed-facility-report?fid=VT0005291&sys=SDWIS"},"geometry":{"type":"Polygon","coordinates":[[[-72.87505,42.95292],[-72.87897,42.95308],[-72.87963,42.95328],[-72.88014,42.95365],[-72.88083,42.95491],[-72.88062,42.95574],[-72.88167,42.95751],[-72.8815,42.95846],[-72.88083,42.95907],[-72.87984,42.9593],[-72.87567,42.95924],[-72.87487,42.95906],[-72.87426,42.95864],[-72.87398,42.95816],[-72.87387,42.95739],[-72.87317,42.95635],[-72.87308,42.95418],[-72.87327,42.95368],[-72.8737,42.95326],[-72.87432,42.95299],[-72.87505,42.95292]]]}},{"type":"Feature","properties":{"PWSID":"VT0005043","PWS_Name":"RYEGATE FIRE DISTRICT 2","Pop_Cat_5":"<=500","Population_Served_Count":131,"Service_Connections_Count":50,"Service_Area_Type":"Residential Area","Model_Method":"Random Forest","boundary_source":"EPA-modeled","is_community":true,"Area_SqKM":0.4092149233614156,"Detailed_Facility_Report":"https://echo.epa.gov/detailed-facility-report?fid=VT0005043&sys=SDWIS"},"geometry":{"type":"Polygon","coordinates":[[[-72.06978,44.19501],[-72.06976,44.19653],[-72.06956,44.19716],[-72.06753,44.19928],[-72.06455,44.20444],[-72.06393,44.20493],[-72.06168,44.20481],[-72.06086,44.20522],[-72.06039,44.20524],[-72.0605,44.20197],[-72.06118,44.20049],[-72.06203,44.19967],[-72.06389,44.19865],[-72.06471,44.198],[-72.06538,44.19707],[-72.06571,44.196],[-72.06635,44.19587],[-72.06684,44.19557],[-72.06692,44.19529],[-72.06728,44.19522],[-72.06824,44.19456],[-72.06977,44.19479],[-72.06978,44.19501]]]}},{"type":"Feature","properties":{"PWSID":"VT0005535","PWS_Name":"SUNNY ACRES DEVELOPMENT WATER ASSOC INC","Pop_Cat_5":"<=500","Population_Served_Count":50,"Service_Connections_Count":29,"Service_Area_Type":"Residential Area","Model_Method":"","boundary_source":"Authoritative (VT/local)","is_community":true,"Area_SqKM":0.4061177401601536,"Detailed_Facility_Report":"https://echo.epa.gov/detailed-facility-report?fid=VT0005535&sys=SDWIS"},"geometry":{"type":"Polygon","coordinates":[[[-73.12018,44.60647],[-73.12134,44.60674],[-73.1243,44.60862],[-73.12473,44.60902],[-73.12492,44.60953],[-73.12444,44.61105],[-73.12351,44.61176],[-73.12274,44.61364],[-73.12205,44.61414],[-73.12123,44.61433],[-73.12039,44.61423],[-73.11752,44.6132],[-73.11693,44.61275],[-73.11667,44.61217],[-73.11684,44.61151],[-73.11655,44.61097],[-73.1166,44.61044],[-73.11846,44.60729],[-73.11914,44.6067],[-73.12018,44.60647]]]}},{"type":"Feature","properties":{"PWSID":"VT0020790","PWS_Name":"BIRCH LANDING CONDOMINIUM","Pop_Cat_5":"<=500","Population_Served_Count":82,"Service_Connections_Count":31,"Service_Area_Type":"Residential Area","Model_Method":"","boundary_source":"Authoritative (VT/local)","is_community":true,"Area_SqKM":0.40466745556705475,"Detailed_Facility_Report":"https://echo.epa.gov/detailed-facility-report?fid=VT0020790&sys=SDWIS"},"geometry":{"type":"Polygon","coordinates":[[[-72.69462,43.46822],[-72.69577,43.46844],[-72.69662,43.46879],[-72.69759,43.46864],[-72.6986,43.46892],[-72.69908,43.46931],[-72.70043,43.47126],[-72.70043,43.47263],[-72.70014,43.47321],[-72.69781,43.47481],[-72.69707,43.4751],[-72.69437,43.47519],[-72.69354,43.47484],[-72.69306,43.47424],[-72.69319,43.47262],[-72.69203,43.47087],[-72.69197,43.47017],[-72.69331,43.46861],[-72.69391,43.46832],[-72.69462,43.46822]]]}},{"type":"Feature","properties":{"PWSID":"VT0005093","PWS_Name":"ST GEORGE FIRE DISTRICT 1","Pop_Cat_5":"<=500","Population_Served_Count":42,"Service_Connections_Count":16,"Service_Area_Type":"Residential Area","Model_Method":"","boundary_source":"Authoritative (VT/local)","is_community":true,"Area_SqKM":0.40146984882107656,"Detailed_Facility_Report":"https://echo.epa.gov/detailed-facility-report?fid=VT0005093&sys=SDWIS"},"geometry":{"type":"Polygon","coordinates":[[[-73.12657,44.36685],[-73.12781,44.36717],[-73.12892,44.36827],[-73.12905,44.36896],[-73.12861,44.36967],[-73.12949,44.37055],[-73.12947,44.3716],[-73.12915,44.37208],[-73.1286,44.37243],[-73.12647,44.3728],[-73.12649,44.37394],[-73.12582,44.37466],[-73.12505,44.37492],[-73.12378,44.37496],[-73.12285,44.37455],[-73.12239,44.37384],[-73.12189,44.37043],[-73.12203,44.36991],[-73.12239,44.36951],[-73.12242,44.36855],[-73.12282,44.36801],[-73.12366,44.36752],[-73.12512,44.36732],[-73.12585,44.36695],[-73.12657,44.36685]]]}},{"type":"Feature","properties":{"PWSID":"VT0005513","PWS_Name":"WILDWOOD WEST","Pop_Cat_5":"<=500","Population_Served_Count":65,"Service_Connections_Count":20,"Service_Area_Type":"Residential Area","Model_Method":"","boundary_source":"Authoritative (VT/local)","is_community":true,"Area_SqKM":0.39987620338293134,"Detailed_Facility_Report":"https://echo.epa.gov/detailed-facility-report?fid=VT0005513&sys=SDWIS"},"geometry":{"type":"Polygon","coordinates":[[[-73.24818,44.29055],[-73.24913,44.29072],[-73.24982,44.29121],[-73.25038,44.29309],[-73.25019,44.29377],[-73.24957,44.2943],[-73.2493,44.29545],[-73.24898,44.29593],[-73.2481,44.29639],[-73.24659,44.29655],[-73.24332,44.29665],[-73.24229,44.29638],[-73.24165,44.29575],[-73.24099,44.29345],[-73.24104,44.29292],[-73.24135,44.29245],[-73.24212,44.29202],[-73.24425,44.2916],[-73.24465,44.29115],[-73.24526,44.29085],[-73.24818,44.29055]]]}},{"type":"Feature","properties":{"PWSID":"VT0005541","PWS_Name":"SUNTEC FOREST CONDOMINIUM","Pop_Cat_5":"<=500","Population_Served_Count":240,"Service_Connections_Count":40,"Service_Area_Type":"Residential Area","Model_Method":"","boundary_source":"Authoritative (VT/local)","is_community":true,"Area_SqKM":0.3990293305919868,"Detailed_Facility_Report":"https://echo.epa.gov/detailed-facility-report?fid=VT0005541&sys=SDWIS"},"geometry":{"type":"Polygon","coordinates":[[[-72.88322,42.94409],[-72.8867,42.9443],[-72.88735,42.94453],[-72.88782,42.94492],[-72.88807,42.94551],[-72.88801,42.94812],[-72.88772,42.94869],[-72.88711,42.94911],[-72.8862,42.9493],[-72.88043,42.94918],[-72.87964,42.94897],[-72.87907,42.94853],[-72.87882,42.94776],[-72.87906,42.94533],[-72.87935,42.94476],[-72.87986,42.94438],[-72.88052,42.94418],[-72.88322,42.94409]]]}},{"type":"Feature","properties":{"PWSID":"VT0005611","PWS_Name":"NOTCHBROOK CONDOMINIUM","Pop_Cat_5":"<=500","Population_Served_Count":201,"Service_Connections_Count":50,"Service_Area_Type":"Residential Area","Model_Method":"","boundary_source":"Authoritative (VT/local)","is_community":true,"Area_SqKM":0.3950461885384919,"Detailed_Facility_Report":"https://echo.epa.gov/detailed-facility-report?fid=VT0005611&sys=SDWIS"},"geometry":{"type":"Polygon","coordinates":[[[-72.76232,44.51081],[-72.76327,44.51099],[-72.76389,44.51141],[-72.76467,44.51288],[-72.7647,44.51349],[-72.76211,44.51734],[-72.76122,44.5178],[-72.76024,44.51784],[-72.75746,44.51698],[-72.75591,44.51626],[-72.75552,44.51552],[-72.75586,44.51465],[-72.75566,44.51373],[-72.75602,44.51317],[-72.75673,44.51269],[-72.75823,44.5122],[-72.75916,44.51219],[-72.76138,44.51099],[-72.76232,44.51081]]]}},{"type":"Feature","properties":{"PWSID":"VT0005267","PWS_Name":"SANDY PINES MHP","Pop_Cat_5":"<=500","Population_Served_Count":100,"Service_Connections_Count":56,"Service_Area_Type":"Mobile Home Park","Model_Method":"","boundary_source":"Authoritative (VT/local)","is_community":false,"Area_SqKM":0.38733086819595514,"Detailed_Facility_Report":"https://echo.epa.gov/detailed-facility-report?fid=VT0005267&sys=SDWIS"},"geometry":{"type":"Polygon","coordinates":[[[-72.48449,44.25737],[-72.48543,44.25755],[-72.4872,44.25851],[-72.48768,44.25911],[-72.48768,44.25981],[-72.48667,44.26249],[-72.48574,44.26369],[-72.48383,44.26471],[-72.48311,44.26478],[-72.48201,44.26464],[-72.48117,44.2643],[-72.48018,44.26333],[-72.47907,44.26169],[-72.47903,44.26091],[-72.47952,44.2603],[-72.48107,44.25954],[-72.48326,44.2577],[-72.48449,44.25737]]]}},{"type":"Feature","properties":{"PWSID":"VT0021035","PWS_Name":"BOULDER RIDGE AT MT SNOW","Pop_Cat_5":"<=500","Population_Served_Count":131,"Service_Connections_Count":18,"Service_Area_Type":"Residential Area","Model_Method":"","boundary_source":"Authoritative (VT/local)","is_community":true,"Area_SqKM":0.3818604660900116,"Detailed_Facility_Report":"https://echo.epa.gov/detailed-facility-report?fid=VT0021035&sys=SDWIS"},"geometry":{"type":"Polygon","coordinates":[[[-72.88165,42.9584],[-72.88419,42.95849],[-72.88483,42.95872],[-72.88531,42.95912],[-72.88774,42.96322],[-72.88759,42.96408],[-72.88686,42.96466],[-72.88583,42.96484],[-72.88101,42.96444],[-72.88034,42.96424],[-72.87977,42.9638],[-72.87952,42.96312],[-72.87988,42.95941],[-72.88053,42.95868],[-72.88165,42.9584]]]}},{"type":"Feature","properties":{"PWSID":"VT0005287","PWS_Name":"EAST WIND MHP","Pop_Cat_5":"<=500","Population_Served_Count":100,"Service_Connections_Count":28,"Service_Area_Type":"Mobile Home Park","Model_Method":"","boundary_source":"Authoritative (VT/local)","is_community":false,"Area_SqKM":0.3818337578131122,"Detailed_Facility_Report":"https://echo.epa.gov/detailed-facility-report?fid=VT0005287&sys=SDWIS"},"geometry":{"type":"Polygon","coordinates":[[[-72.72466,44.36571],[-72.72538,44.36581],[-72.72599,44.3661],[-72.72736,44.36736],[-72.7282,44.36789],[-72.72852,44.36864],[-72.7282,44.36939],[-72.72706,44.37025],[-72.72557,44.37118],[-72.72452,44.37141],[-72.72348,44.37118],[-72.72253,44.37045],[-72.72235,44.36968],[-72.72284,44.36894],[-72.72163,44.3688],[-72.72061,44.36818],[-72.71939,44.36795],[-72.71875,44.36742],[-72.71855,44.36683],[-72.71874,44.36623],[-72.72013,44.36434],[-72.72121,44.36378],[-72.72206,44.36376],[-72.72297,44.36406],[-72.72356,44.36461],[-72.72398,44.3658],[-72.72466,44.36571]]]}},{"type":"Feature","properties":{"PWSID":"VT0005650","PWS_Name":"BIRCH HILL WATER SYSTEM","Pop_Cat_5":"<=500","Population_Served_Count":45,"Service_Connections_Count":14,"Service_Area_Type":"Residential Area","Model_Method":"","boundary_source":"Authoritative (VT/local)","is_community":true,"Area_SqKM":0.3771351439339651,"Detailed_Facility_Report":"https://echo.epa.gov/detailed-facility-report?fid=VT0005650&sys=SDWIS"},"geometry":{"type":"Polygon","coordinates":[[[-72.70462,44.46641],[-72.70576,44.46669],[-72.70744,44.4679],[-72.70778,44.46876],[-72.70742,44.46968],[-72.70632,44.47036],[-72.70537,44.47065],[-72.70447,44.47071],[-72.70356,44.47199],[-72.70272,44.47249],[-72.70151,44.47255],[-72.69964,44.47196],[-72.69905,44.47151],[-72.6986,44.47077],[-72.69848,44.47009],[-72.69866,44.46953],[-72.69827,44.46858],[-72.69859,44.46783],[-72.69922,44.46739],[-72.70011,44.46714],[-72.70186,44.46631],[-72.70271,44.46625],[-72.70392,44.4665],[-72.70462,44.46641]]]}},{"type":"Feature","properties":{"PWSID":"VT0000196","PWS_Name":"VISTA SENIOR LIVING","Pop_Cat_5":"<=500","Population_Served_Count":237,"Service_Connections_Count":1,"Service_Area_Type":"Hotel/Motel","Model_Method":"","boundary_source":"Authoritative (VT/local)","is_community":false,"Area_SqKM":0.37351215983045183,"Detailed_Facility_Report":"https://echo.epa.gov/detailed-facility-report?fid=VT0000196&sys=SDWIS"},"geometry":{"type":"Polygon","coordinates":[[[-72.87429,43.65547],[-72.87522,43.65565],[-72.87584,43.65607],[-72.87738,43.65901],[-72.87729,43.65954],[-72.87632,43.66142],[-72.87575,43.66186],[-72.87484,43.66209],[-72.87412,43.66203],[-72.87038,43.66095],[-72.86877,43.66021],[-72.86823,43.65934],[-72.86841,43.65866],[-72.8693,43.65779],[-72.87157,43.65639],[-72.8733,43.65567],[-72.87429,43.65547]]]}},{"type":"Feature","properties":{"PWSID":"VT0005475","PWS_Name":"NORWICH MEADOWS","Pop_Cat_5":"<=500","Population_Served_Count":36,"Service_Connections_Count":14,"Service_Area_Type":"Residential Area","Model_Method":"","boundary_source":"Authoritative (VT/local)","is_community":true,"Area_SqKM":0.37060819025561487,"Detailed_Facility_Report":"https://echo.epa.gov/detailed-facility-report?fid=VT0005475&sys=SDWIS"},"geometry":{"type":"Polygon","coordinates":[[[-72.31854,43.70058],[-72.31936,43.70072],[-72.31994,43.70104],[-72.32069,43.70176],[-72.32086,43.70253],[-72.32056,43.7031],[-72.31727,43.70623],[-72.31655,43.70655],[-72.31559,43.7066],[-72.31253,43.70573],[-72.31193,43.70544],[-72.31145,43.70483],[-72.31108,43.70327],[-72.31137,43.70247],[-72.31194,43.70195],[-72.31365,43.70106],[-72.31473,43.70108],[-72.31586,43.7016],[-72.31772,43.70072],[-72.31854,43.70058]]]}},{"type":"Feature","properties":{"PWSID":"VT0020986","PWS_Name":"HUCKLE HILL HOUSING","Pop_Cat_5":"<=500","Population_Served_Count":49,"Service_Connections_Count":24,"Service_Area_Type":"Residential Area","Model_Method":"","boundary_source":"Authoritative (VT/local)","is_community":true,"Area_SqKM":0.36895597837125854,"Detailed_Facility_Report":"https://echo.epa.gov/detailed-facility-report?fid=VT0020986&sys=SDWIS"},"geometry":{"type":"Polygon","coordinates":[[[-72.51673,42.74388],[-72.51785,42.74416],[-72.51853,42.74497],[-72.51797,42.74738],[-72.51829,42.74817],[-72.51811,42.74886],[-72.51767,42.74927],[-72.51695,42.74956],[-72.51351,42.75027],[-72.51234,42.75016],[-72.51163,42.74969],[-72.51037,42.7479],[-72.51033,42.74738],[-72.5108,42.74664],[-72.51069,42.7461],[-72.51088,42.74559],[-72.51182,42.74494],[-72.51673,42.74388]]]}},{"type":"Feature","properties":{"PWSID":"VT0005359","PWS_Name":"ALPEN MEADOWS","Pop_Cat_5":"<=500","Population_Served_Count":112,"Service_Connections_Count":27,"Service_Area_Type":"Recreation Area","Model_Method":"","boundary_source":"Authoritative (VT/local)","is_community":false,"Area_SqKM":0.3682842987254348,"Detailed_Facility_Report":"https://echo.epa.gov/detailed-facility-report?fid=VT0005359&sys=SDWIS"},"geometry":{"type":"Polygon","coordinates":[[[-72.71376,43.39218],[-72.71458,43.39232],[-72.71518,43.39266],[-72.71588,43.3926],[-72.71658,43.39274],[-72.71715,43.39305],[-72.71755,43.39359],[-72.7178,43.39514],[-72.71742,43.39588],[-72.71731,43.39739],[-72.71684,43.398],[-72.71601,43.39835],[-72.71197,43.39833],[-72.71113,43.39798],[-72.71065,43.39738],[-72.70996,43.39441],[-72.71008,43.39372],[-72.71068,43.39297],[-72.71122,43.39262],[-72.71376,43.39218]]]}},{"type":"Feature","properties":{"PWSID":"VT0020308","PWS_Name":"STARLAKE VILLAGE LEASEHOLDERS ASSOC","Pop_Cat_5":"<=500","Population_Served_Count":50,"Service_Connections_Count":14,"Service_Area_Type":"Residential Area","Model_Method":"","boundary_source":"Authoritative (VT/local)","is_community":true,"Area_SqKM":0.3682475883775244,"Detailed_Facility_Report":"https://echo.epa.gov/detailed-facility-report?fid=VT0020308&sys=SDWIS"},"geometry":{"type":"Polygon","coordinates":[[[-72.24677,43.74559],[-72.24781,43.74582],[-72.24936,43.74683],[-72.24968,43.74821],[-72.24929,43.74903],[-72.24678,43.75074],[-72.24382,43.75156],[-72.24142,43.75276],[-72.24035,43.75289],[-72.23946,43.75262],[-72.23899,43.75222],[-72.23875,43.7517],[-72.2388,43.75117],[-72.23912,43.7507],[-72.24481,43.74675],[-72.24554,43.74593],[-72.24677,43.74559]]]}},{"type":"Feature","properties":{"PWSID":"VT0005133","PWS_Name":"SUNSET TERRACE ESTATES","Pop_Cat_5":"<=500","Population_Served_Count":45,"Service_Connections_Count":17,"Service_Area_Type":"Mobile Home Park","Model_Method":"","boundary_source":"Authoritative (VT/local)","is_community":false,"Area_SqKM":0.36629174952598675,"Detailed_Facility_Report":"https://echo.epa.gov/detailed-facility-report?fid=VT0005133&sys=SDWIS"},"geometry":{"type":"Polygon","coordinates":[[[-73.09699,44.86088],[-73.0992,44.86042],[-73.09994,44.86041],[-73.10091,44.86078],[-73.10146,44.86155],[-73.10207,44.86628],[-73.10085,44.86793],[-73.09951,44.86863],[-73.09881,44.8688],[-73.09807,44.86877],[-73.0974,44.86854],[-73.09691,44.86815],[-73.09667,44.86765],[-73.09666,44.86606],[-73.09571,44.86208],[-73.09609,44.86134],[-73.09699,44.86088]]]}},{"type":"Feature","properties":{"PWSID":"VT0005335","PWS_Name":"CHALET VILLAGE","Pop_Cat_5":"<=500","Population_Served_Count":45,"Service_Connections_Count":22,"Service_Area_Type":"Residential Area","Model_Method":"","boundary_source":"Authoritative (VT/local)","is_community":true,"Area_SqKM":0.3648674170458539,"Detailed_Facility_Report":"https://echo.epa.gov/detailed-facility-report?fid=VT0005335&sys=SDWIS"},"geometry":{"type":"Polygon","coordinates":[[[-72.7773,43.77319],[-72.77944,43.77345],[-72.78331,43.77491],[-72.78393,43.77533],[-72.78421,43.77581],[-72.78421,43.77634],[-72.78372,43.77726],[-72.78358,43.7784],[-72.78285,43.77909],[-72.78218,43.7793],[-72.78134,43.77928],[-72.77829,43.7781],[-72.77756,43.77821],[-72.77646,43.77813],[-72.77539,43.77758],[-72.77508,43.77674],[-72.77554,43.77411],[-72.77627,43.77342],[-72.7773,43.77319]]]}},{"type":"Feature","properties":{"PWSID":"VT0021051","PWS_Name":"HERITAGE HILL ASSOCIATION","Pop_Cat_5":"<=500","Population_Served_Count":102,"Service_Connections_Count":39,"Service_Area_Type":"Homeowners Association","Model_Method":"","boundary_source":"Authoritative (VT/local)","is_community":true,"Area_SqKM":0.36153673921833623,"Detailed_Facility_Report":"https://echo.epa.gov/detailed-facility-report?fid=VT0021051&sys=SDWIS"},"geometry":{"type":"Polygon","coordinates":[[[-72.9451,43.62041],[-72.94623,43.62068],[-72.94687,43.62132],[-72.94783,43.62536],[-72.94771,43.62606],[-72.94703,43.62666],[-72.94612,43.62689],[-72.94145,43.62652],[-72.94076,43.62616],[-72.94033,43.62554],[-72.94017,43.62291],[-72.94031,43.62239],[-72.94109,43.62173],[-72.94236,43.62151],[-72.9427,43.62096],[-72.94324,43.62061],[-72.94393,43.62043],[-72.9451,43.62041]]]}},{"type":"Feature","properties":{"PWSID":"VT0005357","PWS_Name":"DIVIDED SKY FOUNDATION","Pop_Cat_5":"<=500","Population_Served_Count":75,"Service_Connections_Count":13,"Service_Area_Type":"Institution","Model_Method":"","boundary_source":"Authoritative (VT/local)","is_community":false,"Area_SqKM":0.36112614441575447,"Detailed_Facility_Report":"https://echo.epa.gov/detailed-facility-report?fid=VT0005357&sys=SDWIS"},"geometry":{"type":"Polygon","coordinates":[[[-72.69662,43.41375],[-72.69993,43.41381],[-72.70067,43.4141],[-72.70116,43.4146],[-72.70131,43.41511],[-72.70119,43.41571],[-72.69995,43.41681],[-72.69988,43.4175],[-72.6993,43.41846],[-72.69873,43.41891],[-72.69794,43.41912],[-72.69344,43.41916],[-72.69264,43.41898],[-72.69202,43.41857],[-72.69172,43.41799],[-72.69178,43.41634],[-72.69201,43.41584],[-72.69302,43.41524],[-72.69474,43.41515],[-72.69491,43.41459],[-72.69531,43.41415],[-72.69591,43.41386],[-72.69662,43.41375]]]}},{"type":"Feature","properties":{"PWSID":"VT0005253","PWS_Name":"BIRCHWOOD PARK","Pop_Cat_5":"<=500","Population_Served_Count":30,"Service_Connections_Count":14,"Service_Area_Type":"Residential Area","Model_Method":"","boundary_source":"Authoritative (VT/local)","is_community":true,"Area_SqKM":0.3604925570798021,"Detailed_Facility_Report":"https://echo.epa.gov/detailed-facility-report?fid=VT0005253&sys=SDWIS"},"geometry":{"type":"Polygon","coordinates":[[[-72.53856,44.17194],[-72.54028,44.17211],[-72.54096,44.17231],[-72.54154,44.17276],[-72.54179,44.17344],[-72.54111,44.17676],[-72.54045,44.17851],[-72.53981,44.17915],[-72.53867,44.17943],[-72.5359,44.17895],[-72.53521,44.17846],[-72.53496,44.17778],[-72.53597,44.1728],[-72.53687,44.1721],[-72.53856,44.17194]]]}},{"type":"Feature","properties":{"PWSID":"VT0005118","PWS_Name":"FAIRFAX HEIGHTS WATER CO","Pop_Cat_5":"<=500","Population_Served_Count":100,"Service_Connections_Count":27,"Service_Area_Type":"Residential Area","Model_Method":"","boundary_source":"Authoritative (VT/local)","is_community":true,"Area_SqKM":0.3588630646064426,"Detailed_Facility_Report":"https://echo.epa.gov/detailed-facility-report?fid=VT0005118&sys=SDWIS"},"geometry":{"type":"Polygon","coordinates":[[[-73.00073,44.64619],[-73.00087,44.64556],[-73.00137,44.64506],[-73.00212,44.64477],[-73.00315,44.64471],[-73.00397,44.64488],[-73.00453,44.64523],[-73.00489,44.64578],[-73.0049,44.6464],[-73.00516,44.64645],[-73.00591,44.64613],[-73.00664,44.64606],[-73.00735,44.6462],[-73.00794,44.64651],[-73.00842,44.6474],[-73.00833,44.64864],[-73.00795,44.64923],[-73.00807,44.65038],[-73.00784,44.65087],[-73.00713,44.65153],[-73.00649,44.65179],[-73.00564,44.65186],[-73.00459,44.65151],[-73.00349,44.65142],[-73.00278,44.65107],[-73.00074,44.6481],[-73.0007,44.64749],[-73.00106,44.64692],[-73.00073,44.64619]]]}},{"type":"Feature","properties":{"PWSID":"VT0005575","PWS_Name":"MOON RIDGE CONDOMINIUM","Pop_Cat_5":"<=500","Population_Served_Count":94,"Service_Connections_Count":20,"Service_Area_Type":"Residential Area","Model_Method":"","boundary_source":"Authoritative (VT/local)","is_community":true,"Area_SqKM":0.3544134915567126,"Detailed_Facility_Report":"https://echo.epa.gov/detailed-facility-report?fid=VT0005575&sys=SDWIS"},"geometry":{"type":"Polygon","coordinates":[[[-72.78471,43.66654],[-72.78542,43.66664],[-72.78672,43.66716],[-72.78755,43.6671],[-72.78824,43.66727],[-72.78881,43.66764],[-72.7894,43.66841],[-72.7894,43.66911],[-72.78808,43.67183],[-72.78759,43.67233],[-72.78684,43.67262],[-72.78576,43.6726],[-72.78171,43.67143],[-72.78106,43.67104],[-72.78073,43.67057],[-72.78073,43.66987],[-72.78183,43.66767],[-72.78268,43.66705],[-72.78471,43.66654]]]}},{"type":"Feature","properties":{"PWSID":"VT0005094","PWS_Name":"ST GEORGE FIRE DISTRICT #2","Pop_Cat_5":"<=500","Population_Served_Count":72,"Service_Connections_Count":25,"Service_Area_Type":"Residential Area","Model_Method":"","boundary_source":"Authoritative (VT/local)","is_community":true,"Area_SqKM":0.3454703233308935,"Detailed_Facility_Report":"https://echo.epa.gov/detailed-facility-report?fid=VT0005094&sys=SDWIS"},"geometry":{"type":"Polygon","coordinates":[[[-73.12338,44.36441],[-73.12442,44.36463],[-73.12517,44.36531],[-73.12634,44.36526],[-73.1273,44.36563],[-73.12776,44.36615],[-73.12845,44.36801],[-73.12822,44.36886],[-73.12703,44.36971],[-73.1245,44.37031],[-73.12285,44.37033],[-73.1213,44.3699],[-73.12056,44.36944],[-73.12025,44.36887],[-73.12052,44.367],[-73.12024,44.36599],[-73.12042,44.3653],[-73.12138,44.36464],[-73.12338,44.36441]]]}},{"type":"Feature","properties":{"PWSID":"VT0005379","PWS_Name":"RHODESIDE ACRES","Pop_Cat_5":"<=500","Population_Served_Count":65,"Service_Connections_Count":25,"Service_Area_Type":"Mobile Home Park","Model_Method":"","boundary_source":"Authoritative (VT/local)","is_community":false,"Area_SqKM":0.3422891650565104,"Detailed_Facility_Report":"https://echo.epa.gov/detailed-facility-report?fid=VT0005379&sys=SDWIS"},"geometry":{"type":"Polygon","coordinates":[[[-73.17447,44.70411],[-73.17531,44.70425],[-73.17652,44.704],[-73.17734,44.70417],[-73.17868,44.70485],[-73.17902,44.70532],[-73.17907,44.70585],[-73.17884,44.70635],[-73.17504,44.71082],[-73.17427,44.71125],[-73.17329,44.71135],[-73.17259,44.71118],[-73.17121,44.71054],[-73.17075,44.71002],[-73.17065,44.70941],[-73.17089,44.70891],[-73.17211,44.70748],[-73.1729,44.70678],[-73.17234,44.70607],[-73.17249,44.70521],[-73.17332,44.7044],[-73.17447,44.70411]]]}},{"type":"Feature","properties":{"PWSID":"VT0005596","PWS_Name":"FLY IN WATER SYSTEM","Pop_Cat_5":"<=500","Population_Served_Count":37,"Service_Connections_Count":14,"Service_Area_Type":"Residential Area","Model_Method":"","boundary_source":"Authoritative (VT/local)","is_community":true,"Area_SqKM":0.33158410138163436,"Detailed_Facility_Report":"https://echo.epa.gov/detailed-facility-report?fid=VT0005596&sys=SDWIS"},"geometry":{"type":"Polygon","coordinates":[[[-72.78999,44.22128],[-72.79092,44.22138],[-72.79158,44.22161],[-72.79207,44.22201],[-72.79236,44.22256],[-72.79337,44.22275],[-72.79436,44.22325],[-72.79528,44.22459],[-72.7972,44.22532],[-72.79772,44.22569],[-72.79803,44.22626],[-72.79795,44.22687],[-72.79653,44.22813],[-72.79562,44.22835],[-72.79455,44.22818],[-72.79294,44.22717],[-72.79255,44.22634],[-72.78881,44.22488],[-72.78818,44.22446],[-72.78781,44.2236],[-72.78826,44.22212],[-72.78895,44.22151],[-72.78999,44.22128]]]}},{"type":"Feature","properties":{"PWSID":"VT0020135","PWS_Name":"FARMS AT CLUB SUGARBUSH","Pop_Cat_5":"<=500","Population_Served_Count":48,"Service_Connections_Count":26,"Service_Area_Type":"Residential Area","Model_Method":"","boundary_source":"Authoritative (VT/local)","is_community":true,"Area_SqKM":0.33020917094299573,"Detailed_Facility_Report":"https://echo.epa.gov/detailed-facility-report?fid=VT0020135&sys=SDWIS"},"geometry":{"type":"Polygon","coordinates":[[[-72.87012,44.12832],[-72.8716,44.12872],[-72.87204,44.12914],[-72.87224,44.12973],[-72.87182,44.13065],[-72.87051,44.13165],[-72.86982,44.13193],[-72.86878,44.13285],[-72.86979,44.13314],[-72.87043,44.13367],[-72.87063,44.13435],[-72.87032,44.13503],[-72.86964,44.13553],[-72.8687,44.13571],[-72.86755,44.13547],[-72.86683,44.13493],[-72.86564,44.13518],[-72.86459,44.13501],[-72.86385,44.13444],[-72.86362,44.13366],[-72.86393,44.13299],[-72.86464,44.13254],[-72.86496,44.13165],[-72.86702,44.12984],[-72.8678,44.12952],[-72.86908,44.12855],[-72.87012,44.12832]]]}},{"type":"Feature","properties":{"PWSID":"VT0005435","PWS_Name":"COMMONS","Pop_Cat_5":"<=500","Population_Served_Count":79,"Service_Connections_Count":30,"Service_Area_Type":"Recreation Area","Model_Method":"","boundary_source":"Authoritative (VT/local)","is_community":false,"Area_SqKM":0.32556105918474276,"Detailed_Facility_Report":"https://echo.epa.gov/detailed-facility-report?fid=VT0005435&sys=SDWIS"},"geometry":{"type":"Polygon","coordinates":[[[-72.75545,44.25052],[-72.75884,44.25124],[-72.75948,44.25176],[-72.75968,44.25245],[-72.75913,44.25332],[-72.75853,44.25361],[-72.75784,44.25371],[-72.7567,44.25615],[-72.75605,44.25654],[-72.75509,44.25668],[-72.75417,44.25645],[-72.75125,44.25479],[-72.75076,44.25429],[-72.75061,44.25369],[-72.75086,44.2531],[-72.75253,44.25144],[-72.75353,44.25098],[-72.75545,44.25052]]]}},{"type":"Feature","properties":{"PWSID":"VT0020552","PWS_Name":"STERLING SPRING","Pop_Cat_5":"<=500","Population_Served_Count":200,"Service_Connections_Count":71,"Service_Area_Type":"Residential Area","Model_Method":"","boundary_source":"Authoritative (VT/local)","is_community":true,"Area_SqKM":0.32036984083550024,"Detailed_Facility_Report":"https://echo.epa.gov/detailed-facility-report?fid=VT0020552&sys=SDWIS"},"geometry":{"type":"Polygon","coordinates":[[[-72.32292,43.66343],[-72.32374,43.66357],[-72.32662,43.6647],[-72.32719,43.66515],[-72.32742,43.66565],[-72.32743,43.66662],[-72.32695,43.66773],[-72.3263,43.66811],[-72.32541,43.66825],[-72.32487,43.66885],[-72.32388,43.66917],[-72.32316,43.66914],[-72.32167,43.66873],[-72.32024,43.66807],[-72.31945,43.66737],[-72.31892,43.66629],[-72.31913,43.66536],[-72.3198,43.6647],[-72.32199,43.66361],[-72.32292,43.66343]]]}},{"type":"Feature","properties":{"PWSID":"VT0020100","PWS_Name":"VILLAGE AT SAWMILL FARMS","Pop_Cat_5":"<=500","Population_Served_Count":40,"Service_Connections_Count":13,"Service_Area_Type":"Residential Area","Model_Method":"","boundary_source":"Authoritative (VT/local)","is_community":true,"Area_SqKM":0.31908992779989015,"Detailed_Facility_Report":"https://echo.epa.gov/detailed-facility-report?fid=VT0020100&sys=SDWIS"},"geometry":{"type":"Polygon","coordinates":[[[-72.85764,42.93236],[-72.85891,42.93257],[-72.8597,42.93322],[-72.85984,42.93373],[-72.85975,42.93474],[-72.85939,42.93539],[-72.85875,42.93578],[-72.85743,42.93599],[-72.85631,42.93661],[-72.85475,42.93704],[-72.8538,42.93709],[-72.85303,42.93684],[-72.85234,42.93627],[-72.85201,42.93555],[-72.85146,42.93502],[-72.85122,42.93438],[-72.85128,42.93368],[-72.85206,42.9327],[-72.85349,42.93185],[-72.85482,42.93146],[-72.85655,42.93182],[-72.85743,42.93237],[-72.85764,42.93236]]]}},{"type":"Feature","properties":{"PWSID":"VT0005165","PWS_Name":"MOUNTAINSIDE RESORT","Pop_Cat_5":"<=500","Population_Served_Count":240,"Service_Connections_Count":90,"Service_Area_Type":"Residential Area","Model_Method":"","boundary_source":"Authoritative (VT/local)","is_community":true,"Area_SqKM":0.3188384357650279,"Detailed_Facility_Report":"https://echo.epa.gov/detailed-facility-report?fid=VT0005165&sys=SDWIS"},"geometry":{"type":"Polygon","coordinates":[[[-72.71731,44.47493],[-72.72006,44.47551],[-72.72078,44.47594],[-72.72189,44.47616],[-72.72259,44.47676],[-72.72288,44.47762],[-72.72278,44.47839],[-72.7215,44.47997],[-72.72072,44.4804],[-72.71963,44.48048],[-72.71795,44.48007],[-72.71465,44.4789],[-72.71396,44.47829],[-72.71387,44.47743],[-72.7147,44.47621],[-72.71557,44.47576],[-72.71626,44.47516],[-72.71731,44.47493]]]}},{"type":"Feature","properties":{"PWSID":"VT0021020","PWS_Name":"EASTFIELD CONDOMINIUM ASSN INC","Pop_Cat_5":"<=500","Population_Served_Count":63,"Service_Connections_Count":44,"Service_Area_Type":"Residential Area","Model_Method":"","boundary_source":"Authoritative (VT/local)","is_community":true,"Area_SqKM":0.3128878658321418,"Detailed_Facility_Report":"https://echo.epa.gov/detailed-facility-report?fid=VT0021020&sys=SDWIS"},"geometry":{"type":"Polygon","coordinates":[[[-73.00054,44.65221],[-73.00179,44.65253],[-73.00225,44.65295],[-73.00244,44.65346],[-73.00124,44.6569],[-73.00093,44.65736],[-73.00015,44.65779],[-72.99931,44.65789],[-72.99591,44.6573],[-72.99524,44.65707],[-72.99464,44.65652],[-72.99451,44.65582],[-72.9958,44.65289],[-72.99693,44.65238],[-73.00054,44.65221]]]}},{"type":"Feature","properties":{"PWSID":"VT0005026","PWS_Name":"LAMPMAN WATER SYSTEM","Pop_Cat_5":"<=500","Population_Served_Count":133,"Service_Connections_Count":43,"Service_Area_Type":"Mobile Home Park","Model_Method":"","boundary_source":"Authoritative (VT/local)","is_community":false,"Area_SqKM":0.311446773481359,"Detailed_Facility_Report":"https://echo.epa.gov/detailed-facility-report?fid=VT0005026&sys=SDWIS"},"geometry":{"type":"Polygon","coordinates":[[[-73.22159,42.79344],[-73.22306,42.79363],[-73.2239,42.79423],[-73.22415,42.79508],[-73.22366,42.79623],[-73.22422,42.79654],[-73.22459,42.797],[-73.22455,42.79795],[-73.224,42.79872],[-73.2231,42.79914],[-73.22189,42.79908],[-73.22127,42.79946],[-73.22046,42.7996],[-73.21844,42.79927],[-73.21761,42.79878],[-73.2173,42.79803],[-73.21769,42.79662],[-73.21823,42.79602],[-73.21842,42.79494],[-73.21909,42.79433],[-73.22004,42.7941],[-73.22078,42.79359],[-73.22159,42.79344]]]}},{"type":"Feature","properties":{"PWSID":"VT0005221","PWS_Name":"EAST MOUNTAIN WATER CORP","Pop_Cat_5":"<=500","Population_Served_Count":34,"Service_Connections_Count":13,"Service_Area_Type":"Residential Area","Model_Method":"","boundary_source":"Authoritative (VT/local)","is_community":true,"Area_SqKM":0.3041104836488695,"Detailed_Facility_Report":"https://echo.epa.gov/detailed-facility-report?fid=VT0005221&sys=SDWIS"},"geometry":{"type":"Polygon","coordinates":[[[-72.93184,43.61024],[-72.9334,43.61051],[-72.9341,43.61088],[-72.93556,43.61095],[-72.93616,43.61125],[-72.93657,43.61168],[-72.93677,43.61338],[-72.93663,43.61393],[-72.93605,43.61449],[-72.93472,43.61507],[-72.93127,43.61528],[-72.9305,43.61521],[-72.92956,43.61474],[-72.92912,43.61402],[-72.92845,43.61343],[-72.92827,43.61227],[-72.92864,43.61154],[-72.92929,43.61115],[-72.93015,43.611],[-72.93091,43.61042],[-72.93184,43.61024]]]}},{"type":"Feature","properties":{"PWSID":"VT0020801","PWS_Name":"WHITE BIRCHES MHP","Pop_Cat_5":"<=500","Population_Served_Count":125,"Service_Connections_Count":50,"Service_Area_Type":"Mobile Home Park","Model_Method":"","boundary_source":"Authoritative (VT/local)","is_community":false,"Area_SqKM":0.3017504744698618,"Detailed_Facility_Report":"https://echo.epa.gov/detailed-facility-report?fid=VT0020801&sys=SDWIS"},"geometry":{"type":"Polygon","coordinates":[[[-73.16137,42.87784],[-73.16274,42.87816],[-73.16338,42.87883],[-73.1649,42.8794],[-73.16538,42.88001],[-73.16531,42.88174],[-73.16502,42.88282],[-73.16459,42.88334],[-73.16377,42.8837],[-73.15972,42.88344],[-73.15901,42.88312],[-73.15853,42.88252],[-73.15849,42.88191],[-73.15883,42.88135],[-73.15869,42.87941],[-73.15887,42.87881],[-73.1597,42.87819],[-73.16137,42.87784]]]}},{"type":"Feature","properties":{"PWSID":"VT0005581","PWS_Name":"CHELSEA ELDERLY HOUSING","Pop_Cat_5":"<=500","Population_Served_Count":68,"Service_Connections_Count":26,"Service_Area_Type":"Other Residential","Model_Method":"","boundary_source":"Authoritative (VT/local)","is_community":true,"Area_SqKM":0.29881535050609276,"Detailed_Facility_Report":"https://echo.epa.gov/detailed-facility-report?fid=VT0005581&sys=SDWIS"},"geometry":{"type":"Polygon","coordinates":[[[-72.44944,43.98938],[-72.45266,43.99008],[-72.45335,43.99069],[-72.45347,43.9914],[-72.45472,43.9918],[-72.4553,43.99225],[-72.45553,43.99275],[-72.45548,43.99327],[-72.45479,43.99478],[-72.45405,43.99535],[-72.45275,43.9955],[-72.45022,43.9948],[-72.44954,43.9942],[-72.44918,43.99303],[-72.44829,43.99272],[-72.44771,43.99228],[-72.44745,43.99141],[-72.44771,43.99021],[-72.4484,43.98961],[-72.44944,43.98938]]]}},{"type":"Feature","properties":{"PWSID":"VT0005018","PWS_Name":"WEST ROAD MHP","Pop_Cat_5":"<=500","Population_Served_Count":105,"Service_Connections_Count":40,"Service_Area_Type":"Mobile Home Park","Model_Method":"","boundary_source":"Authoritative (VT/local)","is_community":false,"Area_SqKM":0.29875208984669444,"Detailed_Facility_Report":"https://echo.epa.gov/detailed-facility-report?fid=VT0005018&sys=SDWIS"},"geometry":{"type":"Polygon","coordinates":[[[-73.24777,42.8769],[-73.24889,42.87718],[-73.24955,42.87789],[-73.24977,42.88118],[-73.24963,42.8817],[-73.24915,42.8822],[-73.24842,42.88249],[-73.24535,42.88277],[-73.24453,42.88268],[-73.24377,42.88226],[-73.2434,42.88161],[-73.2436,42.87807],[-73.24399,42.87763],[-73.24467,42.87731],[-73.24551,42.87717],[-73.24625,42.87728],[-73.24777,42.8769]]]}},{"type":"Feature","properties":{"PWSID":"VT0005213","PWS_Name":"FORT WARREN MHP","Pop_Cat_5":"<=500","Population_Served_Count":129,"Service_Connections_Count":48,"Service_Area_Type":"Mobile Home Park","Model_Method":"","boundary_source":"Authoritative (VT/local)","is_community":false,"Area_SqKM":0.2983666591967018,"Detailed_Facility_Report":"https://echo.epa.gov/detailed-facility-report?fid=VT0005213&sys=SDWIS"},"geometry":{"type":"Polygon","coordinates":[[[-73.16203,43.61341],[-73.16572,43.61358],[-73.1664,43.61375],[-73.16695,43.61409],[-73.16728,43.61456],[-73.16734,43.61516],[-73.16711,43.61566],[-73.16622,43.61623],[-73.16501,43.61632],[-73.16429,43.61717],[-73.16268,43.61767],[-73.15981,43.61787],[-73.15859,43.6177],[-73.15797,43.61728],[-73.15765,43.61662],[-73.15837,43.61436],[-73.15938,43.61375],[-73.16093,43.61368],[-73.16203,43.61341]]]}},{"type":"Feature","properties":{"PWSID":"VT0005031","PWS_Name":"PASSUMPSIC FIRE DISTRICT 1","Pop_Cat_5":"<=500","Population_Served_Count":140,"Service_Connections_Count":53,"Service_Area_Type":"Residential Area","Model_Method":"","boundary_source":"Authoritative (VT/local)","is_community":true,"Area_SqKM":0.2959964010548705,"Detailed_Facility_Report":"https://echo.epa.gov/detailed-facility-report?fid=VT0005031&sys=SDWIS"},"geometry":{"type":"MultiPolygon","coordinates":[[[[-72.02119,44.37784],[-72.02191,44.37794],[-72.02362,44.37856],[-72.0241,44.37896],[-72.02434,44.37955],[-72.02419,44.38017],[-72.02342,44.38103],[-72.02251,44.38168],[-72.02158,44.3819],[-72.02018,44.38179],[-72.01951,44.38159],[-72.01893,44.38114],[-72.01868,44.38055],[-72.0188,44.37999],[-72.01962,44.37843],[-72.02025,44.37801],[-72.02119,44.37784]]],[[[-72.02968,44.37327],[-72.03055,44.37342],[-72.0313,44.37389],[-72.0317,44.37453],[-72.03176,44.37539],[-72.03144,44.37631],[-72.03093,44.3768],[-72.03018,44.37709],[-72.02862,44.37723],[-72.02774,44.37692],[-72.02706,44.37622],[-72.02669,44.37529],[-72.0267,44.37477],[-72.02698,44.37428],[-72.0275,44.37391],[-72.02871,44.37338],[-72.02968,44.37327]]]]}},{"type":"Feature","properties":{"PWSID":"VT0005621","PWS_Name":"CHARETTE WATER SYSTEM","Pop_Cat_5":"<=500","Population_Served_Count":37,"Service_Connections_Count":14,"Service_Area_Type":"Mobile Home Park","Model_Method":"","boundary_source":"Authoritative (VT/local)","is_community":false,"Area_SqKM":0.295181101364944,"Detailed_Facility_Report":"https://echo.epa.gov/detailed-facility-report?fid=VT0005621&sys=SDWIS"},"geometry":{"type":"MultiPolygon","coordinates":[[[[-72.53778,42.91802],[-72.53905,42.91823],[-72.53983,42.91876],[-72.54007,42.91935],[-72.53994,42.92089],[-72.5397,42.92147],[-72.53923,42.92187],[-72.53827,42.92222],[-72.53735,42.9223],[-72.53645,42.92208],[-72.53578,42.92147],[-72.53552,42.91929],[-72.53576,42.9187],[-72.53623,42.91831],[-72.53688,42.91808],[-72.53778,42.91802]]],[[[-72.53613,42.93039],[-72.53744,42.9304],[-72.53822,42.93062],[-72.53885,42.93114],[-72.53904,42.93183],[-72.5381,42.93354],[-72.53677,42.93431],[-72.5357,42.93445],[-72.535,42.93432],[-72.53444,42.934],[-72.53408,42.93354],[-72.53398,42.93302],[-72.53454,42.93107],[-72.53522,42.93057],[-72.53613,42.93039]]]]}},{"type":"Feature","properties":{"PWSID":"VT0005089","PWS_Name":"LIVINGSTON MHP","Pop_Cat_5":"<=500","Population_Served_Count":50,"Service_Connections_Count":19,"Service_Area_Type":"Mobile Home Park","Model_Method":"","boundary_source":"Authoritative (VT/local)","is_community":false,"Area_SqKM":0.2948715550898452,"Detailed_Facility_Report":"https://echo.epa.gov/detailed-facility-report?fid=VT0005089&sys=SDWIS"},"geometry":{"type":"Polygon","coordinates":[[[-73.20551,44.38526],[-73.20635,44.3854],[-73.20693,44.38571],[-73.20731,44.38617],[-73.20759,44.38697],[-73.20749,44.38775],[-73.20645,44.38902],[-73.2049,44.38986],[-73.20423,44.39007],[-73.20089,44.39042],[-73.19965,44.3901],[-73.1992,44.38968],[-73.199,44.38917],[-73.19899,44.38746],[-73.19943,44.38674],[-73.20013,44.38638],[-73.20111,44.38628],[-73.20217,44.3859],[-73.203,44.38588],[-73.20372,44.3861],[-73.20447,44.3855],[-73.20551,44.38526]]]}},{"type":"Feature","properties":{"PWSID":"VT0005078","PWS_Name":"JERICHO HEIGHTS WATER COOP","Pop_Cat_5":"<=500","Population_Served_Count":40,"Service_Connections_Count":18,"Service_Area_Type":"Residential Area","Model_Method":"","boundary_source":"Authoritative (VT/local)","is_community":true,"Area_SqKM":0.29312247117665907,"Detailed_Facility_Report":"https://echo.epa.gov/detailed-facility-report?fid=VT0005078&sys=SDWIS"},"geometry":{"type":"Polygon","coordinates":[[[-72.97796,44.44015],[-72.97868,44.44025],[-72.97929,44.44054],[-72.97985,44.44141],[-72.97941,44.44322],[-72.979,44.44366],[-72.97839,44.44396],[-72.97767,44.44406],[-72.97684,44.44395],[-72.97555,44.4443],[-72.9747,44.44421],[-72.97324,44.44353],[-72.97155,44.44212],[-72.97143,44.44134],[-72.97229,44.43968],[-72.97269,44.43924],[-72.9733,44.43895],[-72.97463,44.43891],[-72.97728,44.44021],[-72.97796,44.44015]]]}},{"type":"Feature","properties":{"PWSID":"VT0005607","PWS_Name":"MAPLE LANE NURSING HOME","Pop_Cat_5":"<=500","Population_Served_Count":181,"Service_Connections_Count":1,"Service_Area_Type":"Medical Facility","Model_Method":"","boundary_source":"Authoritative (VT/local)","is_community":false,"Area_SqKM":0.2848022379258039,"Detailed_Facility_Report":"https://echo.epa.gov/detailed-facility-report?fid=VT0005607&sys=SDWIS"},"geometry":{"type":"Polygon","coordinates":[[[-72.1897,44.78317],[-72.19138,44.78344],[-72.19222,44.78418],[-72.19225,44.78496],[-72.19145,44.78619],[-72.19186,44.78687],[-72.19173,44.78756],[-72.19096,44.78852],[-72.19014,44.78891],[-72.18941,44.78897],[-72.18873,44.78885],[-72.18768,44.78907],[-72.18633,44.78882],[-72.18563,44.78846],[-72.18523,44.78792],[-72.18509,44.78663],[-72.18524,44.78612],[-72.18673,44.78436],[-72.18793,44.78403],[-72.18875,44.78335],[-72.1897,44.78317]]]}},{"type":"Feature","properties":{"PWSID":"VT0021023","PWS_Name":"WINTERBERRY CONDOS","Pop_Cat_5":"<=500","Population_Served_Count":31,"Service_Connections_Count":12,"Service_Area_Type":"Residential Area","Model_Method":"","boundary_source":"Authoritative (VT/local)","is_community":true,"Area_SqKM":0.2806205941248358,"Detailed_Facility_Report":"https://echo.epa.gov/detailed-facility-report?fid=VT0021023&sys=SDWIS"},"geometry":{"type":"Polygon","coordinates":[[[-72.81723,43.66173],[-72.81843,43.66199],[-72.81989,43.66289],[-72.8202,43.66355],[-72.81999,43.66426],[-72.82043,43.66483],[-72.82046,43.66544],[-72.82011,43.666],[-72.81866,43.66719],[-72.81671,43.66809],[-72.81564,43.66817],[-72.81463,43.66791],[-72.81406,43.66759],[-72.81366,43.66705],[-72.81363,43.66644],[-72.81562,43.66241],[-72.8163,43.66191],[-72.81723,43.66173]]]}},{"type":"Feature","properties":{"PWSID":"VT0005647","PWS_Name":"FALL LINE TOWN HOUSES","Pop_Cat_5":"<=500","Population_Served_Count":116,"Service_Connections_Count":44,"Service_Area_Type":"Residential Area","Model_Method":"","boundary_source":"Authoritative (VT/local)","is_community":true,"Area_SqKM":0.2803008226221435,"Detailed_Facility_Report":"https://echo.epa.gov/detailed-facility-report?fid=VT0005647&sys=SDWIS"},"geometry":{"type":"Polygon","coordinates":[[[-72.78413,43.62157],[-72.78495,43.62171],[-72.78757,43.62274],[-72.78797,43.62318],[-72.78811,43.62385],[-72.78852,43.6242],[-72.78876,43.6247],[-72.78853,43.62555],[-72.7875,43.62622],[-72.787,43.62783],[-72.78642,43.62828],[-72.78563,43.6285],[-72.78446,43.62833],[-72.78367,43.62768],[-72.78229,43.6231],[-72.78234,43.62258],[-72.78273,43.62204],[-72.78342,43.62168],[-72.78413,43.62157]]]}},{"type":"Feature","properties":{"PWSID":"VT0005240","PWS_Name":"HEMLOCK RIDGE CONDOMINIUM","Pop_Cat_5":"<=500","Population_Served_Count":63,"Service_Connections_Count":24,"Service_Area_Type":"Residential Area","Model_Method":"","boundary_source":"Authoritative (VT/local)","is_community":true,"Area_SqKM":0.2765974537671736,"Detailed_Facility_Report":"https://echo.epa.gov/detailed-facility-report?fid=VT0005240&sys=SDWIS"},"geometry":{"type":"Polygon","coordinates":[[[-72.78808,43.6425],[-72.79062,43.643],[-72.79128,43.64328],[-72.79221,43.64337],[-72.79294,43.64369],[-72.79339,43.6441],[-72.79355,43.64496],[-72.79281,43.64642],[-72.79203,43.6472],[-72.79146,43.64753],[-72.79076,43.64766],[-72.79004,43.6476],[-72.78713,43.64682],[-72.78629,43.64621],[-72.78549,43.64448],[-72.78555,43.64378],[-72.78591,43.64332],[-72.78677,43.6428],[-72.78808,43.6425]]]}},{"type":"Feature","properties":{"PWSID":"VT0005180","PWS_Name":"ARMSTRONGS MHP","Pop_Cat_5":"<=500","Population_Served_Count":45,"Service_Connections_Count":17,"Service_Area_Type":"Mobile Home Park","Model_Method":"","boundary_source":"Authoritative (VT/local)","is_community":false,"Area_SqKM":0.27598395674162446,"Detailed_Facility_Report":"https://echo.epa.gov/detailed-facility-report?fid=VT0005180&sys=SDWIS"},"geometry":{"type":"Polygon","coordinates":[[[-72.58835,43.95501],[-72.58958,43.95534],[-72.5902,43.95618],[-72.59016,43.95709],[-72.58955,43.95771],[-72.58956,43.95887],[-72.58933,43.95937],[-72.58885,43.95976],[-72.58807,43.96002],[-72.58512,43.96032],[-72.58406,43.96015],[-72.58351,43.9598],[-72.58234,43.95859],[-72.5822,43.95799],[-72.58245,43.9574],[-72.58293,43.957],[-72.58396,43.95663],[-72.58611,43.95545],[-72.58711,43.95515],[-72.58835,43.95501]]]}},{"type":"Feature","properties":{"PWSID":"VT0005542","PWS_Name":"SNOWTREE CONDOMINIUM","Pop_Cat_5":"<=500","Population_Served_Count":302,"Service_Connections_Count":130,"Service_Area_Type":"Residential Area","Model_Method":"","boundary_source":"Authoritative (VT/local)","is_community":true,"Area_SqKM":0.2753938103660795,"Detailed_Facility_Report":"https://echo.epa.gov/detailed-facility-report?fid=VT0005542&sys=SDWIS"},"geometry":{"type":"Polygon","coordinates":[[[-72.89125,42.96635],[-72.89275,42.96643],[-72.89371,42.96696],[-72.8941,42.96765],[-72.89452,42.96973],[-72.89422,42.97039],[-72.8935,42.97085],[-72.89322,42.97131],[-72.89257,42.97183],[-72.89181,42.97216],[-72.89056,42.97234],[-72.88956,42.97207],[-72.88885,42.97137],[-72.88853,42.97066],[-72.88855,42.96955],[-72.88823,42.96901],[-72.88807,42.96792],[-72.88831,42.96733],[-72.88888,42.96688],[-72.89125,42.96635]]]}},{"type":"Feature","properties":{"PWSID":"VT0020471","PWS_Name":"OLCOTT FALLS MANOR MHP","Pop_Cat_5":"<=500","Population_Served_Count":104,"Service_Connections_Count":40,"Service_Area_Type":"Mobile Home Park","Model_Method":"","boundary_source":"Authoritative (VT/local)","is_community":false,"Area_SqKM":0.2744908938986295,"Detailed_Facility_Report":"https://echo.epa.gov/detailed-facility-report?fid=VT0020471&sys=SDWIS"},"geometry":{"type":"Polygon","coordinates":[[[-72.31011,43.67843],[-72.31104,43.67861],[-72.31172,43.67911],[-72.31196,43.67978],[-72.31171,43.68046],[-72.30845,43.68378],[-72.30684,43.68426],[-72.30567,43.68408],[-72.30506,43.68366],[-72.30476,43.68309],[-72.30472,43.68027],[-72.30496,43.67969],[-72.30575,43.67915],[-72.30704,43.67906],[-72.30799,43.67853],[-72.31011,43.67843]]]}},{"type":"Feature","properties":{"PWSID":"VT0020153","PWS_Name":"LEDGEWOOD","Pop_Cat_5":"<=500","Population_Served_Count":292,"Service_Connections_Count":48,"Service_Area_Type":"Residential Area","Model_Method":"","boundary_source":"Authoritative (VT/local)","is_community":true,"Area_SqKM":0.2668463518792871,"Detailed_Facility_Report":"https://echo.epa.gov/detailed-facility-report?fid=VT0020153&sys=SDWIS"},"geometry":{"type":"Polygon","coordinates":[[[-72.71708,43.40535],[-72.71957,43.40583],[-72.72018,43.40625],[-72.72048,43.40682],[-72.71975,43.41028],[-72.71917,43.41083],[-72.71829,43.4111],[-72.71734,43.41101],[-72.71507,43.41016],[-72.71421,43.40947],[-72.7138,43.40863],[-72.71388,43.4075],[-72.71447,43.4066],[-72.71605,43.40558],[-72.71708,43.40535]]]}},{"type":"Feature","properties":{"PWSID":"VT0020618","PWS_Name":"BLACK RIVER OVERLOOK","Pop_Cat_5":"<=500","Population_Served_Count":66,"Service_Connections_Count":25,"Service_Area_Type":"Residential Area","Model_Method":"","boundary_source":"Authoritative (VT/local)","is_community":true,"Area_SqKM":0.2667976009090663,"Detailed_Facility_Report":"https://echo.epa.gov/detailed-facility-report?fid=VT0020618&sys=SDWIS"},"geometry":{"type":"Polygon","coordinates":[[[-72.7058,43.40525],[-72.70683,43.40548],[-72.70791,43.40624],[-72.70842,43.40723],[-72.7084,43.40785],[-72.70651,43.41006],[-72.70547,43.41093],[-72.70464,43.41128],[-72.70368,43.41128],[-72.70207,43.41063],[-72.70148,43.41008],[-72.70136,43.40938],[-72.7018,43.40779],[-72.70281,43.40665],[-72.70477,43.40548],[-72.7058,43.40525]]]}},{"type":"Feature","properties":{"PWSID":"VT0005092","PWS_Name":"CHAMPLAIN WATER DISTRICT","Pop_Cat_5":"<=500","Population_Served_Count":1,"Service_Connections_Count":26535,"Service_Area_Type":"Wholesaler of Water","Model_Method":"","boundary_source":"Authoritative (VT/local)","is_community":true,"Area_SqKM":0.26534713315546016,"Detailed_Facility_Report":"https://echo.epa.gov/detailed-facility-report?fid=VT0005092&sys=SDWIS"},"geometry":{"type":"Polygon","coordinates":[[[-73.21462,44.44251],[-73.21737,44.44272],[-73.21798,44.44301],[-73.21844,44.44353],[-73.21873,44.44519],[-73.21845,44.44654],[-73.21803,44.44717],[-73.21722,44.44756],[-73.21649,44.44764],[-73.21383,44.4474],[-73.21237,44.4468],[-73.21168,44.44609],[-73.21159,44.44524],[-73.21208,44.44416],[-73.21338,44.44285],[-73.21462,44.44251]]]}},{"type":"Feature","properties":{"PWSID":"VT0005628","PWS_Name":"POWNAL ESTATES MHP, LLC.","Pop_Cat_5":"<=500","Population_Served_Count":147,"Service_Connections_Count":56,"Service_Area_Type":"Mobile Home Park","Model_Method":"","boundary_source":"Authoritative (VT/local)","is_community":false,"Area_SqKM":0.2652288052527173,"Detailed_Facility_Report":"https://echo.epa.gov/detailed-facility-report?fid=VT0005628&sys=SDWIS"},"geometry":{"type":"Polygon","coordinates":[[[-73.23557,42.76033],[-73.23649,42.76051],[-73.2371,42.76092],[-73.23869,42.76288],[-73.23883,42.76339],[-73.2387,42.76391],[-73.23822,42.76441],[-73.23749,42.76471],[-73.23396,42.7653],[-73.23302,42.76522],[-73.23213,42.76472],[-73.23103,42.76361],[-73.23078,42.76303],[-73.23091,42.76242],[-73.23247,42.76107],[-73.23557,42.76033]]]}},{"type":"Feature","properties":{"PWSID":"VT0005493","PWS_Name":"RIVERSIDE MHP","Pop_Cat_5":"<=500","Population_Served_Count":30,"Service_Connections_Count":14,"Service_Area_Type":"Mobile Home Park","Model_Method":"","boundary_source":"Authoritative (VT/local)","is_community":false,"Area_SqKM":0.261553348797411,"Detailed_Facility_Report":"https://echo.epa.gov/detailed-facility-report?fid=VT0005493&sys=SDWIS"},"geometry":{"type":"Polygon","coordinates":[[[-72.64981,44.26964],[-72.65262,44.27008],[-72.65328,44.27046],[-72.65365,44.27111],[-72.65359,44.27167],[-72.65235,44.27444],[-72.65181,44.27492],[-72.65091,44.27519],[-72.64788,44.27497],[-72.6471,44.27454],[-72.64673,44.2739],[-72.64678,44.27337],[-72.64813,44.2704],[-72.64887,44.26983],[-72.64981,44.26964]]]}},{"type":"Feature","properties":{"PWSID":"VT0021029","PWS_Name":"VALLEY CARES INC","Pop_Cat_5":"<=500","Population_Served_Count":92,"Service_Connections_Count":4,"Service_Area_Type":"Residential Area","Model_Method":"","boundary_source":"Authoritative (VT/local)","is_community":true,"Area_SqKM":0.2608792420789998,"Detailed_Facility_Report":"https://echo.epa.gov/detailed-facility-report?fid=VT0021029&sys=SDWIS"},"geometry":{"type":"Polygon","coordinates":[[[-72.66646,43.04993],[-72.66861,43.05008],[-72.66927,43.05028],[-72.67003,43.05087],[-72.6703,43.0517],[-72.6695,43.05418],[-72.6691,43.05472],[-72.6682,43.05514],[-72.66714,43.05513],[-72.6659,43.05541],[-72.66479,43.05521],[-72.66417,43.05495],[-72.66368,43.05445],[-72.66354,43.05385],[-72.66487,43.05061],[-72.66554,43.05011],[-72.66646,43.04993]]]}},{"type":"Feature","properties":{"PWSID":"VT0005608","PWS_Name":"SOUTHFACE","Pop_Cat_5":"<=500","Population_Served_Count":105,"Service_Connections_Count":40,"Service_Area_Type":"Residential Area","Model_Method":"","boundary_source":"Authoritative (VT/local)","is_community":true,"Area_SqKM":0.25643792522167497,"Detailed_Facility_Report":"https://echo.epa.gov/detailed-facility-report?fid=VT0005608&sys=SDWIS"},"geometry":{"type":"Polygon","coordinates":[[[-72.87313,44.1439],[-72.87508,44.14431],[-72.87624,44.14523],[-72.87718,44.14547],[-72.8778,44.14594],[-72.87819,44.14654],[-72.8783,44.14743],[-72.87764,44.14838],[-72.87693,44.14883],[-72.87587,44.14901],[-72.87429,44.1487],[-72.87309,44.14801],[-72.87238,44.14794],[-72.87153,44.14763],[-72.87077,44.14702],[-72.87036,44.1458],[-72.87086,44.14462],[-72.87182,44.14399],[-72.87313,44.1439]]]}},{"type":"Feature","properties":{"PWSID":"VT0005623","PWS_Name":"SNOW MOUNTAIN VILLAGE","Pop_Cat_5":"<=500","Population_Served_Count":210,"Service_Connections_Count":80,"Service_Area_Type":"Residential Area","Model_Method":"","boundary_source":"Authoritative (VT/local)","is_community":true,"Area_SqKM":0.252885871443096,"Detailed_Facility_Report":"https://echo.epa.gov/detailed-facility-report?fid=VT0005623&sys=SDWIS"},"geometry":{"type":"Polygon","coordinates":[[[-72.89082,42.97006],[-72.89174,42.97023],[-72.89247,42.97079],[-72.89349,42.97121],[-72.89453,42.9729],[-72.89446,42.97407],[-72.89412,42.97463],[-72.89347,42.97502],[-72.89178,42.97546],[-72.88997,42.9754],[-72.88906,42.97499],[-72.8887,42.97454],[-72.88783,42.97207],[-72.88791,42.97146],[-72.88844,42.97088],[-72.89001,42.9702],[-72.89082,42.97006]]]}},{"type":"Feature","properties":{"PWSID":"VT0005570","PWS_Name":"BENSON HEIGHTS","Pop_Cat_5":"<=500","Population_Served_Count":40,"Service_Connections_Count":16,"Service_Area_Type":"Residential Area","Model_Method":"","boundary_source":"Authoritative (VT/local)","is_community":true,"Area_SqKM":0.24998769496875836,"Detailed_Facility_Report":"https://echo.epa.gov/detailed-facility-report?fid=VT0005570&sys=SDWIS"},"geometry":{"type":"Polygon","coordinates":[[[-73.30935,43.70684],[-73.30967,43.70686],[-73.30976,43.70614],[-73.31015,43.70559],[-73.3113,43.70514],[-73.31251,43.70515],[-73.3132,43.70531],[-73.31382,43.70572],[-73.31412,43.7063],[-73.31406,43.70756],[-73.31383,43.70806],[-73.31305,43.70861],[-73.31193,43.70874],[-73.31165,43.71048],[-73.31112,43.71095],[-73.31023,43.71123],[-73.30922,43.7112],[-73.30838,43.71086],[-73.30716,43.70892],[-73.30714,43.70818],[-73.30751,43.70755],[-73.30853,43.70699],[-73.30935,43.70684]]]}},{"type":"Feature","properties":{"PWSID":"VT0005640","PWS_Name":"COUNTRY CLUB CONDOMINIUM","Pop_Cat_5":"<=500","Population_Served_Count":80,"Service_Connections_Count":36,"Service_Area_Type":"Residential Area","Model_Method":"","boundary_source":"Authoritative (VT/local)","is_community":true,"Area_SqKM":0.24890280702272427,"Detailed_Facility_Report":"https://echo.epa.gov/detailed-facility-report?fid=VT0005640&sys=SDWIS"},"geometry":{"type":"Polygon","coordinates":[[[-72.90582,44.43607],[-72.90665,44.43621],[-72.90832,44.43695],[-72.90875,44.43757],[-72.90865,44.43835],[-72.90654,44.44021],[-72.90422,44.44125],[-72.90349,44.44135],[-72.90277,44.44125],[-72.90216,44.44096],[-72.90122,44.44011],[-72.90087,44.43896],[-72.90101,44.43835],[-72.9017,44.43774],[-72.90488,44.43625],[-72.90582,44.43607]]]}},{"type":"Feature","properties":{"PWSID":"VT0005268","PWS_Name":"SUGAR RUN ASSOCIATION INC","Pop_Cat_5":"<=500","Population_Served_Count":197,"Service_Connections_Count":37,"Service_Area_Type":"Residential Area","Model_Method":"","boundary_source":"Authoritative (VT/local)","is_community":true,"Area_SqKM":0.24806913291263438,"Detailed_Facility_Report":"https://echo.epa.gov/detailed-facility-report?fid=VT0005268&sys=SDWIS"},"geometry":{"type":"Polygon","coordinates":[[[-72.88073,44.15771],[-72.88156,44.15785],[-72.88381,44.15888],[-72.88435,44.15926],[-72.88465,44.15984],[-72.88444,44.16136],[-72.88417,44.16185],[-72.88255,44.16301],[-72.88165,44.16328],[-72.88069,44.1632],[-72.87884,44.16247],[-72.87825,44.16202],[-72.87802,44.16152],[-72.87843,44.15945],[-72.87878,44.15863],[-72.87963,44.15797],[-72.88073,44.15771]]]}},{"type":"Feature","properties":{"PWSID":"VT0005384","PWS_Name":"WHIFFLETREE CONDOMINIUM","Pop_Cat_5":"<=500","Population_Served_Count":189,"Service_Connections_Count":72,"Service_Area_Type":"Residential Area","Model_Method":"","boundary_source":"Authoritative (VT/local)","is_community":true,"Area_SqKM":0.2479518862908749,"Detailed_Facility_Report":"https://echo.epa.gov/detailed-facility-report?fid=VT0005384&sys=SDWIS"},"geometry":{"type":"Polygon","coordinates":[[[-72.78699,43.62371],[-72.78866,43.62378],[-72.78983,43.62416],[-72.79081,43.62508],[-72.7909,43.62594],[-72.79033,43.62661],[-72.78661,43.62883],[-72.78584,43.62909],[-72.78499,43.62907],[-72.78408,43.62866],[-72.78365,43.62803],[-72.78407,43.62577],[-72.78442,43.625],[-72.78502,43.62443],[-72.78616,43.62386],[-72.78699,43.62371]]]}},{"type":"Feature","properties":{"PWSID":"VT0005540","PWS_Name":"PINNACLE CONDOMINIUM","Pop_Cat_5":"<=500","Population_Served_Count":400,"Service_Connections_Count":150,"Service_Area_Type":"Residential Area","Model_Method":"","boundary_source":"Authoritative (VT/local)","is_community":true,"Area_SqKM":0.24741660080323927,"Detailed_Facility_Report":"https://echo.epa.gov/detailed-facility-report?fid=VT0005540&sys=SDWIS"},"geometry":{"type":"Polygon","coordinates":[[[-72.7961,43.62986],[-72.7971,43.62999],[-72.79772,43.63025],[-72.79878,43.63118],[-72.79908,43.63175],[-72.79904,43.63228],[-72.79831,43.63382],[-72.79774,43.63427],[-72.79695,43.63449],[-72.79611,43.63443],[-72.79233,43.63348],[-72.79168,43.63309],[-72.79131,43.63245],[-72.79153,43.63137],[-72.79268,43.63031],[-72.79345,43.63006],[-72.79508,43.63008],[-72.7961,43.62986]]]}},{"type":"Feature","properties":{"PWSID":"VT0005536","PWS_Name":"DOVER GREEN CONDOMINIUM","Pop_Cat_5":"<=500","Population_Served_Count":157,"Service_Connections_Count":54,"Service_Area_Type":"Residential Area","Model_Method":"","boundary_source":"Authoritative (VT/local)","is_community":true,"Area_SqKM":0.23977607049778793,"Detailed_Facility_Report":"https://echo.epa.gov/detailed-facility-report?fid=VT0005536&sys=SDWIS"},"geometry":{"type":"Polygon","coordinates":[[[-72.84926,42.92848],[-72.85132,42.92863],[-72.85223,42.92904],[-72.85266,42.92966],[-72.85263,42.9303],[-72.85302,42.93116],[-72.85302,42.93169],[-72.85275,42.93217],[-72.85214,42.9326],[-72.84896,42.93369],[-72.84801,42.93373],[-72.84711,42.93341],[-72.84657,42.93294],[-72.84638,42.93234],[-72.84656,42.93141],[-72.84683,42.93093],[-72.8474,42.93052],[-72.84747,42.92957],[-72.84774,42.92909],[-72.84834,42.92867],[-72.84926,42.92848]]]}},{"type":"Feature","properties":{"PWSID":"VT0005027","PWS_Name":"ROYAL PINE VILLA","Pop_Cat_5":"<=500","Population_Served_Count":55,"Service_Connections_Count":36,"Service_Area_Type":"Mobile Home Park","Model_Method":"","boundary_source":"Authoritative (VT/local)","is_community":false,"Area_SqKM":0.23916712688147637,"Detailed_Facility_Report":"https://echo.epa.gov/detailed-facility-report?fid=VT0005027&sys=SDWIS"},"geometry":{"type":"Polygon","coordinates":[[[-73.21015,42.80909],[-73.21133,42.80922],[-73.21222,42.80963],[-73.21367,42.81075],[-73.21391,42.81125],[-73.21387,42.81177],[-73.21299,42.81299],[-73.2113,42.81412],[-73.2105,42.8143],[-73.20848,42.81427],[-73.20784,42.81404],[-73.20736,42.81365],[-73.20713,42.81315],[-73.20717,42.81262],[-73.2084,42.80986],[-73.20923,42.80928],[-73.21015,42.80909]]]}},{"type":"Feature","properties":{"PWSID":"VT0021121","PWS_Name":"WHEELER BROOK HOUSING DEVELOPMENT","Pop_Cat_5":"<=500","Population_Served_Count":47,"Service_Connections_Count":18,"Service_Area_Type":"Residential Area","Model_Method":"","boundary_source":"Authoritative (VT/local)","is_community":true,"Area_SqKM":0.23813491797560826,"Detailed_Facility_Report":"https://echo.epa.gov/detailed-facility-report?fid=VT0021121&sys=SDWIS"},"geometry":{"type":"Polygon","coordinates":[[[-72.87154,44.13851],[-72.87387,44.13902],[-72.87442,44.13936],[-72.87478,44.13992],[-72.87479,44.14072],[-72.87453,44.14132],[-72.87478,44.1421],[-72.87453,44.14289],[-72.87399,44.14348],[-72.87312,44.14379],[-72.87204,44.14371],[-72.86968,44.14277],[-72.86839,44.14184],[-72.86804,44.14128],[-72.86806,44.14067],[-72.86846,44.14013],[-72.86968,44.13958],[-72.8704,44.13879],[-72.87154,44.13851]]]}},{"type":"Feature","properties":{"PWSID":"VT0021053","PWS_Name":"MEADOWS - GABLES I WATER SYSTEM","Pop_Cat_5":"<=500","Population_Served_Count":310,"Service_Connections_Count":99,"Service_Area_Type":"Other Residential","Model_Method":"","boundary_source":"Authoritative (VT/local)","is_community":true,"Area_SqKM":0.23517022673365415,"Detailed_Facility_Report":"https://echo.epa.gov/detailed-facility-report?fid=VT0021053&sys=SDWIS"},"geometry":{"type":"Polygon","coordinates":[[[-72.94452,43.62409],[-72.94669,43.6243],[-72.94738,43.62465],[-72.94775,43.6251],[-72.94858,43.62706],[-72.94863,43.62759],[-72.94792,43.62864],[-72.94704,43.6291],[-72.94568,43.62924],[-72.94389,43.62907],[-72.94315,43.62879],[-72.94261,43.62821],[-72.9424,43.62685],[-72.94277,43.62613],[-72.94277,43.62502],[-72.94339,43.62438],[-72.94452,43.62409]]]}},{"type":"Feature","properties":{"PWSID":"VT0005344","PWS_Name":"RMC MOBILE HOME PARK","Pop_Cat_5":"<=500","Population_Served_Count":40,"Service_Connections_Count":23,"Service_Area_Type":"Mobile Home Park","Model_Method":"","boundary_source":"Authoritative (VT/local)","is_community":false,"Area_SqKM":0.23327071095700666,"Detailed_Facility_Report":"https://echo.epa.gov/detailed-facility-report?fid=VT0005344&sys=SDWIS"},"geometry":{"type":"Polygon","coordinates":[[[-72.60852,44.25379],[-72.61041,44.25386],[-72.61121,44.25408],[-72.61179,44.25452],[-72.61252,44.25565],[-72.61259,44.25635],[-72.61183,44.25793],[-72.61133,44.25843],[-72.6107,44.25869],[-72.60973,44.25874],[-72.60768,44.25832],[-72.60652,44.25754],[-72.60615,44.25709],[-72.60591,44.25594],[-72.60611,44.25508],[-72.60738,44.25407],[-72.60852,44.25379]]]}},{"type":"Feature","properties":{"PWSID":"VT0005529","PWS_Name":"BERLIN HEALTH  REHABILITATION CTR","Pop_Cat_5":"<=500","Population_Served_Count":378,"Service_Connections_Count":1,"Service_Area_Type":"Medical Facility","Model_Method":"","boundary_source":"Authoritative (VT/local)","is_community":false,"Area_SqKM":0.23219717881420643,"Detailed_Facility_Report":"https://echo.epa.gov/detailed-facility-report?fid=VT0005529&sys=SDWIS"},"geometry":{"type":"Polygon","coordinates":[[[-72.55531,44.21455],[-72.55614,44.21469],[-72.557,44.21523],[-72.55801,44.21555],[-72.55868,44.21615],[-72.55887,44.21683],[-72.55841,44.21763],[-72.55628,44.21903],[-72.55562,44.21931],[-72.5549,44.21938],[-72.55388,44.2191],[-72.55199,44.21778],[-72.55167,44.2173],[-72.5515,44.21636],[-72.55188,44.21544],[-72.55262,44.2148],[-72.55342,44.21458],[-72.55531,44.21455]]]}},{"type":"Feature","properties":{"PWSID":"VT0021005","PWS_Name":"SUNDANCE SUBDIVISION","Pop_Cat_5":"<=500","Population_Served_Count":150,"Service_Connections_Count":16,"Service_Area_Type":"Residential Area","Model_Method":"","boundary_source":"Authoritative (VT/local)","is_community":true,"Area_SqKM":0.22981917144324193,"Detailed_Facility_Report":"https://echo.epa.gov/detailed-facility-report?fid=VT0021005&sys=SDWIS"},"geometry":{"type":"Polygon","coordinates":[[[-72.89618,42.96096],[-72.89721,42.96118],[-72.89789,42.96178],[-72.89824,42.96361],[-72.898,42.96428],[-72.89711,42.96486],[-72.89543,42.96512],[-72.89385,42.96562],[-72.89314,42.96565],[-72.89246,42.96549],[-72.89099,42.96426],[-72.89085,42.96365],[-72.89109,42.96306],[-72.89176,42.96257],[-72.89262,42.96238],[-72.89395,42.96127],[-72.89618,42.96096]]]}},{"type":"Feature","properties":{"PWSID":"VT0005584","PWS_Name":"PARSONS HILL PARTNERSHIP","Pop_Cat_5":"<=500","Population_Served_Count":32,"Service_Connections_Count":12,"Service_Area_Type":"Residential Area","Model_Method":"","boundary_source":"Authoritative (VT/local)","is_community":true,"Area_SqKM":0.229652672987882,"Detailed_Facility_Report":"https://echo.epa.gov/detailed-facility-report?fid=VT0005584&sys=SDWIS"},"geometry":{"type":"Polygon","coordinates":[[[-73.20143,43.60636],[-73.20286,43.60667],[-73.20334,43.60706],[-73.20358,43.60756],[-73.20399,43.6106],[-73.20349,43.6113],[-73.20242,43.61169],[-73.19996,43.61157],[-73.199,43.61121],[-73.19851,43.6106],[-73.1981,43.60869],[-73.19818,43.60808],[-73.19862,43.60756],[-73.19974,43.60716],[-73.2005,43.60654],[-73.20143,43.60636]]]}},{"type":"Feature","properties":{"PWSID":"VT0020990","PWS_Name":"DORSET COMMUNITY HOUSING","Pop_Cat_5":"<=500","Population_Served_Count":50,"Service_Connections_Count":24,"Service_Area_Type":"Residential Area","Model_Method":"","boundary_source":"Authoritative (VT/local)","is_community":true,"Area_SqKM":0.22761156781348527,"Detailed_Facility_Report":"https://echo.epa.gov/detailed-facility-report?fid=VT0020990&sys=SDWIS"},"geometry":{"type":"Polygon","coordinates":[[[-73.01724,43.21286],[-73.01859,43.21293],[-73.01956,43.21317],[-73.02026,43.21363],[-73.02064,43.21427],[-73.02076,43.2155],[-73.02007,43.21644],[-73.01994,43.21703],[-73.0194,43.2176],[-73.01855,43.21791],[-73.0176,43.21787],[-73.01528,43.21706],[-73.01469,43.21651],[-73.01431,43.21552],[-73.01446,43.21466],[-73.01578,43.2134],[-73.01642,43.213],[-73.01724,43.21286]]]}},{"type":"Feature","properties":{"PWSID":"VT0005539","PWS_Name":"MOUNTAIN GREEN CONDOMINIUM","Pop_Cat_5":"501-3,300","Population_Served_Count":1300,"Service_Connections_Count":216,"Service_Area_Type":"Residential Area","Model_Method":"","boundary_source":"Authoritative (VT/local)","is_community":true,"Area_SqKM":0.22730849053747812,"Detailed_Facility_Report":"https://echo.epa.gov/detailed-facility-report?fid=VT0005539&sys=SDWIS"},"geometry":{"type":"Polygon","coordinates":[[[-72.79495,43.62778],[-72.79674,43.62794],[-72.79764,43.62851],[-72.79788,43.62901],[-72.7979,43.63003],[-72.79761,43.63076],[-72.79764,43.63138],[-72.79714,43.63208],[-72.79621,43.63249],[-72.79504,43.63266],[-72.79359,43.63257],[-72.79272,43.63226],[-72.79155,43.63123],[-72.79127,43.63074],[-72.79127,43.63022],[-72.79169,43.62959],[-72.79373,43.62812],[-72.79495,43.62778]]]}},{"type":"Feature","properties":{"PWSID":"VT0020603","PWS_Name":"BLACK MOUNTAIN PARK","Pop_Cat_5":"<=500","Population_Served_Count":50,"Service_Connections_Count":29,"Service_Area_Type":"Mobile Home Park","Model_Method":"","boundary_source":"Authoritative (VT/local)","is_community":false,"Area_SqKM":0.22020424601701558,"Detailed_Facility_Report":"https://echo.epa.gov/detailed-facility-report?fid=VT0020603&sys=SDWIS"},"geometry":{"type":"Polygon","coordinates":[[[-72.56241,42.88149],[-72.56374,42.88184],[-72.56493,42.88283],[-72.56577,42.88529],[-72.56563,42.88589],[-72.56515,42.88639],[-72.56373,42.88702],[-72.56304,42.88716],[-72.56211,42.88702],[-72.56126,42.88648],[-72.56005,42.88433],[-72.56052,42.88248],[-72.56139,42.88172],[-72.56241,42.88149]]]}},{"type":"Feature","properties":{"PWSID":"VT0005309","PWS_Name":"SHADY PINES MHP","Pop_Cat_5":"<=500","Population_Served_Count":76,"Service_Connections_Count":28,"Service_Area_Type":"Mobile Home Park","Model_Method":"","boundary_source":"Authoritative (VT/local)","is_community":false,"Area_SqKM":0.21925132153786142,"Detailed_Facility_Report":"https://echo.epa.gov/detailed-facility-report?fid=VT0005309&sys=SDWIS"},"geometry":{"type":"Polygon","coordinates":[[[-72.46113,43.1149],[-72.46275,43.11498],[-72.46351,43.11523],[-72.46586,43.11758],[-72.46595,43.11819],[-72.46558,43.11883],[-72.46336,43.12001],[-72.46229,43.12003],[-72.46138,43.11962],[-72.45938,43.11669],[-72.4593,43.11608],[-72.45967,43.11543],[-72.46031,43.11504],[-72.46113,43.1149]]]}},{"type":"Feature","properties":{"PWSID":"VT0005374","PWS_Name":"BIRCHWOOD CONDOMINIUM ASSOCIATION","Pop_Cat_5":"<=500","Population_Served_Count":63,"Service_Connections_Count":20,"Service_Area_Type":"Residential Area","Model_Method":"","boundary_source":"Authoritative (VT/local)","is_community":true,"Area_SqKM":0.21693765609937016,"Detailed_Facility_Report":"https://echo.epa.gov/detailed-facility-report?fid=VT0005374&sys=SDWIS"},"geometry":{"type":"Polygon","coordinates":[[[-72.40462,43.65286],[-72.40793,43.65351],[-72.40888,43.65417],[-72.40907,43.65485],[-72.4087,43.65659],[-72.4083,43.65713],[-72.40772,43.65745],[-72.40678,43.65759],[-72.40492,43.65729],[-72.40434,43.65697],[-72.40392,43.65642],[-72.40311,43.65616],[-72.40258,43.65569],[-72.40231,43.65472],[-72.40295,43.65361],[-72.40369,43.65304],[-72.40462,43.65286]]]}},{"type":"Feature","properties":{"PWSID":"VT0021254","PWS_Name":"STRATTON WEST LEISURE LODGE CORPORATION","Pop_Cat_5":"<=500","Population_Served_Count":75,"Service_Connections_Count":28,"Service_Area_Type":"Residential Area","Model_Method":"","boundary_source":"Authoritative (VT/local)","is_community":true,"Area_SqKM":0.21429962341772282,"Detailed_Facility_Report":"https://echo.epa.gov/detailed-facility-report?fid=VT0021254&sys=SDWIS"},"geometry":{"type":"Polygon","coordinates":[[[-72.89752,43.13261],[-72.89864,43.13288],[-72.89931,43.1336],[-72.89949,43.13542],[-72.89908,43.13647],[-72.8983,43.13701],[-72.8962,43.13754],[-72.89537,43.13748],[-72.89389,43.13703],[-72.89322,43.13659],[-72.89285,43.13613],[-72.89277,43.13552],[-72.893,43.13502],[-72.89357,43.13457],[-72.89483,43.13411],[-72.8964,43.13289],[-72.89752,43.13261]]]}},{"type":"Feature","properties":{"PWSID":"VT0020439","PWS_Name":"COVERED BRIDGE HIGHLAND","Pop_Cat_5":"<=500","Population_Served_Count":40,"Service_Connections_Count":16,"Service_Area_Type":"Residential Area","Model_Method":"","boundary_source":"Authoritative (VT/local)","is_community":true,"Area_SqKM":0.21355202314731997,"Detailed_Facility_Report":"https://echo.epa.gov/detailed-facility-report?fid=VT0020439&sys=SDWIS"},"geometry":{"type":"Polygon","coordinates":[[[-72.74341,44.48523],[-72.74435,44.48541],[-72.74593,44.48628],[-72.74638,44.48669],[-72.74658,44.4872],[-72.74639,44.48789],[-72.74524,44.48929],[-72.74458,44.48968],[-72.74387,44.48982],[-72.7428,44.48964],[-72.74036,44.48844],[-72.73965,44.4878],[-72.7394,44.48722],[-72.73968,44.48616],[-72.74037,44.48556],[-72.7413,44.48533],[-72.74232,44.48549],[-72.74341,44.48523]]]}},{"type":"Feature","properties":{"PWSID":"VT0005283","PWS_Name":"BRIDGES RESORT","Pop_Cat_5":"<=500","Population_Served_Count":440,"Service_Connections_Count":100,"Service_Area_Type":"Recreation Area","Model_Method":"","boundary_source":"Authoritative (VT/local)","is_community":false,"Area_SqKM":0.21251814554868903,"Detailed_Facility_Report":"https://echo.epa.gov/detailed-facility-report?fid=VT0005283&sys=SDWIS"},"geometry":{"type":"Polygon","coordinates":[[[-72.88272,44.13585],[-72.8841,44.13592],[-72.88497,44.13643],[-72.88592,44.13659],[-72.88693,44.1371],[-72.88752,44.13768],[-72.88771,44.13819],[-72.88758,44.13879],[-72.88709,44.13929],[-72.88628,44.13961],[-72.8855,44.13964],[-72.88445,44.13928],[-72.88331,44.13922],[-72.88253,44.1388],[-72.88091,44.13916],[-72.8802,44.13903],[-72.87962,44.13871],[-72.8791,44.13786],[-72.87948,44.13695],[-72.88143,44.13601],[-72.88272,44.13585]]]}},{"type":"Feature","properties":{"PWSID":"VT0020098","PWS_Name":"ORCHARD COMMONS","Pop_Cat_5":"<=500","Population_Served_Count":64,"Service_Connections_Count":11,"Service_Area_Type":"Residential Area","Model_Method":"","boundary_source":"Authoritative (VT/local)","is_community":true,"Area_SqKM":0.20968029111483755,"Detailed_Facility_Report":"https://echo.epa.gov/detailed-facility-report?fid=VT0020098&sys=SDWIS"},"geometry":{"type":"Polygon","coordinates":[[[-73.1019,44.34445],[-73.10305,44.34472],[-73.10376,44.34552],[-73.10379,44.34632],[-73.10317,44.34709],[-73.10331,44.34767],[-73.10312,44.34818],[-73.10268,44.3486],[-73.10193,44.34889],[-73.09981,44.34909],[-73.09898,44.34896],[-73.09832,44.34857],[-73.09796,44.34801],[-73.09777,44.34604],[-73.09795,44.34544],[-73.09859,44.34491],[-73.09981,44.34447],[-73.10101,44.34432],[-73.1019,44.34445]]]}},{"type":"Feature","properties":{"PWSID":"VT0005304","PWS_Name":"NORTHSHORE MHP","Pop_Cat_5":"<=500","Population_Served_Count":63,"Service_Connections_Count":27,"Service_Area_Type":"Mobile Home Park","Model_Method":"","boundary_source":"Authoritative (VT/local)","is_community":false,"Area_SqKM":0.2078793279815368,"Detailed_Facility_Report":"https://echo.epa.gov/detailed-facility-report?fid=VT0005304&sys=SDWIS"},"geometry":{"type":"Polygon","coordinates":[[[-72.45529,43.17997],[-72.45632,43.1802],[-72.45772,43.18119],[-72.45805,43.18252],[-72.45773,43.18357],[-72.45724,43.18406],[-72.4565,43.18435],[-72.45337,43.18467],[-72.45254,43.18457],[-72.45194,43.18428],[-72.45154,43.18384],[-72.4514,43.18333],[-72.45154,43.18281],[-72.45399,43.18036],[-72.45459,43.18007],[-72.45529,43.17997]]]}},{"type":"Feature","properties":{"PWSID":"VT0005545","PWS_Name":"TARA TOWNHOUSES","Pop_Cat_5":"<=500","Population_Served_Count":48,"Service_Connections_Count":18,"Service_Area_Type":"Residential Area","Model_Method":"","boundary_source":"Authoritative (VT/local)","is_community":true,"Area_SqKM":0.20738296269896211,"Detailed_Facility_Report":"https://echo.epa.gov/detailed-facility-report?fid=VT0005545&sys=SDWIS"},"geometry":{"type":"Polygon","coordinates":[[[-72.85892,42.93493],[-72.85984,42.93511],[-72.86057,42.93568],[-72.86076,42.93636],[-72.86043,42.93722],[-72.85843,42.93885],[-72.85769,42.93928],[-72.85673,42.93952],[-72.85579,42.93939],[-72.85394,42.93809],[-72.8537,42.93751],[-72.85388,42.93682],[-72.85479,42.936],[-72.85598,42.93543],[-72.85726,42.93506],[-72.85892,42.93493]]]}},{"type":"Feature","properties":{"PWSID":"VT0005155","PWS_Name":"MOUNTAIN VIEW MHP","Pop_Cat_5":"<=500","Population_Served_Count":75,"Service_Connections_Count":31,"Service_Area_Type":"Mobile Home Park","Model_Method":"Parcel","boundary_source":"EPA-modeled","is_community":false,"Area_SqKM":0.20660212015490087,"Detailed_Facility_Report":"https://echo.epa.gov/detailed-facility-report?fid=VT0005155&sys=SDWIS"},"geometry":{"type":"Polygon","coordinates":[[[-72.61851,44.65336],[-72.61849,44.65447],[-72.61806,44.65587],[-72.61751,44.6562],[-72.61606,44.65668],[-72.61443,44.65764],[-72.60899,44.66223],[-72.61646,44.65179],[-72.61766,44.65231],[-72.61822,44.65279],[-72.61851,44.65336]]]}},{"type":"Feature","properties":{"PWSID":"VT0005504","PWS_Name":"FIDDLEHEAD CONDOMINIUMS","Pop_Cat_5":"<=500","Population_Served_Count":60,"Service_Connections_Count":23,"Service_Area_Type":"Residential Area","Model_Method":"","boundary_source":"Authoritative (VT/local)","is_community":true,"Area_SqKM":0.20409050715971735,"Detailed_Facility_Report":"https://echo.epa.gov/detailed-facility-report?fid=VT0005504&sys=SDWIS"},"geometry":{"type":"Polygon","coordinates":[[[-72.89882,44.1783],[-72.90227,44.17903],[-72.90293,44.17942],[-72.90328,44.17998],[-72.90329,44.1805],[-72.90294,44.18106],[-72.90179,44.18173],[-72.90112,44.18253],[-72.90025,44.18284],[-72.89928,44.1828],[-72.89743,44.18216],[-72.89688,44.18181],[-72.89652,44.18126],[-72.89657,44.18007],[-72.8972,44.17898],[-72.89789,44.17848],[-72.89882,44.1783]]]}},{"type":"Feature","properties":{"PWSID":"VT0020551","PWS_Name":"WINDEMERE MHP","Pop_Cat_5":"<=500","Population_Served_Count":199,"Service_Connections_Count":83,"Service_Area_Type":"Mobile Home Park","Model_Method":"","boundary_source":"Authoritative (VT/local)","is_community":false,"Area_SqKM":0.20057807184117588,"Detailed_Facility_Report":"https://echo.epa.gov/detailed-facility-report?fid=VT0020551&sys=SDWIS"},"geometry":{"type":"Polygon","coordinates":[[[-73.15887,44.49671],[-73.15982,44.49688],[-73.16207,44.49798],[-73.16283,44.49873],[-73.16286,44.49934],[-73.16259,44.49983],[-73.16142,44.50094],[-73.16057,44.5013],[-73.15936,44.50125],[-73.15686,44.50029],[-73.15631,44.49995],[-73.15598,44.49948],[-73.1561,44.49853],[-73.15738,44.49725],[-73.15804,44.49685],[-73.15887,44.49671]]]}},{"type":"Feature","properties":{"PWSID":"VT0005537","PWS_Name":"KARME CHOLING","Pop_Cat_5":"<=500","Population_Served_Count":140,"Service_Connections_Count":4,"Service_Area_Type":"Other Residential","Model_Method":"Random Forest","boundary_source":"EPA-modeled","is_community":true,"Area_SqKM":0.19847772296240174,"Detailed_Facility_Report":"https://echo.epa.gov/detailed-facility-report?fid=VT0005537&sys=SDWIS"},"geometry":{"type":"MultiPolygon","coordinates":[[[[-72.07369,44.30093],[-72.06733,44.30042],[-72.06401,44.30034],[-72.06282,44.30046],[-72.06489,44.29906],[-72.06723,44.29978],[-72.07347,44.30052],[-72.07369,44.30093]]],[[[-72.08071,44.30407],[-72.07886,44.30591],[-72.07783,44.30622],[-72.07759,44.3059],[-72.07705,44.30599],[-72.07677,44.30582],[-72.07674,44.30595],[-72.07688,44.30497],[-72.0763,44.3046],[-72.07633,44.30391],[-72.0758,44.30348],[-72.07572,44.30314],[-72.07584,44.30293],[-72.07669,44.30276],[-72.07674,44.30248],[-72.07483,44.30235],[-72.0746,44.30214],[-72.0746,44.30181],[-72.07369,44.30093],[-72.07686,44.30169],[-72.07838,44.3022],[-72.07999,44.30316],[-72.08088,44.30397],[-72.08071,44.30407]]]]}},{"type":"Feature","properties":{"PWSID":"VT0005347","PWS_Name":"COBURN MHP","Pop_Cat_5":"<=500","Population_Served_Count":126,"Service_Connections_Count":46,"Service_Area_Type":"Mobile Home Park","Model_Method":"","boundary_source":"Authoritative (VT/local)","is_community":false,"Area_SqKM":0.19633171250866222,"Detailed_Facility_Report":"https://echo.epa.gov/detailed-facility-report?fid=VT0005347&sys=SDWIS"},"geometry":{"type":"Polygon","coordinates":[[[-72.96696,43.5567],[-72.96789,43.55688],[-72.96863,43.55745],[-72.9693,43.55895],[-72.96913,43.55973],[-72.9687,43.56014],[-72.96799,43.56043],[-72.96508,43.56104],[-72.96401,43.56092],[-72.96329,43.56046],[-72.96299,43.55989],[-72.96336,43.55772],[-72.96431,43.55707],[-72.96696,43.5567]]]}},{"type":"Feature","properties":{"PWSID":"VT0005626","PWS_Name":"VALLEY PARK CONDOMINIUM","Pop_Cat_5":"<=500","Population_Served_Count":42,"Service_Connections_Count":16,"Service_Area_Type":"Residential Area","Model_Method":"","boundary_source":"Authoritative (VT/local)","is_community":true,"Area_SqKM":0.19464080349718169,"Detailed_Facility_Report":"https://echo.epa.gov/detailed-facility-report?fid=VT0005626&sys=SDWIS"},"geometry":{"type":"Polygon","coordinates":[[[-72.77443,43.6591],[-72.77514,43.6592],[-72.77583,43.65955],[-72.77715,43.6607],[-72.77738,43.66155],[-72.77715,43.66205],[-72.77636,43.66259],[-72.77616,43.66313],[-72.77572,43.66355],[-72.77498,43.66384],[-72.77366,43.66395],[-72.77218,43.66351],[-72.77161,43.66319],[-72.77121,43.66265],[-72.77112,43.66195],[-72.77149,43.66131],[-72.77223,43.66089],[-72.77238,43.66014],[-72.77274,43.65968],[-72.77361,43.65924],[-72.77443,43.6591]]]}},{"type":"Feature","properties":{"PWSID":"VT0020775","PWS_Name":"WILLOWS MHP","Pop_Cat_5":"<=500","Population_Served_Count":63,"Service_Connections_Count":24,"Service_Area_Type":"Mobile Home Park","Model_Method":"","boundary_source":"Authoritative (VT/local)","is_community":false,"Area_SqKM":0.19452012991880585,"Detailed_Facility_Report":"https://echo.epa.gov/detailed-facility-report?fid=VT0020775&sys=SDWIS"},"geometry":{"type":"Polygon","coordinates":[[[-73.20964,42.89807],[-73.21046,42.8982],[-73.21123,42.89865],[-73.21163,42.89919],[-73.21168,42.89972],[-73.21141,42.90079],[-73.21064,42.90224],[-73.20982,42.90275],[-73.20888,42.90284],[-73.2082,42.90268],[-73.20762,42.9023],[-73.20584,42.90048],[-73.2056,42.89963],[-73.20589,42.89906],[-73.2066,42.89859],[-73.2079,42.89827],[-73.20869,42.89827],[-73.20964,42.89807]]]}},{"type":"Feature","properties":{"PWSID":"VT0005597","PWS_Name":"TRAIL CREEK CONDOMINIUM","Pop_Cat_5":"<=500","Population_Served_Count":212,"Service_Connections_Count":81,"Service_Area_Type":"Residential Area","Model_Method":"","boundary_source":"Authoritative (VT/local)","is_community":true,"Area_SqKM":0.19447615657955886,"Detailed_Facility_Report":"https://echo.epa.gov/detailed-facility-report?fid=VT0005597&sys=SDWIS"},"geometry":{"type":"Polygon","coordinates":[[[-72.78911,43.62341],[-72.79233,43.624],[-72.79342,43.62458],[-72.7938,43.62522],[-72.79383,43.62631],[-72.79358,43.62689],[-72.79311,43.62729],[-72.7921,43.62757],[-72.79017,43.62748],[-72.78894,43.62712],[-72.78799,43.6265],[-72.78723,43.62549],[-72.78732,43.62441],[-72.78798,43.62369],[-72.78911,43.62341]]]}},{"type":"Feature","properties":{"PWSID":"VT0020962","PWS_Name":"BUTTERFIELD COMMON SENIOR HOUSING","Pop_Cat_5":"<=500","Population_Served_Count":105,"Service_Connections_Count":40,"Service_Area_Type":"Residential Area","Model_Method":"","boundary_source":"Authoritative (VT/local)","is_community":true,"Area_SqKM":0.1928235305530801,"Detailed_Facility_Report":"https://echo.epa.gov/detailed-facility-report?fid=VT0020962&sys=SDWIS"},"geometry":{"type":"Polygon","coordinates":[[[-72.88807,42.95579],[-72.8891,42.95602],[-72.88978,42.95662],[-72.89002,42.95814],[-72.88978,42.95881],[-72.88882,42.95963],[-72.88809,42.95992],[-72.88588,42.95992],[-72.88508,42.95974],[-72.88447,42.95933],[-72.88418,42.95875],[-72.88415,42.95711],[-72.88439,42.95652],[-72.88486,42.95613],[-72.88551,42.95589],[-72.88807,42.95579]]]}},{"type":"Feature","properties":{"PWSID":"VT0005208","PWS_Name":"ALPINE HAVEN","Pop_Cat_5":"<=500","Population_Served_Count":250,"Service_Connections_Count":60,"Service_Area_Type":"Hotel/Motel","Model_Method":"Random Forest","boundary_source":"EPA-modeled","is_community":false,"Area_SqKM":0.19126600920443512,"Detailed_Facility_Report":"https://echo.epa.gov/detailed-facility-report?fid=VT0005208&sys=SDWIS"},"geometry":{"type":"Polygon","coordinates":[[[-72.53073,44.88964],[-72.53213,44.88893],[-72.53365,44.8898],[-72.53394,44.89018],[-72.53401,44.89131],[-72.53553,44.89154],[-72.53531,44.89251],[-72.53427,44.89261],[-72.53382,44.89214],[-72.53333,44.89251],[-72.53227,44.89275],[-72.53065,44.89249],[-72.52947,44.89273],[-72.52764,44.89389],[-72.52702,44.89387],[-72.52621,44.89302],[-72.52826,44.891],[-72.53073,44.88964]]]}},{"type":"Feature","properties":{"PWSID":"VT0005582","PWS_Name":"CHELSEA FAMILY HOUSING","Pop_Cat_5":"<=500","Population_Served_Count":44,"Service_Connections_Count":13,"Service_Area_Type":"Residential Area","Model_Method":"","boundary_source":"Authoritative (VT/local)","is_community":true,"Area_SqKM":0.18904005992015152,"Detailed_Facility_Report":"https://echo.epa.gov/detailed-facility-report?fid=VT0005582&sys=SDWIS"},"geometry":{"type":"Polygon","coordinates":[[[-72.44486,44.0001],[-72.44633,44.00041],[-72.44713,44.0009],[-72.44748,44.00146],[-72.44774,44.00287],[-72.44759,44.00364],[-72.44717,44.00418],[-72.44631,44.00485],[-72.44539,44.00507],[-72.44444,44.00494],[-72.44342,44.0044],[-72.44221,44.00197],[-72.4424,44.00128],[-72.44324,44.0005],[-72.44396,44.00018],[-72.44486,44.0001]]]}},{"type":"Feature","properties":{"PWSID":"VT0005353","PWS_Name":"WEST FAIRLEE MHP","Pop_Cat_5":"<=500","Population_Served_Count":50,"Service_Connections_Count":18,"Service_Area_Type":"Mobile Home Park","Model_Method":"","boundary_source":"Authoritative (VT/local)","is_community":false,"Area_SqKM":0.1882884554654868,"Detailed_Facility_Report":"https://echo.epa.gov/detailed-facility-report?fid=VT0005353&sys=SDWIS"},"geometry":{"type":"Polygon","coordinates":[[[-72.25145,43.89319],[-72.254,43.89389],[-72.25457,43.89433],[-72.25482,43.89492],[-72.25433,43.89612],[-72.25311,43.89736],[-72.25256,43.89771],[-72.25175,43.89789],[-72.25091,43.89779],[-72.24948,43.89724],[-72.24894,43.89676],[-72.24875,43.89625],[-72.249,43.89548],[-72.24898,43.89487],[-72.24926,43.89438],[-72.25031,43.89347],[-72.25145,43.89319]]]}},{"type":"Feature","properties":{"PWSID":"VT0005515","PWS_Name":"CASTLETON MEADOWS","Pop_Cat_5":"<=500","Population_Served_Count":107,"Service_Connections_Count":41,"Service_Area_Type":"Residential Area","Model_Method":"","boundary_source":"Authoritative (VT/local)","is_community":true,"Area_SqKM":0.1871635529884577,"Detailed_Facility_Report":"https://echo.epa.gov/detailed-facility-report?fid=VT0005515&sys=SDWIS"},"geometry":{"type":"Polygon","coordinates":[[[-73.20955,43.60868],[-73.21198,43.60878],[-73.21305,43.60932],[-73.21367,43.61112],[-73.21344,43.61171],[-73.21286,43.61216],[-73.21208,43.61238],[-73.20942,43.61259],[-73.20841,43.61243],[-73.20769,43.61197],[-73.20737,43.61131],[-73.20741,43.61009],[-73.20833,43.60902],[-73.20955,43.60868]]]}},{"type":"Feature","properties":{"PWSID":"VT0005282","PWS_Name":"DRUMLEYS CONDOMINIUMS","Pop_Cat_5":"<=500","Population_Served_Count":92,"Service_Connections_Count":34,"Service_Area_Type":"Residential Area","Model_Method":"","boundary_source":"Authoritative (VT/local)","is_community":true,"Area_SqKM":0.1804559201568647,"Detailed_Facility_Report":"https://echo.epa.gov/detailed-facility-report?fid=VT0005282&sys=SDWIS"},"geometry":{"type":"Polygon","coordinates":[[[-72.87923,44.14815],[-72.88015,44.14806],[-72.88185,44.14752],[-72.88269,44.14762],[-72.8833,44.14791],[-72.8839,44.14872],[-72.88407,44.14983],[-72.88388,44.15043],[-72.88328,44.15099],[-72.88253,44.15145],[-72.88165,44.15165],[-72.87941,44.1515],[-72.87845,44.15113],[-72.87789,44.1503],[-72.87799,44.14917],[-72.87842,44.14854],[-72.87923,44.14815]]]}},{"type":"Feature","properties":{"PWSID":"VT0020760","PWS_Name":"EAST MOUNTAIN MHP","Pop_Cat_5":"<=500","Population_Served_Count":76,"Service_Connections_Count":20,"Service_Area_Type":"Mobile Home Park","Model_Method":"","boundary_source":"Authoritative (VT/local)","is_community":false,"Area_SqKM":0.1796470031920991,"Detailed_Facility_Report":"https://echo.epa.gov/detailed-facility-report?fid=VT0020760&sys=SDWIS"},"geometry":{"type":"Polygon","coordinates":[[[-73.17534,42.92583],[-73.17554,42.92473],[-73.17631,42.92407],[-73.17699,42.9239],[-73.17822,42.92391],[-73.17922,42.92418],[-73.17975,42.92465],[-73.17995,42.92525],[-73.17978,42.92737],[-73.17942,42.92802],[-73.17878,42.92841],[-73.17739,42.92876],[-73.17667,42.92876],[-73.17591,42.92851],[-73.17543,42.92812],[-73.1752,42.92762],[-73.17534,42.92583]]]}},{"type":"Feature","properties":{"PWSID":"VT0005604","PWS_Name":"NORTHSIDE CONDOMINIUM","Pop_Cat_5":"<=500","Population_Served_Count":32,"Service_Connections_Count":12,"Service_Area_Type":"Residential Area","Model_Method":"","boundary_source":"Authoritative (VT/local)","is_community":true,"Area_SqKM":0.1760449245972379,"Detailed_Facility_Report":"https://echo.epa.gov/detailed-facility-report?fid=VT0005604&sys=SDWIS"},"geometry":{"type":"Polygon","coordinates":[[[-72.84033,43.66456],[-72.84115,43.66469],[-72.84308,43.66546],[-72.84411,43.66619],[-72.8443,43.66679],[-72.84417,43.66731],[-72.84344,43.66802],[-72.84287,43.66834],[-72.84204,43.66852],[-72.84005,43.66847],[-72.83868,43.66803],[-72.83804,43.66751],[-72.83785,43.66683],[-72.8383,43.66551],[-72.83907,43.66484],[-72.84033,43.66456]]]}},{"type":"Feature","properties":{"PWSID":"VT0005125","PWS_Name":"MONTGOMERY WATER SYSTEM","Pop_Cat_5":"501-3,300","Population_Served_Count":530,"Service_Connections_Count":190,"Service_Area_Type":"Residential Area","Model_Method":"Random Forest","boundary_source":"EPA-modeled","is_community":true,"Area_SqKM":0.1749155036366603,"Detailed_Facility_Report":"https://echo.epa.gov/detailed-facility-report?fid=VT0005125&sys=SDWIS"},"geometry":{"type":"Polygon","coordinates":[[[-72.64453,44.89965],[-72.6443,44.89972],[-72.6454,44.9011],[-72.64149,44.90102],[-72.64058,44.90136],[-72.63932,44.90232],[-72.63901,44.90164],[-72.63789,44.90085],[-72.63661,44.90042],[-72.63388,44.9001],[-72.63258,44.89952],[-72.63357,44.89849],[-72.6333,44.89829],[-72.63318,44.89754],[-72.63395,44.8971],[-72.63416,44.89669],[-72.63442,44.89681],[-72.63435,44.89698],[-72.63345,44.89741],[-72.63329,44.89777],[-72.63346,44.89833],[-72.63419,44.89866],[-72.63596,44.89902],[-72.63633,44.89884],[-72.6369,44.89815],[-72.63713,44.89815],[-72.63777,44.89856],[-72.63802,44.89923],[-72.6389,44.89938],[-72.63972,44.89988],[-72.64046,44.90005],[-72.64096,44.90003],[-72.64159,44.89964],[-72.64324,44.89942],[-72.64453,44.89965]]]}},{"type":"Feature","properties":{"PWSID":"VT0005382","PWS_Name":"EDGEMONT CONDOMINIUMS","Pop_Cat_5":"<=500","Population_Served_Count":108,"Service_Connections_Count":41,"Service_Area_Type":"Residential Area","Model_Method":"","boundary_source":"Authoritative (VT/local)","is_community":true,"Area_SqKM":0.17212103890132238,"Detailed_Facility_Report":"https://echo.epa.gov/detailed-facility-report?fid=VT0005382&sys=SDWIS"},"geometry":{"type":"Polygon","coordinates":[[[-72.78625,43.62235],[-72.78696,43.62245],[-72.78942,43.62335],[-72.79019,43.62388],[-72.79042,43.62438],[-72.79038,43.6249],[-72.78992,43.62568],[-72.78931,43.6261],[-72.7885,43.62628],[-72.78644,43.62619],[-72.78474,43.62547],[-72.78416,43.62503],[-72.78394,43.62409],[-72.78465,43.62303],[-72.78532,43.62254],[-72.78625,43.62235]]]}},{"type":"Feature","properties":{"PWSID":"VT0020605","PWS_Name":"GLEN PARK","Pop_Cat_5":"<=500","Population_Served_Count":55,"Service_Connections_Count":21,"Service_Area_Type":"Mobile Home Park","Model_Method":"","boundary_source":"Authoritative (VT/local)","is_community":false,"Area_SqKM":0.16523451098418526,"Detailed_Facility_Report":"https://echo.epa.gov/detailed-facility-report?fid=VT0020605&sys=SDWIS"},"geometry":{"type":"Polygon","coordinates":[[[-72.59896,42.85334],[-72.60095,42.85366],[-72.60149,42.854],[-72.60213,42.85478],[-72.60234,42.8555],[-72.6022,42.8561],[-72.60155,42.85684],[-72.60084,42.85716],[-72.5996,42.85729],[-72.59793,42.85716],[-72.59711,42.85681],[-72.59662,42.85623],[-72.59658,42.8554],[-72.59737,42.85402],[-72.59804,42.85352],[-72.59896,42.85334]]]}},{"type":"Feature","properties":{"PWSID":"VT0020722","PWS_Name":"MOUNTAIN VIEW COURT","Pop_Cat_5":"<=500","Population_Served_Count":53,"Service_Connections_Count":20,"Service_Area_Type":"Mobile Home Park","Model_Method":"","boundary_source":"Authoritative (VT/local)","is_community":false,"Area_SqKM":0.16003696918853846,"Detailed_Facility_Report":"https://echo.epa.gov/detailed-facility-report?fid=VT0020722&sys=SDWIS"},"geometry":{"type":"Polygon","coordinates":[[[-73.18686,42.87356],[-73.18903,42.87372],[-73.18965,42.87398],[-73.1901,42.8744],[-73.19049,42.87572],[-73.19039,42.87643],[-73.19005,42.87699],[-73.18941,42.87738],[-73.1886,42.87753],[-73.18747,42.87736],[-73.18585,42.87679],[-73.18522,42.87627],[-73.18502,42.87567],[-73.18522,42.87432],[-73.18594,42.87375],[-73.18686,42.87356]]]}},{"type":"Feature","properties":{"PWSID":"VT0005419","PWS_Name":"BRIDGEWATER MILL","Pop_Cat_5":"<=500","Population_Served_Count":108,"Service_Connections_Count":42,"Service_Area_Type":"Residential Area","Model_Method":"Random Forest","boundary_source":"EPA-modeled","is_community":true,"Area_SqKM":0.15994699780832303,"Detailed_Facility_Report":"https://echo.epa.gov/detailed-facility-report?fid=VT0005419&sys=SDWIS"},"geometry":{"type":"MultiPolygon","coordinates":[[[[-72.66194,43.58993],[-72.65788,43.58858],[-72.65624,43.58823],[-72.65671,43.58681],[-72.65909,43.58754],[-72.66008,43.588],[-72.66139,43.58893],[-72.66194,43.58993]]],[[[-72.6245,43.58625],[-72.62426,43.58655],[-72.62339,43.58663],[-72.6233,43.5868],[-72.6232,43.58704],[-72.62396,43.58745],[-72.62605,43.58774],[-72.62757,43.58775],[-72.62921,43.58729],[-72.63011,43.58672],[-72.63095,43.58659],[-72.63187,43.5868],[-72.63361,43.58758],[-72.63325,43.58804],[-72.6305,43.58818],[-72.6254,43.58784],[-72.6205,43.58724],[-72.62138,43.5858],[-72.62281,43.58634],[-72.62303,43.58583],[-72.62434,43.58603],[-72.6245,43.58625]]]]}},{"type":"Feature","properties":{"PWSID":"VT0005342","PWS_Name":"MOUNT ASCUTNEY MHP","Pop_Cat_5":"<=500","Population_Served_Count":42,"Service_Connections_Count":16,"Service_Area_Type":"Mobile Home Park","Model_Method":"","boundary_source":"Authoritative (VT/local)","is_community":false,"Area_SqKM":0.15585295031669977,"Detailed_Facility_Report":"https://echo.epa.gov/detailed-facility-report?fid=VT0005342&sys=SDWIS"},"geometry":{"type":"Polygon","coordinates":[[[-72.41741,43.45149],[-72.41834,43.45167],[-72.41898,43.45212],[-72.41971,43.45345],[-72.41981,43.45397],[-72.4195,43.45463],[-72.41838,43.45547],[-72.41775,43.45574],[-72.41704,43.4558],[-72.41516,43.45517],[-72.41476,43.45474],[-72.41463,43.45413],[-72.41481,43.4528],[-72.41516,43.45224],[-72.41588,43.45183],[-72.41741,43.45149]]]}},{"type":"Feature","properties":{"PWSID":"VT0005324","PWS_Name":"OKEMO VILLAGE CONDOMINIUMS","Pop_Cat_5":"<=500","Population_Served_Count":180,"Service_Connections_Count":22,"Service_Area_Type":"Residential Area","Model_Method":"","boundary_source":"Authoritative (VT/local)","is_community":true,"Area_SqKM":0.13784324404776419,"Detailed_Facility_Report":"https://echo.epa.gov/detailed-facility-report?fid=VT0005324&sys=SDWIS"},"geometry":{"type":"Polygon","coordinates":[[[-72.71609,43.39753],[-72.71691,43.39767],[-72.71756,43.39806],[-72.71836,43.39982],[-72.71825,43.4006],[-72.71793,43.40107],[-72.71728,43.40146],[-72.71658,43.4016],[-72.71535,43.40152],[-72.71458,43.40125],[-72.714,43.4008],[-72.71376,43.40022],[-72.71395,43.39863],[-72.71422,43.39814],[-72.71505,43.39764],[-72.71609,43.39753]]]}},{"type":"Feature","properties":{"PWSID":"VT0005589","PWS_Name":"CHRISTMAS TREE - SUNDOWN CONDOMINIUM","Pop_Cat_5":"<=500","Population_Served_Count":110,"Service_Connections_Count":42,"Service_Area_Type":"Residential Area","Model_Method":"","boundary_source":"Authoritative (VT/local)","is_community":true,"Area_SqKM":0.13396446341539878,"Detailed_Facility_Report":"https://echo.epa.gov/detailed-facility-report?fid=VT0005589&sys=SDWIS"},"geometry":{"type":"Polygon","coordinates":[[[-72.84586,44.13674],[-72.84679,44.13692],[-72.84742,44.13734],[-72.84812,44.13905],[-72.84808,44.13957],[-72.84773,44.14008],[-72.84719,44.14043],[-72.84648,44.1406],[-72.84551,44.14052],[-72.84468,44.14003],[-72.84375,44.13977],[-72.84316,44.13927],[-72.84292,44.13877],[-72.843,44.13816],[-72.84345,44.13764],[-72.84444,44.13709],[-72.84586,44.13674]]]}},{"type":"Feature","properties":{"PWSID":"VT0005600","PWS_Name":"GLEN RUN CONDOMINIUM","Pop_Cat_5":"<=500","Population_Served_Count":100,"Service_Connections_Count":36,"Service_Area_Type":"Residential Area","Model_Method":"","boundary_source":"Authoritative (VT/local)","is_community":true,"Area_SqKM":0.13372955996766464,"Detailed_Facility_Report":"https://echo.epa.gov/detailed-facility-report?fid=VT0005600&sys=SDWIS"},"geometry":{"type":"Polygon","coordinates":[[[-72.88948,42.95716],[-72.8904,42.95734],[-72.89113,42.95791],[-72.89132,42.95841],[-72.89135,42.95975],[-72.89096,42.96029],[-72.89029,42.96065],[-72.88817,42.96079],[-72.88743,42.96051],[-72.88694,42.96001],[-72.88664,42.95904],[-72.88666,42.95825],[-72.88697,42.95778],[-72.88761,42.95738],[-72.88948,42.95716]]]}},{"type":"Feature","properties":{"PWSID":"VT0005530","PWS_Name":"UNION HOUSE NURSING HOME","Pop_Cat_5":"<=500","Population_Served_Count":56,"Service_Connections_Count":1,"Service_Area_Type":"Medical Facility","Model_Method":"","boundary_source":"Authoritative (VT/local)","is_community":false,"Area_SqKM":0.11881380562149703,"Detailed_Facility_Report":"https://echo.epa.gov/detailed-facility-report?fid=VT0005530&sys=SDWIS"},"geometry":{"type":"Polygon","coordinates":[[[-72.18871,44.7031],[-72.19077,44.70366],[-72.19129,44.70403],[-72.19157,44.70452],[-72.19157,44.70504],[-72.19124,44.70558],[-72.19047,44.70627],[-72.18959,44.70658],[-72.18861,44.70653],[-72.18734,44.70607],[-72.18682,44.7057],[-72.18654,44.70521],[-72.18657,44.7046],[-72.18721,44.70363],[-72.18787,44.70324],[-72.18871,44.7031]]]}},{"type":"Feature","properties":{"PWSID":"VT0005083","PWS_Name":"MILTON MOBILE HOME PARK","Pop_Cat_5":"<=500","Population_Served_Count":260,"Service_Connections_Count":99,"Service_Area_Type":"Mobile Home Park","Model_Method":"Random Forest","boundary_source":"EPA-modeled","is_community":false,"Area_SqKM":0.117892529273068,"Detailed_Facility_Report":"https://echo.epa.gov/detailed-facility-report?fid=VT0005083&sys=SDWIS"},"geometry":{"type":"Polygon","coordinates":[[[-73.13492,44.62883],[-73.13258,44.62743],[-73.13234,44.62754],[-73.13421,44.62439],[-73.13807,44.62593],[-73.13714,44.62703],[-73.13492,44.62883]]]}},{"type":"Feature","properties":{"PWSID":"VT0005618","PWS_Name":"SUNRISE COMMUNITY WATER SYSTEM","Pop_Cat_5":"501-3,300","Population_Served_Count":829,"Service_Connections_Count":258,"Service_Area_Type":"Residential Area","Model_Method":"Random Forest","boundary_source":"EPA-modeled","is_community":true,"Area_SqKM":0.11397749421313892,"Detailed_Facility_Report":"https://echo.epa.gov/detailed-facility-report?fid=VT0005618&sys=SDWIS"},"geometry":{"type":"MultiPolygon","coordinates":[[[[-72.74196,43.60126],[-72.74735,43.59953],[-72.74805,43.59986],[-72.73672,43.60398],[-72.73313,43.60408],[-72.7314,43.60397],[-72.72683,43.60259],[-72.73188,43.60397],[-72.73642,43.60392],[-72.74196,43.60126]]],[[[-72.69068,43.59652],[-72.69298,43.59455],[-72.69414,43.59467],[-72.69127,43.59642],[-72.69014,43.59664],[-72.68673,43.59649],[-72.68323,43.59827],[-72.68209,43.59832],[-72.67645,43.5973],[-72.67298,43.59827],[-72.67587,43.59712],[-72.68309,43.59825],[-72.6855,43.59662],[-72.68768,43.5962],[-72.69068,43.59652]]]]}},{"type":"Feature","properties":{"PWSID":"VT0005471","PWS_Name":"GORE ROAD MHP","Pop_Cat_5":"<=500","Population_Served_Count":100,"Service_Connections_Count":38,"Service_Area_Type":"Mobile Home Park","Model_Method":"","boundary_source":"Authoritative (VT/local)","is_community":false,"Area_SqKM":0.11354020723550186,"Detailed_Facility_Report":"https://echo.epa.gov/detailed-facility-report?fid=VT0005471&sys=SDWIS"},"geometry":{"type":"Polygon","coordinates":[[[-73.1559,42.86528],[-73.15638,42.86533],[-73.15621,42.87075],[-73.15434,42.87077],[-73.15358,42.8658],[-73.1559,42.86528]]]}},{"type":"Feature","properties":{"PWSID":"VT0005563","PWS_Name":"BEAR CREEK CONDOMINIUM","Pop_Cat_5":"<=500","Population_Served_Count":116,"Service_Connections_Count":42,"Service_Area_Type":"Residential Area","Model_Method":"Decision Tree","boundary_source":"EPA-modeled","is_community":true,"Area_SqKM":0.10215578613515142,"Detailed_Facility_Report":"https://echo.epa.gov/detailed-facility-report?fid=VT0005563&sys=SDWIS"},"geometry":{"type":"Polygon","coordinates":[[[-72.7845,43.09537],[-72.78396,43.09637],[-72.78265,43.09719],[-72.78175,43.09814],[-72.78229,43.09934],[-72.78216,43.09962],[-72.7826,43.09948],[-72.78267,43.09962],[-72.78228,43.10023],[-72.78054,43.10095],[-72.77965,43.10158],[-72.77865,43.10201],[-72.77821,43.10209],[-72.77718,43.10197],[-72.77807,43.10067],[-72.77816,43.10009],[-72.77976,43.09993],[-72.7798,43.09969],[-72.78081,43.09874],[-72.78158,43.09762],[-72.78361,43.09632],[-72.78379,43.09546],[-72.78354,43.09435],[-72.78406,43.09431],[-72.7845,43.09537]]]}},{"type":"Feature","properties":{"PWSID":"VT0005646","PWS_Name":"VILLAGE AT EAGLE RISE","Pop_Cat_5":"<=500","Population_Served_Count":63,"Service_Connections_Count":24,"Service_Area_Type":"Residential Area","Model_Method":"","boundary_source":"Authoritative (VT/local)","is_community":true,"Area_SqKM":0.09414193101957245,"Detailed_Facility_Report":"https://echo.epa.gov/detailed-facility-report?fid=VT0005646&sys=SDWIS"},"geometry":{"type":"Polygon","coordinates":[[[-73.04592,43.17131],[-73.04682,43.17142],[-73.04744,43.17168],[-73.04788,43.1721],[-73.04807,43.17261],[-73.04788,43.1735],[-73.04756,43.17397],[-73.04692,43.17436],[-73.04622,43.1745],[-73.04538,43.17443],[-73.04473,43.1742],[-73.0442,43.17373],[-73.04401,43.17322],[-73.04413,43.17235],[-73.04446,43.17185],[-73.0451,43.17146],[-73.04592,43.17131]]]}},{"type":"Feature","properties":{"PWSID":"VT0020003","PWS_Name":"MOUNTAINDALE","Pop_Cat_5":"<=500","Population_Served_Count":48,"Service_Connections_Count":18,"Service_Area_Type":"Residential Area","Model_Method":"","boundary_source":"Authoritative (VT/local)","is_community":true,"Area_SqKM":0.08300866957470508,"Detailed_Facility_Report":"https://echo.epa.gov/detailed-facility-report?fid=VT0020003&sys=SDWIS"},"geometry":{"type":"Polygon","coordinates":[[[-72.88605,42.95845],[-72.88675,42.95855],[-72.88735,42.95885],[-72.88786,42.95938],[-72.88806,42.95998],[-72.88792,42.96049],[-72.88753,42.96093],[-72.88677,42.96131],[-72.88607,42.96142],[-72.88537,42.96132],[-72.88477,42.96103],[-72.88425,42.9605],[-72.88405,42.9599],[-72.88419,42.95938],[-72.88459,42.95894],[-72.88534,42.95856],[-72.88605,42.95845]]]}},{"type":"Feature","properties":{"PWSID":"VT0005603","PWS_Name":"WINTERGREEN AT KILLINGTON","Pop_Cat_5":"<=500","Population_Served_Count":50,"Service_Connections_Count":17,"Service_Area_Type":"Residential Area","Model_Method":"","boundary_source":"Authoritative (VT/local)","is_community":true,"Area_SqKM":0.07542515547313967,"Detailed_Facility_Report":"https://echo.epa.gov/detailed-facility-report?fid=VT0005603&sys=SDWIS"},"geometry":{"type":"Polygon","coordinates":[[[-72.81836,43.75109],[-72.8185,43.75053],[-72.8189,43.75009],[-72.81951,43.7498],[-72.82022,43.74969],[-72.82095,43.74976],[-72.82158,43.75002],[-72.82203,43.75044],[-72.82222,43.75104],[-72.82208,43.7516],[-72.82168,43.75204],[-72.82108,43.75233],[-72.82037,43.75243],[-72.81963,43.75236],[-72.819,43.7521],[-72.81856,43.75169],[-72.81836,43.75109]]]}},{"type":"Feature","properties":{"PWSID":"VT0021071","PWS_Name":"NORTH AVE CO-OP","Pop_Cat_5":"<=500","Population_Served_Count":301,"Service_Connections_Count":115,"Service_Area_Type":"Mobile Home Park","Model_Method":"","boundary_source":"Authoritative (VT/local)","is_community":false,"Area_SqKM":0.07363010737877873,"Detailed_Facility_Report":"https://echo.epa.gov/detailed-facility-report?fid=VT0021071&sys=SDWIS"},"geometry":{"type":"Polygon","coordinates":[[[-73.24339,44.50583],[-73.24642,44.50801],[-73.24715,44.50831],[-73.24531,44.50971],[-73.24201,44.5068],[-73.24339,44.50583]]]}},{"type":"Feature","properties":{"PWSID":"VT0005593","PWS_Name":"SOUTH VILLAGE","Pop_Cat_5":"<=500","Population_Served_Count":445,"Service_Connections_Count":79,"Service_Area_Type":"Residential Area","Model_Method":"Random Forest","boundary_source":"EPA-modeled","is_community":true,"Area_SqKM":0.06502200219913498,"Detailed_Facility_Report":"https://echo.epa.gov/detailed-facility-report?fid=VT0005593&sys=SDWIS"},"geometry":{"type":"Polygon","coordinates":[[[-72.89255,44.13769],[-72.89208,44.1384],[-72.89121,44.13819],[-72.88947,44.13817],[-72.88866,44.13789],[-72.88708,44.13777],[-72.88742,44.13727],[-72.88805,44.13696],[-72.89205,44.13622],[-72.89255,44.13769]]]}},{"type":"Feature","properties":{"PWSID":"VT0005490","PWS_Name":"GREENES MHP","Pop_Cat_5":"<=500","Population_Served_Count":39,"Service_Connections_Count":14,"Service_Area_Type":"Mobile Home Park","Model_Method":"Parcel","boundary_source":"EPA-modeled","is_community":false,"Area_SqKM":0.041187338692240054,"Detailed_Facility_Report":"https://echo.epa.gov/detailed-facility-report?fid=VT0005490&sys=SDWIS"},"geometry":{"type":"Polygon","coordinates":[[[-72.64948,43.9701],[-72.65011,43.97185],[-72.6477,43.97241],[-72.64819,43.96903],[-72.6488,43.96905],[-72.64843,43.96975],[-72.64948,43.9701]]]}},{"type":"Feature","properties":{"PWSID":"VT0005404","PWS_Name":"WOODSIDE MANOR","Pop_Cat_5":"<=500","Population_Served_Count":240,"Service_Connections_Count":91,"Service_Area_Type":"Mobile Home Park","Model_Method":"Parcel","boundary_source":"EPA-modeled","is_community":false,"Area_SqKM":0.018474574344032473,"Detailed_Facility_Report":"https://echo.epa.gov/detailed-facility-report?fid=VT0005404&sys=SDWIS"},"geometry":{"type":"Polygon","coordinates":[[[-72.35324,43.61073],[-72.3535,43.61146],[-72.35253,43.61143],[-72.35125,43.61111],[-72.35071,43.61023],[-72.35324,43.61073]]]}},{"type":"Feature","properties":{"PWSID":"VT0021015","PWS_Name":"COMMON PASTURES HOA","Pop_Cat_5":"<=500","Population_Served_Count":69,"Service_Connections_Count":26,"Service_Area_Type":"Residential Area","Model_Method":"Random Forest","boundary_source":"EPA-modeled","is_community":true,"Area_SqKM":0.016640287703221457,"Detailed_Facility_Report":"https://echo.epa.gov/detailed-facility-report?fid=VT0021015&sys=SDWIS"},"geometry":{"type":"Polygon","coordinates":[[[-73.24906,44.29079],[-73.24906,44.29094],[-73.24799,44.29103],[-73.24745,44.2909],[-73.24731,44.29063],[-73.24753,44.28978],[-73.24858,44.28971],[-73.24906,44.29079]]]}},{"type":"Feature","properties":{"PWSID":"VT0005645","PWS_Name":"EVERGREEN MHP","Pop_Cat_5":"<=500","Population_Served_Count":50,"Service_Connections_Count":19,"Service_Area_Type":"Mobile Home Park","Model_Method":"Parcel","boundary_source":"EPA-modeled","is_community":false,"Area_SqKM":0.00966643924437202,"Detailed_Facility_Report":"https://echo.epa.gov/detailed-facility-report?fid=VT0005645&sys=SDWIS"},"geometry":{"type":"MultiPolygon","coordinates":[[[[-73.21484,42.75226],[-73.21464,42.75165],[-73.21521,42.7515],[-73.21585,42.75215],[-73.21527,42.75257],[-73.21484,42.75226]]],[[[-73.21634,42.75266],[-73.21658,42.75267],[-73.21588,42.75286],[-73.21537,42.75266],[-73.21595,42.75224],[-73.21634,42.75266]]]]}},{"type":"Feature","properties":{"PWSID":"VT0005331","PWS_Name":"ROYALTON TERRACE","Pop_Cat_5":"<=500","Population_Served_Count":60,"Service_Connections_Count":28,"Service_Area_Type":"Mobile Home Park","Model_Method":"Parcel","boundary_source":"EPA-modeled","is_community":false,"Area_SqKM":0.006871316200239089,"Detailed_Facility_Report":"https://echo.epa.gov/detailed-facility-report?fid=VT0005331&sys=SDWIS"},"geometry":{"type":"Polygon","coordinates":[[[-72.51539,43.83374],[-72.5146,43.83353],[-72.51455,43.83326],[-72.51562,43.83348],[-72.51595,43.83285],[-72.51667,43.83303],[-72.51646,43.83341],[-72.51539,43.83374]]]}}]}